period,duoarea,area-name,product,product-name,process,process-name,series,series-description,value,units
2026-05-15,YCUOK,NA,EPCWTI,WTI Crude Oil,PF4,Spot Price FOB,RWTC,"Cushing, OK WTI Spot Price FOB (Dollars per Barrel)",105.1,$/BBL
2026-05-08,YCUOK,NA,EPCWTI,WTI Crude Oil,PF4,Spot Price FOB,RWTC,"Cushing, OK WTI Spot Price FOB (Dollars per Barrel)",102.28,$/BBL
2026-05-01,YCUOK,NA,EPCWTI,WTI Crude Oil,PF4,Spot Price FOB,RWTC,"Cushing, OK WTI Spot Price FOB (Dollars per Barrel)",105.57,$/BBL
2026-04-24,YCUOK,NA,EPCWTI,WTI Crude Oil,PF4,Spot Price FOB,RWTC,"Cushing, OK WTI Spot Price FOB (Dollars per Barrel)",95.43,$/BBL
2026-04-17,YCUOK,NA,EPCWTI,WTI Crude Oil,PF4,Spot Price FOB,RWTC,"Cushing, OK WTI Spot Price FOB (Dollars per Barrel)",93.84,$/BBL
2026-04-10,YCUOK,NA,EPCWTI,WTI Crude Oil,PF4,Spot Price FOB,RWTC,"Cushing, OK WTI Spot Price FOB (Dollars per Barrel)",104.54,$/BBL
2026-04-03,YCUOK,NA,EPCWTI,WTI Crude Oil,PF4,Spot Price FOB,RWTC,"Cushing, OK WTI Spot Price FOB (Dollars per Barrel)",105.67,$/BBL
2026-03-27,YCUOK,NA,EPCWTI,WTI Crude Oil,PF4,Spot Price FOB,RWTC,"Cushing, OK WTI Spot Price FOB (Dollars per Barrel)",94.29,$/BBL
2026-03-20,YCUOK,NA,EPCWTI,WTI Crude Oil,PF4,Spot Price FOB,RWTC,"Cushing, OK WTI Spot Price FOB (Dollars per Barrel)",96.07,$/BBL
2026-03-13,YCUOK,NA,EPCWTI,WTI Crude Oil,PF4,Spot Price FOB,RWTC,"Cushing, OK WTI Spot Price FOB (Dollars per Barrel)",91.85,$/BBL
2026-03-06,YCUOK,NA,EPCWTI,WTI Crude Oil,PF4,Spot Price FOB,RWTC,"Cushing, OK WTI Spot Price FOB (Dollars per Barrel)",78.37,$/BBL
2026-02-27,YCUOK,NA,EPCWTI,WTI Crude Oil,PF4,Spot Price FOB,RWTC,"Cushing, OK WTI Spot Price FOB (Dollars per Barrel)",65.87,$/BBL
2026-02-20,YCUOK,NA,EPCWTI,WTI Crude Oil,PF4,Spot Price FOB,RWTC,"Cushing, OK WTI Spot Price FOB (Dollars per Barrel)",65.3,$/BBL
2026-02-13,YCUOK,NA,EPCWTI,WTI Crude Oil,PF4,Spot Price FOB,RWTC,"Cushing, OK WTI Spot Price FOB (Dollars per Barrel)",63.93,$/BBL
2026-02-06,YCUOK,NA,EPCWTI,WTI Crude Oil,PF4,Spot Price FOB,RWTC,"Cushing, OK WTI Spot Price FOB (Dollars per Barrel)",63.09,$/BBL
2026-01-30,YCUOK,NA,EPCWTI,WTI Crude Oil,PF4,Spot Price FOB,RWTC,"Cushing, OK WTI Spot Price FOB (Dollars per Barrel)",62.9,$/BBL
2026-01-23,YCUOK,NA,EPCWTI,WTI Crude Oil,PF4,Spot Price FOB,RWTC,"Cushing, OK WTI Spot Price FOB (Dollars per Barrel)",60.16,$/BBL
2026-01-16,YCUOK,NA,EPCWTI,WTI Crude Oil,PF4,Spot Price FOB,RWTC,"Cushing, OK WTI Spot Price FOB (Dollars per Barrel)",60.12,$/BBL
2026-01-09,YCUOK,NA,EPCWTI,WTI Crude Oil,PF4,Spot Price FOB,RWTC,"Cushing, OK WTI Spot Price FOB (Dollars per Barrel)",57.56,$/BBL
2026-01-02,YCUOK,NA,EPCWTI,WTI Crude Oil,PF4,Spot Price FOB,RWTC,"Cushing, OK WTI Spot Price FOB (Dollars per Barrel)",57.54,$/BBL
2025-12-26,YCUOK,NA,EPCWTI,WTI Crude Oil,PF4,Spot Price FOB,RWTC,"Cushing, OK WTI Spot Price FOB (Dollars per Barrel)",58.01,$/BBL
2025-12-19,YCUOK,NA,EPCWTI,WTI Crude Oil,PF4,Spot Price FOB,RWTC,"Cushing, OK WTI Spot Price FOB (Dollars per Barrel)",56.3,$/BBL
2025-12-12,YCUOK,NA,EPCWTI,WTI Crude Oil,PF4,Spot Price FOB,RWTC,"Cushing, OK WTI Spot Price FOB (Dollars per Barrel)",58.3,$/BBL
2025-12-05,YCUOK,NA,EPCWTI,WTI Crude Oil,PF4,Spot Price FOB,RWTC,"Cushing, OK WTI Spot Price FOB (Dollars per Barrel)",59.48,$/BBL
2025-11-28,YCUOK,NA,EPCWTI,WTI Crude Oil,PF4,Spot Price FOB,RWTC,"Cushing, OK WTI Spot Price FOB (Dollars per Barrel)",58.69,$/BBL
2025-11-21,YCUOK,NA,EPCWTI,WTI Crude Oil,PF4,Spot Price FOB,RWTC,"Cushing, OK WTI Spot Price FOB (Dollars per Barrel)",60.27,$/BBL
2025-11-14,YCUOK,NA,EPCWTI,WTI Crude Oil,PF4,Spot Price FOB,RWTC,"Cushing, OK WTI Spot Price FOB (Dollars per Barrel)",60.16,$/BBL
2025-11-07,YCUOK,NA,EPCWTI,WTI Crude Oil,PF4,Spot Price FOB,RWTC,"Cushing, OK WTI Spot Price FOB (Dollars per Barrel)",60.87,$/BBL
2025-10-31,YCUOK,NA,EPCWTI,WTI Crude Oil,PF4,Spot Price FOB,RWTC,"Cushing, OK WTI Spot Price FOB (Dollars per Barrel)",61.49,$/BBL
2025-10-24,YCUOK,NA,EPCWTI,WTI Crude Oil,PF4,Spot Price FOB,RWTC,"Cushing, OK WTI Spot Price FOB (Dollars per Barrel)",60.2,$/BBL
2025-10-17,YCUOK,NA,EPCWTI,WTI Crude Oil,PF4,Spot Price FOB,RWTC,"Cushing, OK WTI Spot Price FOB (Dollars per Barrel)",58.8,$/BBL
2025-10-10,YCUOK,NA,EPCWTI,WTI Crude Oil,PF4,Spot Price FOB,RWTC,"Cushing, OK WTI Spot Price FOB (Dollars per Barrel)",62.1,$/BBL
2025-10-03,YCUOK,NA,EPCWTI,WTI Crude Oil,PF4,Spot Price FOB,RWTC,"Cushing, OK WTI Spot Price FOB (Dollars per Barrel)",62.59,$/BBL
2025-09-26,YCUOK,NA,EPCWTI,WTI Crude Oil,PF4,Spot Price FOB,RWTC,"Cushing, OK WTI Spot Price FOB (Dollars per Barrel)",64.83,$/BBL
2025-09-19,YCUOK,NA,EPCWTI,WTI Crude Oil,PF4,Spot Price FOB,RWTC,"Cushing, OK WTI Spot Price FOB (Dollars per Barrel)",63.98,$/BBL
2025-09-12,YCUOK,NA,EPCWTI,WTI Crude Oil,PF4,Spot Price FOB,RWTC,"Cushing, OK WTI Spot Price FOB (Dollars per Barrel)",63.06,$/BBL
2025-09-05,YCUOK,NA,EPCWTI,WTI Crude Oil,PF4,Spot Price FOB,RWTC,"Cushing, OK WTI Spot Price FOB (Dollars per Barrel)",64.09,$/BBL
2025-08-29,YCUOK,NA,EPCWTI,WTI Crude Oil,PF4,Spot Price FOB,RWTC,"Cushing, OK WTI Spot Price FOB (Dollars per Barrel)",64.52,$/BBL
2025-08-22,YCUOK,NA,EPCWTI,WTI Crude Oil,PF4,Spot Price FOB,RWTC,"Cushing, OK WTI Spot Price FOB (Dollars per Barrel)",64.14,$/BBL
2025-08-15,YCUOK,NA,EPCWTI,WTI Crude Oil,PF4,Spot Price FOB,RWTC,"Cushing, OK WTI Spot Price FOB (Dollars per Barrel)",64.34,$/BBL
2025-08-08,YCUOK,NA,EPCWTI,WTI Crude Oil,PF4,Spot Price FOB,RWTC,"Cushing, OK WTI Spot Price FOB (Dollars per Barrel)",65.75,$/BBL
2025-08-01,YCUOK,NA,EPCWTI,WTI Crude Oil,PF4,Spot Price FOB,RWTC,"Cushing, OK WTI Spot Price FOB (Dollars per Barrel)",69.58,$/BBL
2025-07-25,YCUOK,NA,EPCWTI,WTI Crude Oil,PF4,Spot Price FOB,RWTC,"Cushing, OK WTI Spot Price FOB (Dollars per Barrel)",67.11,$/BBL
2025-07-18,YCUOK,NA,EPCWTI,WTI Crude Oil,PF4,Spot Price FOB,RWTC,"Cushing, OK WTI Spot Price FOB (Dollars per Barrel)",68.07,$/BBL
2025-07-11,YCUOK,NA,EPCWTI,WTI Crude Oil,PF4,Spot Price FOB,RWTC,"Cushing, OK WTI Spot Price FOB (Dollars per Barrel)",69.15,$/BBL
2025-07-04,YCUOK,NA,EPCWTI,WTI Crude Oil,PF4,Spot Price FOB,RWTC,"Cushing, OK WTI Spot Price FOB (Dollars per Barrel)",67.43,$/BBL
2025-06-27,YCUOK,NA,EPCWTI,WTI Crude Oil,PF4,Spot Price FOB,RWTC,"Cushing, OK WTI Spot Price FOB (Dollars per Barrel)",66.78,$/BBL
2025-06-20,YCUOK,NA,EPCWTI,WTI Crude Oil,PF4,Spot Price FOB,RWTC,"Cushing, OK WTI Spot Price FOB (Dollars per Barrel)",74.94,$/BBL
2025-06-13,YCUOK,NA,EPCWTI,WTI Crude Oil,PF4,Spot Price FOB,RWTC,"Cushing, OK WTI Spot Price FOB (Dollars per Barrel)",68.63,$/BBL
2025-06-06,YCUOK,NA,EPCWTI,WTI Crude Oil,PF4,Spot Price FOB,RWTC,"Cushing, OK WTI Spot Price FOB (Dollars per Barrel)",64.06,$/BBL
2025-05-30,YCUOK,NA,EPCWTI,WTI Crude Oil,PF4,Spot Price FOB,RWTC,"Cushing, OK WTI Spot Price FOB (Dollars per Barrel)",61.82,$/BBL
2025-05-23,YCUOK,NA,EPCWTI,WTI Crude Oil,PF4,Spot Price FOB,RWTC,"Cushing, OK WTI Spot Price FOB (Dollars per Barrel)",63.26,$/BBL
2025-05-16,YCUOK,NA,EPCWTI,WTI Crude Oil,PF4,Spot Price FOB,RWTC,"Cushing, OK WTI Spot Price FOB (Dollars per Barrel)",63.94,$/BBL
2025-05-09,YCUOK,NA,EPCWTI,WTI Crude Oil,PF4,Spot Price FOB,RWTC,"Cushing, OK WTI Spot Price FOB (Dollars per Barrel)",60.39,$/BBL
2025-05-02,YCUOK,NA,EPCWTI,WTI Crude Oil,PF4,Spot Price FOB,RWTC,"Cushing, OK WTI Spot Price FOB (Dollars per Barrel)",60.99,$/BBL
2025-04-25,YCUOK,NA,EPCWTI,WTI Crude Oil,PF4,Spot Price FOB,RWTC,"Cushing, OK WTI Spot Price FOB (Dollars per Barrel)",63.62,$/BBL
2025-04-18,YCUOK,NA,EPCWTI,WTI Crude Oil,PF4,Spot Price FOB,RWTC,"Cushing, OK WTI Spot Price FOB (Dollars per Barrel)",62.92,$/BBL
2025-04-11,YCUOK,NA,EPCWTI,WTI Crude Oil,PF4,Spot Price FOB,RWTC,"Cushing, OK WTI Spot Price FOB (Dollars per Barrel)",61.24,$/BBL
2025-04-04,YCUOK,NA,EPCWTI,WTI Crude Oil,PF4,Spot Price FOB,RWTC,"Cushing, OK WTI Spot Price FOB (Dollars per Barrel)",69.09,$/BBL
2025-03-28,YCUOK,NA,EPCWTI,WTI Crude Oil,PF4,Spot Price FOB,RWTC,"Cushing, OK WTI Spot Price FOB (Dollars per Barrel)",69.81,$/BBL
2025-03-21,YCUOK,NA,EPCWTI,WTI Crude Oil,PF4,Spot Price FOB,RWTC,"Cushing, OK WTI Spot Price FOB (Dollars per Barrel)",67.96,$/BBL
2025-03-14,YCUOK,NA,EPCWTI,WTI Crude Oil,PF4,Spot Price FOB,RWTC,"Cushing, OK WTI Spot Price FOB (Dollars per Barrel)",66.95,$/BBL
2025-03-07,YCUOK,NA,EPCWTI,WTI Crude Oil,PF4,Spot Price FOB,RWTC,"Cushing, OK WTI Spot Price FOB (Dollars per Barrel)",67.52,$/BBL
2025-02-28,YCUOK,NA,EPCWTI,WTI Crude Oil,PF4,Spot Price FOB,RWTC,"Cushing, OK WTI Spot Price FOB (Dollars per Barrel)",69.93,$/BBL
2025-02-21,YCUOK,NA,EPCWTI,WTI Crude Oil,PF4,Spot Price FOB,RWTC,"Cushing, OK WTI Spot Price FOB (Dollars per Barrel)",72.1,$/BBL
2025-02-14,YCUOK,NA,EPCWTI,WTI Crude Oil,PF4,Spot Price FOB,RWTC,"Cushing, OK WTI Spot Price FOB (Dollars per Barrel)",72.17,$/BBL
2025-02-07,YCUOK,NA,EPCWTI,WTI Crude Oil,PF4,Spot Price FOB,RWTC,"Cushing, OK WTI Spot Price FOB (Dollars per Barrel)",72.05,$/BBL
2025-01-31,YCUOK,NA,EPCWTI,WTI Crude Oil,PF4,Spot Price FOB,RWTC,"Cushing, OK WTI Spot Price FOB (Dollars per Barrel)",73.31,$/BBL
2025-01-24,YCUOK,NA,EPCWTI,WTI Crude Oil,PF4,Spot Price FOB,RWTC,"Cushing, OK WTI Spot Price FOB (Dollars per Barrel)",75.73,$/BBL
2025-01-17,YCUOK,NA,EPCWTI,WTI Crude Oil,PF4,Spot Price FOB,RWTC,"Cushing, OK WTI Spot Price FOB (Dollars per Barrel)",79.28,$/BBL
2025-01-10,YCUOK,NA,EPCWTI,WTI Crude Oil,PF4,Spot Price FOB,RWTC,"Cushing, OK WTI Spot Price FOB (Dollars per Barrel)",75.14,$/BBL
2025-01-03,YCUOK,NA,EPCWTI,WTI Crude Oil,PF4,Spot Price FOB,RWTC,"Cushing, OK WTI Spot Price FOB (Dollars per Barrel)",73.15,$/BBL
2024-12-27,YCUOK,NA,EPCWTI,WTI Crude Oil,PF4,Spot Price FOB,RWTC,"Cushing, OK WTI Spot Price FOB (Dollars per Barrel)",70.51,$/BBL
2024-12-20,YCUOK,NA,EPCWTI,WTI Crude Oil,PF4,Spot Price FOB,RWTC,"Cushing, OK WTI Spot Price FOB (Dollars per Barrel)",70.39,$/BBL
2024-12-13,YCUOK,NA,EPCWTI,WTI Crude Oil,PF4,Spot Price FOB,RWTC,"Cushing, OK WTI Spot Price FOB (Dollars per Barrel)",69.97,$/BBL
2024-12-06,YCUOK,NA,EPCWTI,WTI Crude Oil,PF4,Spot Price FOB,RWTC,"Cushing, OK WTI Spot Price FOB (Dollars per Barrel)",68.89,$/BBL
2024-11-29,YCUOK,NA,EPCWTI,WTI Crude Oil,PF4,Spot Price FOB,RWTC,"Cushing, OK WTI Spot Price FOB (Dollars per Barrel)",68.94,$/BBL
2024-11-22,YCUOK,NA,EPCWTI,WTI Crude Oil,PF4,Spot Price FOB,RWTC,"Cushing, OK WTI Spot Price FOB (Dollars per Barrel)",70.11,$/BBL
2024-11-15,YCUOK,NA,EPCWTI,WTI Crude Oil,PF4,Spot Price FOB,RWTC,"Cushing, OK WTI Spot Price FOB (Dollars per Barrel)",68.38,$/BBL
2024-11-08,YCUOK,NA,EPCWTI,WTI Crude Oil,PF4,Spot Price FOB,RWTC,"Cushing, OK WTI Spot Price FOB (Dollars per Barrel)",71.89,$/BBL
2024-11-01,YCUOK,NA,EPCWTI,WTI Crude Oil,PF4,Spot Price FOB,RWTC,"Cushing, OK WTI Spot Price FOB (Dollars per Barrel)",68.69,$/BBL
2024-10-25,YCUOK,NA,EPCWTI,WTI Crude Oil,PF4,Spot Price FOB,RWTC,"Cushing, OK WTI Spot Price FOB (Dollars per Barrel)",71.59,$/BBL
2024-10-18,YCUOK,NA,EPCWTI,WTI Crude Oil,PF4,Spot Price FOB,RWTC,"Cushing, OK WTI Spot Price FOB (Dollars per Barrel)",70.81,$/BBL
2024-10-11,YCUOK,NA,EPCWTI,WTI Crude Oil,PF4,Spot Price FOB,RWTC,"Cushing, OK WTI Spot Price FOB (Dollars per Barrel)",75.69,$/BBL
2024-10-04,YCUOK,NA,EPCWTI,WTI Crude Oil,PF4,Spot Price FOB,RWTC,"Cushing, OK WTI Spot Price FOB (Dollars per Barrel)",71.83,$/BBL
2024-09-27,YCUOK,NA,EPCWTI,WTI Crude Oil,PF4,Spot Price FOB,RWTC,"Cushing, OK WTI Spot Price FOB (Dollars per Barrel)",70.22,$/BBL
2024-09-20,YCUOK,NA,EPCWTI,WTI Crude Oil,PF4,Spot Price FOB,RWTC,"Cushing, OK WTI Spot Price FOB (Dollars per Barrel)",72.14,$/BBL
2024-09-13,YCUOK,NA,EPCWTI,WTI Crude Oil,PF4,Spot Price FOB,RWTC,"Cushing, OK WTI Spot Price FOB (Dollars per Barrel)",68.82,$/BBL
2024-09-06,YCUOK,NA,EPCWTI,WTI Crude Oil,PF4,Spot Price FOB,RWTC,"Cushing, OK WTI Spot Price FOB (Dollars per Barrel)",70.02,$/BBL
2024-08-30,YCUOK,NA,EPCWTI,WTI Crude Oil,PF4,Spot Price FOB,RWTC,"Cushing, OK WTI Spot Price FOB (Dollars per Barrel)",76.36,$/BBL
2024-08-23,YCUOK,NA,EPCWTI,WTI Crude Oil,PF4,Spot Price FOB,RWTC,"Cushing, OK WTI Spot Price FOB (Dollars per Barrel)",74.68,$/BBL
2024-08-16,YCUOK,NA,EPCWTI,WTI Crude Oil,PF4,Spot Price FOB,RWTC,"Cushing, OK WTI Spot Price FOB (Dollars per Barrel)",79.49,$/BBL
2024-08-09,YCUOK,NA,EPCWTI,WTI Crude Oil,PF4,Spot Price FOB,RWTC,"Cushing, OK WTI Spot Price FOB (Dollars per Barrel)",76.33,$/BBL
2024-08-02,YCUOK,NA,EPCWTI,WTI Crude Oil,PF4,Spot Price FOB,RWTC,"Cushing, OK WTI Spot Price FOB (Dollars per Barrel)",77.11,$/BBL
2024-07-26,YCUOK,NA,EPCWTI,WTI Crude Oil,PF4,Spot Price FOB,RWTC,"Cushing, OK WTI Spot Price FOB (Dollars per Barrel)",79.26,$/BBL
2024-07-19,YCUOK,NA,EPCWTI,WTI Crude Oil,PF4,Spot Price FOB,RWTC,"Cushing, OK WTI Spot Price FOB (Dollars per Barrel)",82.98,$/BBL
2024-07-12,YCUOK,NA,EPCWTI,WTI Crude Oil,PF4,Spot Price FOB,RWTC,"Cushing, OK WTI Spot Price FOB (Dollars per Barrel)",83.44,$/BBL
2024-07-05,YCUOK,NA,EPCWTI,WTI Crude Oil,PF4,Spot Price FOB,RWTC,"Cushing, OK WTI Spot Price FOB (Dollars per Barrel)",84.61,$/BBL
2024-06-28,YCUOK,NA,EPCWTI,WTI Crude Oil,PF4,Spot Price FOB,RWTC,"Cushing, OK WTI Spot Price FOB (Dollars per Barrel)",82.53,$/BBL
2024-06-21,YCUOK,NA,EPCWTI,WTI Crude Oil,PF4,Spot Price FOB,RWTC,"Cushing, OK WTI Spot Price FOB (Dollars per Barrel)",82.26,$/BBL
2024-06-14,YCUOK,NA,EPCWTI,WTI Crude Oil,PF4,Spot Price FOB,RWTC,"Cushing, OK WTI Spot Price FOB (Dollars per Barrel)",79.24,$/BBL
2024-06-07,YCUOK,NA,EPCWTI,WTI Crude Oil,PF4,Spot Price FOB,RWTC,"Cushing, OK WTI Spot Price FOB (Dollars per Barrel)",75.53,$/BBL
2024-05-31,YCUOK,NA,EPCWTI,WTI Crude Oil,PF4,Spot Price FOB,RWTC,"Cushing, OK WTI Spot Price FOB (Dollars per Barrel)",79.52,$/BBL
2024-05-24,YCUOK,NA,EPCWTI,WTI Crude Oil,PF4,Spot Price FOB,RWTC,"Cushing, OK WTI Spot Price FOB (Dollars per Barrel)",79.43,$/BBL
2024-05-17,YCUOK,NA,EPCWTI,WTI Crude Oil,PF4,Spot Price FOB,RWTC,"Cushing, OK WTI Spot Price FOB (Dollars per Barrel)",80.61,$/BBL
2024-05-10,YCUOK,NA,EPCWTI,WTI Crude Oil,PF4,Spot Price FOB,RWTC,"Cushing, OK WTI Spot Price FOB (Dollars per Barrel)",80.26,$/BBL
2024-05-03,YCUOK,NA,EPCWTI,WTI Crude Oil,PF4,Spot Price FOB,RWTC,"Cushing, OK WTI Spot Price FOB (Dollars per Barrel)",81.74,$/BBL
2024-04-26,YCUOK,NA,EPCWTI,WTI Crude Oil,PF4,Spot Price FOB,RWTC,"Cushing, OK WTI Spot Price FOB (Dollars per Barrel)",84.48,$/BBL
2024-04-19,YCUOK,NA,EPCWTI,WTI Crude Oil,PF4,Spot Price FOB,RWTC,"Cushing, OK WTI Spot Price FOB (Dollars per Barrel)",84.65,$/BBL
2024-04-12,YCUOK,NA,EPCWTI,WTI Crude Oil,PF4,Spot Price FOB,RWTC,"Cushing, OK WTI Spot Price FOB (Dollars per Barrel)",86.5,$/BBL
2024-04-05,YCUOK,NA,EPCWTI,WTI Crude Oil,PF4,Spot Price FOB,RWTC,"Cushing, OK WTI Spot Price FOB (Dollars per Barrel)",86.35,$/BBL
2024-03-29,YCUOK,NA,EPCWTI,WTI Crude Oil,PF4,Spot Price FOB,RWTC,"Cushing, OK WTI Spot Price FOB (Dollars per Barrel)",82.73,$/BBL
2024-03-22,YCUOK,NA,EPCWTI,WTI Crude Oil,PF4,Spot Price FOB,RWTC,"Cushing, OK WTI Spot Price FOB (Dollars per Barrel)",82.79,$/BBL
2024-03-15,YCUOK,NA,EPCWTI,WTI Crude Oil,PF4,Spot Price FOB,RWTC,"Cushing, OK WTI Spot Price FOB (Dollars per Barrel)",80.43,$/BBL
2024-03-08,YCUOK,NA,EPCWTI,WTI Crude Oil,PF4,Spot Price FOB,RWTC,"Cushing, OK WTI Spot Price FOB (Dollars per Barrel)",79.53,$/BBL
2024-03-01,YCUOK,NA,EPCWTI,WTI Crude Oil,PF4,Spot Price FOB,RWTC,"Cushing, OK WTI Spot Price FOB (Dollars per Barrel)",79.58,$/BBL
2024-02-23,YCUOK,NA,EPCWTI,WTI Crude Oil,PF4,Spot Price FOB,RWTC,"Cushing, OK WTI Spot Price FOB (Dollars per Barrel)",78.71,$/BBL
2024-02-16,YCUOK,NA,EPCWTI,WTI Crude Oil,PF4,Spot Price FOB,RWTC,"Cushing, OK WTI Spot Price FOB (Dollars per Barrel)",78.17,$/BBL
2024-02-09,YCUOK,NA,EPCWTI,WTI Crude Oil,PF4,Spot Price FOB,RWTC,"Cushing, OK WTI Spot Price FOB (Dollars per Barrel)",75.05,$/BBL
2024-02-02,YCUOK,NA,EPCWTI,WTI Crude Oil,PF4,Spot Price FOB,RWTC,"Cushing, OK WTI Spot Price FOB (Dollars per Barrel)",75.78,$/BBL
2024-01-26,YCUOK,NA,EPCWTI,WTI Crude Oil,PF4,Spot Price FOB,RWTC,"Cushing, OK WTI Spot Price FOB (Dollars per Barrel)",76.36,$/BBL
2024-01-19,YCUOK,NA,EPCWTI,WTI Crude Oil,PF4,Spot Price FOB,RWTC,"Cushing, OK WTI Spot Price FOB (Dollars per Barrel)",73.36,$/BBL
2024-01-12,YCUOK,NA,EPCWTI,WTI Crude Oil,PF4,Spot Price FOB,RWTC,"Cushing, OK WTI Spot Price FOB (Dollars per Barrel)",72.03,$/BBL
2024-01-05,YCUOK,NA,EPCWTI,WTI Crude Oil,PF4,Spot Price FOB,RWTC,"Cushing, OK WTI Spot Price FOB (Dollars per Barrel)",72.49,$/BBL
2023-12-29,YCUOK,NA,EPCWTI,WTI Crude Oil,PF4,Spot Price FOB,RWTC,"Cushing, OK WTI Spot Price FOB (Dollars per Barrel)",73.52,$/BBL
2023-12-22,YCUOK,NA,EPCWTI,WTI Crude Oil,PF4,Spot Price FOB,RWTC,"Cushing, OK WTI Spot Price FOB (Dollars per Barrel)",73.23,$/BBL
2023-12-15,YCUOK,NA,EPCWTI,WTI Crude Oil,PF4,Spot Price FOB,RWTC,"Cushing, OK WTI Spot Price FOB (Dollars per Barrel)",70.11,$/BBL
2023-12-08,YCUOK,NA,EPCWTI,WTI Crude Oil,PF4,Spot Price FOB,RWTC,"Cushing, OK WTI Spot Price FOB (Dollars per Barrel)",70.71,$/BBL
2023-12-01,YCUOK,NA,EPCWTI,WTI Crude Oil,PF4,Spot Price FOB,RWTC,"Cushing, OK WTI Spot Price FOB (Dollars per Barrel)",75.49,$/BBL
2023-11-24,YCUOK,NA,EPCWTI,WTI Crude Oil,PF4,Spot Price FOB,RWTC,"Cushing, OK WTI Spot Price FOB (Dollars per Barrel)",77.02,$/BBL
2023-11-17,YCUOK,NA,EPCWTI,WTI Crude Oil,PF4,Spot Price FOB,RWTC,"Cushing, OK WTI Spot Price FOB (Dollars per Barrel)",76.98,$/BBL
2023-11-10,YCUOK,NA,EPCWTI,WTI Crude Oil,PF4,Spot Price FOB,RWTC,"Cushing, OK WTI Spot Price FOB (Dollars per Barrel)",77.92,$/BBL
2023-11-03,YCUOK,NA,EPCWTI,WTI Crude Oil,PF4,Spot Price FOB,RWTC,"Cushing, OK WTI Spot Price FOB (Dollars per Barrel)",81.99,$/BBL
2023-10-27,YCUOK,NA,EPCWTI,WTI Crude Oil,PF4,Spot Price FOB,RWTC,"Cushing, OK WTI Spot Price FOB (Dollars per Barrel)",85.2,$/BBL
2023-10-20,YCUOK,NA,EPCWTI,WTI Crude Oil,PF4,Spot Price FOB,RWTC,"Cushing, OK WTI Spot Price FOB (Dollars per Barrel)",88.03,$/BBL
2023-10-13,YCUOK,NA,EPCWTI,WTI Crude Oil,PF4,Spot Price FOB,RWTC,"Cushing, OK WTI Spot Price FOB (Dollars per Barrel)",85.03,$/BBL
2023-10-06,YCUOK,NA,EPCWTI,WTI Crude Oil,PF4,Spot Price FOB,RWTC,"Cushing, OK WTI Spot Price FOB (Dollars per Barrel)",85.5,$/BBL
2023-09-29,YCUOK,NA,EPCWTI,WTI Crude Oil,PF4,Spot Price FOB,RWTC,"Cushing, OK WTI Spot Price FOB (Dollars per Barrel)",91.44,$/BBL
2023-09-22,YCUOK,NA,EPCWTI,WTI Crude Oil,PF4,Spot Price FOB,RWTC,"Cushing, OK WTI Spot Price FOB (Dollars per Barrel)",90.28,$/BBL
2023-09-15,YCUOK,NA,EPCWTI,WTI Crude Oil,PF4,Spot Price FOB,RWTC,"Cushing, OK WTI Spot Price FOB (Dollars per Barrel)",89.14,$/BBL
2023-09-08,YCUOK,NA,EPCWTI,WTI Crude Oil,PF4,Spot Price FOB,RWTC,"Cushing, OK WTI Spot Price FOB (Dollars per Barrel)",87.17,$/BBL
2023-09-01,YCUOK,NA,EPCWTI,WTI Crude Oil,PF4,Spot Price FOB,RWTC,"Cushing, OK WTI Spot Price FOB (Dollars per Barrel)",82.5,$/BBL
2023-08-25,YCUOK,NA,EPCWTI,WTI Crude Oil,PF4,Spot Price FOB,RWTC,"Cushing, OK WTI Spot Price FOB (Dollars per Barrel)",79.97,$/BBL
2023-08-18,YCUOK,NA,EPCWTI,WTI Crude Oil,PF4,Spot Price FOB,RWTC,"Cushing, OK WTI Spot Price FOB (Dollars per Barrel)",80.93,$/BBL
2023-08-11,YCUOK,NA,EPCWTI,WTI Crude Oil,PF4,Spot Price FOB,RWTC,"Cushing, OK WTI Spot Price FOB (Dollars per Barrel)",83.04,$/BBL
2023-08-04,YCUOK,NA,EPCWTI,WTI Crude Oil,PF4,Spot Price FOB,RWTC,"Cushing, OK WTI Spot Price FOB (Dollars per Barrel)",81.4,$/BBL
2023-07-28,YCUOK,NA,EPCWTI,WTI Crude Oil,PF4,Spot Price FOB,RWTC,"Cushing, OK WTI Spot Price FOB (Dollars per Barrel)",79.68,$/BBL
2023-07-21,YCUOK,NA,EPCWTI,WTI Crude Oil,PF4,Spot Price FOB,RWTC,"Cushing, OK WTI Spot Price FOB (Dollars per Barrel)",75.61,$/BBL
2023-07-14,YCUOK,NA,EPCWTI,WTI Crude Oil,PF4,Spot Price FOB,RWTC,"Cushing, OK WTI Spot Price FOB (Dollars per Barrel)",75.2,$/BBL
2023-07-07,YCUOK,NA,EPCWTI,WTI Crude Oil,PF4,Spot Price FOB,RWTC,"Cushing, OK WTI Spot Price FOB (Dollars per Barrel)",71.79,$/BBL
2023-06-30,YCUOK,NA,EPCWTI,WTI Crude Oil,PF4,Spot Price FOB,RWTC,"Cushing, OK WTI Spot Price FOB (Dollars per Barrel)",69.36,$/BBL
2023-06-23,YCUOK,NA,EPCWTI,WTI Crude Oil,PF4,Spot Price FOB,RWTC,"Cushing, OK WTI Spot Price FOB (Dollars per Barrel)",70.41,$/BBL
2023-06-16,YCUOK,NA,EPCWTI,WTI Crude Oil,PF4,Spot Price FOB,RWTC,"Cushing, OK WTI Spot Price FOB (Dollars per Barrel)",69.42,$/BBL
2023-06-09,YCUOK,NA,EPCWTI,WTI Crude Oil,PF4,Spot Price FOB,RWTC,"Cushing, OK WTI Spot Price FOB (Dollars per Barrel)",71.56,$/BBL
2023-06-02,YCUOK,NA,EPCWTI,WTI Crude Oil,PF4,Spot Price FOB,RWTC,"Cushing, OK WTI Spot Price FOB (Dollars per Barrel)",69.85,$/BBL
2023-05-26,YCUOK,NA,EPCWTI,WTI Crude Oil,PF4,Spot Price FOB,RWTC,"Cushing, OK WTI Spot Price FOB (Dollars per Barrel)",72.62,$/BBL
2023-05-19,YCUOK,NA,EPCWTI,WTI Crude Oil,PF4,Spot Price FOB,RWTC,"Cushing, OK WTI Spot Price FOB (Dollars per Barrel)",71.62,$/BBL
2023-05-12,YCUOK,NA,EPCWTI,WTI Crude Oil,PF4,Spot Price FOB,RWTC,"Cushing, OK WTI Spot Price FOB (Dollars per Barrel)",72.03,$/BBL
2023-05-05,YCUOK,NA,EPCWTI,WTI Crude Oil,PF4,Spot Price FOB,RWTC,"Cushing, OK WTI Spot Price FOB (Dollars per Barrel)",71.16,$/BBL
2023-04-28,YCUOK,NA,EPCWTI,WTI Crude Oil,PF4,Spot Price FOB,RWTC,"Cushing, OK WTI Spot Price FOB (Dollars per Barrel)",76.31,$/BBL
2023-04-21,YCUOK,NA,EPCWTI,WTI Crude Oil,PF4,Spot Price FOB,RWTC,"Cushing, OK WTI Spot Price FOB (Dollars per Barrel)",79.22,$/BBL
2023-04-14,YCUOK,NA,EPCWTI,WTI Crude Oil,PF4,Spot Price FOB,RWTC,"Cushing, OK WTI Spot Price FOB (Dollars per Barrel)",81.87,$/BBL
2023-04-07,YCUOK,NA,EPCWTI,WTI Crude Oil,PF4,Spot Price FOB,RWTC,"Cushing, OK WTI Spot Price FOB (Dollars per Barrel)",80.62,$/BBL
2023-03-31,YCUOK,NA,EPCWTI,WTI Crude Oil,PF4,Spot Price FOB,RWTC,"Cushing, OK WTI Spot Price FOB (Dollars per Barrel)",73.79,$/BBL
2023-03-24,YCUOK,NA,EPCWTI,WTI Crude Oil,PF4,Spot Price FOB,RWTC,"Cushing, OK WTI Spot Price FOB (Dollars per Barrel)",69.33,$/BBL
2023-03-17,YCUOK,NA,EPCWTI,WTI Crude Oil,PF4,Spot Price FOB,RWTC,"Cushing, OK WTI Spot Price FOB (Dollars per Barrel)",69.6,$/BBL
2023-03-10,YCUOK,NA,EPCWTI,WTI Crude Oil,PF4,Spot Price FOB,RWTC,"Cushing, OK WTI Spot Price FOB (Dollars per Barrel)",77.31,$/BBL
2023-03-03,YCUOK,NA,EPCWTI,WTI Crude Oil,PF4,Spot Price FOB,RWTC,"Cushing, OK WTI Spot Price FOB (Dollars per Barrel)",77.54,$/BBL
2023-02-24,YCUOK,NA,EPCWTI,WTI Crude Oil,PF4,Spot Price FOB,RWTC,"Cushing, OK WTI Spot Price FOB (Dollars per Barrel)",75.42,$/BBL
2023-02-17,YCUOK,NA,EPCWTI,WTI Crude Oil,PF4,Spot Price FOB,RWTC,"Cushing, OK WTI Spot Price FOB (Dollars per Barrel)",78.51,$/BBL
2023-02-10,YCUOK,NA,EPCWTI,WTI Crude Oil,PF4,Spot Price FOB,RWTC,"Cushing, OK WTI Spot Price FOB (Dollars per Barrel)",77.51,$/BBL
2023-02-03,YCUOK,NA,EPCWTI,WTI Crude Oil,PF4,Spot Price FOB,RWTC,"Cushing, OK WTI Spot Price FOB (Dollars per Barrel)",76.51,$/BBL
2023-01-27,YCUOK,NA,EPCWTI,WTI Crude Oil,PF4,Spot Price FOB,RWTC,"Cushing, OK WTI Spot Price FOB (Dollars per Barrel)",80.33,$/BBL
2023-01-20,YCUOK,NA,EPCWTI,WTI Crude Oil,PF4,Spot Price FOB,RWTC,"Cushing, OK WTI Spot Price FOB (Dollars per Barrel)",80.34,$/BBL
2023-01-13,YCUOK,NA,EPCWTI,WTI Crude Oil,PF4,Spot Price FOB,RWTC,"Cushing, OK WTI Spot Price FOB (Dollars per Barrel)",77.1,$/BBL
2023-01-06,YCUOK,NA,EPCWTI,WTI Crude Oil,PF4,Spot Price FOB,RWTC,"Cushing, OK WTI Spot Price FOB (Dollars per Barrel)",74.27,$/BBL
2022-12-30,YCUOK,NA,EPCWTI,WTI Crude Oil,PF4,Spot Price FOB,RWTC,"Cushing, OK WTI Spot Price FOB (Dollars per Barrel)",79.23,$/BBL
2022-12-23,YCUOK,NA,EPCWTI,WTI Crude Oil,PF4,Spot Price FOB,RWTC,"Cushing, OK WTI Spot Price FOB (Dollars per Barrel)",77.28,$/BBL
2022-12-16,YCUOK,NA,EPCWTI,WTI Crude Oil,PF4,Spot Price FOB,RWTC,"Cushing, OK WTI Spot Price FOB (Dollars per Barrel)",75.12,$/BBL
2022-12-09,YCUOK,NA,EPCWTI,WTI Crude Oil,PF4,Spot Price FOB,RWTC,"Cushing, OK WTI Spot Price FOB (Dollars per Barrel)",73.06,$/BBL
2022-12-02,YCUOK,NA,EPCWTI,WTI Crude Oil,PF4,Spot Price FOB,RWTC,"Cushing, OK WTI Spot Price FOB (Dollars per Barrel)",79.29,$/BBL
2022-11-25,YCUOK,NA,EPCWTI,WTI Crude Oil,PF4,Spot Price FOB,RWTC,"Cushing, OK WTI Spot Price FOB (Dollars per Barrel)",78.74,$/BBL
2022-11-18,YCUOK,NA,EPCWTI,WTI Crude Oil,PF4,Spot Price FOB,RWTC,"Cushing, OK WTI Spot Price FOB (Dollars per Barrel)",84.02,$/BBL
2022-11-11,YCUOK,NA,EPCWTI,WTI Crude Oil,PF4,Spot Price FOB,RWTC,"Cushing, OK WTI Spot Price FOB (Dollars per Barrel)",88.41,$/BBL
2022-11-04,YCUOK,NA,EPCWTI,WTI Crude Oil,PF4,Spot Price FOB,RWTC,"Cushing, OK WTI Spot Price FOB (Dollars per Barrel)",89.14,$/BBL
2022-10-28,YCUOK,NA,EPCWTI,WTI Crude Oil,PF4,Spot Price FOB,RWTC,"Cushing, OK WTI Spot Price FOB (Dollars per Barrel)",87.87,$/BBL
2022-10-21,YCUOK,NA,EPCWTI,WTI Crude Oil,PF4,Spot Price FOB,RWTC,"Cushing, OK WTI Spot Price FOB (Dollars per Barrel)",85.36,$/BBL
2022-10-14,YCUOK,NA,EPCWTI,WTI Crude Oil,PF4,Spot Price FOB,RWTC,"Cushing, OK WTI Spot Price FOB (Dollars per Barrel)",88.97,$/BBL
2022-10-07,YCUOK,NA,EPCWTI,WTI Crude Oil,PF4,Spot Price FOB,RWTC,"Cushing, OK WTI Spot Price FOB (Dollars per Barrel)",88.22,$/BBL
2022-09-30,YCUOK,NA,EPCWTI,WTI Crude Oil,PF4,Spot Price FOB,RWTC,"Cushing, OK WTI Spot Price FOB (Dollars per Barrel)",80.08,$/BBL
2022-09-23,YCUOK,NA,EPCWTI,WTI Crude Oil,PF4,Spot Price FOB,RWTC,"Cushing, OK WTI Spot Price FOB (Dollars per Barrel)",83.46,$/BBL
2022-09-16,YCUOK,NA,EPCWTI,WTI Crude Oil,PF4,Spot Price FOB,RWTC,"Cushing, OK WTI Spot Price FOB (Dollars per Barrel)",87.24,$/BBL
2022-09-09,YCUOK,NA,EPCWTI,WTI Crude Oil,PF4,Spot Price FOB,RWTC,"Cushing, OK WTI Spot Price FOB (Dollars per Barrel)",85.29,$/BBL
2022-09-02,YCUOK,NA,EPCWTI,WTI Crude Oil,PF4,Spot Price FOB,RWTC,"Cushing, OK WTI Spot Price FOB (Dollars per Barrel)",90.79,$/BBL
2022-08-26,YCUOK,NA,EPCWTI,WTI Crude Oil,PF4,Spot Price FOB,RWTC,"Cushing, OK WTI Spot Price FOB (Dollars per Barrel)",94.47,$/BBL
2022-08-19,YCUOK,NA,EPCWTI,WTI Crude Oil,PF4,Spot Price FOB,RWTC,"Cushing, OK WTI Spot Price FOB (Dollars per Barrel)",91.81,$/BBL
2022-08-12,YCUOK,NA,EPCWTI,WTI Crude Oil,PF4,Spot Price FOB,RWTC,"Cushing, OK WTI Spot Price FOB (Dollars per Barrel)",94.65,$/BBL
2022-08-05,YCUOK,NA,EPCWTI,WTI Crude Oil,PF4,Spot Price FOB,RWTC,"Cushing, OK WTI Spot Price FOB (Dollars per Barrel)",94.01,$/BBL
2022-07-29,YCUOK,NA,EPCWTI,WTI Crude Oil,PF4,Spot Price FOB,RWTC,"Cushing, OK WTI Spot Price FOB (Dollars per Barrel)",99.6,$/BBL
2022-07-22,YCUOK,NA,EPCWTI,WTI Crude Oil,PF4,Spot Price FOB,RWTC,"Cushing, OK WTI Spot Price FOB (Dollars per Barrel)",102.24,$/BBL
2022-07-15,YCUOK,NA,EPCWTI,WTI Crude Oil,PF4,Spot Price FOB,RWTC,"Cushing, OK WTI Spot Price FOB (Dollars per Barrel)",99.92,$/BBL
2022-07-08,YCUOK,NA,EPCWTI,WTI Crude Oil,PF4,Spot Price FOB,RWTC,"Cushing, OK WTI Spot Price FOB (Dollars per Barrel)",103.32,$/BBL
2022-07-01,YCUOK,NA,EPCWTI,WTI Crude Oil,PF4,Spot Price FOB,RWTC,"Cushing, OK WTI Spot Price FOB (Dollars per Barrel)",110.96,$/BBL
2022-06-24,YCUOK,NA,EPCWTI,WTI Crude Oil,PF4,Spot Price FOB,RWTC,"Cushing, OK WTI Spot Price FOB (Dollars per Barrel)",107.88,$/BBL
2022-06-17,YCUOK,NA,EPCWTI,WTI Crude Oil,PF4,Spot Price FOB,RWTC,"Cushing, OK WTI Spot Price FOB (Dollars per Barrel)",116.46,$/BBL
2022-06-10,YCUOK,NA,EPCWTI,WTI Crude Oil,PF4,Spot Price FOB,RWTC,"Cushing, OK WTI Spot Price FOB (Dollars per Barrel)",120.43,$/BBL
2022-06-03,YCUOK,NA,EPCWTI,WTI Crude Oil,PF4,Spot Price FOB,RWTC,"Cushing, OK WTI Spot Price FOB (Dollars per Barrel)",116.37,$/BBL
2022-05-27,YCUOK,NA,EPCWTI,WTI Crude Oil,PF4,Spot Price FOB,RWTC,"Cushing, OK WTI Spot Price FOB (Dollars per Barrel)",113.38,$/BBL
2022-05-20,YCUOK,NA,EPCWTI,WTI Crude Oil,PF4,Spot Price FOB,RWTC,"Cushing, OK WTI Spot Price FOB (Dollars per Barrel)",112.18,$/BBL
2022-05-13,YCUOK,NA,EPCWTI,WTI Crude Oil,PF4,Spot Price FOB,RWTC,"Cushing, OK WTI Spot Price FOB (Dollars per Barrel)",105,$/BBL
2022-05-06,YCUOK,NA,EPCWTI,WTI Crude Oil,PF4,Spot Price FOB,RWTC,"Cushing, OK WTI Spot Price FOB (Dollars per Barrel)",106.69,$/BBL
2022-04-29,YCUOK,NA,EPCWTI,WTI Crude Oil,PF4,Spot Price FOB,RWTC,"Cushing, OK WTI Spot Price FOB (Dollars per Barrel)",102.85,$/BBL
2022-04-22,YCUOK,NA,EPCWTI,WTI Crude Oil,PF4,Spot Price FOB,RWTC,"Cushing, OK WTI Spot Price FOB (Dollars per Barrel)",104.02,$/BBL
2022-04-15,YCUOK,NA,EPCWTI,WTI Crude Oil,PF4,Spot Price FOB,RWTC,"Cushing, OK WTI Spot Price FOB (Dollars per Barrel)",101.46,$/BBL
2022-04-08,YCUOK,NA,EPCWTI,WTI Crude Oil,PF4,Spot Price FOB,RWTC,"Cushing, OK WTI Spot Price FOB (Dollars per Barrel)",99.21,$/BBL
2022-04-01,YCUOK,NA,EPCWTI,WTI Crude Oil,PF4,Spot Price FOB,RWTC,"Cushing, OK WTI Spot Price FOB (Dollars per Barrel)",103.89,$/BBL
2022-03-25,YCUOK,NA,EPCWTI,WTI Crude Oil,PF4,Spot Price FOB,RWTC,"Cushing, OK WTI Spot Price FOB (Dollars per Barrel)",113.69,$/BBL
2022-03-18,YCUOK,NA,EPCWTI,WTI Crude Oil,PF4,Spot Price FOB,RWTC,"Cushing, OK WTI Spot Price FOB (Dollars per Barrel)",100.43,$/BBL
2022-03-11,YCUOK,NA,EPCWTI,WTI Crude Oil,PF4,Spot Price FOB,RWTC,"Cushing, OK WTI Spot Price FOB (Dollars per Barrel)",113.39,$/BBL
2022-03-04,YCUOK,NA,EPCWTI,WTI Crude Oil,PF4,Spot Price FOB,RWTC,"Cushing, OK WTI Spot Price FOB (Dollars per Barrel)",106.8,$/BBL
2022-02-25,YCUOK,NA,EPCWTI,WTI Crude Oil,PF4,Spot Price FOB,RWTC,"Cushing, OK WTI Spot Price FOB (Dollars per Barrel)",92.18,$/BBL
2022-02-18,YCUOK,NA,EPCWTI,WTI Crude Oil,PF4,Spot Price FOB,RWTC,"Cushing, OK WTI Spot Price FOB (Dollars per Barrel)",92.89,$/BBL
2022-02-11,YCUOK,NA,EPCWTI,WTI Crude Oil,PF4,Spot Price FOB,RWTC,"Cushing, OK WTI Spot Price FOB (Dollars per Barrel)",90.61,$/BBL
2022-02-04,YCUOK,NA,EPCWTI,WTI Crude Oil,PF4,Spot Price FOB,RWTC,"Cushing, OK WTI Spot Price FOB (Dollars per Barrel)",89.6,$/BBL
2022-01-28,YCUOK,NA,EPCWTI,WTI Crude Oil,PF4,Spot Price FOB,RWTC,"Cushing, OK WTI Spot Price FOB (Dollars per Barrel)",86.94,$/BBL
2022-01-21,YCUOK,NA,EPCWTI,WTI Crude Oil,PF4,Spot Price FOB,RWTC,"Cushing, OK WTI Spot Price FOB (Dollars per Barrel)",85.93,$/BBL
2022-01-14,YCUOK,NA,EPCWTI,WTI Crude Oil,PF4,Spot Price FOB,RWTC,"Cushing, OK WTI Spot Price FOB (Dollars per Barrel)",81.52,$/BBL
2022-01-07,YCUOK,NA,EPCWTI,WTI Crude Oil,PF4,Spot Price FOB,RWTC,"Cushing, OK WTI Spot Price FOB (Dollars per Barrel)",77.86,$/BBL
2021-12-31,YCUOK,NA,EPCWTI,WTI Crude Oil,PF4,Spot Price FOB,RWTC,"Cushing, OK WTI Spot Price FOB (Dollars per Barrel)",76.05,$/BBL
2021-12-24,YCUOK,NA,EPCWTI,WTI Crude Oil,PF4,Spot Price FOB,RWTC,"Cushing, OK WTI Spot Price FOB (Dollars per Barrel)",71.63,$/BBL
2021-12-17,YCUOK,NA,EPCWTI,WTI Crude Oil,PF4,Spot Price FOB,RWTC,"Cushing, OK WTI Spot Price FOB (Dollars per Barrel)",71.18,$/BBL
2021-12-10,YCUOK,NA,EPCWTI,WTI Crude Oil,PF4,Spot Price FOB,RWTC,"Cushing, OK WTI Spot Price FOB (Dollars per Barrel)",71.31,$/BBL
2021-12-03,YCUOK,NA,EPCWTI,WTI Crude Oil,PF4,Spot Price FOB,RWTC,"Cushing, OK WTI Spot Price FOB (Dollars per Barrel)",66.89,$/BBL
2021-11-26,YCUOK,NA,EPCWTI,WTI Crude Oil,PF4,Spot Price FOB,RWTC,"Cushing, OK WTI Spot Price FOB (Dollars per Barrel)",77.79,$/BBL
2021-11-19,YCUOK,NA,EPCWTI,WTI Crude Oil,PF4,Spot Price FOB,RWTC,"Cushing, OK WTI Spot Price FOB (Dollars per Barrel)",78.99,$/BBL
2021-11-12,YCUOK,NA,EPCWTI,WTI Crude Oil,PF4,Spot Price FOB,RWTC,"Cushing, OK WTI Spot Price FOB (Dollars per Barrel)",81.93,$/BBL
2021-11-05,YCUOK,NA,EPCWTI,WTI Crude Oil,PF4,Spot Price FOB,RWTC,"Cushing, OK WTI Spot Price FOB (Dollars per Barrel)",81.79,$/BBL
2021-10-29,YCUOK,NA,EPCWTI,WTI Crude Oil,PF4,Spot Price FOB,RWTC,"Cushing, OK WTI Spot Price FOB (Dollars per Barrel)",83.84,$/BBL
2021-10-22,YCUOK,NA,EPCWTI,WTI Crude Oil,PF4,Spot Price FOB,RWTC,"Cushing, OK WTI Spot Price FOB (Dollars per Barrel)",83.48,$/BBL
2021-10-15,YCUOK,NA,EPCWTI,WTI Crude Oil,PF4,Spot Price FOB,RWTC,"Cushing, OK WTI Spot Price FOB (Dollars per Barrel)",81.18,$/BBL
2021-10-08,YCUOK,NA,EPCWTI,WTI Crude Oil,PF4,Spot Price FOB,RWTC,"Cushing, OK WTI Spot Price FOB (Dollars per Barrel)",78.5,$/BBL
2021-10-01,YCUOK,NA,EPCWTI,WTI Crude Oil,PF4,Spot Price FOB,RWTC,"Cushing, OK WTI Spot Price FOB (Dollars per Barrel)",75.45,$/BBL
2021-09-24,YCUOK,NA,EPCWTI,WTI Crude Oil,PF4,Spot Price FOB,RWTC,"Cushing, OK WTI Spot Price FOB (Dollars per Barrel)",72.18,$/BBL
2021-09-17,YCUOK,NA,EPCWTI,WTI Crude Oil,PF4,Spot Price FOB,RWTC,"Cushing, OK WTI Spot Price FOB (Dollars per Barrel)",71.69,$/BBL
2021-09-10,YCUOK,NA,EPCWTI,WTI Crude Oil,PF4,Spot Price FOB,RWTC,"Cushing, OK WTI Spot Price FOB (Dollars per Barrel)",68.98,$/BBL
2021-09-03,YCUOK,NA,EPCWTI,WTI Crude Oil,PF4,Spot Price FOB,RWTC,"Cushing, OK WTI Spot Price FOB (Dollars per Barrel)",69.15,$/BBL
2021-08-27,YCUOK,NA,EPCWTI,WTI Crude Oil,PF4,Spot Price FOB,RWTC,"Cushing, OK WTI Spot Price FOB (Dollars per Barrel)",67.59,$/BBL
2021-08-20,YCUOK,NA,EPCWTI,WTI Crude Oil,PF4,Spot Price FOB,RWTC,"Cushing, OK WTI Spot Price FOB (Dollars per Barrel)",65.05,$/BBL
2021-08-13,YCUOK,NA,EPCWTI,WTI Crude Oil,PF4,Spot Price FOB,RWTC,"Cushing, OK WTI Spot Price FOB (Dollars per Barrel)",68.33,$/BBL
2021-08-06,YCUOK,NA,EPCWTI,WTI Crude Oil,PF4,Spot Price FOB,RWTC,"Cushing, OK WTI Spot Price FOB (Dollars per Barrel)",69.5,$/BBL
2021-07-30,YCUOK,NA,EPCWTI,WTI Crude Oil,PF4,Spot Price FOB,RWTC,"Cushing, OK WTI Spot Price FOB (Dollars per Barrel)",72.75,$/BBL
2021-07-23,YCUOK,NA,EPCWTI,WTI Crude Oil,PF4,Spot Price FOB,RWTC,"Cushing, OK WTI Spot Price FOB (Dollars per Barrel)",69.68,$/BBL
2021-07-16,YCUOK,NA,EPCWTI,WTI Crude Oil,PF4,Spot Price FOB,RWTC,"Cushing, OK WTI Spot Price FOB (Dollars per Barrel)",73.19,$/BBL
2021-07-09,YCUOK,NA,EPCWTI,WTI Crude Oil,PF4,Spot Price FOB,RWTC,"Cushing, OK WTI Spot Price FOB (Dollars per Barrel)",73.35,$/BBL
2021-07-02,YCUOK,NA,EPCWTI,WTI Crude Oil,PF4,Spot Price FOB,RWTC,"Cushing, OK WTI Spot Price FOB (Dollars per Barrel)",74.07,$/BBL
2021-06-25,YCUOK,NA,EPCWTI,WTI Crude Oil,PF4,Spot Price FOB,RWTC,"Cushing, OK WTI Spot Price FOB (Dollars per Barrel)",73.48,$/BBL
2021-06-18,YCUOK,NA,EPCWTI,WTI Crude Oil,PF4,Spot Price FOB,RWTC,"Cushing, OK WTI Spot Price FOB (Dollars per Barrel)",71.55,$/BBL
2021-06-11,YCUOK,NA,EPCWTI,WTI Crude Oil,PF4,Spot Price FOB,RWTC,"Cushing, OK WTI Spot Price FOB (Dollars per Barrel)",70.11,$/BBL
2021-06-04,YCUOK,NA,EPCWTI,WTI Crude Oil,PF4,Spot Price FOB,RWTC,"Cushing, OK WTI Spot Price FOB (Dollars per Barrel)",68.74,$/BBL
2021-05-28,YCUOK,NA,EPCWTI,WTI Crude Oil,PF4,Spot Price FOB,RWTC,"Cushing, OK WTI Spot Price FOB (Dollars per Barrel)",66.4,$/BBL
2021-05-21,YCUOK,NA,EPCWTI,WTI Crude Oil,PF4,Spot Price FOB,RWTC,"Cushing, OK WTI Spot Price FOB (Dollars per Barrel)",64.11,$/BBL
2021-05-14,YCUOK,NA,EPCWTI,WTI Crude Oil,PF4,Spot Price FOB,RWTC,"Cushing, OK WTI Spot Price FOB (Dollars per Barrel)",65.07,$/BBL
2021-05-07,YCUOK,NA,EPCWTI,WTI Crude Oil,PF4,Spot Price FOB,RWTC,"Cushing, OK WTI Spot Price FOB (Dollars per Barrel)",65.1,$/BBL
2021-04-30,YCUOK,NA,EPCWTI,WTI Crude Oil,PF4,Spot Price FOB,RWTC,"Cushing, OK WTI Spot Price FOB (Dollars per Barrel)",63.47,$/BBL
2021-04-23,YCUOK,NA,EPCWTI,WTI Crude Oil,PF4,Spot Price FOB,RWTC,"Cushing, OK WTI Spot Price FOB (Dollars per Barrel)",62.18,$/BBL
2021-04-16,YCUOK,NA,EPCWTI,WTI Crude Oil,PF4,Spot Price FOB,RWTC,"Cushing, OK WTI Spot Price FOB (Dollars per Barrel)",61.93,$/BBL
2021-04-09,YCUOK,NA,EPCWTI,WTI Crude Oil,PF4,Spot Price FOB,RWTC,"Cushing, OK WTI Spot Price FOB (Dollars per Barrel)",59.35,$/BBL
2021-04-02,YCUOK,NA,EPCWTI,WTI Crude Oil,PF4,Spot Price FOB,RWTC,"Cushing, OK WTI Spot Price FOB (Dollars per Barrel)",60.66,$/BBL
2021-03-26,YCUOK,NA,EPCWTI,WTI Crude Oil,PF4,Spot Price FOB,RWTC,"Cushing, OK WTI Spot Price FOB (Dollars per Barrel)",59.95,$/BBL
2021-03-19,YCUOK,NA,EPCWTI,WTI Crude Oil,PF4,Spot Price FOB,RWTC,"Cushing, OK WTI Spot Price FOB (Dollars per Barrel)",63.22,$/BBL
2021-03-12,YCUOK,NA,EPCWTI,WTI Crude Oil,PF4,Spot Price FOB,RWTC,"Cushing, OK WTI Spot Price FOB (Dollars per Barrel)",65.02,$/BBL
2021-03-05,YCUOK,NA,EPCWTI,WTI Crude Oil,PF4,Spot Price FOB,RWTC,"Cushing, OK WTI Spot Price FOB (Dollars per Barrel)",62.29,$/BBL
2021-02-26,YCUOK,NA,EPCWTI,WTI Crude Oil,PF4,Spot Price FOB,RWTC,"Cushing, OK WTI Spot Price FOB (Dollars per Barrel)",62.3,$/BBL
2021-02-19,YCUOK,NA,EPCWTI,WTI Crude Oil,PF4,Spot Price FOB,RWTC,"Cushing, OK WTI Spot Price FOB (Dollars per Barrel)",60.17,$/BBL
2021-02-12,YCUOK,NA,EPCWTI,WTI Crude Oil,PF4,Spot Price FOB,RWTC,"Cushing, OK WTI Spot Price FOB (Dollars per Barrel)",58.54,$/BBL
2021-02-05,YCUOK,NA,EPCWTI,WTI Crude Oil,PF4,Spot Price FOB,RWTC,"Cushing, OK WTI Spot Price FOB (Dollars per Barrel)",55.39,$/BBL
2021-01-29,YCUOK,NA,EPCWTI,WTI Crude Oil,PF4,Spot Price FOB,RWTC,"Cushing, OK WTI Spot Price FOB (Dollars per Barrel)",52.52,$/BBL
2021-01-22,YCUOK,NA,EPCWTI,WTI Crude Oil,PF4,Spot Price FOB,RWTC,"Cushing, OK WTI Spot Price FOB (Dollars per Barrel)",52.82,$/BBL
2021-01-15,YCUOK,NA,EPCWTI,WTI Crude Oil,PF4,Spot Price FOB,RWTC,"Cushing, OK WTI Spot Price FOB (Dollars per Barrel)",52.75,$/BBL
2021-01-08,YCUOK,NA,EPCWTI,WTI Crude Oil,PF4,Spot Price FOB,RWTC,"Cushing, OK WTI Spot Price FOB (Dollars per Barrel)",50.09,$/BBL
2021-01-01,YCUOK,NA,EPCWTI,WTI Crude Oil,PF4,Spot Price FOB,RWTC,"Cushing, OK WTI Spot Price FOB (Dollars per Barrel)",47.98,$/BBL
2020-12-25,YCUOK,NA,EPCWTI,WTI Crude Oil,PF4,Spot Price FOB,RWTC,"Cushing, OK WTI Spot Price FOB (Dollars per Barrel)",47.73,$/BBL
2020-12-18,YCUOK,NA,EPCWTI,WTI Crude Oil,PF4,Spot Price FOB,RWTC,"Cushing, OK WTI Spot Price FOB (Dollars per Barrel)",47.97,$/BBL
2020-12-11,YCUOK,NA,EPCWTI,WTI Crude Oil,PF4,Spot Price FOB,RWTC,"Cushing, OK WTI Spot Price FOB (Dollars per Barrel)",46.04,$/BBL
2020-12-04,YCUOK,NA,EPCWTI,WTI Crude Oil,PF4,Spot Price FOB,RWTC,"Cushing, OK WTI Spot Price FOB (Dollars per Barrel)",45.37,$/BBL
2020-11-27,YCUOK,NA,EPCWTI,WTI Crude Oil,PF4,Spot Price FOB,RWTC,"Cushing, OK WTI Spot Price FOB (Dollars per Barrel)",44.4,$/BBL
2020-11-20,YCUOK,NA,EPCWTI,WTI Crude Oil,PF4,Spot Price FOB,RWTC,"Cushing, OK WTI Spot Price FOB (Dollars per Barrel)",41.52,$/BBL
2020-11-13,YCUOK,NA,EPCWTI,WTI Crude Oil,PF4,Spot Price FOB,RWTC,"Cushing, OK WTI Spot Price FOB (Dollars per Barrel)",40.66,$/BBL
2020-11-06,YCUOK,NA,EPCWTI,WTI Crude Oil,PF4,Spot Price FOB,RWTC,"Cushing, OK WTI Spot Price FOB (Dollars per Barrel)",37.71,$/BBL
2020-10-30,YCUOK,NA,EPCWTI,WTI Crude Oil,PF4,Spot Price FOB,RWTC,"Cushing, OK WTI Spot Price FOB (Dollars per Barrel)",37.32,$/BBL
2020-10-23,YCUOK,NA,EPCWTI,WTI Crude Oil,PF4,Spot Price FOB,RWTC,"Cushing, OK WTI Spot Price FOB (Dollars per Barrel)",40.43,$/BBL
2020-10-16,YCUOK,NA,EPCWTI,WTI Crude Oil,PF4,Spot Price FOB,RWTC,"Cushing, OK WTI Spot Price FOB (Dollars per Barrel)",40.33,$/BBL
2020-10-09,YCUOK,NA,EPCWTI,WTI Crude Oil,PF4,Spot Price FOB,RWTC,"Cushing, OK WTI Spot Price FOB (Dollars per Barrel)",40.19,$/BBL
2020-10-02,YCUOK,NA,EPCWTI,WTI Crude Oil,PF4,Spot Price FOB,RWTC,"Cushing, OK WTI Spot Price FOB (Dollars per Barrel)",38.99,$/BBL
2020-09-25,YCUOK,NA,EPCWTI,WTI Crude Oil,PF4,Spot Price FOB,RWTC,"Cushing, OK WTI Spot Price FOB (Dollars per Barrel)",39.78,$/BBL
2020-09-18,YCUOK,NA,EPCWTI,WTI Crude Oil,PF4,Spot Price FOB,RWTC,"Cushing, OK WTI Spot Price FOB (Dollars per Barrel)",39.55,$/BBL
2020-09-11,YCUOK,NA,EPCWTI,WTI Crude Oil,PF4,Spot Price FOB,RWTC,"Cushing, OK WTI Spot Price FOB (Dollars per Barrel)",37.38,$/BBL
2020-09-04,YCUOK,NA,EPCWTI,WTI Crude Oil,PF4,Spot Price FOB,RWTC,"Cushing, OK WTI Spot Price FOB (Dollars per Barrel)",41.84,$/BBL
2020-08-28,YCUOK,NA,EPCWTI,WTI Crude Oil,PF4,Spot Price FOB,RWTC,"Cushing, OK WTI Spot Price FOB (Dollars per Barrel)",42.93,$/BBL
2020-08-21,YCUOK,NA,EPCWTI,WTI Crude Oil,PF4,Spot Price FOB,RWTC,"Cushing, OK WTI Spot Price FOB (Dollars per Barrel)",42.73,$/BBL
2020-08-14,YCUOK,NA,EPCWTI,WTI Crude Oil,PF4,Spot Price FOB,RWTC,"Cushing, OK WTI Spot Price FOB (Dollars per Barrel)",42.08,$/BBL
2020-08-07,YCUOK,NA,EPCWTI,WTI Crude Oil,PF4,Spot Price FOB,RWTC,"Cushing, OK WTI Spot Price FOB (Dollars per Barrel)",41.57,$/BBL
2020-07-31,YCUOK,NA,EPCWTI,WTI Crude Oil,PF4,Spot Price FOB,RWTC,"Cushing, OK WTI Spot Price FOB (Dollars per Barrel)",40.69,$/BBL
2020-07-24,YCUOK,NA,EPCWTI,WTI Crude Oil,PF4,Spot Price FOB,RWTC,"Cushing, OK WTI Spot Price FOB (Dollars per Barrel)",41.34,$/BBL
2020-07-17,YCUOK,NA,EPCWTI,WTI Crude Oil,PF4,Spot Price FOB,RWTC,"Cushing, OK WTI Spot Price FOB (Dollars per Barrel)",40.57,$/BBL
2020-07-10,YCUOK,NA,EPCWTI,WTI Crude Oil,PF4,Spot Price FOB,RWTC,"Cushing, OK WTI Spot Price FOB (Dollars per Barrel)",40.44,$/BBL
2020-07-03,YCUOK,NA,EPCWTI,WTI Crude Oil,PF4,Spot Price FOB,RWTC,"Cushing, OK WTI Spot Price FOB (Dollars per Barrel)",39.85,$/BBL
2020-06-26,YCUOK,NA,EPCWTI,WTI Crude Oil,PF4,Spot Price FOB,RWTC,"Cushing, OK WTI Spot Price FOB (Dollars per Barrel)",39.22,$/BBL
2020-06-19,YCUOK,NA,EPCWTI,WTI Crude Oil,PF4,Spot Price FOB,RWTC,"Cushing, OK WTI Spot Price FOB (Dollars per Barrel)",38.35,$/BBL
2020-06-12,YCUOK,NA,EPCWTI,WTI Crude Oil,PF4,Spot Price FOB,RWTC,"Cushing, OK WTI Spot Price FOB (Dollars per Barrel)",37.87,$/BBL
2020-06-05,YCUOK,NA,EPCWTI,WTI Crude Oil,PF4,Spot Price FOB,RWTC,"Cushing, OK WTI Spot Price FOB (Dollars per Barrel)",37.32,$/BBL
2020-05-29,YCUOK,NA,EPCWTI,WTI Crude Oil,PF4,Spot Price FOB,RWTC,"Cushing, OK WTI Spot Price FOB (Dollars per Barrel)",34.19,$/BBL
2020-05-22,YCUOK,NA,EPCWTI,WTI Crude Oil,PF4,Spot Price FOB,RWTC,"Cushing, OK WTI Spot Price FOB (Dollars per Barrel)",33.1,$/BBL
2020-05-15,YCUOK,NA,EPCWTI,WTI Crude Oil,PF4,Spot Price FOB,RWTC,"Cushing, OK WTI Spot Price FOB (Dollars per Barrel)",26.4,$/BBL
2020-05-08,YCUOK,NA,EPCWTI,WTI Crude Oil,PF4,Spot Price FOB,RWTC,"Cushing, OK WTI Spot Price FOB (Dollars per Barrel)",23.46,$/BBL
2020-05-01,YCUOK,NA,EPCWTI,WTI Crude Oil,PF4,Spot Price FOB,RWTC,"Cushing, OK WTI Spot Price FOB (Dollars per Barrel)",15.71,$/BBL
2020-04-24,YCUOK,NA,EPCWTI,WTI Crude Oil,PF4,Spot Price FOB,RWTC,"Cushing, OK WTI Spot Price FOB (Dollars per Barrel)",3.32,$/BBL
2020-04-17,YCUOK,NA,EPCWTI,WTI Crude Oil,PF4,Spot Price FOB,RWTC,"Cushing, OK WTI Spot Price FOB (Dollars per Barrel)",20.12,$/BBL
2020-04-10,YCUOK,NA,EPCWTI,WTI Crude Oil,PF4,Spot Price FOB,RWTC,"Cushing, OK WTI Spot Price FOB (Dollars per Barrel)",24.41,$/BBL
2020-04-03,YCUOK,NA,EPCWTI,WTI Crude Oil,PF4,Spot Price FOB,RWTC,"Cushing, OK WTI Spot Price FOB (Dollars per Barrel)",21.69,$/BBL
2020-03-27,YCUOK,NA,EPCWTI,WTI Crude Oil,PF4,Spot Price FOB,RWTC,"Cushing, OK WTI Spot Price FOB (Dollars per Barrel)",19.44,$/BBL
2020-03-20,YCUOK,NA,EPCWTI,WTI Crude Oil,PF4,Spot Price FOB,RWTC,"Cushing, OK WTI Spot Price FOB (Dollars per Barrel)",24.19,$/BBL
2020-03-13,YCUOK,NA,EPCWTI,WTI Crude Oil,PF4,Spot Price FOB,RWTC,"Cushing, OK WTI Spot Price FOB (Dollars per Barrel)",32.39,$/BBL
2020-03-06,YCUOK,NA,EPCWTI,WTI Crude Oil,PF4,Spot Price FOB,RWTC,"Cushing, OK WTI Spot Price FOB (Dollars per Barrel)",45.57,$/BBL
2020-02-28,YCUOK,NA,EPCWTI,WTI Crude Oil,PF4,Spot Price FOB,RWTC,"Cushing, OK WTI Spot Price FOB (Dollars per Barrel)",48.36,$/BBL
2020-02-21,YCUOK,NA,EPCWTI,WTI Crude Oil,PF4,Spot Price FOB,RWTC,"Cushing, OK WTI Spot Price FOB (Dollars per Barrel)",53.14,$/BBL
2020-02-14,YCUOK,NA,EPCWTI,WTI Crude Oil,PF4,Spot Price FOB,RWTC,"Cushing, OK WTI Spot Price FOB (Dollars per Barrel)",50.83,$/BBL
2020-02-07,YCUOK,NA,EPCWTI,WTI Crude Oil,PF4,Spot Price FOB,RWTC,"Cushing, OK WTI Spot Price FOB (Dollars per Barrel)",50.36,$/BBL
2020-01-31,YCUOK,NA,EPCWTI,WTI Crude Oil,PF4,Spot Price FOB,RWTC,"Cushing, OK WTI Spot Price FOB (Dollars per Barrel)",52.69,$/BBL
2020-01-24,YCUOK,NA,EPCWTI,WTI Crude Oil,PF4,Spot Price FOB,RWTC,"Cushing, OK WTI Spot Price FOB (Dollars per Barrel)",56.15,$/BBL
2020-01-17,YCUOK,NA,EPCWTI,WTI Crude Oil,PF4,Spot Price FOB,RWTC,"Cushing, OK WTI Spot Price FOB (Dollars per Barrel)",58.29,$/BBL
2020-01-10,YCUOK,NA,EPCWTI,WTI Crude Oil,PF4,Spot Price FOB,RWTC,"Cushing, OK WTI Spot Price FOB (Dollars per Barrel)",60.84,$/BBL
2020-01-03,YCUOK,NA,EPCWTI,WTI Crude Oil,PF4,Spot Price FOB,RWTC,"Cushing, OK WTI Spot Price FOB (Dollars per Barrel)",61.74,$/BBL
2019-12-27,YCUOK,NA,EPCWTI,WTI Crude Oil,PF4,Spot Price FOB,RWTC,"Cushing, OK WTI Spot Price FOB (Dollars per Barrel)",61.29,$/BBL
2019-12-20,YCUOK,NA,EPCWTI,WTI Crude Oil,PF4,Spot Price FOB,RWTC,"Cushing, OK WTI Spot Price FOB (Dollars per Barrel)",60.75,$/BBL
2019-12-13,YCUOK,NA,EPCWTI,WTI Crude Oil,PF4,Spot Price FOB,RWTC,"Cushing, OK WTI Spot Price FOB (Dollars per Barrel)",59.25,$/BBL
2019-12-06,YCUOK,NA,EPCWTI,WTI Crude Oil,PF4,Spot Price FOB,RWTC,"Cushing, OK WTI Spot Price FOB (Dollars per Barrel)",57.64,$/BBL
2019-11-29,YCUOK,NA,EPCWTI,WTI Crude Oil,PF4,Spot Price FOB,RWTC,"Cushing, OK WTI Spot Price FOB (Dollars per Barrel)",58.07,$/BBL
2019-11-22,YCUOK,NA,EPCWTI,WTI Crude Oil,PF4,Spot Price FOB,RWTC,"Cushing, OK WTI Spot Price FOB (Dollars per Barrel)",56.9,$/BBL
2019-11-15,YCUOK,NA,EPCWTI,WTI Crude Oil,PF4,Spot Price FOB,RWTC,"Cushing, OK WTI Spot Price FOB (Dollars per Barrel)",56.85,$/BBL
2019-11-08,YCUOK,NA,EPCWTI,WTI Crude Oil,PF4,Spot Price FOB,RWTC,"Cushing, OK WTI Spot Price FOB (Dollars per Barrel)",56.69,$/BBL
2019-11-01,YCUOK,NA,EPCWTI,WTI Crude Oil,PF4,Spot Price FOB,RWTC,"Cushing, OK WTI Spot Price FOB (Dollars per Barrel)",55.17,$/BBL
2019-10-25,YCUOK,NA,EPCWTI,WTI Crude Oil,PF4,Spot Price FOB,RWTC,"Cushing, OK WTI Spot Price FOB (Dollars per Barrel)",55.2,$/BBL
2019-10-18,YCUOK,NA,EPCWTI,WTI Crude Oil,PF4,Spot Price FOB,RWTC,"Cushing, OK WTI Spot Price FOB (Dollars per Barrel)",53.49,$/BBL
2019-10-11,YCUOK,NA,EPCWTI,WTI Crude Oil,PF4,Spot Price FOB,RWTC,"Cushing, OK WTI Spot Price FOB (Dollars per Barrel)",53.27,$/BBL
2019-10-04,YCUOK,NA,EPCWTI,WTI Crude Oil,PF4,Spot Price FOB,RWTC,"Cushing, OK WTI Spot Price FOB (Dollars per Barrel)",53.12,$/BBL
2019-09-27,YCUOK,NA,EPCWTI,WTI Crude Oil,PF4,Spot Price FOB,RWTC,"Cushing, OK WTI Spot Price FOB (Dollars per Barrel)",56.9,$/BBL
2019-09-20,YCUOK,NA,EPCWTI,WTI Crude Oil,PF4,Spot Price FOB,RWTC,"Cushing, OK WTI Spot Price FOB (Dollars per Barrel)",59.33,$/BBL
2019-09-13,YCUOK,NA,EPCWTI,WTI Crude Oil,PF4,Spot Price FOB,RWTC,"Cushing, OK WTI Spot Price FOB (Dollars per Barrel)",56.16,$/BBL
2019-09-06,YCUOK,NA,EPCWTI,WTI Crude Oil,PF4,Spot Price FOB,RWTC,"Cushing, OK WTI Spot Price FOB (Dollars per Barrel)",55.73,$/BBL
2019-08-30,YCUOK,NA,EPCWTI,WTI Crude Oil,PF4,Spot Price FOB,RWTC,"Cushing, OK WTI Spot Price FOB (Dollars per Barrel)",55.21,$/BBL
2019-08-23,YCUOK,NA,EPCWTI,WTI Crude Oil,PF4,Spot Price FOB,RWTC,"Cushing, OK WTI Spot Price FOB (Dollars per Barrel)",55.5,$/BBL
2019-08-16,YCUOK,NA,EPCWTI,WTI Crude Oil,PF4,Spot Price FOB,RWTC,"Cushing, OK WTI Spot Price FOB (Dollars per Barrel)",55.31,$/BBL
2019-08-09,YCUOK,NA,EPCWTI,WTI Crude Oil,PF4,Spot Price FOB,RWTC,"Cushing, OK WTI Spot Price FOB (Dollars per Barrel)",53.28,$/BBL
2019-08-02,YCUOK,NA,EPCWTI,WTI Crude Oil,PF4,Spot Price FOB,RWTC,"Cushing, OK WTI Spot Price FOB (Dollars per Barrel)",56.55,$/BBL
2019-07-26,YCUOK,NA,EPCWTI,WTI Crude Oil,PF4,Spot Price FOB,RWTC,"Cushing, OK WTI Spot Price FOB (Dollars per Barrel)",56.05,$/BBL
2019-07-19,YCUOK,NA,EPCWTI,WTI Crude Oil,PF4,Spot Price FOB,RWTC,"Cushing, OK WTI Spot Price FOB (Dollars per Barrel)",56.74,$/BBL
2019-07-12,YCUOK,NA,EPCWTI,WTI Crude Oil,PF4,Spot Price FOB,RWTC,"Cushing, OK WTI Spot Price FOB (Dollars per Barrel)",59.02,$/BBL
2019-07-05,YCUOK,NA,EPCWTI,WTI Crude Oil,PF4,Spot Price FOB,RWTC,"Cushing, OK WTI Spot Price FOB (Dollars per Barrel)",57.32,$/BBL
2019-06-28,YCUOK,NA,EPCWTI,WTI Crude Oil,PF4,Spot Price FOB,RWTC,"Cushing, OK WTI Spot Price FOB (Dollars per Barrel)",58.38,$/BBL
2019-06-21,YCUOK,NA,EPCWTI,WTI Crude Oil,PF4,Spot Price FOB,RWTC,"Cushing, OK WTI Spot Price FOB (Dollars per Barrel)",54.75,$/BBL
2019-06-14,YCUOK,NA,EPCWTI,WTI Crude Oil,PF4,Spot Price FOB,RWTC,"Cushing, OK WTI Spot Price FOB (Dollars per Barrel)",52.52,$/BBL
2019-06-07,YCUOK,NA,EPCWTI,WTI Crude Oil,PF4,Spot Price FOB,RWTC,"Cushing, OK WTI Spot Price FOB (Dollars per Barrel)",52.97,$/BBL
2019-05-31,YCUOK,NA,EPCWTI,WTI Crude Oil,PF4,Spot Price FOB,RWTC,"Cushing, OK WTI Spot Price FOB (Dollars per Barrel)",56.93,$/BBL
2019-05-24,YCUOK,NA,EPCWTI,WTI Crude Oil,PF4,Spot Price FOB,RWTC,"Cushing, OK WTI Spot Price FOB (Dollars per Barrel)",60.72,$/BBL
2019-05-17,YCUOK,NA,EPCWTI,WTI Crude Oil,PF4,Spot Price FOB,RWTC,"Cushing, OK WTI Spot Price FOB (Dollars per Barrel)",62.1,$/BBL
2019-05-10,YCUOK,NA,EPCWTI,WTI Crude Oil,PF4,Spot Price FOB,RWTC,"Cushing, OK WTI Spot Price FOB (Dollars per Barrel)",61.81,$/BBL
2019-05-03,YCUOK,NA,EPCWTI,WTI Crude Oil,PF4,Spot Price FOB,RWTC,"Cushing, OK WTI Spot Price FOB (Dollars per Barrel)",62.9,$/BBL
2019-04-26,YCUOK,NA,EPCWTI,WTI Crude Oil,PF4,Spot Price FOB,RWTC,"Cushing, OK WTI Spot Price FOB (Dollars per Barrel)",65.28,$/BBL
2019-04-19,YCUOK,NA,EPCWTI,WTI Crude Oil,PF4,Spot Price FOB,RWTC,"Cushing, OK WTI Spot Price FOB (Dollars per Barrel)",63.8,$/BBL
2019-04-12,YCUOK,NA,EPCWTI,WTI Crude Oil,PF4,Spot Price FOB,RWTC,"Cushing, OK WTI Spot Price FOB (Dollars per Barrel)",64.1,$/BBL
2019-04-05,YCUOK,NA,EPCWTI,WTI Crude Oil,PF4,Spot Price FOB,RWTC,"Cushing, OK WTI Spot Price FOB (Dollars per Barrel)",62.36,$/BBL
2019-03-29,YCUOK,NA,EPCWTI,WTI Crude Oil,PF4,Spot Price FOB,RWTC,"Cushing, OK WTI Spot Price FOB (Dollars per Barrel)",59.49,$/BBL
2019-03-22,YCUOK,NA,EPCWTI,WTI Crude Oil,PF4,Spot Price FOB,RWTC,"Cushing, OK WTI Spot Price FOB (Dollars per Barrel)",59.44,$/BBL
2019-03-15,YCUOK,NA,EPCWTI,WTI Crude Oil,PF4,Spot Price FOB,RWTC,"Cushing, OK WTI Spot Price FOB (Dollars per Barrel)",57.81,$/BBL
2019-03-08,YCUOK,NA,EPCWTI,WTI Crude Oil,PF4,Spot Price FOB,RWTC,"Cushing, OK WTI Spot Price FOB (Dollars per Barrel)",56.35,$/BBL
2019-03-01,YCUOK,NA,EPCWTI,WTI Crude Oil,PF4,Spot Price FOB,RWTC,"Cushing, OK WTI Spot Price FOB (Dollars per Barrel)",56.12,$/BBL
2019-02-22,YCUOK,NA,EPCWTI,WTI Crude Oil,PF4,Spot Price FOB,RWTC,"Cushing, OK WTI Spot Price FOB (Dollars per Barrel)",56.74,$/BBL
2019-02-15,YCUOK,NA,EPCWTI,WTI Crude Oil,PF4,Spot Price FOB,RWTC,"Cushing, OK WTI Spot Price FOB (Dollars per Barrel)",53.88,$/BBL
2019-02-08,YCUOK,NA,EPCWTI,WTI Crude Oil,PF4,Spot Price FOB,RWTC,"Cushing, OK WTI Spot Price FOB (Dollars per Barrel)",53.53,$/BBL
2019-02-01,YCUOK,NA,EPCWTI,WTI Crude Oil,PF4,Spot Price FOB,RWTC,"Cushing, OK WTI Spot Price FOB (Dollars per Barrel)",53.63,$/BBL
2019-01-25,YCUOK,NA,EPCWTI,WTI Crude Oil,PF4,Spot Price FOB,RWTC,"Cushing, OK WTI Spot Price FOB (Dollars per Barrel)",52.88,$/BBL
2019-01-18,YCUOK,NA,EPCWTI,WTI Crude Oil,PF4,Spot Price FOB,RWTC,"Cushing, OK WTI Spot Price FOB (Dollars per Barrel)",51.92,$/BBL
2019-01-11,YCUOK,NA,EPCWTI,WTI Crude Oil,PF4,Spot Price FOB,RWTC,"Cushing, OK WTI Spot Price FOB (Dollars per Barrel)",50.78,$/BBL
2019-01-04,YCUOK,NA,EPCWTI,WTI Crude Oil,PF4,Spot Price FOB,RWTC,"Cushing, OK WTI Spot Price FOB (Dollars per Barrel)",47,$/BBL
2018-12-28,YCUOK,NA,EPCWTI,WTI Crude Oil,PF4,Spot Price FOB,RWTC,"Cushing, OK WTI Spot Price FOB (Dollars per Barrel)",45.22,$/BBL
2018-12-21,YCUOK,NA,EPCWTI,WTI Crude Oil,PF4,Spot Price FOB,RWTC,"Cushing, OK WTI Spot Price FOB (Dollars per Barrel)",46.98,$/BBL
2018-12-14,YCUOK,NA,EPCWTI,WTI Crude Oil,PF4,Spot Price FOB,RWTC,"Cushing, OK WTI Spot Price FOB (Dollars per Barrel)",51.54,$/BBL
2018-12-07,YCUOK,NA,EPCWTI,WTI Crude Oil,PF4,Spot Price FOB,RWTC,"Cushing, OK WTI Spot Price FOB (Dollars per Barrel)",52.63,$/BBL
2018-11-30,YCUOK,NA,EPCWTI,WTI Crude Oil,PF4,Spot Price FOB,RWTC,"Cushing, OK WTI Spot Price FOB (Dollars per Barrel)",51.01,$/BBL
2018-11-23,YCUOK,NA,EPCWTI,WTI Crude Oil,PF4,Spot Price FOB,RWTC,"Cushing, OK WTI Spot Price FOB (Dollars per Barrel)",54.99,$/BBL
2018-11-16,YCUOK,NA,EPCWTI,WTI Crude Oil,PF4,Spot Price FOB,RWTC,"Cushing, OK WTI Spot Price FOB (Dollars per Barrel)",56.92,$/BBL
2018-11-09,YCUOK,NA,EPCWTI,WTI Crude Oil,PF4,Spot Price FOB,RWTC,"Cushing, OK WTI Spot Price FOB (Dollars per Barrel)",61.57,$/BBL
2018-11-02,YCUOK,NA,EPCWTI,WTI Crude Oil,PF4,Spot Price FOB,RWTC,"Cushing, OK WTI Spot Price FOB (Dollars per Barrel)",65.06,$/BBL
2018-10-26,YCUOK,NA,EPCWTI,WTI Crude Oil,PF4,Spot Price FOB,RWTC,"Cushing, OK WTI Spot Price FOB (Dollars per Barrel)",67.43,$/BBL
2018-10-19,YCUOK,NA,EPCWTI,WTI Crude Oil,PF4,Spot Price FOB,RWTC,"Cushing, OK WTI Spot Price FOB (Dollars per Barrel)",70.24,$/BBL
2018-10-12,YCUOK,NA,EPCWTI,WTI Crude Oil,PF4,Spot Price FOB,RWTC,"Cushing, OK WTI Spot Price FOB (Dollars per Barrel)",72.96,$/BBL
2018-10-05,YCUOK,NA,EPCWTI,WTI Crude Oil,PF4,Spot Price FOB,RWTC,"Cushing, OK WTI Spot Price FOB (Dollars per Barrel)",75.13,$/BBL
2018-09-28,YCUOK,NA,EPCWTI,WTI Crude Oil,PF4,Spot Price FOB,RWTC,"Cushing, OK WTI Spot Price FOB (Dollars per Barrel)",72.84,$/BBL
2018-09-21,YCUOK,NA,EPCWTI,WTI Crude Oil,PF4,Spot Price FOB,RWTC,"Cushing, OK WTI Spot Price FOB (Dollars per Barrel)",70.28,$/BBL
2018-09-14,YCUOK,NA,EPCWTI,WTI Crude Oil,PF4,Spot Price FOB,RWTC,"Cushing, OK WTI Spot Price FOB (Dollars per Barrel)",68.96,$/BBL
2018-09-07,YCUOK,NA,EPCWTI,WTI Crude Oil,PF4,Spot Price FOB,RWTC,"Cushing, OK WTI Spot Price FOB (Dollars per Barrel)",68.51,$/BBL
2018-08-31,YCUOK,NA,EPCWTI,WTI Crude Oil,PF4,Spot Price FOB,RWTC,"Cushing, OK WTI Spot Price FOB (Dollars per Barrel)",69.66,$/BBL
2018-08-24,YCUOK,NA,EPCWTI,WTI Crude Oil,PF4,Spot Price FOB,RWTC,"Cushing, OK WTI Spot Price FOB (Dollars per Barrel)",68.1,$/BBL
2018-08-17,YCUOK,NA,EPCWTI,WTI Crude Oil,PF4,Spot Price FOB,RWTC,"Cushing, OK WTI Spot Price FOB (Dollars per Barrel)",66.15,$/BBL
2018-08-10,YCUOK,NA,EPCWTI,WTI Crude Oil,PF4,Spot Price FOB,RWTC,"Cushing, OK WTI Spot Price FOB (Dollars per Barrel)",67.9,$/BBL
2018-08-03,YCUOK,NA,EPCWTI,WTI Crude Oil,PF4,Spot Price FOB,RWTC,"Cushing, OK WTI Spot Price FOB (Dollars per Barrel)",69.46,$/BBL
2018-07-27,YCUOK,NA,EPCWTI,WTI Crude Oil,PF4,Spot Price FOB,RWTC,"Cushing, OK WTI Spot Price FOB (Dollars per Barrel)",70.01,$/BBL
2018-07-20,YCUOK,NA,EPCWTI,WTI Crude Oil,PF4,Spot Price FOB,RWTC,"Cushing, OK WTI Spot Price FOB (Dollars per Barrel)",68.95,$/BBL
2018-07-13,YCUOK,NA,EPCWTI,WTI Crude Oil,PF4,Spot Price FOB,RWTC,"Cushing, OK WTI Spot Price FOB (Dollars per Barrel)",71.96,$/BBL
2018-07-06,YCUOK,NA,EPCWTI,WTI Crude Oil,PF4,Spot Price FOB,RWTC,"Cushing, OK WTI Spot Price FOB (Dollars per Barrel)",73.73,$/BBL
2018-06-29,YCUOK,NA,EPCWTI,WTI Crude Oil,PF4,Spot Price FOB,RWTC,"Cushing, OK WTI Spot Price FOB (Dollars per Barrel)",74.03,$/BBL
2018-06-22,YCUOK,NA,EPCWTI,WTI Crude Oil,PF4,Spot Price FOB,RWTC,"Cushing, OK WTI Spot Price FOB (Dollars per Barrel)",66.32,$/BBL
2018-06-15,YCUOK,NA,EPCWTI,WTI Crude Oil,PF4,Spot Price FOB,RWTC,"Cushing, OK WTI Spot Price FOB (Dollars per Barrel)",66.21,$/BBL
2018-06-08,YCUOK,NA,EPCWTI,WTI Crude Oil,PF4,Spot Price FOB,RWTC,"Cushing, OK WTI Spot Price FOB (Dollars per Barrel)",65.35,$/BBL
2018-06-01,YCUOK,NA,EPCWTI,WTI Crude Oil,PF4,Spot Price FOB,RWTC,"Cushing, OK WTI Spot Price FOB (Dollars per Barrel)",66.96,$/BBL
2018-05-25,YCUOK,NA,EPCWTI,WTI Crude Oil,PF4,Spot Price FOB,RWTC,"Cushing, OK WTI Spot Price FOB (Dollars per Barrel)",70.98,$/BBL
2018-05-18,YCUOK,NA,EPCWTI,WTI Crude Oil,PF4,Spot Price FOB,RWTC,"Cushing, OK WTI Spot Price FOB (Dollars per Barrel)",71.3,$/BBL
2018-05-11,YCUOK,NA,EPCWTI,WTI Crude Oil,PF4,Spot Price FOB,RWTC,"Cushing, OK WTI Spot Price FOB (Dollars per Barrel)",70.56,$/BBL
2018-05-04,YCUOK,NA,EPCWTI,WTI Crude Oil,PF4,Spot Price FOB,RWTC,"Cushing, OK WTI Spot Price FOB (Dollars per Barrel)",68.38,$/BBL
2018-04-27,YCUOK,NA,EPCWTI,WTI Crude Oil,PF4,Spot Price FOB,RWTC,"Cushing, OK WTI Spot Price FOB (Dollars per Barrel)",67.91,$/BBL
2018-04-20,YCUOK,NA,EPCWTI,WTI Crude Oil,PF4,Spot Price FOB,RWTC,"Cushing, OK WTI Spot Price FOB (Dollars per Barrel)",67.55,$/BBL
2018-04-13,YCUOK,NA,EPCWTI,WTI Crude Oil,PF4,Spot Price FOB,RWTC,"Cushing, OK WTI Spot Price FOB (Dollars per Barrel)",66.02,$/BBL
2018-04-06,YCUOK,NA,EPCWTI,WTI Crude Oil,PF4,Spot Price FOB,RWTC,"Cushing, OK WTI Spot Price FOB (Dollars per Barrel)",63.07,$/BBL
2018-03-30,YCUOK,NA,EPCWTI,WTI Crude Oil,PF4,Spot Price FOB,RWTC,"Cushing, OK WTI Spot Price FOB (Dollars per Barrel)",64.97,$/BBL
2018-03-23,YCUOK,NA,EPCWTI,WTI Crude Oil,PF4,Spot Price FOB,RWTC,"Cushing, OK WTI Spot Price FOB (Dollars per Barrel)",64.11,$/BBL
2018-03-16,YCUOK,NA,EPCWTI,WTI Crude Oil,PF4,Spot Price FOB,RWTC,"Cushing, OK WTI Spot Price FOB (Dollars per Barrel)",61.28,$/BBL
2018-03-09,YCUOK,NA,EPCWTI,WTI Crude Oil,PF4,Spot Price FOB,RWTC,"Cushing, OK WTI Spot Price FOB (Dollars per Barrel)",61.65,$/BBL
2018-03-02,YCUOK,NA,EPCWTI,WTI Crude Oil,PF4,Spot Price FOB,RWTC,"Cushing, OK WTI Spot Price FOB (Dollars per Barrel)",62.07,$/BBL
2018-02-23,YCUOK,NA,EPCWTI,WTI Crude Oil,PF4,Spot Price FOB,RWTC,"Cushing, OK WTI Spot Price FOB (Dollars per Barrel)",62.47,$/BBL
2018-02-16,YCUOK,NA,EPCWTI,WTI Crude Oil,PF4,Spot Price FOB,RWTC,"Cushing, OK WTI Spot Price FOB (Dollars per Barrel)",60.56,$/BBL
2018-02-09,YCUOK,NA,EPCWTI,WTI Crude Oil,PF4,Spot Price FOB,RWTC,"Cushing, OK WTI Spot Price FOB (Dollars per Barrel)",62.01,$/BBL
2018-02-02,YCUOK,NA,EPCWTI,WTI Crude Oil,PF4,Spot Price FOB,RWTC,"Cushing, OK WTI Spot Price FOB (Dollars per Barrel)",65.32,$/BBL
2018-01-26,YCUOK,NA,EPCWTI,WTI Crude Oil,PF4,Spot Price FOB,RWTC,"Cushing, OK WTI Spot Price FOB (Dollars per Barrel)",65.14,$/BBL
2018-01-19,YCUOK,NA,EPCWTI,WTI Crude Oil,PF4,Spot Price FOB,RWTC,"Cushing, OK WTI Spot Price FOB (Dollars per Barrel)",63.77,$/BBL
2018-01-12,YCUOK,NA,EPCWTI,WTI Crude Oil,PF4,Spot Price FOB,RWTC,"Cushing, OK WTI Spot Price FOB (Dollars per Barrel)",63.26,$/BBL
2018-01-05,YCUOK,NA,EPCWTI,WTI Crude Oil,PF4,Spot Price FOB,RWTC,"Cushing, OK WTI Spot Price FOB (Dollars per Barrel)",61.36,$/BBL
2017-12-29,YCUOK,NA,EPCWTI,WTI Crude Oil,PF4,Spot Price FOB,RWTC,"Cushing, OK WTI Spot Price FOB (Dollars per Barrel)",59.88,$/BBL
2017-12-22,YCUOK,NA,EPCWTI,WTI Crude Oil,PF4,Spot Price FOB,RWTC,"Cushing, OK WTI Spot Price FOB (Dollars per Barrel)",57.87,$/BBL
2017-12-15,YCUOK,NA,EPCWTI,WTI Crude Oil,PF4,Spot Price FOB,RWTC,"Cushing, OK WTI Spot Price FOB (Dollars per Barrel)",57.17,$/BBL
2017-12-08,YCUOK,NA,EPCWTI,WTI Crude Oil,PF4,Spot Price FOB,RWTC,"Cushing, OK WTI Spot Price FOB (Dollars per Barrel)",56.92,$/BBL
2017-12-01,YCUOK,NA,EPCWTI,WTI Crude Oil,PF4,Spot Price FOB,RWTC,"Cushing, OK WTI Spot Price FOB (Dollars per Barrel)",57.81,$/BBL
2017-11-24,YCUOK,NA,EPCWTI,WTI Crude Oil,PF4,Spot Price FOB,RWTC,"Cushing, OK WTI Spot Price FOB (Dollars per Barrel)",57.47,$/BBL
2017-11-17,YCUOK,NA,EPCWTI,WTI Crude Oil,PF4,Spot Price FOB,RWTC,"Cushing, OK WTI Spot Price FOB (Dollars per Barrel)",55.81,$/BBL
2017-11-10,YCUOK,NA,EPCWTI,WTI Crude Oil,PF4,Spot Price FOB,RWTC,"Cushing, OK WTI Spot Price FOB (Dollars per Barrel)",57.05,$/BBL
2017-11-03,YCUOK,NA,EPCWTI,WTI Crude Oil,PF4,Spot Price FOB,RWTC,"Cushing, OK WTI Spot Price FOB (Dollars per Barrel)",54.59,$/BBL
2017-10-27,YCUOK,NA,EPCWTI,WTI Crude Oil,PF4,Spot Price FOB,RWTC,"Cushing, OK WTI Spot Price FOB (Dollars per Barrel)",52.51,$/BBL
2017-10-20,YCUOK,NA,EPCWTI,WTI Crude Oil,PF4,Spot Price FOB,RWTC,"Cushing, OK WTI Spot Price FOB (Dollars per Barrel)",51.74,$/BBL
2017-10-13,YCUOK,NA,EPCWTI,WTI Crude Oil,PF4,Spot Price FOB,RWTC,"Cushing, OK WTI Spot Price FOB (Dollars per Barrel)",50.77,$/BBL
2017-10-06,YCUOK,NA,EPCWTI,WTI Crude Oil,PF4,Spot Price FOB,RWTC,"Cushing, OK WTI Spot Price FOB (Dollars per Barrel)",50.23,$/BBL
2017-09-29,YCUOK,NA,EPCWTI,WTI Crude Oil,PF4,Spot Price FOB,RWTC,"Cushing, OK WTI Spot Price FOB (Dollars per Barrel)",51.77,$/BBL
2017-09-22,YCUOK,NA,EPCWTI,WTI Crude Oil,PF4,Spot Price FOB,RWTC,"Cushing, OK WTI Spot Price FOB (Dollars per Barrel)",50.12,$/BBL
2017-09-15,YCUOK,NA,EPCWTI,WTI Crude Oil,PF4,Spot Price FOB,RWTC,"Cushing, OK WTI Spot Price FOB (Dollars per Barrel)",49.07,$/BBL
2017-09-08,YCUOK,NA,EPCWTI,WTI Crude Oil,PF4,Spot Price FOB,RWTC,"Cushing, OK WTI Spot Price FOB (Dollars per Barrel)",48.58,$/BBL
2017-09-01,YCUOK,NA,EPCWTI,WTI Crude Oil,PF4,Spot Price FOB,RWTC,"Cushing, OK WTI Spot Price FOB (Dollars per Barrel)",46.68,$/BBL
2017-08-25,YCUOK,NA,EPCWTI,WTI Crude Oil,PF4,Spot Price FOB,RWTC,"Cushing, OK WTI Spot Price FOB (Dollars per Barrel)",47.68,$/BBL
2017-08-18,YCUOK,NA,EPCWTI,WTI Crude Oil,PF4,Spot Price FOB,RWTC,"Cushing, OK WTI Spot Price FOB (Dollars per Barrel)",47.52,$/BBL
2017-08-11,YCUOK,NA,EPCWTI,WTI Crude Oil,PF4,Spot Price FOB,RWTC,"Cushing, OK WTI Spot Price FOB (Dollars per Barrel)",49.08,$/BBL
2017-08-04,YCUOK,NA,EPCWTI,WTI Crude Oil,PF4,Spot Price FOB,RWTC,"Cushing, OK WTI Spot Price FOB (Dollars per Barrel)",49.52,$/BBL
2017-07-28,YCUOK,NA,EPCWTI,WTI Crude Oil,PF4,Spot Price FOB,RWTC,"Cushing, OK WTI Spot Price FOB (Dollars per Barrel)",48.27,$/BBL
2017-07-21,YCUOK,NA,EPCWTI,WTI Crude Oil,PF4,Spot Price FOB,RWTC,"Cushing, OK WTI Spot Price FOB (Dollars per Barrel)",46.41,$/BBL
2017-07-14,YCUOK,NA,EPCWTI,WTI Crude Oil,PF4,Spot Price FOB,RWTC,"Cushing, OK WTI Spot Price FOB (Dollars per Barrel)",45.51,$/BBL
2017-07-07,YCUOK,NA,EPCWTI,WTI Crude Oil,PF4,Spot Price FOB,RWTC,"Cushing, OK WTI Spot Price FOB (Dollars per Barrel)",44.96,$/BBL
2017-06-30,YCUOK,NA,EPCWTI,WTI Crude Oil,PF4,Spot Price FOB,RWTC,"Cushing, OK WTI Spot Price FOB (Dollars per Barrel)",44.63,$/BBL
2017-06-23,YCUOK,NA,EPCWTI,WTI Crude Oil,PF4,Spot Price FOB,RWTC,"Cushing, OK WTI Spot Price FOB (Dollars per Barrel)",43.09,$/BBL
2017-06-16,YCUOK,NA,EPCWTI,WTI Crude Oil,PF4,Spot Price FOB,RWTC,"Cushing, OK WTI Spot Price FOB (Dollars per Barrel)",45.3,$/BBL
2017-06-09,YCUOK,NA,EPCWTI,WTI Crude Oil,PF4,Spot Price FOB,RWTC,"Cushing, OK WTI Spot Price FOB (Dollars per Barrel)",46.57,$/BBL
2017-06-02,YCUOK,NA,EPCWTI,WTI Crude Oil,PF4,Spot Price FOB,RWTC,"Cushing, OK WTI Spot Price FOB (Dollars per Barrel)",48.48,$/BBL
2017-05-26,YCUOK,NA,EPCWTI,WTI Crude Oil,PF4,Spot Price FOB,RWTC,"Cushing, OK WTI Spot Price FOB (Dollars per Barrel)",50.21,$/BBL
2017-05-19,YCUOK,NA,EPCWTI,WTI Crude Oil,PF4,Spot Price FOB,RWTC,"Cushing, OK WTI Spot Price FOB (Dollars per Barrel)",49.24,$/BBL
2017-05-12,YCUOK,NA,EPCWTI,WTI Crude Oil,PF4,Spot Price FOB,RWTC,"Cushing, OK WTI Spot Price FOB (Dollars per Barrel)",47.04,$/BBL
2017-05-05,YCUOK,NA,EPCWTI,WTI Crude Oil,PF4,Spot Price FOB,RWTC,"Cushing, OK WTI Spot Price FOB (Dollars per Barrel)",47.21,$/BBL
2017-04-28,YCUOK,NA,EPCWTI,WTI Crude Oil,PF4,Spot Price FOB,RWTC,"Cushing, OK WTI Spot Price FOB (Dollars per Barrel)",49.12,$/BBL
2017-04-21,YCUOK,NA,EPCWTI,WTI Crude Oil,PF4,Spot Price FOB,RWTC,"Cushing, OK WTI Spot Price FOB (Dollars per Barrel)",51.09,$/BBL
2017-04-14,YCUOK,NA,EPCWTI,WTI Crude Oil,PF4,Spot Price FOB,RWTC,"Cushing, OK WTI Spot Price FOB (Dollars per Barrel)",53.19,$/BBL
2017-04-07,YCUOK,NA,EPCWTI,WTI Crude Oil,PF4,Spot Price FOB,RWTC,"Cushing, OK WTI Spot Price FOB (Dollars per Barrel)",51.26,$/BBL
2017-03-31,YCUOK,NA,EPCWTI,WTI Crude Oil,PF4,Spot Price FOB,RWTC,"Cushing, OK WTI Spot Price FOB (Dollars per Barrel)",49.14,$/BBL
2017-03-24,YCUOK,NA,EPCWTI,WTI Crude Oil,PF4,Spot Price FOB,RWTC,"Cushing, OK WTI Spot Price FOB (Dollars per Barrel)",47.28,$/BBL
2017-03-17,YCUOK,NA,EPCWTI,WTI Crude Oil,PF4,Spot Price FOB,RWTC,"Cushing, OK WTI Spot Price FOB (Dollars per Barrel)",48.03,$/BBL
2017-03-10,YCUOK,NA,EPCWTI,WTI Crude Oil,PF4,Spot Price FOB,RWTC,"Cushing, OK WTI Spot Price FOB (Dollars per Barrel)",50.5,$/BBL
2017-03-03,YCUOK,NA,EPCWTI,WTI Crude Oil,PF4,Spot Price FOB,RWTC,"Cushing, OK WTI Spot Price FOB (Dollars per Barrel)",53.56,$/BBL
2017-02-24,YCUOK,NA,EPCWTI,WTI Crude Oil,PF4,Spot Price FOB,RWTC,"Cushing, OK WTI Spot Price FOB (Dollars per Barrel)",54.03,$/BBL
2017-02-17,YCUOK,NA,EPCWTI,WTI Crude Oil,PF4,Spot Price FOB,RWTC,"Cushing, OK WTI Spot Price FOB (Dollars per Barrel)",53.22,$/BBL
2017-02-10,YCUOK,NA,EPCWTI,WTI Crude Oil,PF4,Spot Price FOB,RWTC,"Cushing, OK WTI Spot Price FOB (Dollars per Barrel)",52.88,$/BBL
2017-02-03,YCUOK,NA,EPCWTI,WTI Crude Oil,PF4,Spot Price FOB,RWTC,"Cushing, OK WTI Spot Price FOB (Dollars per Barrel)",53.33,$/BBL
2017-01-27,YCUOK,NA,EPCWTI,WTI Crude Oil,PF4,Spot Price FOB,RWTC,"Cushing, OK WTI Spot Price FOB (Dollars per Barrel)",52.74,$/BBL
2017-01-20,YCUOK,NA,EPCWTI,WTI Crude Oil,PF4,Spot Price FOB,RWTC,"Cushing, OK WTI Spot Price FOB (Dollars per Barrel)",51.82,$/BBL
2017-01-13,YCUOK,NA,EPCWTI,WTI Crude Oil,PF4,Spot Price FOB,RWTC,"Cushing, OK WTI Spot Price FOB (Dollars per Barrel)",52.07,$/BBL
2017-01-06,YCUOK,NA,EPCWTI,WTI Crude Oil,PF4,Spot Price FOB,RWTC,"Cushing, OK WTI Spot Price FOB (Dollars per Barrel)",53.34,$/BBL
2016-12-30,YCUOK,NA,EPCWTI,WTI Crude Oil,PF4,Spot Price FOB,RWTC,"Cushing, OK WTI Spot Price FOB (Dollars per Barrel)",53.6,$/BBL
2016-12-23,YCUOK,NA,EPCWTI,WTI Crude Oil,PF4,Spot Price FOB,RWTC,"Cushing, OK WTI Spot Price FOB (Dollars per Barrel)",51.95,$/BBL
2016-12-16,YCUOK,NA,EPCWTI,WTI Crude Oil,PF4,Spot Price FOB,RWTC,"Cushing, OK WTI Spot Price FOB (Dollars per Barrel)",51.91,$/BBL
2016-12-09,YCUOK,NA,EPCWTI,WTI Crude Oil,PF4,Spot Price FOB,RWTC,"Cushing, OK WTI Spot Price FOB (Dollars per Barrel)",50.97,$/BBL
2016-12-02,YCUOK,NA,EPCWTI,WTI Crude Oil,PF4,Spot Price FOB,RWTC,"Cushing, OK WTI Spot Price FOB (Dollars per Barrel)",48.63,$/BBL
2016-11-25,YCUOK,NA,EPCWTI,WTI Crude Oil,PF4,Spot Price FOB,RWTC,"Cushing, OK WTI Spot Price FOB (Dollars per Barrel)",47.25,$/BBL
2016-11-18,YCUOK,NA,EPCWTI,WTI Crude Oil,PF4,Spot Price FOB,RWTC,"Cushing, OK WTI Spot Price FOB (Dollars per Barrel)",45.15,$/BBL
2016-11-11,YCUOK,NA,EPCWTI,WTI Crude Oil,PF4,Spot Price FOB,RWTC,"Cushing, OK WTI Spot Price FOB (Dollars per Barrel)",44.61,$/BBL
2016-11-04,YCUOK,NA,EPCWTI,WTI Crude Oil,PF4,Spot Price FOB,RWTC,"Cushing, OK WTI Spot Price FOB (Dollars per Barrel)",45.51,$/BBL
2016-10-28,YCUOK,NA,EPCWTI,WTI Crude Oil,PF4,Spot Price FOB,RWTC,"Cushing, OK WTI Spot Price FOB (Dollars per Barrel)",49.36,$/BBL
2016-10-21,YCUOK,NA,EPCWTI,WTI Crude Oil,PF4,Spot Price FOB,RWTC,"Cushing, OK WTI Spot Price FOB (Dollars per Barrel)",50.56,$/BBL
2016-10-14,YCUOK,NA,EPCWTI,WTI Crude Oil,PF4,Spot Price FOB,RWTC,"Cushing, OK WTI Spot Price FOB (Dollars per Barrel)",50.29,$/BBL
2016-10-07,YCUOK,NA,EPCWTI,WTI Crude Oil,PF4,Spot Price FOB,RWTC,"Cushing, OK WTI Spot Price FOB (Dollars per Barrel)",49.48,$/BBL
2016-09-30,YCUOK,NA,EPCWTI,WTI Crude Oil,PF4,Spot Price FOB,RWTC,"Cushing, OK WTI Spot Price FOB (Dollars per Barrel)",46.55,$/BBL
2016-09-23,YCUOK,NA,EPCWTI,WTI Crude Oil,PF4,Spot Price FOB,RWTC,"Cushing, OK WTI Spot Price FOB (Dollars per Barrel)",44.59,$/BBL
2016-09-16,YCUOK,NA,EPCWTI,WTI Crude Oil,PF4,Spot Price FOB,RWTC,"Cushing, OK WTI Spot Price FOB (Dollars per Barrel)",44.34,$/BBL
2016-09-09,YCUOK,NA,EPCWTI,WTI Crude Oil,PF4,Spot Price FOB,RWTC,"Cushing, OK WTI Spot Price FOB (Dollars per Barrel)",45.96,$/BBL
2016-09-02,YCUOK,NA,EPCWTI,WTI Crude Oil,PF4,Spot Price FOB,RWTC,"Cushing, OK WTI Spot Price FOB (Dollars per Barrel)",45.11,$/BBL
2016-08-26,YCUOK,NA,EPCWTI,WTI Crude Oil,PF4,Spot Price FOB,RWTC,"Cushing, OK WTI Spot Price FOB (Dollars per Barrel)",47.05,$/BBL
2016-08-19,YCUOK,NA,EPCWTI,WTI Crude Oil,PF4,Spot Price FOB,RWTC,"Cushing, OK WTI Spot Price FOB (Dollars per Barrel)",47.16,$/BBL
2016-08-12,YCUOK,NA,EPCWTI,WTI Crude Oil,PF4,Spot Price FOB,RWTC,"Cushing, OK WTI Spot Price FOB (Dollars per Barrel)",43.11,$/BBL
2016-08-05,YCUOK,NA,EPCWTI,WTI Crude Oil,PF4,Spot Price FOB,RWTC,"Cushing, OK WTI Spot Price FOB (Dollars per Barrel)",40.82,$/BBL
2016-07-29,YCUOK,NA,EPCWTI,WTI Crude Oil,PF4,Spot Price FOB,RWTC,"Cushing, OK WTI Spot Price FOB (Dollars per Barrel)",41.83,$/BBL
2016-07-22,YCUOK,NA,EPCWTI,WTI Crude Oil,PF4,Spot Price FOB,RWTC,"Cushing, OK WTI Spot Price FOB (Dollars per Barrel)",44.44,$/BBL
2016-07-15,YCUOK,NA,EPCWTI,WTI Crude Oil,PF4,Spot Price FOB,RWTC,"Cushing, OK WTI Spot Price FOB (Dollars per Barrel)",45.6,$/BBL
2016-07-08,YCUOK,NA,EPCWTI,WTI Crude Oil,PF4,Spot Price FOB,RWTC,"Cushing, OK WTI Spot Price FOB (Dollars per Barrel)",46.17,$/BBL
2016-07-01,YCUOK,NA,EPCWTI,WTI Crude Oil,PF4,Spot Price FOB,RWTC,"Cushing, OK WTI Spot Price FOB (Dollars per Barrel)",48.17,$/BBL
2016-06-24,YCUOK,NA,EPCWTI,WTI Crude Oil,PF4,Spot Price FOB,RWTC,"Cushing, OK WTI Spot Price FOB (Dollars per Barrel)",48.71,$/BBL
2016-06-17,YCUOK,NA,EPCWTI,WTI Crude Oil,PF4,Spot Price FOB,RWTC,"Cushing, OK WTI Spot Price FOB (Dollars per Barrel)",47.89,$/BBL
2016-06-10,YCUOK,NA,EPCWTI,WTI Crude Oil,PF4,Spot Price FOB,RWTC,"Cushing, OK WTI Spot Price FOB (Dollars per Barrel)",50.18,$/BBL
2016-06-03,YCUOK,NA,EPCWTI,WTI Crude Oil,PF4,Spot Price FOB,RWTC,"Cushing, OK WTI Spot Price FOB (Dollars per Barrel)",49,$/BBL
2016-05-27,YCUOK,NA,EPCWTI,WTI Crude Oil,PF4,Spot Price FOB,RWTC,"Cushing, OK WTI Spot Price FOB (Dollars per Barrel)",48.72,$/BBL
2016-05-20,YCUOK,NA,EPCWTI,WTI Crude Oil,PF4,Spot Price FOB,RWTC,"Cushing, OK WTI Spot Price FOB (Dollars per Barrel)",47.99,$/BBL
2016-05-13,YCUOK,NA,EPCWTI,WTI Crude Oil,PF4,Spot Price FOB,RWTC,"Cushing, OK WTI Spot Price FOB (Dollars per Barrel)",45.44,$/BBL
2016-05-06,YCUOK,NA,EPCWTI,WTI Crude Oil,PF4,Spot Price FOB,RWTC,"Cushing, OK WTI Spot Price FOB (Dollars per Barrel)",44.22,$/BBL
2016-04-29,YCUOK,NA,EPCWTI,WTI Crude Oil,PF4,Spot Price FOB,RWTC,"Cushing, OK WTI Spot Price FOB (Dollars per Barrel)",44.3,$/BBL
2016-04-22,YCUOK,NA,EPCWTI,WTI Crude Oil,PF4,Spot Price FOB,RWTC,"Cushing, OK WTI Spot Price FOB (Dollars per Barrel)",41.86,$/BBL
2016-04-15,YCUOK,NA,EPCWTI,WTI Crude Oil,PF4,Spot Price FOB,RWTC,"Cushing, OK WTI Spot Price FOB (Dollars per Barrel)",41.23,$/BBL
2016-04-08,YCUOK,NA,EPCWTI,WTI Crude Oil,PF4,Spot Price FOB,RWTC,"Cushing, OK WTI Spot Price FOB (Dollars per Barrel)",36.72,$/BBL
2016-04-01,YCUOK,NA,EPCWTI,WTI Crude Oil,PF4,Spot Price FOB,RWTC,"Cushing, OK WTI Spot Price FOB (Dollars per Barrel)",36.82,$/BBL
2016-03-25,YCUOK,NA,EPCWTI,WTI Crude Oil,PF4,Spot Price FOB,RWTC,"Cushing, OK WTI Spot Price FOB (Dollars per Barrel)",39.45,$/BBL
2016-03-18,YCUOK,NA,EPCWTI,WTI Crude Oil,PF4,Spot Price FOB,RWTC,"Cushing, OK WTI Spot Price FOB (Dollars per Barrel)",38.32,$/BBL
2016-03-11,YCUOK,NA,EPCWTI,WTI Crude Oil,PF4,Spot Price FOB,RWTC,"Cushing, OK WTI Spot Price FOB (Dollars per Barrel)",37.69,$/BBL
2016-03-04,YCUOK,NA,EPCWTI,WTI Crude Oil,PF4,Spot Price FOB,RWTC,"Cushing, OK WTI Spot Price FOB (Dollars per Barrel)",34.43,$/BBL
2016-02-26,YCUOK,NA,EPCWTI,WTI Crude Oil,PF4,Spot Price FOB,RWTC,"Cushing, OK WTI Spot Price FOB (Dollars per Barrel)",31.32,$/BBL
2016-02-19,YCUOK,NA,EPCWTI,WTI Crude Oil,PF4,Spot Price FOB,RWTC,"Cushing, OK WTI Spot Price FOB (Dollars per Barrel)",30.02,$/BBL
2016-02-12,YCUOK,NA,EPCWTI,WTI Crude Oil,PF4,Spot Price FOB,RWTC,"Cushing, OK WTI Spot Price FOB (Dollars per Barrel)",28.14,$/BBL
2016-02-05,YCUOK,NA,EPCWTI,WTI Crude Oil,PF4,Spot Price FOB,RWTC,"Cushing, OK WTI Spot Price FOB (Dollars per Barrel)",31.26,$/BBL
2016-01-29,YCUOK,NA,EPCWTI,WTI Crude Oil,PF4,Spot Price FOB,RWTC,"Cushing, OK WTI Spot Price FOB (Dollars per Barrel)",31.81,$/BBL
2016-01-22,YCUOK,NA,EPCWTI,WTI Crude Oil,PF4,Spot Price FOB,RWTC,"Cushing, OK WTI Spot Price FOB (Dollars per Barrel)",29.19,$/BBL
2016-01-15,YCUOK,NA,EPCWTI,WTI Crude Oil,PF4,Spot Price FOB,RWTC,"Cushing, OK WTI Spot Price FOB (Dollars per Barrel)",30.59,$/BBL
2016-01-08,YCUOK,NA,EPCWTI,WTI Crude Oil,PF4,Spot Price FOB,RWTC,"Cushing, OK WTI Spot Price FOB (Dollars per Barrel)",34.65,$/BBL
2016-01-01,YCUOK,NA,EPCWTI,WTI Crude Oil,PF4,Spot Price FOB,RWTC,"Cushing, OK WTI Spot Price FOB (Dollars per Barrel)",36.99,$/BBL
2015-12-25,YCUOK,NA,EPCWTI,WTI Crude Oil,PF4,Spot Price FOB,RWTC,"Cushing, OK WTI Spot Price FOB (Dollars per Barrel)",36.26,$/BBL
2015-12-18,YCUOK,NA,EPCWTI,WTI Crude Oil,PF4,Spot Price FOB,RWTC,"Cushing, OK WTI Spot Price FOB (Dollars per Barrel)",35.78,$/BBL
2015-12-11,YCUOK,NA,EPCWTI,WTI Crude Oil,PF4,Spot Price FOB,RWTC,"Cushing, OK WTI Spot Price FOB (Dollars per Barrel)",36.93,$/BBL
2015-12-04,YCUOK,NA,EPCWTI,WTI Crude Oil,PF4,Spot Price FOB,RWTC,"Cushing, OK WTI Spot Price FOB (Dollars per Barrel)",40.4,$/BBL
2015-11-27,YCUOK,NA,EPCWTI,WTI Crude Oil,PF4,Spot Price FOB,RWTC,"Cushing, OK WTI Spot Price FOB (Dollars per Barrel)",40.49,$/BBL
2015-11-20,YCUOK,NA,EPCWTI,WTI Crude Oil,PF4,Spot Price FOB,RWTC,"Cushing, OK WTI Spot Price FOB (Dollars per Barrel)",40.62,$/BBL
2015-11-13,YCUOK,NA,EPCWTI,WTI Crude Oil,PF4,Spot Price FOB,RWTC,"Cushing, OK WTI Spot Price FOB (Dollars per Barrel)",42.7,$/BBL
2015-11-06,YCUOK,NA,EPCWTI,WTI Crude Oil,PF4,Spot Price FOB,RWTC,"Cushing, OK WTI Spot Price FOB (Dollars per Barrel)",45.98,$/BBL
2015-10-30,YCUOK,NA,EPCWTI,WTI Crude Oil,PF4,Spot Price FOB,RWTC,"Cushing, OK WTI Spot Price FOB (Dollars per Barrel)",44.99,$/BBL
2015-10-23,YCUOK,NA,EPCWTI,WTI Crude Oil,PF4,Spot Price FOB,RWTC,"Cushing, OK WTI Spot Price FOB (Dollars per Barrel)",45.16,$/BBL
2015-10-16,YCUOK,NA,EPCWTI,WTI Crude Oil,PF4,Spot Price FOB,RWTC,"Cushing, OK WTI Spot Price FOB (Dollars per Barrel)",46.82,$/BBL
2015-10-09,YCUOK,NA,EPCWTI,WTI Crude Oil,PF4,Spot Price FOB,RWTC,"Cushing, OK WTI Spot Price FOB (Dollars per Barrel)",48.36,$/BBL
2015-10-02,YCUOK,NA,EPCWTI,WTI Crude Oil,PF4,Spot Price FOB,RWTC,"Cushing, OK WTI Spot Price FOB (Dollars per Barrel)",45,$/BBL
2015-09-25,YCUOK,NA,EPCWTI,WTI Crude Oil,PF4,Spot Price FOB,RWTC,"Cushing, OK WTI Spot Price FOB (Dollars per Barrel)",45.57,$/BBL
2015-09-18,YCUOK,NA,EPCWTI,WTI Crude Oil,PF4,Spot Price FOB,RWTC,"Cushing, OK WTI Spot Price FOB (Dollars per Barrel)",45.48,$/BBL
2015-09-11,YCUOK,NA,EPCWTI,WTI Crude Oil,PF4,Spot Price FOB,RWTC,"Cushing, OK WTI Spot Price FOB (Dollars per Barrel)",45.16,$/BBL
2015-09-04,YCUOK,NA,EPCWTI,WTI Crude Oil,PF4,Spot Price FOB,RWTC,"Cushing, OK WTI Spot Price FOB (Dollars per Barrel)",46.73,$/BBL
2015-08-28,YCUOK,NA,EPCWTI,WTI Crude Oil,PF4,Spot Price FOB,RWTC,"Cushing, OK WTI Spot Price FOB (Dollars per Barrel)",40.73,$/BBL
2015-08-21,YCUOK,NA,EPCWTI,WTI Crude Oil,PF4,Spot Price FOB,RWTC,"Cushing, OK WTI Spot Price FOB (Dollars per Barrel)",41.34,$/BBL
2015-08-14,YCUOK,NA,EPCWTI,WTI Crude Oil,PF4,Spot Price FOB,RWTC,"Cushing, OK WTI Spot Price FOB (Dollars per Barrel)",43.2,$/BBL
2015-08-07,YCUOK,NA,EPCWTI,WTI Crude Oil,PF4,Spot Price FOB,RWTC,"Cushing, OK WTI Spot Price FOB (Dollars per Barrel)",44.94,$/BBL
2015-07-31,YCUOK,NA,EPCWTI,WTI Crude Oil,PF4,Spot Price FOB,RWTC,"Cushing, OK WTI Spot Price FOB (Dollars per Barrel)",47.91,$/BBL
2015-07-24,YCUOK,NA,EPCWTI,WTI Crude Oil,PF4,Spot Price FOB,RWTC,"Cushing, OK WTI Spot Price FOB (Dollars per Barrel)",49.21,$/BBL
2015-07-17,YCUOK,NA,EPCWTI,WTI Crude Oil,PF4,Spot Price FOB,RWTC,"Cushing, OK WTI Spot Price FOB (Dollars per Barrel)",51.68,$/BBL
2015-07-10,YCUOK,NA,EPCWTI,WTI Crude Oil,PF4,Spot Price FOB,RWTC,"Cushing, OK WTI Spot Price FOB (Dollars per Barrel)",52.38,$/BBL
2015-07-03,YCUOK,NA,EPCWTI,WTI Crude Oil,PF4,Spot Price FOB,RWTC,"Cushing, OK WTI Spot Price FOB (Dollars per Barrel)",57.92,$/BBL
2015-06-26,YCUOK,NA,EPCWTI,WTI Crude Oil,PF4,Spot Price FOB,RWTC,"Cushing, OK WTI Spot Price FOB (Dollars per Barrel)",60.01,$/BBL
2015-06-19,YCUOK,NA,EPCWTI,WTI Crude Oil,PF4,Spot Price FOB,RWTC,"Cushing, OK WTI Spot Price FOB (Dollars per Barrel)",59.89,$/BBL
2015-06-12,YCUOK,NA,EPCWTI,WTI Crude Oil,PF4,Spot Price FOB,RWTC,"Cushing, OK WTI Spot Price FOB (Dollars per Barrel)",60.07,$/BBL
2015-06-05,YCUOK,NA,EPCWTI,WTI Crude Oil,PF4,Spot Price FOB,RWTC,"Cushing, OK WTI Spot Price FOB (Dollars per Barrel)",59.66,$/BBL
2015-05-29,YCUOK,NA,EPCWTI,WTI Crude Oil,PF4,Spot Price FOB,RWTC,"Cushing, OK WTI Spot Price FOB (Dollars per Barrel)",58.19,$/BBL
2015-05-22,YCUOK,NA,EPCWTI,WTI Crude Oil,PF4,Spot Price FOB,RWTC,"Cushing, OK WTI Spot Price FOB (Dollars per Barrel)",58.95,$/BBL
2015-05-15,YCUOK,NA,EPCWTI,WTI Crude Oil,PF4,Spot Price FOB,RWTC,"Cushing, OK WTI Spot Price FOB (Dollars per Barrel)",60.01,$/BBL
2015-05-08,YCUOK,NA,EPCWTI,WTI Crude Oil,PF4,Spot Price FOB,RWTC,"Cushing, OK WTI Spot Price FOB (Dollars per Barrel)",59.73,$/BBL
2015-05-01,YCUOK,NA,EPCWTI,WTI Crude Oil,PF4,Spot Price FOB,RWTC,"Cushing, OK WTI Spot Price FOB (Dollars per Barrel)",57.98,$/BBL
2015-04-24,YCUOK,NA,EPCWTI,WTI Crude Oil,PF4,Spot Price FOB,RWTC,"Cushing, OK WTI Spot Price FOB (Dollars per Barrel)",56.14,$/BBL
2015-04-17,YCUOK,NA,EPCWTI,WTI Crude Oil,PF4,Spot Price FOB,RWTC,"Cushing, OK WTI Spot Price FOB (Dollars per Barrel)",54.78,$/BBL
2015-04-10,YCUOK,NA,EPCWTI,WTI Crude Oil,PF4,Spot Price FOB,RWTC,"Cushing, OK WTI Spot Price FOB (Dollars per Barrel)",51.78,$/BBL
2015-04-03,YCUOK,NA,EPCWTI,WTI Crude Oil,PF4,Spot Price FOB,RWTC,"Cushing, OK WTI Spot Price FOB (Dollars per Barrel)",48.91,$/BBL
2015-03-27,YCUOK,NA,EPCWTI,WTI Crude Oil,PF4,Spot Price FOB,RWTC,"Cushing, OK WTI Spot Price FOB (Dollars per Barrel)",48.68,$/BBL
2015-03-20,YCUOK,NA,EPCWTI,WTI Crude Oil,PF4,Spot Price FOB,RWTC,"Cushing, OK WTI Spot Price FOB (Dollars per Barrel)",44.39,$/BBL
2015-03-13,YCUOK,NA,EPCWTI,WTI Crude Oil,PF4,Spot Price FOB,RWTC,"Cushing, OK WTI Spot Price FOB (Dollars per Barrel)",47.69,$/BBL
2015-03-06,YCUOK,NA,EPCWTI,WTI Crude Oil,PF4,Spot Price FOB,RWTC,"Cushing, OK WTI Spot Price FOB (Dollars per Barrel)",50.38,$/BBL
2015-02-27,YCUOK,NA,EPCWTI,WTI Crude Oil,PF4,Spot Price FOB,RWTC,"Cushing, OK WTI Spot Price FOB (Dollars per Barrel)",49.16,$/BBL
2015-02-20,YCUOK,NA,EPCWTI,WTI Crude Oil,PF4,Spot Price FOB,RWTC,"Cushing, OK WTI Spot Price FOB (Dollars per Barrel)",51.69,$/BBL
2015-02-13,YCUOK,NA,EPCWTI,WTI Crude Oil,PF4,Spot Price FOB,RWTC,"Cushing, OK WTI Spot Price FOB (Dollars per Barrel)",51.14,$/BBL
2015-02-06,YCUOK,NA,EPCWTI,WTI Crude Oil,PF4,Spot Price FOB,RWTC,"Cushing, OK WTI Spot Price FOB (Dollars per Barrel)",50.58,$/BBL
2015-01-30,YCUOK,NA,EPCWTI,WTI Crude Oil,PF4,Spot Price FOB,RWTC,"Cushing, OK WTI Spot Price FOB (Dollars per Barrel)",45.32,$/BBL
2015-01-23,YCUOK,NA,EPCWTI,WTI Crude Oil,PF4,Spot Price FOB,RWTC,"Cushing, OK WTI Spot Price FOB (Dollars per Barrel)",46.46,$/BBL
2015-01-16,YCUOK,NA,EPCWTI,WTI Crude Oil,PF4,Spot Price FOB,RWTC,"Cushing, OK WTI Spot Price FOB (Dollars per Barrel)",47.07,$/BBL
2015-01-09,YCUOK,NA,EPCWTI,WTI Crude Oil,PF4,Spot Price FOB,RWTC,"Cushing, OK WTI Spot Price FOB (Dollars per Barrel)",48.77,$/BBL
2015-01-02,YCUOK,NA,EPCWTI,WTI Crude Oil,PF4,Spot Price FOB,RWTC,"Cushing, OK WTI Spot Price FOB (Dollars per Barrel)",53.44,$/BBL
2014-12-26,YCUOK,NA,EPCWTI,WTI Crude Oil,PF4,Spot Price FOB,RWTC,"Cushing, OK WTI Spot Price FOB (Dollars per Barrel)",55.58,$/BBL
2014-12-19,YCUOK,NA,EPCWTI,WTI Crude Oil,PF4,Spot Price FOB,RWTC,"Cushing, OK WTI Spot Price FOB (Dollars per Barrel)",55.89,$/BBL
2014-12-12,YCUOK,NA,EPCWTI,WTI Crude Oil,PF4,Spot Price FOB,RWTC,"Cushing, OK WTI Spot Price FOB (Dollars per Barrel)",61.14,$/BBL
2014-12-05,YCUOK,NA,EPCWTI,WTI Crude Oil,PF4,Spot Price FOB,RWTC,"Cushing, OK WTI Spot Price FOB (Dollars per Barrel)",67.18,$/BBL
2014-11-28,YCUOK,NA,EPCWTI,WTI Crude Oil,PF4,Spot Price FOB,RWTC,"Cushing, OK WTI Spot Price FOB (Dollars per Barrel)",72.36,$/BBL
2014-11-21,YCUOK,NA,EPCWTI,WTI Crude Oil,PF4,Spot Price FOB,RWTC,"Cushing, OK WTI Spot Price FOB (Dollars per Barrel)",75.38,$/BBL
2014-11-14,YCUOK,NA,EPCWTI,WTI Crude Oil,PF4,Spot Price FOB,RWTC,"Cushing, OK WTI Spot Price FOB (Dollars per Barrel)",76.5,$/BBL
2014-11-07,YCUOK,NA,EPCWTI,WTI Crude Oil,PF4,Spot Price FOB,RWTC,"Cushing, OK WTI Spot Price FOB (Dollars per Barrel)",78.24,$/BBL
2014-10-31,YCUOK,NA,EPCWTI,WTI Crude Oil,PF4,Spot Price FOB,RWTC,"Cushing, OK WTI Spot Price FOB (Dollars per Barrel)",81.29,$/BBL
2014-10-24,YCUOK,NA,EPCWTI,WTI Crude Oil,PF4,Spot Price FOB,RWTC,"Cushing, OK WTI Spot Price FOB (Dollars per Barrel)",82.12,$/BBL
2014-10-17,YCUOK,NA,EPCWTI,WTI Crude Oil,PF4,Spot Price FOB,RWTC,"Cushing, OK WTI Spot Price FOB (Dollars per Barrel)",82.88,$/BBL
2014-10-10,YCUOK,NA,EPCWTI,WTI Crude Oil,PF4,Spot Price FOB,RWTC,"Cushing, OK WTI Spot Price FOB (Dollars per Barrel)",87.63,$/BBL
2014-10-03,YCUOK,NA,EPCWTI,WTI Crude Oil,PF4,Spot Price FOB,RWTC,"Cushing, OK WTI Spot Price FOB (Dollars per Barrel)",91.44,$/BBL
2014-09-26,YCUOK,NA,EPCWTI,WTI Crude Oil,PF4,Spot Price FOB,RWTC,"Cushing, OK WTI Spot Price FOB (Dollars per Barrel)",93.15,$/BBL
2014-09-19,YCUOK,NA,EPCWTI,WTI Crude Oil,PF4,Spot Price FOB,RWTC,"Cushing, OK WTI Spot Price FOB (Dollars per Barrel)",93.52,$/BBL
2014-09-12,YCUOK,NA,EPCWTI,WTI Crude Oil,PF4,Spot Price FOB,RWTC,"Cushing, OK WTI Spot Price FOB (Dollars per Barrel)",92.43,$/BBL
2014-09-05,YCUOK,NA,EPCWTI,WTI Crude Oil,PF4,Spot Price FOB,RWTC,"Cushing, OK WTI Spot Price FOB (Dollars per Barrel)",94.06,$/BBL
2014-08-29,YCUOK,NA,EPCWTI,WTI Crude Oil,PF4,Spot Price FOB,RWTC,"Cushing, OK WTI Spot Price FOB (Dollars per Barrel)",96.25,$/BBL
2014-08-22,YCUOK,NA,EPCWTI,WTI Crude Oil,PF4,Spot Price FOB,RWTC,"Cushing, OK WTI Spot Price FOB (Dollars per Barrel)",94.95,$/BBL
2014-08-15,YCUOK,NA,EPCWTI,WTI Crude Oil,PF4,Spot Price FOB,RWTC,"Cushing, OK WTI Spot Price FOB (Dollars per Barrel)",97.17,$/BBL
2014-08-08,YCUOK,NA,EPCWTI,WTI Crude Oil,PF4,Spot Price FOB,RWTC,"Cushing, OK WTI Spot Price FOB (Dollars per Barrel)",97.5,$/BBL
2014-08-01,YCUOK,NA,EPCWTI,WTI Crude Oil,PF4,Spot Price FOB,RWTC,"Cushing, OK WTI Spot Price FOB (Dollars per Barrel)",102.19,$/BBL
2014-07-25,YCUOK,NA,EPCWTI,WTI Crude Oil,PF4,Spot Price FOB,RWTC,"Cushing, OK WTI Spot Price FOB (Dollars per Barrel)",104.35,$/BBL
2014-07-18,YCUOK,NA,EPCWTI,WTI Crude Oil,PF4,Spot Price FOB,RWTC,"Cushing, OK WTI Spot Price FOB (Dollars per Barrel)",102.37,$/BBL
2014-07-11,YCUOK,NA,EPCWTI,WTI Crude Oil,PF4,Spot Price FOB,RWTC,"Cushing, OK WTI Spot Price FOB (Dollars per Barrel)",103.25,$/BBL
2014-07-04,YCUOK,NA,EPCWTI,WTI Crude Oil,PF4,Spot Price FOB,RWTC,"Cushing, OK WTI Spot Price FOB (Dollars per Barrel)",105.52,$/BBL
2014-06-27,YCUOK,NA,EPCWTI,WTI Crude Oil,PF4,Spot Price FOB,RWTC,"Cushing, OK WTI Spot Price FOB (Dollars per Barrel)",106.69,$/BBL
2014-06-20,YCUOK,NA,EPCWTI,WTI Crude Oil,PF4,Spot Price FOB,RWTC,"Cushing, OK WTI Spot Price FOB (Dollars per Barrel)",107.23,$/BBL
2014-06-13,YCUOK,NA,EPCWTI,WTI Crude Oil,PF4,Spot Price FOB,RWTC,"Cushing, OK WTI Spot Price FOB (Dollars per Barrel)",105.97,$/BBL
2014-06-06,YCUOK,NA,EPCWTI,WTI Crude Oil,PF4,Spot Price FOB,RWTC,"Cushing, OK WTI Spot Price FOB (Dollars per Barrel)",103.23,$/BBL
2014-05-30,YCUOK,NA,EPCWTI,WTI Crude Oil,PF4,Spot Price FOB,RWTC,"Cushing, OK WTI Spot Price FOB (Dollars per Barrel)",103.95,$/BBL
2014-05-23,YCUOK,NA,EPCWTI,WTI Crude Oil,PF4,Spot Price FOB,RWTC,"Cushing, OK WTI Spot Price FOB (Dollars per Barrel)",103.82,$/BBL
2014-05-16,YCUOK,NA,EPCWTI,WTI Crude Oil,PF4,Spot Price FOB,RWTC,"Cushing, OK WTI Spot Price FOB (Dollars per Barrel)",101.92,$/BBL
2014-05-09,YCUOK,NA,EPCWTI,WTI Crude Oil,PF4,Spot Price FOB,RWTC,"Cushing, OK WTI Spot Price FOB (Dollars per Barrel)",100.29,$/BBL
2014-05-02,YCUOK,NA,EPCWTI,WTI Crude Oil,PF4,Spot Price FOB,RWTC,"Cushing, OK WTI Spot Price FOB (Dollars per Barrel)",100.51,$/BBL
2014-04-25,YCUOK,NA,EPCWTI,WTI Crude Oil,PF4,Spot Price FOB,RWTC,"Cushing, OK WTI Spot Price FOB (Dollars per Barrel)",102.11,$/BBL
2014-04-18,YCUOK,NA,EPCWTI,WTI Crude Oil,PF4,Spot Price FOB,RWTC,"Cushing, OK WTI Spot Price FOB (Dollars per Barrel)",103.95,$/BBL
2014-04-11,YCUOK,NA,EPCWTI,WTI Crude Oil,PF4,Spot Price FOB,RWTC,"Cushing, OK WTI Spot Price FOB (Dollars per Barrel)",102.72,$/BBL
2014-04-04,YCUOK,NA,EPCWTI,WTI Crude Oil,PF4,Spot Price FOB,RWTC,"Cushing, OK WTI Spot Price FOB (Dollars per Barrel)",100.46,$/BBL
2014-03-28,YCUOK,NA,EPCWTI,WTI Crude Oil,PF4,Spot Price FOB,RWTC,"Cushing, OK WTI Spot Price FOB (Dollars per Barrel)",100.66,$/BBL
2014-03-21,YCUOK,NA,EPCWTI,WTI Crude Oil,PF4,Spot Price FOB,RWTC,"Cushing, OK WTI Spot Price FOB (Dollars per Barrel)",99.77,$/BBL
2014-03-14,YCUOK,NA,EPCWTI,WTI Crude Oil,PF4,Spot Price FOB,RWTC,"Cushing, OK WTI Spot Price FOB (Dollars per Barrel)",99.55,$/BBL
2014-03-07,YCUOK,NA,EPCWTI,WTI Crude Oil,PF4,Spot Price FOB,RWTC,"Cushing, OK WTI Spot Price FOB (Dollars per Barrel)",103.07,$/BBL
2014-02-28,YCUOK,NA,EPCWTI,WTI Crude Oil,PF4,Spot Price FOB,RWTC,"Cushing, OK WTI Spot Price FOB (Dollars per Barrel)",102.77,$/BBL
2014-02-21,YCUOK,NA,EPCWTI,WTI Crude Oil,PF4,Spot Price FOB,RWTC,"Cushing, OK WTI Spot Price FOB (Dollars per Barrel)",102.93,$/BBL
2014-02-14,YCUOK,NA,EPCWTI,WTI Crude Oil,PF4,Spot Price FOB,RWTC,"Cushing, OK WTI Spot Price FOB (Dollars per Barrel)",100.21,$/BBL
2014-02-07,YCUOK,NA,EPCWTI,WTI Crude Oil,PF4,Spot Price FOB,RWTC,"Cushing, OK WTI Spot Price FOB (Dollars per Barrel)",97.78,$/BBL
2014-01-31,YCUOK,NA,EPCWTI,WTI Crude Oil,PF4,Spot Price FOB,RWTC,"Cushing, OK WTI Spot Price FOB (Dollars per Barrel)",97.29,$/BBL
2014-01-24,YCUOK,NA,EPCWTI,WTI Crude Oil,PF4,Spot Price FOB,RWTC,"Cushing, OK WTI Spot Price FOB (Dollars per Barrel)",96.19,$/BBL
2014-01-17,YCUOK,NA,EPCWTI,WTI Crude Oil,PF4,Spot Price FOB,RWTC,"Cushing, OK WTI Spot Price FOB (Dollars per Barrel)",92.98,$/BBL
2014-01-10,YCUOK,NA,EPCWTI,WTI Crude Oil,PF4,Spot Price FOB,RWTC,"Cushing, OK WTI Spot Price FOB (Dollars per Barrel)",92.42,$/BBL
2014-01-03,YCUOK,NA,EPCWTI,WTI Crude Oil,PF4,Spot Price FOB,RWTC,"Cushing, OK WTI Spot Price FOB (Dollars per Barrel)",96.47,$/BBL
2013-12-27,YCUOK,NA,EPCWTI,WTI Crude Oil,PF4,Spot Price FOB,RWTC,"Cushing, OK WTI Spot Price FOB (Dollars per Barrel)",99.15,$/BBL
2013-12-20,YCUOK,NA,EPCWTI,WTI Crude Oil,PF4,Spot Price FOB,RWTC,"Cushing, OK WTI Spot Price FOB (Dollars per Barrel)",97.85,$/BBL
2013-12-13,YCUOK,NA,EPCWTI,WTI Crude Oil,PF4,Spot Price FOB,RWTC,"Cushing, OK WTI Spot Price FOB (Dollars per Barrel)",97.23,$/BBL
2013-12-06,YCUOK,NA,EPCWTI,WTI Crude Oil,PF4,Spot Price FOB,RWTC,"Cushing, OK WTI Spot Price FOB (Dollars per Barrel)",96.21,$/BBL
2013-11-29,YCUOK,NA,EPCWTI,WTI Crude Oil,PF4,Spot Price FOB,RWTC,"Cushing, OK WTI Spot Price FOB (Dollars per Barrel)",92.97,$/BBL
2013-11-22,YCUOK,NA,EPCWTI,WTI Crude Oil,PF4,Spot Price FOB,RWTC,"Cushing, OK WTI Spot Price FOB (Dollars per Barrel)",93.92,$/BBL
2013-11-15,YCUOK,NA,EPCWTI,WTI Crude Oil,PF4,Spot Price FOB,RWTC,"Cushing, OK WTI Spot Price FOB (Dollars per Barrel)",93.94,$/BBL
2013-11-08,YCUOK,NA,EPCWTI,WTI Crude Oil,PF4,Spot Price FOB,RWTC,"Cushing, OK WTI Spot Price FOB (Dollars per Barrel)",94.31,$/BBL
2013-11-01,YCUOK,NA,EPCWTI,WTI Crude Oil,PF4,Spot Price FOB,RWTC,"Cushing, OK WTI Spot Price FOB (Dollars per Barrel)",96.94,$/BBL
2013-10-25,YCUOK,NA,EPCWTI,WTI Crude Oil,PF4,Spot Price FOB,RWTC,"Cushing, OK WTI Spot Price FOB (Dollars per Barrel)",97.57,$/BBL
2013-10-18,YCUOK,NA,EPCWTI,WTI Crude Oil,PF4,Spot Price FOB,RWTC,"Cushing, OK WTI Spot Price FOB (Dollars per Barrel)",101.51,$/BBL
2013-10-11,YCUOK,NA,EPCWTI,WTI Crude Oil,PF4,Spot Price FOB,RWTC,"Cushing, OK WTI Spot Price FOB (Dollars per Barrel)",102.7,$/BBL
2013-10-04,YCUOK,NA,EPCWTI,WTI Crude Oil,PF4,Spot Price FOB,RWTC,"Cushing, OK WTI Spot Price FOB (Dollars per Barrel)",103.14,$/BBL
2013-09-27,YCUOK,NA,EPCWTI,WTI Crude Oil,PF4,Spot Price FOB,RWTC,"Cushing, OK WTI Spot Price FOB (Dollars per Barrel)",103.1,$/BBL
2013-09-20,YCUOK,NA,EPCWTI,WTI Crude Oil,PF4,Spot Price FOB,RWTC,"Cushing, OK WTI Spot Price FOB (Dollars per Barrel)",106.22,$/BBL
2013-09-13,YCUOK,NA,EPCWTI,WTI Crude Oil,PF4,Spot Price FOB,RWTC,"Cushing, OK WTI Spot Price FOB (Dollars per Barrel)",108.36,$/BBL
2013-09-06,YCUOK,NA,EPCWTI,WTI Crude Oil,PF4,Spot Price FOB,RWTC,"Cushing, OK WTI Spot Price FOB (Dollars per Barrel)",108.77,$/BBL
2013-08-30,YCUOK,NA,EPCWTI,WTI Crude Oil,PF4,Spot Price FOB,RWTC,"Cushing, OK WTI Spot Price FOB (Dollars per Barrel)",108.33,$/BBL
2013-08-23,YCUOK,NA,EPCWTI,WTI Crude Oil,PF4,Spot Price FOB,RWTC,"Cushing, OK WTI Spot Price FOB (Dollars per Barrel)",105.48,$/BBL
2013-08-16,YCUOK,NA,EPCWTI,WTI Crude Oil,PF4,Spot Price FOB,RWTC,"Cushing, OK WTI Spot Price FOB (Dollars per Barrel)",106.97,$/BBL
2013-08-09,YCUOK,NA,EPCWTI,WTI Crude Oil,PF4,Spot Price FOB,RWTC,"Cushing, OK WTI Spot Price FOB (Dollars per Barrel)",105.17,$/BBL
2013-08-02,YCUOK,NA,EPCWTI,WTI Crude Oil,PF4,Spot Price FOB,RWTC,"Cushing, OK WTI Spot Price FOB (Dollars per Barrel)",105.54,$/BBL
2013-07-26,YCUOK,NA,EPCWTI,WTI Crude Oil,PF4,Spot Price FOB,RWTC,"Cushing, OK WTI Spot Price FOB (Dollars per Barrel)",105.88,$/BBL
2013-07-19,YCUOK,NA,EPCWTI,WTI Crude Oil,PF4,Spot Price FOB,RWTC,"Cushing, OK WTI Spot Price FOB (Dollars per Barrel)",106.88,$/BBL
2013-07-12,YCUOK,NA,EPCWTI,WTI Crude Oil,PF4,Spot Price FOB,RWTC,"Cushing, OK WTI Spot Price FOB (Dollars per Barrel)",104.7,$/BBL
2013-07-05,YCUOK,NA,EPCWTI,WTI Crude Oil,PF4,Spot Price FOB,RWTC,"Cushing, OK WTI Spot Price FOB (Dollars per Barrel)",100.65,$/BBL
2013-06-28,YCUOK,NA,EPCWTI,WTI Crude Oil,PF4,Spot Price FOB,RWTC,"Cushing, OK WTI Spot Price FOB (Dollars per Barrel)",95.83,$/BBL
2013-06-21,YCUOK,NA,EPCWTI,WTI Crude Oil,PF4,Spot Price FOB,RWTC,"Cushing, OK WTI Spot Price FOB (Dollars per Barrel)",96.65,$/BBL
2013-06-14,YCUOK,NA,EPCWTI,WTI Crude Oil,PF4,Spot Price FOB,RWTC,"Cushing, OK WTI Spot Price FOB (Dollars per Barrel)",96.36,$/BBL
2013-06-07,YCUOK,NA,EPCWTI,WTI Crude Oil,PF4,Spot Price FOB,RWTC,"Cushing, OK WTI Spot Price FOB (Dollars per Barrel)",94.25,$/BBL
2013-05-31,YCUOK,NA,EPCWTI,WTI Crude Oil,PF4,Spot Price FOB,RWTC,"Cushing, OK WTI Spot Price FOB (Dollars per Barrel)",93.32,$/BBL
2013-05-24,YCUOK,NA,EPCWTI,WTI Crude Oil,PF4,Spot Price FOB,RWTC,"Cushing, OK WTI Spot Price FOB (Dollars per Barrel)",94.76,$/BBL
2013-05-17,YCUOK,NA,EPCWTI,WTI Crude Oil,PF4,Spot Price FOB,RWTC,"Cushing, OK WTI Spot Price FOB (Dollars per Barrel)",94.65,$/BBL
2013-05-10,YCUOK,NA,EPCWTI,WTI Crude Oil,PF4,Spot Price FOB,RWTC,"Cushing, OK WTI Spot Price FOB (Dollars per Barrel)",95.84,$/BBL
2013-05-03,YCUOK,NA,EPCWTI,WTI Crude Oil,PF4,Spot Price FOB,RWTC,"Cushing, OK WTI Spot Price FOB (Dollars per Barrel)",93.4,$/BBL
2013-04-26,YCUOK,NA,EPCWTI,WTI Crude Oil,PF4,Spot Price FOB,RWTC,"Cushing, OK WTI Spot Price FOB (Dollars per Barrel)",91,$/BBL
2013-04-19,YCUOK,NA,EPCWTI,WTI Crude Oil,PF4,Spot Price FOB,RWTC,"Cushing, OK WTI Spot Price FOB (Dollars per Barrel)",88,$/BBL
2013-04-12,YCUOK,NA,EPCWTI,WTI Crude Oil,PF4,Spot Price FOB,RWTC,"Cushing, OK WTI Spot Price FOB (Dollars per Barrel)",93.36,$/BBL
2013-04-05,YCUOK,NA,EPCWTI,WTI Crude Oil,PF4,Spot Price FOB,RWTC,"Cushing, OK WTI Spot Price FOB (Dollars per Barrel)",95.07,$/BBL
2013-03-29,YCUOK,NA,EPCWTI,WTI Crude Oil,PF4,Spot Price FOB,RWTC,"Cushing, OK WTI Spot Price FOB (Dollars per Barrel)",96.08,$/BBL
2013-03-22,YCUOK,NA,EPCWTI,WTI Crude Oil,PF4,Spot Price FOB,RWTC,"Cushing, OK WTI Spot Price FOB (Dollars per Barrel)",93.05,$/BBL
2013-03-15,YCUOK,NA,EPCWTI,WTI Crude Oil,PF4,Spot Price FOB,RWTC,"Cushing, OK WTI Spot Price FOB (Dollars per Barrel)",92.7,$/BBL
2013-03-08,YCUOK,NA,EPCWTI,WTI Crude Oil,PF4,Spot Price FOB,RWTC,"Cushing, OK WTI Spot Price FOB (Dollars per Barrel)",91,$/BBL
2013-03-01,YCUOK,NA,EPCWTI,WTI Crude Oil,PF4,Spot Price FOB,RWTC,"Cushing, OK WTI Spot Price FOB (Dollars per Barrel)",92.19,$/BBL
2013-02-22,YCUOK,NA,EPCWTI,WTI Crude Oil,PF4,Spot Price FOB,RWTC,"Cushing, OK WTI Spot Price FOB (Dollars per Barrel)",94.38,$/BBL
2013-02-15,YCUOK,NA,EPCWTI,WTI Crude Oil,PF4,Spot Price FOB,RWTC,"Cushing, OK WTI Spot Price FOB (Dollars per Barrel)",96.95,$/BBL
2013-02-08,YCUOK,NA,EPCWTI,WTI Crude Oil,PF4,Spot Price FOB,RWTC,"Cushing, OK WTI Spot Price FOB (Dollars per Barrel)",96.18,$/BBL
2013-02-01,YCUOK,NA,EPCWTI,WTI Crude Oil,PF4,Spot Price FOB,RWTC,"Cushing, OK WTI Spot Price FOB (Dollars per Barrel)",97.33,$/BBL
2013-01-25,YCUOK,NA,EPCWTI,WTI Crude Oil,PF4,Spot Price FOB,RWTC,"Cushing, OK WTI Spot Price FOB (Dollars per Barrel)",95.41,$/BBL
2013-01-18,YCUOK,NA,EPCWTI,WTI Crude Oil,PF4,Spot Price FOB,RWTC,"Cushing, OK WTI Spot Price FOB (Dollars per Barrel)",94.58,$/BBL
2013-01-11,YCUOK,NA,EPCWTI,WTI Crude Oil,PF4,Spot Price FOB,RWTC,"Cushing, OK WTI Spot Price FOB (Dollars per Barrel)",93.38,$/BBL
2013-01-04,YCUOK,NA,EPCWTI,WTI Crude Oil,PF4,Spot Price FOB,RWTC,"Cushing, OK WTI Spot Price FOB (Dollars per Barrel)",92.77,$/BBL
2012-12-28,YCUOK,NA,EPCWTI,WTI Crude Oil,PF4,Spot Price FOB,RWTC,"Cushing, OK WTI Spot Price FOB (Dollars per Barrel)",90.14,$/BBL
2012-12-21,YCUOK,NA,EPCWTI,WTI Crude Oil,PF4,Spot Price FOB,RWTC,"Cushing, OK WTI Spot Price FOB (Dollars per Barrel)",88.24,$/BBL
2012-12-14,YCUOK,NA,EPCWTI,WTI Crude Oil,PF4,Spot Price FOB,RWTC,"Cushing, OK WTI Spot Price FOB (Dollars per Barrel)",85.71,$/BBL
2012-12-07,YCUOK,NA,EPCWTI,WTI Crude Oil,PF4,Spot Price FOB,RWTC,"Cushing, OK WTI Spot Price FOB (Dollars per Barrel)",87,$/BBL
2012-11-30,YCUOK,NA,EPCWTI,WTI Crude Oil,PF4,Spot Price FOB,RWTC,"Cushing, OK WTI Spot Price FOB (Dollars per Barrel)",87.27,$/BBL
2012-11-23,YCUOK,NA,EPCWTI,WTI Crude Oil,PF4,Spot Price FOB,RWTC,"Cushing, OK WTI Spot Price FOB (Dollars per Barrel)",87.4,$/BBL
2012-11-16,YCUOK,NA,EPCWTI,WTI Crude Oil,PF4,Spot Price FOB,RWTC,"Cushing, OK WTI Spot Price FOB (Dollars per Barrel)",85.87,$/BBL
2012-11-09,YCUOK,NA,EPCWTI,WTI Crude Oil,PF4,Spot Price FOB,RWTC,"Cushing, OK WTI Spot Price FOB (Dollars per Barrel)",85.98,$/BBL
2012-11-02,YCUOK,NA,EPCWTI,WTI Crude Oil,PF4,Spot Price FOB,RWTC,"Cushing, OK WTI Spot Price FOB (Dollars per Barrel)",85.87,$/BBL
2012-10-26,YCUOK,NA,EPCWTI,WTI Crude Oil,PF4,Spot Price FOB,RWTC,"Cushing, OK WTI Spot Price FOB (Dollars per Barrel)",86.35,$/BBL
2012-10-19,YCUOK,NA,EPCWTI,WTI Crude Oil,PF4,Spot Price FOB,RWTC,"Cushing, OK WTI Spot Price FOB (Dollars per Barrel)",91.59,$/BBL
2012-10-12,YCUOK,NA,EPCWTI,WTI Crude Oil,PF4,Spot Price FOB,RWTC,"Cushing, OK WTI Spot Price FOB (Dollars per Barrel)",91.42,$/BBL
2012-10-05,YCUOK,NA,EPCWTI,WTI Crude Oil,PF4,Spot Price FOB,RWTC,"Cushing, OK WTI Spot Price FOB (Dollars per Barrel)",90.81,$/BBL
2012-09-28,YCUOK,NA,EPCWTI,WTI Crude Oil,PF4,Spot Price FOB,RWTC,"Cushing, OK WTI Spot Price FOB (Dollars per Barrel)",91.35,$/BBL
2012-09-21,YCUOK,NA,EPCWTI,WTI Crude Oil,PF4,Spot Price FOB,RWTC,"Cushing, OK WTI Spot Price FOB (Dollars per Barrel)",93.7,$/BBL
2012-09-14,YCUOK,NA,EPCWTI,WTI Crude Oil,PF4,Spot Price FOB,RWTC,"Cushing, OK WTI Spot Price FOB (Dollars per Barrel)",97.56,$/BBL
2012-09-07,YCUOK,NA,EPCWTI,WTI Crude Oil,PF4,Spot Price FOB,RWTC,"Cushing, OK WTI Spot Price FOB (Dollars per Barrel)",95.68,$/BBL
2012-08-31,YCUOK,NA,EPCWTI,WTI Crude Oil,PF4,Spot Price FOB,RWTC,"Cushing, OK WTI Spot Price FOB (Dollars per Barrel)",95.68,$/BBL
2012-08-24,YCUOK,NA,EPCWTI,WTI Crude Oil,PF4,Spot Price FOB,RWTC,"Cushing, OK WTI Spot Price FOB (Dollars per Barrel)",96.22,$/BBL
2012-08-17,YCUOK,NA,EPCWTI,WTI Crude Oil,PF4,Spot Price FOB,RWTC,"Cushing, OK WTI Spot Price FOB (Dollars per Barrel)",94.43,$/BBL
2012-08-10,YCUOK,NA,EPCWTI,WTI Crude Oil,PF4,Spot Price FOB,RWTC,"Cushing, OK WTI Spot Price FOB (Dollars per Barrel)",93.14,$/BBL
2012-08-03,YCUOK,NA,EPCWTI,WTI Crude Oil,PF4,Spot Price FOB,RWTC,"Cushing, OK WTI Spot Price FOB (Dollars per Barrel)",89.1,$/BBL
2012-07-27,YCUOK,NA,EPCWTI,WTI Crude Oil,PF4,Spot Price FOB,RWTC,"Cushing, OK WTI Spot Price FOB (Dollars per Barrel)",88.88,$/BBL
2012-07-20,YCUOK,NA,EPCWTI,WTI Crude Oil,PF4,Spot Price FOB,RWTC,"Cushing, OK WTI Spot Price FOB (Dollars per Barrel)",90.34,$/BBL
2012-07-13,YCUOK,NA,EPCWTI,WTI Crude Oil,PF4,Spot Price FOB,RWTC,"Cushing, OK WTI Spot Price FOB (Dollars per Barrel)",85.78,$/BBL
2012-07-06,YCUOK,NA,EPCWTI,WTI Crude Oil,PF4,Spot Price FOB,RWTC,"Cushing, OK WTI Spot Price FOB (Dollars per Barrel)",85.74,$/BBL
2012-06-29,YCUOK,NA,EPCWTI,WTI Crude Oil,PF4,Spot Price FOB,RWTC,"Cushing, OK WTI Spot Price FOB (Dollars per Barrel)",80.23,$/BBL
2012-06-22,YCUOK,NA,EPCWTI,WTI Crude Oil,PF4,Spot Price FOB,RWTC,"Cushing, OK WTI Spot Price FOB (Dollars per Barrel)",81.11,$/BBL
2012-06-15,YCUOK,NA,EPCWTI,WTI Crude Oil,PF4,Spot Price FOB,RWTC,"Cushing, OK WTI Spot Price FOB (Dollars per Barrel)",83.27,$/BBL
2012-06-08,YCUOK,NA,EPCWTI,WTI Crude Oil,PF4,Spot Price FOB,RWTC,"Cushing, OK WTI Spot Price FOB (Dollars per Barrel)",84.43,$/BBL
2012-06-01,YCUOK,NA,EPCWTI,WTI Crude Oil,PF4,Spot Price FOB,RWTC,"Cushing, OK WTI Spot Price FOB (Dollars per Barrel)",87.06,$/BBL
2012-05-25,YCUOK,NA,EPCWTI,WTI Crude Oil,PF4,Spot Price FOB,RWTC,"Cushing, OK WTI Spot Price FOB (Dollars per Barrel)",90.88,$/BBL
2012-05-18,YCUOK,NA,EPCWTI,WTI Crude Oil,PF4,Spot Price FOB,RWTC,"Cushing, OK WTI Spot Price FOB (Dollars per Barrel)",93.11,$/BBL
2012-05-11,YCUOK,NA,EPCWTI,WTI Crude Oil,PF4,Spot Price FOB,RWTC,"Cushing, OK WTI Spot Price FOB (Dollars per Barrel)",96.98,$/BBL
2012-05-04,YCUOK,NA,EPCWTI,WTI Crude Oil,PF4,Spot Price FOB,RWTC,"Cushing, OK WTI Spot Price FOB (Dollars per Barrel)",103.47,$/BBL
2012-04-27,YCUOK,NA,EPCWTI,WTI Crude Oil,PF4,Spot Price FOB,RWTC,"Cushing, OK WTI Spot Price FOB (Dollars per Barrel)",103.78,$/BBL
2012-04-20,YCUOK,NA,EPCWTI,WTI Crude Oil,PF4,Spot Price FOB,RWTC,"Cushing, OK WTI Spot Price FOB (Dollars per Barrel)",103.15,$/BBL
2012-04-13,YCUOK,NA,EPCWTI,WTI Crude Oil,PF4,Spot Price FOB,RWTC,"Cushing, OK WTI Spot Price FOB (Dollars per Barrel)",102.55,$/BBL
2012-04-06,YCUOK,NA,EPCWTI,WTI Crude Oil,PF4,Spot Price FOB,RWTC,"Cushing, OK WTI Spot Price FOB (Dollars per Barrel)",103.52,$/BBL
2012-03-30,YCUOK,NA,EPCWTI,WTI Crude Oil,PF4,Spot Price FOB,RWTC,"Cushing, OK WTI Spot Price FOB (Dollars per Barrel)",105.12,$/BBL
2012-03-23,YCUOK,NA,EPCWTI,WTI Crude Oil,PF4,Spot Price FOB,RWTC,"Cushing, OK WTI Spot Price FOB (Dollars per Barrel)",106.41,$/BBL
2012-03-16,YCUOK,NA,EPCWTI,WTI Crude Oil,PF4,Spot Price FOB,RWTC,"Cushing, OK WTI Spot Price FOB (Dollars per Barrel)",106.15,$/BBL
2012-03-09,YCUOK,NA,EPCWTI,WTI Crude Oil,PF4,Spot Price FOB,RWTC,"Cushing, OK WTI Spot Price FOB (Dollars per Barrel)",106.32,$/BBL
2012-03-02,YCUOK,NA,EPCWTI,WTI Crude Oil,PF4,Spot Price FOB,RWTC,"Cushing, OK WTI Spot Price FOB (Dollars per Barrel)",107.52,$/BBL
2012-02-24,YCUOK,NA,EPCWTI,WTI Crude Oil,PF4,Spot Price FOB,RWTC,"Cushing, OK WTI Spot Price FOB (Dollars per Barrel)",107.18,$/BBL
2012-02-17,YCUOK,NA,EPCWTI,WTI Crude Oil,PF4,Spot Price FOB,RWTC,"Cushing, OK WTI Spot Price FOB (Dollars per Barrel)",101.73,$/BBL
2012-02-10,YCUOK,NA,EPCWTI,WTI Crude Oil,PF4,Spot Price FOB,RWTC,"Cushing, OK WTI Spot Price FOB (Dollars per Barrel)",98.56,$/BBL
2012-02-03,YCUOK,NA,EPCWTI,WTI Crude Oil,PF4,Spot Price FOB,RWTC,"Cushing, OK WTI Spot Price FOB (Dollars per Barrel)",97.8,$/BBL
2012-01-27,YCUOK,NA,EPCWTI,WTI Crude Oil,PF4,Spot Price FOB,RWTC,"Cushing, OK WTI Spot Price FOB (Dollars per Barrel)",99.35,$/BBL
2012-01-20,YCUOK,NA,EPCWTI,WTI Crude Oil,PF4,Spot Price FOB,RWTC,"Cushing, OK WTI Spot Price FOB (Dollars per Barrel)",99.95,$/BBL
2012-01-13,YCUOK,NA,EPCWTI,WTI Crude Oil,PF4,Spot Price FOB,RWTC,"Cushing, OK WTI Spot Price FOB (Dollars per Barrel)",100.43,$/BBL
2012-01-06,YCUOK,NA,EPCWTI,WTI Crude Oil,PF4,Spot Price FOB,RWTC,"Cushing, OK WTI Spot Price FOB (Dollars per Barrel)",102.39,$/BBL
2011-12-30,YCUOK,NA,EPCWTI,WTI Crude Oil,PF4,Spot Price FOB,RWTC,"Cushing, OK WTI Spot Price FOB (Dollars per Barrel)",99.81,$/BBL
2011-12-23,YCUOK,NA,EPCWTI,WTI Crude Oil,PF4,Spot Price FOB,RWTC,"Cushing, OK WTI Spot Price FOB (Dollars per Barrel)",97.74,$/BBL
2011-12-16,YCUOK,NA,EPCWTI,WTI Crude Oil,PF4,Spot Price FOB,RWTC,"Cushing, OK WTI Spot Price FOB (Dollars per Barrel)",96.06,$/BBL
2011-12-09,YCUOK,NA,EPCWTI,WTI Crude Oil,PF4,Spot Price FOB,RWTC,"Cushing, OK WTI Spot Price FOB (Dollars per Barrel)",100.08,$/BBL
2011-12-02,YCUOK,NA,EPCWTI,WTI Crude Oil,PF4,Spot Price FOB,RWTC,"Cushing, OK WTI Spot Price FOB (Dollars per Barrel)",99.91,$/BBL
2011-11-25,YCUOK,NA,EPCWTI,WTI Crude Oil,PF4,Spot Price FOB,RWTC,"Cushing, OK WTI Spot Price FOB (Dollars per Barrel)",96.89,$/BBL
2011-11-18,YCUOK,NA,EPCWTI,WTI Crude Oil,PF4,Spot Price FOB,RWTC,"Cushing, OK WTI Spot Price FOB (Dollars per Barrel)",99.32,$/BBL
2011-11-11,YCUOK,NA,EPCWTI,WTI Crude Oil,PF4,Spot Price FOB,RWTC,"Cushing, OK WTI Spot Price FOB (Dollars per Barrel)",96.97,$/BBL
2011-11-04,YCUOK,NA,EPCWTI,WTI Crude Oil,PF4,Spot Price FOB,RWTC,"Cushing, OK WTI Spot Price FOB (Dollars per Barrel)",93.24,$/BBL
2011-10-28,YCUOK,NA,EPCWTI,WTI Crude Oil,PF4,Spot Price FOB,RWTC,"Cushing, OK WTI Spot Price FOB (Dollars per Barrel)",92.32,$/BBL
2011-10-21,YCUOK,NA,EPCWTI,WTI Crude Oil,PF4,Spot Price FOB,RWTC,"Cushing, OK WTI Spot Price FOB (Dollars per Barrel)",86.82,$/BBL
2011-10-14,YCUOK,NA,EPCWTI,WTI Crude Oil,PF4,Spot Price FOB,RWTC,"Cushing, OK WTI Spot Price FOB (Dollars per Barrel)",85.35,$/BBL
2011-10-07,YCUOK,NA,EPCWTI,WTI Crude Oil,PF4,Spot Price FOB,RWTC,"Cushing, OK WTI Spot Price FOB (Dollars per Barrel)",79.43,$/BBL
2011-09-30,YCUOK,NA,EPCWTI,WTI Crude Oil,PF4,Spot Price FOB,RWTC,"Cushing, OK WTI Spot Price FOB (Dollars per Barrel)",81.18,$/BBL
2011-09-23,YCUOK,NA,EPCWTI,WTI Crude Oil,PF4,Spot Price FOB,RWTC,"Cushing, OK WTI Spot Price FOB (Dollars per Barrel)",83.65,$/BBL
2011-09-16,YCUOK,NA,EPCWTI,WTI Crude Oil,PF4,Spot Price FOB,RWTC,"Cushing, OK WTI Spot Price FOB (Dollars per Barrel)",88.93,$/BBL
2011-09-09,YCUOK,NA,EPCWTI,WTI Crude Oil,PF4,Spot Price FOB,RWTC,"Cushing, OK WTI Spot Price FOB (Dollars per Barrel)",87.91,$/BBL
2011-09-02,YCUOK,NA,EPCWTI,WTI Crude Oil,PF4,Spot Price FOB,RWTC,"Cushing, OK WTI Spot Price FOB (Dollars per Barrel)",88.07,$/BBL
2011-08-26,YCUOK,NA,EPCWTI,WTI Crude Oil,PF4,Spot Price FOB,RWTC,"Cushing, OK WTI Spot Price FOB (Dollars per Barrel)",85.06,$/BBL
2011-08-19,YCUOK,NA,EPCWTI,WTI Crude Oil,PF4,Spot Price FOB,RWTC,"Cushing, OK WTI Spot Price FOB (Dollars per Barrel)",85.36,$/BBL
2011-08-12,YCUOK,NA,EPCWTI,WTI Crude Oil,PF4,Spot Price FOB,RWTC,"Cushing, OK WTI Spot Price FOB (Dollars per Barrel)",82.86,$/BBL
2011-08-05,YCUOK,NA,EPCWTI,WTI Crude Oil,PF4,Spot Price FOB,RWTC,"Cushing, OK WTI Spot Price FOB (Dollars per Barrel)",90.85,$/BBL
2011-07-29,YCUOK,NA,EPCWTI,WTI Crude Oil,PF4,Spot Price FOB,RWTC,"Cushing, OK WTI Spot Price FOB (Dollars per Barrel)",97.83,$/BBL
2011-07-22,YCUOK,NA,EPCWTI,WTI Crude Oil,PF4,Spot Price FOB,RWTC,"Cushing, OK WTI Spot Price FOB (Dollars per Barrel)",98.01,$/BBL
2011-07-15,YCUOK,NA,EPCWTI,WTI Crude Oil,PF4,Spot Price FOB,RWTC,"Cushing, OK WTI Spot Price FOB (Dollars per Barrel)",96.72,$/BBL
2011-07-08,YCUOK,NA,EPCWTI,WTI Crude Oil,PF4,Spot Price FOB,RWTC,"Cushing, OK WTI Spot Price FOB (Dollars per Barrel)",97.12,$/BBL
2011-07-01,YCUOK,NA,EPCWTI,WTI Crude Oil,PF4,Spot Price FOB,RWTC,"Cushing, OK WTI Spot Price FOB (Dollars per Barrel)",93.7,$/BBL
2011-06-24,YCUOK,NA,EPCWTI,WTI Crude Oil,PF4,Spot Price FOB,RWTC,"Cushing, OK WTI Spot Price FOB (Dollars per Barrel)",92.7,$/BBL
2011-06-17,YCUOK,NA,EPCWTI,WTI Crude Oil,PF4,Spot Price FOB,RWTC,"Cushing, OK WTI Spot Price FOB (Dollars per Barrel)",95.87,$/BBL
2011-06-10,YCUOK,NA,EPCWTI,WTI Crude Oil,PF4,Spot Price FOB,RWTC,"Cushing, OK WTI Spot Price FOB (Dollars per Barrel)",100.05,$/BBL
2011-06-03,YCUOK,NA,EPCWTI,WTI Crude Oil,PF4,Spot Price FOB,RWTC,"Cushing, OK WTI Spot Price FOB (Dollars per Barrel)",100.92,$/BBL
2011-05-27,YCUOK,NA,EPCWTI,WTI Crude Oil,PF4,Spot Price FOB,RWTC,"Cushing, OK WTI Spot Price FOB (Dollars per Barrel)",99.55,$/BBL
2011-05-20,YCUOK,NA,EPCWTI,WTI Crude Oil,PF4,Spot Price FOB,RWTC,"Cushing, OK WTI Spot Price FOB (Dollars per Barrel)",97.99,$/BBL
2011-05-13,YCUOK,NA,EPCWTI,WTI Crude Oil,PF4,Spot Price FOB,RWTC,"Cushing, OK WTI Spot Price FOB (Dollars per Barrel)",99.87,$/BBL
2011-05-06,YCUOK,NA,EPCWTI,WTI Crude Oil,PF4,Spot Price FOB,RWTC,"Cushing, OK WTI Spot Price FOB (Dollars per Barrel)",105.84,$/BBL
2011-04-29,YCUOK,NA,EPCWTI,WTI Crude Oil,PF4,Spot Price FOB,RWTC,"Cushing, OK WTI Spot Price FOB (Dollars per Barrel)",112.3,$/BBL
2011-04-22,YCUOK,NA,EPCWTI,WTI Crude Oil,PF4,Spot Price FOB,RWTC,"Cushing, OK WTI Spot Price FOB (Dollars per Barrel)",109.11,$/BBL
2011-04-15,YCUOK,NA,EPCWTI,WTI Crude Oil,PF4,Spot Price FOB,RWTC,"Cushing, OK WTI Spot Price FOB (Dollars per Barrel)",107.75,$/BBL
2011-04-08,YCUOK,NA,EPCWTI,WTI Crude Oil,PF4,Spot Price FOB,RWTC,"Cushing, OK WTI Spot Price FOB (Dollars per Barrel)",109.29,$/BBL
2011-04-01,YCUOK,NA,EPCWTI,WTI Crude Oil,PF4,Spot Price FOB,RWTC,"Cushing, OK WTI Spot Price FOB (Dollars per Barrel)",105.08,$/BBL
2011-03-25,YCUOK,NA,EPCWTI,WTI Crude Oil,PF4,Spot Price FOB,RWTC,"Cushing, OK WTI Spot Price FOB (Dollars per Barrel)",104.41,$/BBL
2011-03-18,YCUOK,NA,EPCWTI,WTI Crude Oil,PF4,Spot Price FOB,RWTC,"Cushing, OK WTI Spot Price FOB (Dollars per Barrel)",99.79,$/BBL
2011-03-11,YCUOK,NA,EPCWTI,WTI Crude Oil,PF4,Spot Price FOB,RWTC,"Cushing, OK WTI Spot Price FOB (Dollars per Barrel)",103.74,$/BBL
2011-03-04,YCUOK,NA,EPCWTI,WTI Crude Oil,PF4,Spot Price FOB,RWTC,"Cushing, OK WTI Spot Price FOB (Dollars per Barrel)",101.05,$/BBL
2011-02-25,YCUOK,NA,EPCWTI,WTI Crude Oil,PF4,Spot Price FOB,RWTC,"Cushing, OK WTI Spot Price FOB (Dollars per Barrel)",95.26,$/BBL
2011-02-18,YCUOK,NA,EPCWTI,WTI Crude Oil,PF4,Spot Price FOB,RWTC,"Cushing, OK WTI Spot Price FOB (Dollars per Barrel)",84.13,$/BBL
2011-02-11,YCUOK,NA,EPCWTI,WTI Crude Oil,PF4,Spot Price FOB,RWTC,"Cushing, OK WTI Spot Price FOB (Dollars per Barrel)",85.51,$/BBL
2011-02-04,YCUOK,NA,EPCWTI,WTI Crude Oil,PF4,Spot Price FOB,RWTC,"Cushing, OK WTI Spot Price FOB (Dollars per Barrel)",89.52,$/BBL
2011-01-28,YCUOK,NA,EPCWTI,WTI Crude Oil,PF4,Spot Price FOB,RWTC,"Cushing, OK WTI Spot Price FOB (Dollars per Barrel)",86.11,$/BBL
2011-01-21,YCUOK,NA,EPCWTI,WTI Crude Oil,PF4,Spot Price FOB,RWTC,"Cushing, OK WTI Spot Price FOB (Dollars per Barrel)",89.75,$/BBL
2011-01-14,YCUOK,NA,EPCWTI,WTI Crude Oil,PF4,Spot Price FOB,RWTC,"Cushing, OK WTI Spot Price FOB (Dollars per Barrel)",91.02,$/BBL
2011-01-07,YCUOK,NA,EPCWTI,WTI Crude Oil,PF4,Spot Price FOB,RWTC,"Cushing, OK WTI Spot Price FOB (Dollars per Barrel)",89.54,$/BBL
2010-12-31,YCUOK,NA,EPCWTI,WTI Crude Oil,PF4,Spot Price FOB,RWTC,"Cushing, OK WTI Spot Price FOB (Dollars per Barrel)",90.97,$/BBL
2010-12-24,YCUOK,NA,EPCWTI,WTI Crude Oil,PF4,Spot Price FOB,RWTC,"Cushing, OK WTI Spot Price FOB (Dollars per Barrel)",89.66,$/BBL
2010-12-17,YCUOK,NA,EPCWTI,WTI Crude Oil,PF4,Spot Price FOB,RWTC,"Cushing, OK WTI Spot Price FOB (Dollars per Barrel)",88.27,$/BBL
2010-12-10,YCUOK,NA,EPCWTI,WTI Crude Oil,PF4,Spot Price FOB,RWTC,"Cushing, OK WTI Spot Price FOB (Dollars per Barrel)",88.5,$/BBL
2010-12-03,YCUOK,NA,EPCWTI,WTI Crude Oil,PF4,Spot Price FOB,RWTC,"Cushing, OK WTI Spot Price FOB (Dollars per Barrel)",86.75,$/BBL
2010-11-26,YCUOK,NA,EPCWTI,WTI Crude Oil,PF4,Spot Price FOB,RWTC,"Cushing, OK WTI Spot Price FOB (Dollars per Barrel)",82.28,$/BBL
2010-11-19,YCUOK,NA,EPCWTI,WTI Crude Oil,PF4,Spot Price FOB,RWTC,"Cushing, OK WTI Spot Price FOB (Dollars per Barrel)",82.23,$/BBL
2010-11-12,YCUOK,NA,EPCWTI,WTI Crude Oil,PF4,Spot Price FOB,RWTC,"Cushing, OK WTI Spot Price FOB (Dollars per Barrel)",86.91,$/BBL
2010-11-05,YCUOK,NA,EPCWTI,WTI Crude Oil,PF4,Spot Price FOB,RWTC,"Cushing, OK WTI Spot Price FOB (Dollars per Barrel)",84.93,$/BBL
2010-10-29,YCUOK,NA,EPCWTI,WTI Crude Oil,PF4,Spot Price FOB,RWTC,"Cushing, OK WTI Spot Price FOB (Dollars per Barrel)",82.03,$/BBL
2010-10-22,YCUOK,NA,EPCWTI,WTI Crude Oil,PF4,Spot Price FOB,RWTC,"Cushing, OK WTI Spot Price FOB (Dollars per Barrel)",81.15,$/BBL
2010-10-15,YCUOK,NA,EPCWTI,WTI Crude Oil,PF4,Spot Price FOB,RWTC,"Cushing, OK WTI Spot Price FOB (Dollars per Barrel)",82.16,$/BBL
2010-10-08,YCUOK,NA,EPCWTI,WTI Crude Oil,PF4,Spot Price FOB,RWTC,"Cushing, OK WTI Spot Price FOB (Dollars per Barrel)",82.29,$/BBL
2010-10-01,YCUOK,NA,EPCWTI,WTI Crude Oil,PF4,Spot Price FOB,RWTC,"Cushing, OK WTI Spot Price FOB (Dollars per Barrel)",78.41,$/BBL
2010-09-24,YCUOK,NA,EPCWTI,WTI Crude Oil,PF4,Spot Price FOB,RWTC,"Cushing, OK WTI Spot Price FOB (Dollars per Barrel)",73.76,$/BBL
2010-09-17,YCUOK,NA,EPCWTI,WTI Crude Oil,PF4,Spot Price FOB,RWTC,"Cushing, OK WTI Spot Price FOB (Dollars per Barrel)",75.62,$/BBL
2010-09-10,YCUOK,NA,EPCWTI,WTI Crude Oil,PF4,Spot Price FOB,RWTC,"Cushing, OK WTI Spot Price FOB (Dollars per Barrel)",74.82,$/BBL
2010-09-03,YCUOK,NA,EPCWTI,WTI Crude Oil,PF4,Spot Price FOB,RWTC,"Cushing, OK WTI Spot Price FOB (Dollars per Barrel)",74.02,$/BBL
2010-08-27,YCUOK,NA,EPCWTI,WTI Crude Oil,PF4,Spot Price FOB,RWTC,"Cushing, OK WTI Spot Price FOB (Dollars per Barrel)",72.91,$/BBL
2010-08-20,YCUOK,NA,EPCWTI,WTI Crude Oil,PF4,Spot Price FOB,RWTC,"Cushing, OK WTI Spot Price FOB (Dollars per Barrel)",74.84,$/BBL
2010-08-13,YCUOK,NA,EPCWTI,WTI Crude Oil,PF4,Spot Price FOB,RWTC,"Cushing, OK WTI Spot Price FOB (Dollars per Barrel)",78.17,$/BBL
2010-08-06,YCUOK,NA,EPCWTI,WTI Crude Oil,PF4,Spot Price FOB,RWTC,"Cushing, OK WTI Spot Price FOB (Dollars per Barrel)",81.79,$/BBL
2010-07-30,YCUOK,NA,EPCWTI,WTI Crude Oil,PF4,Spot Price FOB,RWTC,"Cushing, OK WTI Spot Price FOB (Dollars per Barrel)",78.12,$/BBL
2010-07-23,YCUOK,NA,EPCWTI,WTI Crude Oil,PF4,Spot Price FOB,RWTC,"Cushing, OK WTI Spot Price FOB (Dollars per Barrel)",77.56,$/BBL
2010-07-16,YCUOK,NA,EPCWTI,WTI Crude Oil,PF4,Spot Price FOB,RWTC,"Cushing, OK WTI Spot Price FOB (Dollars per Barrel)",76.35,$/BBL
2010-07-09,YCUOK,NA,EPCWTI,WTI Crude Oil,PF4,Spot Price FOB,RWTC,"Cushing, OK WTI Spot Price FOB (Dollars per Barrel)",74.39,$/BBL
2010-07-02,YCUOK,NA,EPCWTI,WTI Crude Oil,PF4,Spot Price FOB,RWTC,"Cushing, OK WTI Spot Price FOB (Dollars per Barrel)",74.96,$/BBL
2010-06-25,YCUOK,NA,EPCWTI,WTI Crude Oil,PF4,Spot Price FOB,RWTC,"Cushing, OK WTI Spot Price FOB (Dollars per Barrel)",77.06,$/BBL
2010-06-18,YCUOK,NA,EPCWTI,WTI Crude Oil,PF4,Spot Price FOB,RWTC,"Cushing, OK WTI Spot Price FOB (Dollars per Barrel)",76.7,$/BBL
2010-06-11,YCUOK,NA,EPCWTI,WTI Crude Oil,PF4,Spot Price FOB,RWTC,"Cushing, OK WTI Spot Price FOB (Dollars per Barrel)",73.44,$/BBL
2010-06-04,YCUOK,NA,EPCWTI,WTI Crude Oil,PF4,Spot Price FOB,RWTC,"Cushing, OK WTI Spot Price FOB (Dollars per Barrel)",72.91,$/BBL
2010-05-28,YCUOK,NA,EPCWTI,WTI Crude Oil,PF4,Spot Price FOB,RWTC,"Cushing, OK WTI Spot Price FOB (Dollars per Barrel)",70.62,$/BBL
2010-05-21,YCUOK,NA,EPCWTI,WTI Crude Oil,PF4,Spot Price FOB,RWTC,"Cushing, OK WTI Spot Price FOB (Dollars per Barrel)",69.14,$/BBL
2010-05-14,YCUOK,NA,EPCWTI,WTI Crude Oil,PF4,Spot Price FOB,RWTC,"Cushing, OK WTI Spot Price FOB (Dollars per Barrel)",74.98,$/BBL
2010-05-07,YCUOK,NA,EPCWTI,WTI Crude Oil,PF4,Spot Price FOB,RWTC,"Cushing, OK WTI Spot Price FOB (Dollars per Barrel)",80.24,$/BBL
2010-04-30,YCUOK,NA,EPCWTI,WTI Crude Oil,PF4,Spot Price FOB,RWTC,"Cushing, OK WTI Spot Price FOB (Dollars per Barrel)",84.22,$/BBL
2010-04-23,YCUOK,NA,EPCWTI,WTI Crude Oil,PF4,Spot Price FOB,RWTC,"Cushing, OK WTI Spot Price FOB (Dollars per Barrel)",82.9,$/BBL
2010-04-16,YCUOK,NA,EPCWTI,WTI Crude Oil,PF4,Spot Price FOB,RWTC,"Cushing, OK WTI Spot Price FOB (Dollars per Barrel)",84.34,$/BBL
2010-04-09,YCUOK,NA,EPCWTI,WTI Crude Oil,PF4,Spot Price FOB,RWTC,"Cushing, OK WTI Spot Price FOB (Dollars per Barrel)",85.66,$/BBL
2010-04-02,YCUOK,NA,EPCWTI,WTI Crude Oil,PF4,Spot Price FOB,RWTC,"Cushing, OK WTI Spot Price FOB (Dollars per Barrel)",83.01,$/BBL
2010-03-26,YCUOK,NA,EPCWTI,WTI Crude Oil,PF4,Spot Price FOB,RWTC,"Cushing, OK WTI Spot Price FOB (Dollars per Barrel)",80.65,$/BBL
2010-03-19,YCUOK,NA,EPCWTI,WTI Crude Oil,PF4,Spot Price FOB,RWTC,"Cushing, OK WTI Spot Price FOB (Dollars per Barrel)",81.44,$/BBL
2010-03-12,YCUOK,NA,EPCWTI,WTI Crude Oil,PF4,Spot Price FOB,RWTC,"Cushing, OK WTI Spot Price FOB (Dollars per Barrel)",81.76,$/BBL
2010-03-05,YCUOK,NA,EPCWTI,WTI Crude Oil,PF4,Spot Price FOB,RWTC,"Cushing, OK WTI Spot Price FOB (Dollars per Barrel)",80.19,$/BBL
2010-02-26,YCUOK,NA,EPCWTI,WTI Crude Oil,PF4,Spot Price FOB,RWTC,"Cushing, OK WTI Spot Price FOB (Dollars per Barrel)",79.22,$/BBL
2010-02-19,YCUOK,NA,EPCWTI,WTI Crude Oil,PF4,Spot Price FOB,RWTC,"Cushing, OK WTI Spot Price FOB (Dollars per Barrel)",78.25,$/BBL
2010-02-12,YCUOK,NA,EPCWTI,WTI Crude Oil,PF4,Spot Price FOB,RWTC,"Cushing, OK WTI Spot Price FOB (Dollars per Barrel)",73.88,$/BBL
2010-02-05,YCUOK,NA,EPCWTI,WTI Crude Oil,PF4,Spot Price FOB,RWTC,"Cushing, OK WTI Spot Price FOB (Dollars per Barrel)",74.57,$/BBL
2010-01-29,YCUOK,NA,EPCWTI,WTI Crude Oil,PF4,Spot Price FOB,RWTC,"Cushing, OK WTI Spot Price FOB (Dollars per Barrel)",73.94,$/BBL
2010-01-22,YCUOK,NA,EPCWTI,WTI Crude Oil,PF4,Spot Price FOB,RWTC,"Cushing, OK WTI Spot Price FOB (Dollars per Barrel)",76.62,$/BBL
2010-01-15,YCUOK,NA,EPCWTI,WTI Crude Oil,PF4,Spot Price FOB,RWTC,"Cushing, OK WTI Spot Price FOB (Dollars per Barrel)",80.06,$/BBL
2010-01-08,YCUOK,NA,EPCWTI,WTI Crude Oil,PF4,Spot Price FOB,RWTC,"Cushing, OK WTI Spot Price FOB (Dollars per Barrel)",82.34,$/BBL
2010-01-01,YCUOK,NA,EPCWTI,WTI Crude Oil,PF4,Spot Price FOB,RWTC,"Cushing, OK WTI Spot Price FOB (Dollars per Barrel)",79.07,$/BBL
2009-12-25,YCUOK,NA,EPCWTI,WTI Crude Oil,PF4,Spot Price FOB,RWTC,"Cushing, OK WTI Spot Price FOB (Dollars per Barrel)",74.76,$/BBL
2009-12-18,YCUOK,NA,EPCWTI,WTI Crude Oil,PF4,Spot Price FOB,RWTC,"Cushing, OK WTI Spot Price FOB (Dollars per Barrel)",71.72,$/BBL
2009-12-11,YCUOK,NA,EPCWTI,WTI Crude Oil,PF4,Spot Price FOB,RWTC,"Cushing, OK WTI Spot Price FOB (Dollars per Barrel)",71.51,$/BBL
2009-12-04,YCUOK,NA,EPCWTI,WTI Crude Oil,PF4,Spot Price FOB,RWTC,"Cushing, OK WTI Spot Price FOB (Dollars per Barrel)",76.81,$/BBL
2009-11-27,YCUOK,NA,EPCWTI,WTI Crude Oil,PF4,Spot Price FOB,RWTC,"Cushing, OK WTI Spot Price FOB (Dollars per Barrel)",76.14,$/BBL
2009-11-20,YCUOK,NA,EPCWTI,WTI Crude Oil,PF4,Spot Price FOB,RWTC,"Cushing, OK WTI Spot Price FOB (Dollars per Barrel)",78.37,$/BBL
2009-11-13,YCUOK,NA,EPCWTI,WTI Crude Oil,PF4,Spot Price FOB,RWTC,"Cushing, OK WTI Spot Price FOB (Dollars per Barrel)",78.24,$/BBL
2009-11-06,YCUOK,NA,EPCWTI,WTI Crude Oil,PF4,Spot Price FOB,RWTC,"Cushing, OK WTI Spot Price FOB (Dollars per Barrel)",79,$/BBL
2009-10-30,YCUOK,NA,EPCWTI,WTI Crude Oil,PF4,Spot Price FOB,RWTC,"Cushing, OK WTI Spot Price FOB (Dollars per Barrel)",78.47,$/BBL
2009-10-23,YCUOK,NA,EPCWTI,WTI Crude Oil,PF4,Spot Price FOB,RWTC,"Cushing, OK WTI Spot Price FOB (Dollars per Barrel)",80.06,$/BBL
2009-10-16,YCUOK,NA,EPCWTI,WTI Crude Oil,PF4,Spot Price FOB,RWTC,"Cushing, OK WTI Spot Price FOB (Dollars per Barrel)",75.73,$/BBL
2009-10-09,YCUOK,NA,EPCWTI,WTI Crude Oil,PF4,Spot Price FOB,RWTC,"Cushing, OK WTI Spot Price FOB (Dollars per Barrel)",70.8,$/BBL
2009-10-02,YCUOK,NA,EPCWTI,WTI Crude Oil,PF4,Spot Price FOB,RWTC,"Cushing, OK WTI Spot Price FOB (Dollars per Barrel)",68.84,$/BBL
2009-09-25,YCUOK,NA,EPCWTI,WTI Crude Oil,PF4,Spot Price FOB,RWTC,"Cushing, OK WTI Spot Price FOB (Dollars per Barrel)",68.33,$/BBL
2009-09-18,YCUOK,NA,EPCWTI,WTI Crude Oil,PF4,Spot Price FOB,RWTC,"Cushing, OK WTI Spot Price FOB (Dollars per Barrel)",71.32,$/BBL
2009-09-11,YCUOK,NA,EPCWTI,WTI Crude Oil,PF4,Spot Price FOB,RWTC,"Cushing, OK WTI Spot Price FOB (Dollars per Barrel)",70.91,$/BBL
2009-09-04,YCUOK,NA,EPCWTI,WTI Crude Oil,PF4,Spot Price FOB,RWTC,"Cushing, OK WTI Spot Price FOB (Dollars per Barrel)",68.39,$/BBL
2009-08-28,YCUOK,NA,EPCWTI,WTI Crude Oil,PF4,Spot Price FOB,RWTC,"Cushing, OK WTI Spot Price FOB (Dollars per Barrel)",72.37,$/BBL
2009-08-21,YCUOK,NA,EPCWTI,WTI Crude Oil,PF4,Spot Price FOB,RWTC,"Cushing, OK WTI Spot Price FOB (Dollars per Barrel)",70.8,$/BBL
2009-08-14,YCUOK,NA,EPCWTI,WTI Crude Oil,PF4,Spot Price FOB,RWTC,"Cushing, OK WTI Spot Price FOB (Dollars per Barrel)",69.64,$/BBL
2009-08-07,YCUOK,NA,EPCWTI,WTI Crude Oil,PF4,Spot Price FOB,RWTC,"Cushing, OK WTI Spot Price FOB (Dollars per Barrel)",71.58,$/BBL
2009-07-31,YCUOK,NA,EPCWTI,WTI Crude Oil,PF4,Spot Price FOB,RWTC,"Cushing, OK WTI Spot Price FOB (Dollars per Barrel)",67.03,$/BBL
2009-07-24,YCUOK,NA,EPCWTI,WTI Crude Oil,PF4,Spot Price FOB,RWTC,"Cushing, OK WTI Spot Price FOB (Dollars per Barrel)",65.28,$/BBL
2009-07-17,YCUOK,NA,EPCWTI,WTI Crude Oil,PF4,Spot Price FOB,RWTC,"Cushing, OK WTI Spot Price FOB (Dollars per Barrel)",61.29,$/BBL
2009-07-10,YCUOK,NA,EPCWTI,WTI Crude Oil,PF4,Spot Price FOB,RWTC,"Cushing, OK WTI Spot Price FOB (Dollars per Barrel)",61.48,$/BBL
2009-07-03,YCUOK,NA,EPCWTI,WTI Crude Oil,PF4,Spot Price FOB,RWTC,"Cushing, OK WTI Spot Price FOB (Dollars per Barrel)",69.32,$/BBL
2009-06-26,YCUOK,NA,EPCWTI,WTI Crude Oil,PF4,Spot Price FOB,RWTC,"Cushing, OK WTI Spot Price FOB (Dollars per Barrel)",68.58,$/BBL
2009-06-19,YCUOK,NA,EPCWTI,WTI Crude Oil,PF4,Spot Price FOB,RWTC,"Cushing, OK WTI Spot Price FOB (Dollars per Barrel)",70.62,$/BBL
2009-06-12,YCUOK,NA,EPCWTI,WTI Crude Oil,PF4,Spot Price FOB,RWTC,"Cushing, OK WTI Spot Price FOB (Dollars per Barrel)",70.85,$/BBL
2009-06-05,YCUOK,NA,EPCWTI,WTI Crude Oil,PF4,Spot Price FOB,RWTC,"Cushing, OK WTI Spot Price FOB (Dollars per Barrel)",68.11,$/BBL
2009-05-29,YCUOK,NA,EPCWTI,WTI Crude Oil,PF4,Spot Price FOB,RWTC,"Cushing, OK WTI Spot Price FOB (Dollars per Barrel)",64.32,$/BBL
2009-05-22,YCUOK,NA,EPCWTI,WTI Crude Oil,PF4,Spot Price FOB,RWTC,"Cushing, OK WTI Spot Price FOB (Dollars per Barrel)",60.32,$/BBL
2009-05-15,YCUOK,NA,EPCWTI,WTI Crude Oil,PF4,Spot Price FOB,RWTC,"Cushing, OK WTI Spot Price FOB (Dollars per Barrel)",57.94,$/BBL
2009-05-08,YCUOK,NA,EPCWTI,WTI Crude Oil,PF4,Spot Price FOB,RWTC,"Cushing, OK WTI Spot Price FOB (Dollars per Barrel)",55.96,$/BBL
2009-05-01,YCUOK,NA,EPCWTI,WTI Crude Oil,PF4,Spot Price FOB,RWTC,"Cushing, OK WTI Spot Price FOB (Dollars per Barrel)",50.2,$/BBL
2009-04-24,YCUOK,NA,EPCWTI,WTI Crude Oil,PF4,Spot Price FOB,RWTC,"Cushing, OK WTI Spot Price FOB (Dollars per Barrel)",47.8,$/BBL
2009-04-17,YCUOK,NA,EPCWTI,WTI Crude Oil,PF4,Spot Price FOB,RWTC,"Cushing, OK WTI Spot Price FOB (Dollars per Barrel)",49.86,$/BBL
2009-04-10,YCUOK,NA,EPCWTI,WTI Crude Oil,PF4,Spot Price FOB,RWTC,"Cushing, OK WTI Spot Price FOB (Dollars per Barrel)",50.46,$/BBL
2009-04-03,YCUOK,NA,EPCWTI,WTI Crude Oil,PF4,Spot Price FOB,RWTC,"Cushing, OK WTI Spot Price FOB (Dollars per Barrel)",50.34,$/BBL
2009-03-27,YCUOK,NA,EPCWTI,WTI Crude Oil,PF4,Spot Price FOB,RWTC,"Cushing, OK WTI Spot Price FOB (Dollars per Barrel)",52.99,$/BBL
2009-03-20,YCUOK,NA,EPCWTI,WTI Crude Oil,PF4,Spot Price FOB,RWTC,"Cushing, OK WTI Spot Price FOB (Dollars per Barrel)",49.49,$/BBL
2009-03-13,YCUOK,NA,EPCWTI,WTI Crude Oil,PF4,Spot Price FOB,RWTC,"Cushing, OK WTI Spot Price FOB (Dollars per Barrel)",45.66,$/BBL
2009-03-06,YCUOK,NA,EPCWTI,WTI Crude Oil,PF4,Spot Price FOB,RWTC,"Cushing, OK WTI Spot Price FOB (Dollars per Barrel)",43.18,$/BBL
2009-02-27,YCUOK,NA,EPCWTI,WTI Crude Oil,PF4,Spot Price FOB,RWTC,"Cushing, OK WTI Spot Price FOB (Dollars per Barrel)",41.1,$/BBL
2009-02-20,YCUOK,NA,EPCWTI,WTI Crude Oil,PF4,Spot Price FOB,RWTC,"Cushing, OK WTI Spot Price FOB (Dollars per Barrel)",37.15,$/BBL
2009-02-13,YCUOK,NA,EPCWTI,WTI Crude Oil,PF4,Spot Price FOB,RWTC,"Cushing, OK WTI Spot Price FOB (Dollars per Barrel)",36.94,$/BBL
2009-02-06,YCUOK,NA,EPCWTI,WTI Crude Oil,PF4,Spot Price FOB,RWTC,"Cushing, OK WTI Spot Price FOB (Dollars per Barrel)",40.78,$/BBL
2009-01-30,YCUOK,NA,EPCWTI,WTI Crude Oil,PF4,Spot Price FOB,RWTC,"Cushing, OK WTI Spot Price FOB (Dollars per Barrel)",42.7,$/BBL
2009-01-23,YCUOK,NA,EPCWTI,WTI Crude Oil,PF4,Spot Price FOB,RWTC,"Cushing, OK WTI Spot Price FOB (Dollars per Barrel)",42.15,$/BBL
2009-01-16,YCUOK,NA,EPCWTI,WTI Crude Oil,PF4,Spot Price FOB,RWTC,"Cushing, OK WTI Spot Price FOB (Dollars per Barrel)",36.73,$/BBL
2009-01-09,YCUOK,NA,EPCWTI,WTI Crude Oil,PF4,Spot Price FOB,RWTC,"Cushing, OK WTI Spot Price FOB (Dollars per Barrel)",44.46,$/BBL
2009-01-02,YCUOK,NA,EPCWTI,WTI Crude Oil,PF4,Spot Price FOB,RWTC,"Cushing, OK WTI Spot Price FOB (Dollars per Barrel)",42.4,$/BBL
2008-12-26,YCUOK,NA,EPCWTI,WTI Crude Oil,PF4,Spot Price FOB,RWTC,"Cushing, OK WTI Spot Price FOB (Dollars per Barrel)",32.98,$/BBL
2008-12-19,YCUOK,NA,EPCWTI,WTI Crude Oil,PF4,Spot Price FOB,RWTC,"Cushing, OK WTI Spot Price FOB (Dollars per Barrel)",39.7,$/BBL
2008-12-12,YCUOK,NA,EPCWTI,WTI Crude Oil,PF4,Spot Price FOB,RWTC,"Cushing, OK WTI Spot Price FOB (Dollars per Barrel)",44.57,$/BBL
2008-12-05,YCUOK,NA,EPCWTI,WTI Crude Oil,PF4,Spot Price FOB,RWTC,"Cushing, OK WTI Spot Price FOB (Dollars per Barrel)",45.6,$/BBL
2008-11-28,YCUOK,NA,EPCWTI,WTI Crude Oil,PF4,Spot Price FOB,RWTC,"Cushing, OK WTI Spot Price FOB (Dollars per Barrel)",53.27,$/BBL
2008-11-21,YCUOK,NA,EPCWTI,WTI Crude Oil,PF4,Spot Price FOB,RWTC,"Cushing, OK WTI Spot Price FOB (Dollars per Barrel)",52.26,$/BBL
2008-11-14,YCUOK,NA,EPCWTI,WTI Crude Oil,PF4,Spot Price FOB,RWTC,"Cushing, OK WTI Spot Price FOB (Dollars per Barrel)",58.6,$/BBL
2008-11-07,YCUOK,NA,EPCWTI,WTI Crude Oil,PF4,Spot Price FOB,RWTC,"Cushing, OK WTI Spot Price FOB (Dollars per Barrel)",64.31,$/BBL
2008-10-31,YCUOK,NA,EPCWTI,WTI Crude Oil,PF4,Spot Price FOB,RWTC,"Cushing, OK WTI Spot Price FOB (Dollars per Barrel)",65.21,$/BBL
2008-10-24,YCUOK,NA,EPCWTI,WTI Crude Oil,PF4,Spot Price FOB,RWTC,"Cushing, OK WTI Spot Price FOB (Dollars per Barrel)",68.56,$/BBL
2008-10-17,YCUOK,NA,EPCWTI,WTI Crude Oil,PF4,Spot Price FOB,RWTC,"Cushing, OK WTI Spot Price FOB (Dollars per Barrel)",75.19,$/BBL
2008-10-10,YCUOK,NA,EPCWTI,WTI Crude Oil,PF4,Spot Price FOB,RWTC,"Cushing, OK WTI Spot Price FOB (Dollars per Barrel)",86.24,$/BBL
2008-10-03,YCUOK,NA,EPCWTI,WTI Crude Oil,PF4,Spot Price FOB,RWTC,"Cushing, OK WTI Spot Price FOB (Dollars per Barrel)",96.59,$/BBL
2008-09-26,YCUOK,NA,EPCWTI,WTI Crude Oil,PF4,Spot Price FOB,RWTC,"Cushing, OK WTI Spot Price FOB (Dollars per Barrel)",111.12,$/BBL
2008-09-19,YCUOK,NA,EPCWTI,WTI Crude Oil,PF4,Spot Price FOB,RWTC,"Cushing, OK WTI Spot Price FOB (Dollars per Barrel)",97.19,$/BBL
2008-09-12,YCUOK,NA,EPCWTI,WTI Crude Oil,PF4,Spot Price FOB,RWTC,"Cushing, OK WTI Spot Price FOB (Dollars per Barrel)",102.88,$/BBL
2008-09-05,YCUOK,NA,EPCWTI,WTI Crude Oil,PF4,Spot Price FOB,RWTC,"Cushing, OK WTI Spot Price FOB (Dollars per Barrel)",108.37,$/BBL
2008-08-29,YCUOK,NA,EPCWTI,WTI Crude Oil,PF4,Spot Price FOB,RWTC,"Cushing, OK WTI Spot Price FOB (Dollars per Barrel)",116.09,$/BBL
2008-08-22,YCUOK,NA,EPCWTI,WTI Crude Oil,PF4,Spot Price FOB,RWTC,"Cushing, OK WTI Spot Price FOB (Dollars per Barrel)",115.7,$/BBL
2008-08-15,YCUOK,NA,EPCWTI,WTI Crude Oil,PF4,Spot Price FOB,RWTC,"Cushing, OK WTI Spot Price FOB (Dollars per Barrel)",114.4,$/BBL
2008-08-08,YCUOK,NA,EPCWTI,WTI Crude Oil,PF4,Spot Price FOB,RWTC,"Cushing, OK WTI Spot Price FOB (Dollars per Barrel)",118.8,$/BBL
2008-08-01,YCUOK,NA,EPCWTI,WTI Crude Oil,PF4,Spot Price FOB,RWTC,"Cushing, OK WTI Spot Price FOB (Dollars per Barrel)",124.57,$/BBL
2008-07-25,YCUOK,NA,EPCWTI,WTI Crude Oil,PF4,Spot Price FOB,RWTC,"Cushing, OK WTI Spot Price FOB (Dollars per Barrel)",125.92,$/BBL
2008-07-18,YCUOK,NA,EPCWTI,WTI Crude Oil,PF4,Spot Price FOB,RWTC,"Cushing, OK WTI Spot Price FOB (Dollars per Barrel)",135.37,$/BBL
2008-07-11,YCUOK,NA,EPCWTI,WTI Crude Oil,PF4,Spot Price FOB,RWTC,"Cushing, OK WTI Spot Price FOB (Dollars per Barrel)",139.95,$/BBL
2008-07-04,YCUOK,NA,EPCWTI,WTI Crude Oil,PF4,Spot Price FOB,RWTC,"Cushing, OK WTI Spot Price FOB (Dollars per Barrel)",142.52,$/BBL
2008-06-27,YCUOK,NA,EPCWTI,WTI Crude Oil,PF4,Spot Price FOB,RWTC,"Cushing, OK WTI Spot Price FOB (Dollars per Barrel)",137,$/BBL
2008-06-20,YCUOK,NA,EPCWTI,WTI Crude Oil,PF4,Spot Price FOB,RWTC,"Cushing, OK WTI Spot Price FOB (Dollars per Barrel)",134.34,$/BBL
2008-06-13,YCUOK,NA,EPCWTI,WTI Crude Oil,PF4,Spot Price FOB,RWTC,"Cushing, OK WTI Spot Price FOB (Dollars per Barrel)",134.8,$/BBL
2008-06-06,YCUOK,NA,EPCWTI,WTI Crude Oil,PF4,Spot Price FOB,RWTC,"Cushing, OK WTI Spot Price FOB (Dollars per Barrel)",128.16,$/BBL
2008-05-30,YCUOK,NA,EPCWTI,WTI Crude Oil,PF4,Spot Price FOB,RWTC,"Cushing, OK WTI Spot Price FOB (Dollars per Barrel)",128.47,$/BBL
2008-05-23,YCUOK,NA,EPCWTI,WTI Crude Oil,PF4,Spot Price FOB,RWTC,"Cushing, OK WTI Spot Price FOB (Dollars per Barrel)",130.14,$/BBL
2008-05-16,YCUOK,NA,EPCWTI,WTI Crude Oil,PF4,Spot Price FOB,RWTC,"Cushing, OK WTI Spot Price FOB (Dollars per Barrel)",124.96,$/BBL
2008-05-09,YCUOK,NA,EPCWTI,WTI Crude Oil,PF4,Spot Price FOB,RWTC,"Cushing, OK WTI Spot Price FOB (Dollars per Barrel)",123.01,$/BBL
2008-05-02,YCUOK,NA,EPCWTI,WTI Crude Oil,PF4,Spot Price FOB,RWTC,"Cushing, OK WTI Spot Price FOB (Dollars per Barrel)",115.42,$/BBL
2008-04-25,YCUOK,NA,EPCWTI,WTI Crude Oil,PF4,Spot Price FOB,RWTC,"Cushing, OK WTI Spot Price FOB (Dollars per Barrel)",118.53,$/BBL
2008-04-18,YCUOK,NA,EPCWTI,WTI Crude Oil,PF4,Spot Price FOB,RWTC,"Cushing, OK WTI Spot Price FOB (Dollars per Barrel)",114.33,$/BBL
2008-04-11,YCUOK,NA,EPCWTI,WTI Crude Oil,PF4,Spot Price FOB,RWTC,"Cushing, OK WTI Spot Price FOB (Dollars per Barrel)",109.71,$/BBL
2008-04-04,YCUOK,NA,EPCWTI,WTI Crude Oil,PF4,Spot Price FOB,RWTC,"Cushing, OK WTI Spot Price FOB (Dollars per Barrel)",103.46,$/BBL
2008-03-28,YCUOK,NA,EPCWTI,WTI Crude Oil,PF4,Spot Price FOB,RWTC,"Cushing, OK WTI Spot Price FOB (Dollars per Barrel)",104.49,$/BBL
2008-03-21,YCUOK,NA,EPCWTI,WTI Crude Oil,PF4,Spot Price FOB,RWTC,"Cushing, OK WTI Spot Price FOB (Dollars per Barrel)",105.28,$/BBL
2008-03-14,YCUOK,NA,EPCWTI,WTI Crude Oil,PF4,Spot Price FOB,RWTC,"Cushing, OK WTI Spot Price FOB (Dollars per Barrel)",109.35,$/BBL
2008-03-07,YCUOK,NA,EPCWTI,WTI Crude Oil,PF4,Spot Price FOB,RWTC,"Cushing, OK WTI Spot Price FOB (Dollars per Barrel)",103.44,$/BBL
2008-02-29,YCUOK,NA,EPCWTI,WTI Crude Oil,PF4,Spot Price FOB,RWTC,"Cushing, OK WTI Spot Price FOB (Dollars per Barrel)",100.84,$/BBL
2008-02-22,YCUOK,NA,EPCWTI,WTI Crude Oil,PF4,Spot Price FOB,RWTC,"Cushing, OK WTI Spot Price FOB (Dollars per Barrel)",99.61,$/BBL
2008-02-15,YCUOK,NA,EPCWTI,WTI Crude Oil,PF4,Spot Price FOB,RWTC,"Cushing, OK WTI Spot Price FOB (Dollars per Barrel)",94.13,$/BBL
2008-02-08,YCUOK,NA,EPCWTI,WTI Crude Oil,PF4,Spot Price FOB,RWTC,"Cushing, OK WTI Spot Price FOB (Dollars per Barrel)",89.08,$/BBL
2008-02-01,YCUOK,NA,EPCWTI,WTI Crude Oil,PF4,Spot Price FOB,RWTC,"Cushing, OK WTI Spot Price FOB (Dollars per Barrel)",91.14,$/BBL
2008-01-25,YCUOK,NA,EPCWTI,WTI Crude Oil,PF4,Spot Price FOB,RWTC,"Cushing, OK WTI Spot Price FOB (Dollars per Barrel)",89.41,$/BBL
2008-01-18,YCUOK,NA,EPCWTI,WTI Crude Oil,PF4,Spot Price FOB,RWTC,"Cushing, OK WTI Spot Price FOB (Dollars per Barrel)",91.51,$/BBL
2008-01-11,YCUOK,NA,EPCWTI,WTI Crude Oil,PF4,Spot Price FOB,RWTC,"Cushing, OK WTI Spot Price FOB (Dollars per Barrel)",94.76,$/BBL
2008-01-04,YCUOK,NA,EPCWTI,WTI Crude Oil,PF4,Spot Price FOB,RWTC,"Cushing, OK WTI Spot Price FOB (Dollars per Barrel)",98.17,$/BBL
2007-12-28,YCUOK,NA,EPCWTI,WTI Crude Oil,PF4,Spot Price FOB,RWTC,"Cushing, OK WTI Spot Price FOB (Dollars per Barrel)",95.64,$/BBL
2007-12-21,YCUOK,NA,EPCWTI,WTI Crude Oil,PF4,Spot Price FOB,RWTC,"Cushing, OK WTI Spot Price FOB (Dollars per Barrel)",91.16,$/BBL
2007-12-14,YCUOK,NA,EPCWTI,WTI Crude Oil,PF4,Spot Price FOB,RWTC,"Cushing, OK WTI Spot Price FOB (Dollars per Barrel)",91.18,$/BBL
2007-12-07,YCUOK,NA,EPCWTI,WTI Crude Oil,PF4,Spot Price FOB,RWTC,"Cushing, OK WTI Spot Price FOB (Dollars per Barrel)",88.71,$/BBL
2007-11-30,YCUOK,NA,EPCWTI,WTI Crude Oil,PF4,Spot Price FOB,RWTC,"Cushing, OK WTI Spot Price FOB (Dollars per Barrel)",92.47,$/BBL
2007-11-23,YCUOK,NA,EPCWTI,WTI Crude Oil,PF4,Spot Price FOB,RWTC,"Cushing, OK WTI Spot Price FOB (Dollars per Barrel)",97.93,$/BBL
2007-11-16,YCUOK,NA,EPCWTI,WTI Crude Oil,PF4,Spot Price FOB,RWTC,"Cushing, OK WTI Spot Price FOB (Dollars per Barrel)",93.56,$/BBL
2007-11-09,YCUOK,NA,EPCWTI,WTI Crude Oil,PF4,Spot Price FOB,RWTC,"Cushing, OK WTI Spot Price FOB (Dollars per Barrel)",95.81,$/BBL
2007-11-02,YCUOK,NA,EPCWTI,WTI Crude Oil,PF4,Spot Price FOB,RWTC,"Cushing, OK WTI Spot Price FOB (Dollars per Barrel)",93.46,$/BBL
2007-10-26,YCUOK,NA,EPCWTI,WTI Crude Oil,PF4,Spot Price FOB,RWTC,"Cushing, OK WTI Spot Price FOB (Dollars per Barrel)",89.23,$/BBL
2007-10-19,YCUOK,NA,EPCWTI,WTI Crude Oil,PF4,Spot Price FOB,RWTC,"Cushing, OK WTI Spot Price FOB (Dollars per Barrel)",87.8,$/BBL
2007-10-12,YCUOK,NA,EPCWTI,WTI Crude Oil,PF4,Spot Price FOB,RWTC,"Cushing, OK WTI Spot Price FOB (Dollars per Barrel)",81.46,$/BBL
2007-10-05,YCUOK,NA,EPCWTI,WTI Crude Oil,PF4,Spot Price FOB,RWTC,"Cushing, OK WTI Spot Price FOB (Dollars per Barrel)",80.59,$/BBL
2007-09-28,YCUOK,NA,EPCWTI,WTI Crude Oil,PF4,Spot Price FOB,RWTC,"Cushing, OK WTI Spot Price FOB (Dollars per Barrel)",81.7,$/BBL
2007-09-21,YCUOK,NA,EPCWTI,WTI Crude Oil,PF4,Spot Price FOB,RWTC,"Cushing, OK WTI Spot Price FOB (Dollars per Barrel)",82.26,$/BBL
2007-09-14,YCUOK,NA,EPCWTI,WTI Crude Oil,PF4,Spot Price FOB,RWTC,"Cushing, OK WTI Spot Price FOB (Dollars per Barrel)",78.95,$/BBL
2007-09-07,YCUOK,NA,EPCWTI,WTI Crude Oil,PF4,Spot Price FOB,RWTC,"Cushing, OK WTI Spot Price FOB (Dollars per Barrel)",75.96,$/BBL
2007-08-31,YCUOK,NA,EPCWTI,WTI Crude Oil,PF4,Spot Price FOB,RWTC,"Cushing, OK WTI Spot Price FOB (Dollars per Barrel)",72.93,$/BBL
2007-08-24,YCUOK,NA,EPCWTI,WTI Crude Oil,PF4,Spot Price FOB,RWTC,"Cushing, OK WTI Spot Price FOB (Dollars per Barrel)",70.19,$/BBL
2007-08-17,YCUOK,NA,EPCWTI,WTI Crude Oil,PF4,Spot Price FOB,RWTC,"Cushing, OK WTI Spot Price FOB (Dollars per Barrel)",72.05,$/BBL
2007-08-10,YCUOK,NA,EPCWTI,WTI Crude Oil,PF4,Spot Price FOB,RWTC,"Cushing, OK WTI Spot Price FOB (Dollars per Barrel)",71.92,$/BBL
2007-08-03,YCUOK,NA,EPCWTI,WTI Crude Oil,PF4,Spot Price FOB,RWTC,"Cushing, OK WTI Spot Price FOB (Dollars per Barrel)",76.75,$/BBL
2007-07-27,YCUOK,NA,EPCWTI,WTI Crude Oil,PF4,Spot Price FOB,RWTC,"Cushing, OK WTI Spot Price FOB (Dollars per Barrel)",75.15,$/BBL
2007-07-20,YCUOK,NA,EPCWTI,WTI Crude Oil,PF4,Spot Price FOB,RWTC,"Cushing, OK WTI Spot Price FOB (Dollars per Barrel)",74.92,$/BBL
2007-07-13,YCUOK,NA,EPCWTI,WTI Crude Oil,PF4,Spot Price FOB,RWTC,"Cushing, OK WTI Spot Price FOB (Dollars per Barrel)",72.79,$/BBL
2007-07-06,YCUOK,NA,EPCWTI,WTI Crude Oil,PF4,Spot Price FOB,RWTC,"Cushing, OK WTI Spot Price FOB (Dollars per Barrel)",71.78,$/BBL
2007-06-29,YCUOK,NA,EPCWTI,WTI Crude Oil,PF4,Spot Price FOB,RWTC,"Cushing, OK WTI Spot Price FOB (Dollars per Barrel)",69.13,$/BBL
2007-06-22,YCUOK,NA,EPCWTI,WTI Crude Oil,PF4,Spot Price FOB,RWTC,"Cushing, OK WTI Spot Price FOB (Dollars per Barrel)",68.78,$/BBL
2007-06-15,YCUOK,NA,EPCWTI,WTI Crude Oil,PF4,Spot Price FOB,RWTC,"Cushing, OK WTI Spot Price FOB (Dollars per Barrel)",66.62,$/BBL
2007-06-08,YCUOK,NA,EPCWTI,WTI Crude Oil,PF4,Spot Price FOB,RWTC,"Cushing, OK WTI Spot Price FOB (Dollars per Barrel)",65.9,$/BBL
2007-06-01,YCUOK,NA,EPCWTI,WTI Crude Oil,PF4,Spot Price FOB,RWTC,"Cushing, OK WTI Spot Price FOB (Dollars per Barrel)",63.94,$/BBL
2007-05-25,YCUOK,NA,EPCWTI,WTI Crude Oil,PF4,Spot Price FOB,RWTC,"Cushing, OK WTI Spot Price FOB (Dollars per Barrel)",64.89,$/BBL
2007-05-18,YCUOK,NA,EPCWTI,WTI Crude Oil,PF4,Spot Price FOB,RWTC,"Cushing, OK WTI Spot Price FOB (Dollars per Barrel)",63.61,$/BBL
2007-05-11,YCUOK,NA,EPCWTI,WTI Crude Oil,PF4,Spot Price FOB,RWTC,"Cushing, OK WTI Spot Price FOB (Dollars per Barrel)",61.9,$/BBL
2007-05-04,YCUOK,NA,EPCWTI,WTI Crude Oil,PF4,Spot Price FOB,RWTC,"Cushing, OK WTI Spot Price FOB (Dollars per Barrel)",63.82,$/BBL
2007-04-27,YCUOK,NA,EPCWTI,WTI Crude Oil,PF4,Spot Price FOB,RWTC,"Cushing, OK WTI Spot Price FOB (Dollars per Barrel)",65.26,$/BBL
2007-04-20,YCUOK,NA,EPCWTI,WTI Crude Oil,PF4,Spot Price FOB,RWTC,"Cushing, OK WTI Spot Price FOB (Dollars per Barrel)",63.06,$/BBL
2007-04-13,YCUOK,NA,EPCWTI,WTI Crude Oil,PF4,Spot Price FOB,RWTC,"Cushing, OK WTI Spot Price FOB (Dollars per Barrel)",62.58,$/BBL
2007-04-06,YCUOK,NA,EPCWTI,WTI Crude Oil,PF4,Spot Price FOB,RWTC,"Cushing, OK WTI Spot Price FOB (Dollars per Barrel)",64.82,$/BBL
2007-03-30,YCUOK,NA,EPCWTI,WTI Crude Oil,PF4,Spot Price FOB,RWTC,"Cushing, OK WTI Spot Price FOB (Dollars per Barrel)",64.18,$/BBL
2007-03-23,YCUOK,NA,EPCWTI,WTI Crude Oil,PF4,Spot Price FOB,RWTC,"Cushing, OK WTI Spot Price FOB (Dollars per Barrel)",58.26,$/BBL
2007-03-16,YCUOK,NA,EPCWTI,WTI Crude Oil,PF4,Spot Price FOB,RWTC,"Cushing, OK WTI Spot Price FOB (Dollars per Barrel)",57.94,$/BBL
2007-03-09,YCUOK,NA,EPCWTI,WTI Crude Oil,PF4,Spot Price FOB,RWTC,"Cushing, OK WTI Spot Price FOB (Dollars per Barrel)",60.85,$/BBL
2007-03-02,YCUOK,NA,EPCWTI,WTI Crude Oil,PF4,Spot Price FOB,RWTC,"Cushing, OK WTI Spot Price FOB (Dollars per Barrel)",61.64,$/BBL
2007-02-23,YCUOK,NA,EPCWTI,WTI Crude Oil,PF4,Spot Price FOB,RWTC,"Cushing, OK WTI Spot Price FOB (Dollars per Barrel)",59.57,$/BBL
2007-02-16,YCUOK,NA,EPCWTI,WTI Crude Oil,PF4,Spot Price FOB,RWTC,"Cushing, OK WTI Spot Price FOB (Dollars per Barrel)",58.41,$/BBL
2007-02-09,YCUOK,NA,EPCWTI,WTI Crude Oil,PF4,Spot Price FOB,RWTC,"Cushing, OK WTI Spot Price FOB (Dollars per Barrel)",58.99,$/BBL
2007-02-02,YCUOK,NA,EPCWTI,WTI Crude Oil,PF4,Spot Price FOB,RWTC,"Cushing, OK WTI Spot Price FOB (Dollars per Barrel)",57.11,$/BBL
2007-01-26,YCUOK,NA,EPCWTI,WTI Crude Oil,PF4,Spot Price FOB,RWTC,"Cushing, OK WTI Spot Price FOB (Dollars per Barrel)",53.57,$/BBL
2007-01-19,YCUOK,NA,EPCWTI,WTI Crude Oil,PF4,Spot Price FOB,RWTC,"Cushing, OK WTI Spot Price FOB (Dollars per Barrel)",51.51,$/BBL
2007-01-12,YCUOK,NA,EPCWTI,WTI Crude Oil,PF4,Spot Price FOB,RWTC,"Cushing, OK WTI Spot Price FOB (Dollars per Barrel)",54.11,$/BBL
2007-01-05,YCUOK,NA,EPCWTI,WTI Crude Oil,PF4,Spot Price FOB,RWTC,"Cushing, OK WTI Spot Price FOB (Dollars per Barrel)",57.76,$/BBL
2006-12-29,YCUOK,NA,EPCWTI,WTI Crude Oil,PF4,Spot Price FOB,RWTC,"Cushing, OK WTI Spot Price FOB (Dollars per Barrel)",60.66,$/BBL
2006-12-22,YCUOK,NA,EPCWTI,WTI Crude Oil,PF4,Spot Price FOB,RWTC,"Cushing, OK WTI Spot Price FOB (Dollars per Barrel)",62.4,$/BBL
2006-12-15,YCUOK,NA,EPCWTI,WTI Crude Oil,PF4,Spot Price FOB,RWTC,"Cushing, OK WTI Spot Price FOB (Dollars per Barrel)",61.91,$/BBL
2006-12-08,YCUOK,NA,EPCWTI,WTI Crude Oil,PF4,Spot Price FOB,RWTC,"Cushing, OK WTI Spot Price FOB (Dollars per Barrel)",62.32,$/BBL
2006-12-01,YCUOK,NA,EPCWTI,WTI Crude Oil,PF4,Spot Price FOB,RWTC,"Cushing, OK WTI Spot Price FOB (Dollars per Barrel)",62.02,$/BBL
2006-11-24,YCUOK,NA,EPCWTI,WTI Crude Oil,PF4,Spot Price FOB,RWTC,"Cushing, OK WTI Spot Price FOB (Dollars per Barrel)",57.24,$/BBL
2006-11-17,YCUOK,NA,EPCWTI,WTI Crude Oil,PF4,Spot Price FOB,RWTC,"Cushing, OK WTI Spot Price FOB (Dollars per Barrel)",57.56,$/BBL
2006-11-10,YCUOK,NA,EPCWTI,WTI Crude Oil,PF4,Spot Price FOB,RWTC,"Cushing, OK WTI Spot Price FOB (Dollars per Barrel)",59.96,$/BBL
2006-11-03,YCUOK,NA,EPCWTI,WTI Crude Oil,PF4,Spot Price FOB,RWTC,"Cushing, OK WTI Spot Price FOB (Dollars per Barrel)",58.55,$/BBL
2006-10-27,YCUOK,NA,EPCWTI,WTI Crude Oil,PF4,Spot Price FOB,RWTC,"Cushing, OK WTI Spot Price FOB (Dollars per Barrel)",58.88,$/BBL
2006-10-20,YCUOK,NA,EPCWTI,WTI Crude Oil,PF4,Spot Price FOB,RWTC,"Cushing, OK WTI Spot Price FOB (Dollars per Barrel)",58.48,$/BBL
2006-10-13,YCUOK,NA,EPCWTI,WTI Crude Oil,PF4,Spot Price FOB,RWTC,"Cushing, OK WTI Spot Price FOB (Dollars per Barrel)",58.58,$/BBL
2006-10-06,YCUOK,NA,EPCWTI,WTI Crude Oil,PF4,Spot Price FOB,RWTC,"Cushing, OK WTI Spot Price FOB (Dollars per Barrel)",59.77,$/BBL
2006-09-29,YCUOK,NA,EPCWTI,WTI Crude Oil,PF4,Spot Price FOB,RWTC,"Cushing, OK WTI Spot Price FOB (Dollars per Barrel)",61.94,$/BBL
2006-09-22,YCUOK,NA,EPCWTI,WTI Crude Oil,PF4,Spot Price FOB,RWTC,"Cushing, OK WTI Spot Price FOB (Dollars per Barrel)",61.4,$/BBL
2006-09-15,YCUOK,NA,EPCWTI,WTI Crude Oil,PF4,Spot Price FOB,RWTC,"Cushing, OK WTI Spot Price FOB (Dollars per Barrel)",63.98,$/BBL
2006-09-08,YCUOK,NA,EPCWTI,WTI Crude Oil,PF4,Spot Price FOB,RWTC,"Cushing, OK WTI Spot Price FOB (Dollars per Barrel)",67.53,$/BBL
2006-09-01,YCUOK,NA,EPCWTI,WTI Crude Oil,PF4,Spot Price FOB,RWTC,"Cushing, OK WTI Spot Price FOB (Dollars per Barrel)",70.01,$/BBL
2006-08-25,YCUOK,NA,EPCWTI,WTI Crude Oil,PF4,Spot Price FOB,RWTC,"Cushing, OK WTI Spot Price FOB (Dollars per Barrel)",72.12,$/BBL
2006-08-18,YCUOK,NA,EPCWTI,WTI Crude Oil,PF4,Spot Price FOB,RWTC,"Cushing, OK WTI Spot Price FOB (Dollars per Barrel)",71.79,$/BBL
2006-08-11,YCUOK,NA,EPCWTI,WTI Crude Oil,PF4,Spot Price FOB,RWTC,"Cushing, OK WTI Spot Price FOB (Dollars per Barrel)",75.63,$/BBL
2006-08-04,YCUOK,NA,EPCWTI,WTI Crude Oil,PF4,Spot Price FOB,RWTC,"Cushing, OK WTI Spot Price FOB (Dollars per Barrel)",75.2,$/BBL
2006-07-28,YCUOK,NA,EPCWTI,WTI Crude Oil,PF4,Spot Price FOB,RWTC,"Cushing, OK WTI Spot Price FOB (Dollars per Barrel)",73.87,$/BBL
2006-07-21,YCUOK,NA,EPCWTI,WTI Crude Oil,PF4,Spot Price FOB,RWTC,"Cushing, OK WTI Spot Price FOB (Dollars per Barrel)",73.98,$/BBL
2006-07-14,YCUOK,NA,EPCWTI,WTI Crude Oil,PF4,Spot Price FOB,RWTC,"Cushing, OK WTI Spot Price FOB (Dollars per Barrel)",75.21,$/BBL
2006-07-07,YCUOK,NA,EPCWTI,WTI Crude Oil,PF4,Spot Price FOB,RWTC,"Cushing, OK WTI Spot Price FOB (Dollars per Barrel)",74.65,$/BBL
2006-06-30,YCUOK,NA,EPCWTI,WTI Crude Oil,PF4,Spot Price FOB,RWTC,"Cushing, OK WTI Spot Price FOB (Dollars per Barrel)",72.65,$/BBL
2006-06-23,YCUOK,NA,EPCWTI,WTI Crude Oil,PF4,Spot Price FOB,RWTC,"Cushing, OK WTI Spot Price FOB (Dollars per Barrel)",69.94,$/BBL
2006-06-16,YCUOK,NA,EPCWTI,WTI Crude Oil,PF4,Spot Price FOB,RWTC,"Cushing, OK WTI Spot Price FOB (Dollars per Barrel)",69.48,$/BBL
2006-06-09,YCUOK,NA,EPCWTI,WTI Crude Oil,PF4,Spot Price FOB,RWTC,"Cushing, OK WTI Spot Price FOB (Dollars per Barrel)",71.54,$/BBL
2006-06-02,YCUOK,NA,EPCWTI,WTI Crude Oil,PF4,Spot Price FOB,RWTC,"Cushing, OK WTI Spot Price FOB (Dollars per Barrel)",71.53,$/BBL
2006-05-26,YCUOK,NA,EPCWTI,WTI Crude Oil,PF4,Spot Price FOB,RWTC,"Cushing, OK WTI Spot Price FOB (Dollars per Barrel)",70.35,$/BBL
2006-05-19,YCUOK,NA,EPCWTI,WTI Crude Oil,PF4,Spot Price FOB,RWTC,"Cushing, OK WTI Spot Price FOB (Dollars per Barrel)",69.07,$/BBL
2006-05-12,YCUOK,NA,EPCWTI,WTI Crude Oil,PF4,Spot Price FOB,RWTC,"Cushing, OK WTI Spot Price FOB (Dollars per Barrel)",71.5,$/BBL
2006-05-05,YCUOK,NA,EPCWTI,WTI Crude Oil,PF4,Spot Price FOB,RWTC,"Cushing, OK WTI Spot Price FOB (Dollars per Barrel)",72.14,$/BBL
2006-04-28,YCUOK,NA,EPCWTI,WTI Crude Oil,PF4,Spot Price FOB,RWTC,"Cushing, OK WTI Spot Price FOB (Dollars per Barrel)",70.38,$/BBL
2006-04-21,YCUOK,NA,EPCWTI,WTI Crude Oil,PF4,Spot Price FOB,RWTC,"Cushing, OK WTI Spot Price FOB (Dollars per Barrel)",71.87,$/BBL
2006-04-14,YCUOK,NA,EPCWTI,WTI Crude Oil,PF4,Spot Price FOB,RWTC,"Cushing, OK WTI Spot Price FOB (Dollars per Barrel)",68.85,$/BBL
2006-04-07,YCUOK,NA,EPCWTI,WTI Crude Oil,PF4,Spot Price FOB,RWTC,"Cushing, OK WTI Spot Price FOB (Dollars per Barrel)",66.56,$/BBL
2006-03-31,YCUOK,NA,EPCWTI,WTI Crude Oil,PF4,Spot Price FOB,RWTC,"Cushing, OK WTI Spot Price FOB (Dollars per Barrel)",65.67,$/BBL
2006-03-24,YCUOK,NA,EPCWTI,WTI Crude Oil,PF4,Spot Price FOB,RWTC,"Cushing, OK WTI Spot Price FOB (Dollars per Barrel)",61.36,$/BBL
2006-03-17,YCUOK,NA,EPCWTI,WTI Crude Oil,PF4,Spot Price FOB,RWTC,"Cushing, OK WTI Spot Price FOB (Dollars per Barrel)",62.64,$/BBL
2006-03-10,YCUOK,NA,EPCWTI,WTI Crude Oil,PF4,Spot Price FOB,RWTC,"Cushing, OK WTI Spot Price FOB (Dollars per Barrel)",60.89,$/BBL
2006-03-03,YCUOK,NA,EPCWTI,WTI Crude Oil,PF4,Spot Price FOB,RWTC,"Cushing, OK WTI Spot Price FOB (Dollars per Barrel)",62.27,$/BBL
2006-02-24,YCUOK,NA,EPCWTI,WTI Crude Oil,PF4,Spot Price FOB,RWTC,"Cushing, OK WTI Spot Price FOB (Dollars per Barrel)",59.93,$/BBL
2006-02-17,YCUOK,NA,EPCWTI,WTI Crude Oil,PF4,Spot Price FOB,RWTC,"Cushing, OK WTI Spot Price FOB (Dollars per Barrel)",59.37,$/BBL
2006-02-10,YCUOK,NA,EPCWTI,WTI Crude Oil,PF4,Spot Price FOB,RWTC,"Cushing, OK WTI Spot Price FOB (Dollars per Barrel)",63.06,$/BBL
2006-02-03,YCUOK,NA,EPCWTI,WTI Crude Oil,PF4,Spot Price FOB,RWTC,"Cushing, OK WTI Spot Price FOB (Dollars per Barrel)",66.59,$/BBL
2006-01-27,YCUOK,NA,EPCWTI,WTI Crude Oil,PF4,Spot Price FOB,RWTC,"Cushing, OK WTI Spot Price FOB (Dollars per Barrel)",66.82,$/BBL
2006-01-20,YCUOK,NA,EPCWTI,WTI Crude Oil,PF4,Spot Price FOB,RWTC,"Cushing, OK WTI Spot Price FOB (Dollars per Barrel)",66.79,$/BBL
2006-01-13,YCUOK,NA,EPCWTI,WTI Crude Oil,PF4,Spot Price FOB,RWTC,"Cushing, OK WTI Spot Price FOB (Dollars per Barrel)",63.74,$/BBL
2006-01-06,YCUOK,NA,EPCWTI,WTI Crude Oil,PF4,Spot Price FOB,RWTC,"Cushing, OK WTI Spot Price FOB (Dollars per Barrel)",63.39,$/BBL
2005-12-30,YCUOK,NA,EPCWTI,WTI Crude Oil,PF4,Spot Price FOB,RWTC,"Cushing, OK WTI Spot Price FOB (Dollars per Barrel)",59.82,$/BBL
2005-12-23,YCUOK,NA,EPCWTI,WTI Crude Oil,PF4,Spot Price FOB,RWTC,"Cushing, OK WTI Spot Price FOB (Dollars per Barrel)",57.97,$/BBL
2005-12-16,YCUOK,NA,EPCWTI,WTI Crude Oil,PF4,Spot Price FOB,RWTC,"Cushing, OK WTI Spot Price FOB (Dollars per Barrel)",60.32,$/BBL
2005-12-09,YCUOK,NA,EPCWTI,WTI Crude Oil,PF4,Spot Price FOB,RWTC,"Cushing, OK WTI Spot Price FOB (Dollars per Barrel)",59.83,$/BBL
2005-12-02,YCUOK,NA,EPCWTI,WTI Crude Oil,PF4,Spot Price FOB,RWTC,"Cushing, OK WTI Spot Price FOB (Dollars per Barrel)",57.78,$/BBL
2005-11-25,YCUOK,NA,EPCWTI,WTI Crude Oil,PF4,Spot Price FOB,RWTC,"Cushing, OK WTI Spot Price FOB (Dollars per Barrel)",58.13,$/BBL
2005-11-18,YCUOK,NA,EPCWTI,WTI Crude Oil,PF4,Spot Price FOB,RWTC,"Cushing, OK WTI Spot Price FOB (Dollars per Barrel)",57,$/BBL
2005-11-11,YCUOK,NA,EPCWTI,WTI Crude Oil,PF4,Spot Price FOB,RWTC,"Cushing, OK WTI Spot Price FOB (Dollars per Barrel)",58.8,$/BBL
2005-11-04,YCUOK,NA,EPCWTI,WTI Crude Oil,PF4,Spot Price FOB,RWTC,"Cushing, OK WTI Spot Price FOB (Dollars per Barrel)",60.34,$/BBL
2005-10-28,YCUOK,NA,EPCWTI,WTI Crude Oil,PF4,Spot Price FOB,RWTC,"Cushing, OK WTI Spot Price FOB (Dollars per Barrel)",61.33,$/BBL
2005-10-21,YCUOK,NA,EPCWTI,WTI Crude Oil,PF4,Spot Price FOB,RWTC,"Cushing, OK WTI Spot Price FOB (Dollars per Barrel)",62.28,$/BBL
2005-10-14,YCUOK,NA,EPCWTI,WTI Crude Oil,PF4,Spot Price FOB,RWTC,"Cushing, OK WTI Spot Price FOB (Dollars per Barrel)",62.87,$/BBL
2005-10-07,YCUOK,NA,EPCWTI,WTI Crude Oil,PF4,Spot Price FOB,RWTC,"Cushing, OK WTI Spot Price FOB (Dollars per Barrel)",63.06,$/BBL
2005-09-30,YCUOK,NA,EPCWTI,WTI Crude Oil,PF4,Spot Price FOB,RWTC,"Cushing, OK WTI Spot Price FOB (Dollars per Barrel)",66.06,$/BBL
2005-09-23,YCUOK,NA,EPCWTI,WTI Crude Oil,PF4,Spot Price FOB,RWTC,"Cushing, OK WTI Spot Price FOB (Dollars per Barrel)",66.43,$/BBL
2005-09-16,YCUOK,NA,EPCWTI,WTI Crude Oil,PF4,Spot Price FOB,RWTC,"Cushing, OK WTI Spot Price FOB (Dollars per Barrel)",63.84,$/BBL
2005-09-09,YCUOK,NA,EPCWTI,WTI Crude Oil,PF4,Spot Price FOB,RWTC,"Cushing, OK WTI Spot Price FOB (Dollars per Barrel)",64.81,$/BBL
2005-09-02,YCUOK,NA,EPCWTI,WTI Crude Oil,PF4,Spot Price FOB,RWTC,"Cushing, OK WTI Spot Price FOB (Dollars per Barrel)",68.47,$/BBL
2005-08-26,YCUOK,NA,EPCWTI,WTI Crude Oil,PF4,Spot Price FOB,RWTC,"Cushing, OK WTI Spot Price FOB (Dollars per Barrel)",66.34,$/BBL
2005-08-19,YCUOK,NA,EPCWTI,WTI Crude Oil,PF4,Spot Price FOB,RWTC,"Cushing, OK WTI Spot Price FOB (Dollars per Barrel)",64.92,$/BBL
2005-08-12,YCUOK,NA,EPCWTI,WTI Crude Oil,PF4,Spot Price FOB,RWTC,"Cushing, OK WTI Spot Price FOB (Dollars per Barrel)",64.85,$/BBL
2005-08-05,YCUOK,NA,EPCWTI,WTI Crude Oil,PF4,Spot Price FOB,RWTC,"Cushing, OK WTI Spot Price FOB (Dollars per Barrel)",61.64,$/BBL
2005-07-29,YCUOK,NA,EPCWTI,WTI Crude Oil,PF4,Spot Price FOB,RWTC,"Cushing, OK WTI Spot Price FOB (Dollars per Barrel)",59.39,$/BBL
2005-07-22,YCUOK,NA,EPCWTI,WTI Crude Oil,PF4,Spot Price FOB,RWTC,"Cushing, OK WTI Spot Price FOB (Dollars per Barrel)",57.3,$/BBL
2005-07-15,YCUOK,NA,EPCWTI,WTI Crude Oil,PF4,Spot Price FOB,RWTC,"Cushing, OK WTI Spot Price FOB (Dollars per Barrel)",59.18,$/BBL
2005-07-08,YCUOK,NA,EPCWTI,WTI Crude Oil,PF4,Spot Price FOB,RWTC,"Cushing, OK WTI Spot Price FOB (Dollars per Barrel)",60.36,$/BBL
2005-07-01,YCUOK,NA,EPCWTI,WTI Crude Oil,PF4,Spot Price FOB,RWTC,"Cushing, OK WTI Spot Price FOB (Dollars per Barrel)",58.21,$/BBL
2005-06-24,YCUOK,NA,EPCWTI,WTI Crude Oil,PF4,Spot Price FOB,RWTC,"Cushing, OK WTI Spot Price FOB (Dollars per Barrel)",59.04,$/BBL
2005-06-17,YCUOK,NA,EPCWTI,WTI Crude Oil,PF4,Spot Price FOB,RWTC,"Cushing, OK WTI Spot Price FOB (Dollars per Barrel)",56.18,$/BBL
2005-06-10,YCUOK,NA,EPCWTI,WTI Crude Oil,PF4,Spot Price FOB,RWTC,"Cushing, OK WTI Spot Price FOB (Dollars per Barrel)",53.74,$/BBL
2005-06-03,YCUOK,NA,EPCWTI,WTI Crude Oil,PF4,Spot Price FOB,RWTC,"Cushing, OK WTI Spot Price FOB (Dollars per Barrel)",53.76,$/BBL
2005-05-27,YCUOK,NA,EPCWTI,WTI Crude Oil,PF4,Spot Price FOB,RWTC,"Cushing, OK WTI Spot Price FOB (Dollars per Barrel)",50.15,$/BBL
2005-05-20,YCUOK,NA,EPCWTI,WTI Crude Oil,PF4,Spot Price FOB,RWTC,"Cushing, OK WTI Spot Price FOB (Dollars per Barrel)",47.77,$/BBL
2005-05-13,YCUOK,NA,EPCWTI,WTI Crude Oil,PF4,Spot Price FOB,RWTC,"Cushing, OK WTI Spot Price FOB (Dollars per Barrel)",50.33,$/BBL
2005-05-06,YCUOK,NA,EPCWTI,WTI Crude Oil,PF4,Spot Price FOB,RWTC,"Cushing, OK WTI Spot Price FOB (Dollars per Barrel)",50.64,$/BBL
2005-04-29,YCUOK,NA,EPCWTI,WTI Crude Oil,PF4,Spot Price FOB,RWTC,"Cushing, OK WTI Spot Price FOB (Dollars per Barrel)",52,$/BBL
2005-04-22,YCUOK,NA,EPCWTI,WTI Crude Oil,PF4,Spot Price FOB,RWTC,"Cushing, OK WTI Spot Price FOB (Dollars per Barrel)",52.39,$/BBL
2005-04-15,YCUOK,NA,EPCWTI,WTI Crude Oil,PF4,Spot Price FOB,RWTC,"Cushing, OK WTI Spot Price FOB (Dollars per Barrel)",51.44,$/BBL
2005-04-08,YCUOK,NA,EPCWTI,WTI Crude Oil,PF4,Spot Price FOB,RWTC,"Cushing, OK WTI Spot Price FOB (Dollars per Barrel)",55.24,$/BBL
2005-04-01,YCUOK,NA,EPCWTI,WTI Crude Oil,PF4,Spot Price FOB,RWTC,"Cushing, OK WTI Spot Price FOB (Dollars per Barrel)",54.97,$/BBL
2005-03-25,YCUOK,NA,EPCWTI,WTI Crude Oil,PF4,Spot Price FOB,RWTC,"Cushing, OK WTI Spot Price FOB (Dollars per Barrel)",52.95,$/BBL
2005-03-18,YCUOK,NA,EPCWTI,WTI Crude Oil,PF4,Spot Price FOB,RWTC,"Cushing, OK WTI Spot Price FOB (Dollars per Barrel)",55.93,$/BBL
2005-03-11,YCUOK,NA,EPCWTI,WTI Crude Oil,PF4,Spot Price FOB,RWTC,"Cushing, OK WTI Spot Price FOB (Dollars per Barrel)",54.22,$/BBL
2005-03-04,YCUOK,NA,EPCWTI,WTI Crude Oil,PF4,Spot Price FOB,RWTC,"Cushing, OK WTI Spot Price FOB (Dollars per Barrel)",52.74,$/BBL
2005-02-25,YCUOK,NA,EPCWTI,WTI Crude Oil,PF4,Spot Price FOB,RWTC,"Cushing, OK WTI Spot Price FOB (Dollars per Barrel)",51.75,$/BBL
2005-02-18,YCUOK,NA,EPCWTI,WTI Crude Oil,PF4,Spot Price FOB,RWTC,"Cushing, OK WTI Spot Price FOB (Dollars per Barrel)",47.82,$/BBL
2005-02-11,YCUOK,NA,EPCWTI,WTI Crude Oil,PF4,Spot Price FOB,RWTC,"Cushing, OK WTI Spot Price FOB (Dollars per Barrel)",46.08,$/BBL
2005-02-04,YCUOK,NA,EPCWTI,WTI Crude Oil,PF4,Spot Price FOB,RWTC,"Cushing, OK WTI Spot Price FOB (Dollars per Barrel)",46.97,$/BBL
2005-01-28,YCUOK,NA,EPCWTI,WTI Crude Oil,PF4,Spot Price FOB,RWTC,"Cushing, OK WTI Spot Price FOB (Dollars per Barrel)",48.56,$/BBL
2005-01-21,YCUOK,NA,EPCWTI,WTI Crude Oil,PF4,Spot Price FOB,RWTC,"Cushing, OK WTI Spot Price FOB (Dollars per Barrel)",47.85,$/BBL
2005-01-14,YCUOK,NA,EPCWTI,WTI Crude Oil,PF4,Spot Price FOB,RWTC,"Cushing, OK WTI Spot Price FOB (Dollars per Barrel)",46.79,$/BBL
2005-01-07,YCUOK,NA,EPCWTI,WTI Crude Oil,PF4,Spot Price FOB,RWTC,"Cushing, OK WTI Spot Price FOB (Dollars per Barrel)",44.07,$/BBL
2004-12-31,YCUOK,NA,EPCWTI,WTI Crude Oil,PF4,Spot Price FOB,RWTC,"Cushing, OK WTI Spot Price FOB (Dollars per Barrel)",42.52,$/BBL
2004-12-24,YCUOK,NA,EPCWTI,WTI Crude Oil,PF4,Spot Price FOB,RWTC,"Cushing, OK WTI Spot Price FOB (Dollars per Barrel)",44.39,$/BBL
2004-12-17,YCUOK,NA,EPCWTI,WTI Crude Oil,PF4,Spot Price FOB,RWTC,"Cushing, OK WTI Spot Price FOB (Dollars per Barrel)",43.5,$/BBL
2004-12-10,YCUOK,NA,EPCWTI,WTI Crude Oil,PF4,Spot Price FOB,RWTC,"Cushing, OK WTI Spot Price FOB (Dollars per Barrel)",41.91,$/BBL
2004-12-03,YCUOK,NA,EPCWTI,WTI Crude Oil,PF4,Spot Price FOB,RWTC,"Cushing, OK WTI Spot Price FOB (Dollars per Barrel)",46.06,$/BBL
2004-11-26,YCUOK,NA,EPCWTI,WTI Crude Oil,PF4,Spot Price FOB,RWTC,"Cushing, OK WTI Spot Price FOB (Dollars per Barrel)",48.79,$/BBL
2004-11-19,YCUOK,NA,EPCWTI,WTI Crude Oil,PF4,Spot Price FOB,RWTC,"Cushing, OK WTI Spot Price FOB (Dollars per Barrel)",47.02,$/BBL
2004-11-12,YCUOK,NA,EPCWTI,WTI Crude Oil,PF4,Spot Price FOB,RWTC,"Cushing, OK WTI Spot Price FOB (Dollars per Barrel)",48,$/BBL
2004-11-05,YCUOK,NA,EPCWTI,WTI Crude Oil,PF4,Spot Price FOB,RWTC,"Cushing, OK WTI Spot Price FOB (Dollars per Barrel)",49.81,$/BBL
2004-10-29,YCUOK,NA,EPCWTI,WTI Crude Oil,PF4,Spot Price FOB,RWTC,"Cushing, OK WTI Spot Price FOB (Dollars per Barrel)",53.43,$/BBL
2004-10-22,YCUOK,NA,EPCWTI,WTI Crude Oil,PF4,Spot Price FOB,RWTC,"Cushing, OK WTI Spot Price FOB (Dollars per Barrel)",54.43,$/BBL
2004-10-15,YCUOK,NA,EPCWTI,WTI Crude Oil,PF4,Spot Price FOB,RWTC,"Cushing, OK WTI Spot Price FOB (Dollars per Barrel)",54.12,$/BBL
2004-10-08,YCUOK,NA,EPCWTI,WTI Crude Oil,PF4,Spot Price FOB,RWTC,"Cushing, OK WTI Spot Price FOB (Dollars per Barrel)",51.77,$/BBL
2004-10-01,YCUOK,NA,EPCWTI,WTI Crude Oil,PF4,Spot Price FOB,RWTC,"Cushing, OK WTI Spot Price FOB (Dollars per Barrel)",49.71,$/BBL
2004-09-24,YCUOK,NA,EPCWTI,WTI Crude Oil,PF4,Spot Price FOB,RWTC,"Cushing, OK WTI Spot Price FOB (Dollars per Barrel)",47.82,$/BBL
2004-09-17,YCUOK,NA,EPCWTI,WTI Crude Oil,PF4,Spot Price FOB,RWTC,"Cushing, OK WTI Spot Price FOB (Dollars per Barrel)",44.39,$/BBL
2004-09-10,YCUOK,NA,EPCWTI,WTI Crude Oil,PF4,Spot Price FOB,RWTC,"Cushing, OK WTI Spot Price FOB (Dollars per Barrel)",43.33,$/BBL
2004-09-03,YCUOK,NA,EPCWTI,WTI Crude Oil,PF4,Spot Price FOB,RWTC,"Cushing, OK WTI Spot Price FOB (Dollars per Barrel)",43.28,$/BBL
2004-08-27,YCUOK,NA,EPCWTI,WTI Crude Oil,PF4,Spot Price FOB,RWTC,"Cushing, OK WTI Spot Price FOB (Dollars per Barrel)",44.34,$/BBL
2004-08-20,YCUOK,NA,EPCWTI,WTI Crude Oil,PF4,Spot Price FOB,RWTC,"Cushing, OK WTI Spot Price FOB (Dollars per Barrel)",47.28,$/BBL
2004-08-13,YCUOK,NA,EPCWTI,WTI Crude Oil,PF4,Spot Price FOB,RWTC,"Cushing, OK WTI Spot Price FOB (Dollars per Barrel)",45.24,$/BBL
2004-08-06,YCUOK,NA,EPCWTI,WTI Crude Oil,PF4,Spot Price FOB,RWTC,"Cushing, OK WTI Spot Price FOB (Dollars per Barrel)",43.81,$/BBL
2004-07-30,YCUOK,NA,EPCWTI,WTI Crude Oil,PF4,Spot Price FOB,RWTC,"Cushing, OK WTI Spot Price FOB (Dollars per Barrel)",42.5,$/BBL
2004-07-23,YCUOK,NA,EPCWTI,WTI Crude Oil,PF4,Spot Price FOB,RWTC,"Cushing, OK WTI Spot Price FOB (Dollars per Barrel)",41.27,$/BBL
2004-07-16,YCUOK,NA,EPCWTI,WTI Crude Oil,PF4,Spot Price FOB,RWTC,"Cushing, OK WTI Spot Price FOB (Dollars per Barrel)",40.33,$/BBL
2004-07-09,YCUOK,NA,EPCWTI,WTI Crude Oil,PF4,Spot Price FOB,RWTC,"Cushing, OK WTI Spot Price FOB (Dollars per Barrel)",39.73,$/BBL
2004-07-02,YCUOK,NA,EPCWTI,WTI Crude Oil,PF4,Spot Price FOB,RWTC,"Cushing, OK WTI Spot Price FOB (Dollars per Barrel)",37.14,$/BBL
2004-06-25,YCUOK,NA,EPCWTI,WTI Crude Oil,PF4,Spot Price FOB,RWTC,"Cushing, OK WTI Spot Price FOB (Dollars per Barrel)",37.7,$/BBL
2004-06-18,YCUOK,NA,EPCWTI,WTI Crude Oil,PF4,Spot Price FOB,RWTC,"Cushing, OK WTI Spot Price FOB (Dollars per Barrel)",37.86,$/BBL
2004-06-11,YCUOK,NA,EPCWTI,WTI Crude Oil,PF4,Spot Price FOB,RWTC,"Cushing, OK WTI Spot Price FOB (Dollars per Barrel)",37.99,$/BBL
2004-06-04,YCUOK,NA,EPCWTI,WTI Crude Oil,PF4,Spot Price FOB,RWTC,"Cushing, OK WTI Spot Price FOB (Dollars per Barrel)",40.01,$/BBL
2004-05-28,YCUOK,NA,EPCWTI,WTI Crude Oil,PF4,Spot Price FOB,RWTC,"Cushing, OK WTI Spot Price FOB (Dollars per Barrel)",40.65,$/BBL
2004-05-21,YCUOK,NA,EPCWTI,WTI Crude Oil,PF4,Spot Price FOB,RWTC,"Cushing, OK WTI Spot Price FOB (Dollars per Barrel)",40.84,$/BBL
2004-05-14,YCUOK,NA,EPCWTI,WTI Crude Oil,PF4,Spot Price FOB,RWTC,"Cushing, OK WTI Spot Price FOB (Dollars per Barrel)",40.37,$/BBL
2004-05-07,YCUOK,NA,EPCWTI,WTI Crude Oil,PF4,Spot Price FOB,RWTC,"Cushing, OK WTI Spot Price FOB (Dollars per Barrel)",39.24,$/BBL
2004-04-30,YCUOK,NA,EPCWTI,WTI Crude Oil,PF4,Spot Price FOB,RWTC,"Cushing, OK WTI Spot Price FOB (Dollars per Barrel)",37.31,$/BBL
2004-04-23,YCUOK,NA,EPCWTI,WTI Crude Oil,PF4,Spot Price FOB,RWTC,"Cushing, OK WTI Spot Price FOB (Dollars per Barrel)",37.32,$/BBL
2004-04-16,YCUOK,NA,EPCWTI,WTI Crude Oil,PF4,Spot Price FOB,RWTC,"Cushing, OK WTI Spot Price FOB (Dollars per Barrel)",37.39,$/BBL
2004-04-09,YCUOK,NA,EPCWTI,WTI Crude Oil,PF4,Spot Price FOB,RWTC,"Cushing, OK WTI Spot Price FOB (Dollars per Barrel)",35.7,$/BBL
2004-04-02,YCUOK,NA,EPCWTI,WTI Crude Oil,PF4,Spot Price FOB,RWTC,"Cushing, OK WTI Spot Price FOB (Dollars per Barrel)",35.23,$/BBL
2004-03-26,YCUOK,NA,EPCWTI,WTI Crude Oil,PF4,Spot Price FOB,RWTC,"Cushing, OK WTI Spot Price FOB (Dollars per Barrel)",36.65,$/BBL
2004-03-19,YCUOK,NA,EPCWTI,WTI Crude Oil,PF4,Spot Price FOB,RWTC,"Cushing, OK WTI Spot Price FOB (Dollars per Barrel)",37.78,$/BBL
2004-03-12,YCUOK,NA,EPCWTI,WTI Crude Oil,PF4,Spot Price FOB,RWTC,"Cushing, OK WTI Spot Price FOB (Dollars per Barrel)",36.44,$/BBL
2004-03-05,YCUOK,NA,EPCWTI,WTI Crude Oil,PF4,Spot Price FOB,RWTC,"Cushing, OK WTI Spot Price FOB (Dollars per Barrel)",36.67,$/BBL
2004-02-27,YCUOK,NA,EPCWTI,WTI Crude Oil,PF4,Spot Price FOB,RWTC,"Cushing, OK WTI Spot Price FOB (Dollars per Barrel)",36.08,$/BBL
2004-02-20,YCUOK,NA,EPCWTI,WTI Crude Oil,PF4,Spot Price FOB,RWTC,"Cushing, OK WTI Spot Price FOB (Dollars per Barrel)",35.54,$/BBL
2004-02-13,YCUOK,NA,EPCWTI,WTI Crude Oil,PF4,Spot Price FOB,RWTC,"Cushing, OK WTI Spot Price FOB (Dollars per Barrel)",33.88,$/BBL
2004-02-06,YCUOK,NA,EPCWTI,WTI Crude Oil,PF4,Spot Price FOB,RWTC,"Cushing, OK WTI Spot Price FOB (Dollars per Barrel)",33.41,$/BBL
2004-01-30,YCUOK,NA,EPCWTI,WTI Crude Oil,PF4,Spot Price FOB,RWTC,"Cushing, OK WTI Spot Price FOB (Dollars per Barrel)",33.61,$/BBL
2004-01-23,YCUOK,NA,EPCWTI,WTI Crude Oil,PF4,Spot Price FOB,RWTC,"Cushing, OK WTI Spot Price FOB (Dollars per Barrel)",35.45,$/BBL
2004-01-16,YCUOK,NA,EPCWTI,WTI Crude Oil,PF4,Spot Price FOB,RWTC,"Cushing, OK WTI Spot Price FOB (Dollars per Barrel)",34.51,$/BBL
2004-01-09,YCUOK,NA,EPCWTI,WTI Crude Oil,PF4,Spot Price FOB,RWTC,"Cushing, OK WTI Spot Price FOB (Dollars per Barrel)",33.89,$/BBL
2004-01-02,YCUOK,NA,EPCWTI,WTI Crude Oil,PF4,Spot Price FOB,RWTC,"Cushing, OK WTI Spot Price FOB (Dollars per Barrel)",32.68,$/BBL
2003-12-26,YCUOK,NA,EPCWTI,WTI Crude Oil,PF4,Spot Price FOB,RWTC,"Cushing, OK WTI Spot Price FOB (Dollars per Barrel)",32.24,$/BBL
2003-12-19,YCUOK,NA,EPCWTI,WTI Crude Oil,PF4,Spot Price FOB,RWTC,"Cushing, OK WTI Spot Price FOB (Dollars per Barrel)",33.2,$/BBL
2003-12-12,YCUOK,NA,EPCWTI,WTI Crude Oil,PF4,Spot Price FOB,RWTC,"Cushing, OK WTI Spot Price FOB (Dollars per Barrel)",32.16,$/BBL
2003-12-05,YCUOK,NA,EPCWTI,WTI Crude Oil,PF4,Spot Price FOB,RWTC,"Cushing, OK WTI Spot Price FOB (Dollars per Barrel)",30.63,$/BBL
2003-11-28,YCUOK,NA,EPCWTI,WTI Crude Oil,PF4,Spot Price FOB,RWTC,"Cushing, OK WTI Spot Price FOB (Dollars per Barrel)",30.11,$/BBL
2003-11-21,YCUOK,NA,EPCWTI,WTI Crude Oil,PF4,Spot Price FOB,RWTC,"Cushing, OK WTI Spot Price FOB (Dollars per Barrel)",32.58,$/BBL
2003-11-14,YCUOK,NA,EPCWTI,WTI Crude Oil,PF4,Spot Price FOB,RWTC,"Cushing, OK WTI Spot Price FOB (Dollars per Barrel)",31.56,$/BBL
2003-11-07,YCUOK,NA,EPCWTI,WTI Crude Oil,PF4,Spot Price FOB,RWTC,"Cushing, OK WTI Spot Price FOB (Dollars per Barrel)",29.79,$/BBL
2003-10-31,YCUOK,NA,EPCWTI,WTI Crude Oil,PF4,Spot Price FOB,RWTC,"Cushing, OK WTI Spot Price FOB (Dollars per Barrel)",29.28,$/BBL
2003-10-24,YCUOK,NA,EPCWTI,WTI Crude Oil,PF4,Spot Price FOB,RWTC,"Cushing, OK WTI Spot Price FOB (Dollars per Barrel)",30.17,$/BBL
2003-10-17,YCUOK,NA,EPCWTI,WTI Crude Oil,PF4,Spot Price FOB,RWTC,"Cushing, OK WTI Spot Price FOB (Dollars per Barrel)",31.49,$/BBL
2003-10-10,YCUOK,NA,EPCWTI,WTI Crude Oil,PF4,Spot Price FOB,RWTC,"Cushing, OK WTI Spot Price FOB (Dollars per Barrel)",30.69,$/BBL
2003-10-03,YCUOK,NA,EPCWTI,WTI Crude Oil,PF4,Spot Price FOB,RWTC,"Cushing, OK WTI Spot Price FOB (Dollars per Barrel)",29.43,$/BBL
2003-09-26,YCUOK,NA,EPCWTI,WTI Crude Oil,PF4,Spot Price FOB,RWTC,"Cushing, OK WTI Spot Price FOB (Dollars per Barrel)",27.73,$/BBL
2003-09-19,YCUOK,NA,EPCWTI,WTI Crude Oil,PF4,Spot Price FOB,RWTC,"Cushing, OK WTI Spot Price FOB (Dollars per Barrel)",27.39,$/BBL
2003-09-12,YCUOK,NA,EPCWTI,WTI Crude Oil,PF4,Spot Price FOB,RWTC,"Cushing, OK WTI Spot Price FOB (Dollars per Barrel)",28.92,$/BBL
2003-09-05,YCUOK,NA,EPCWTI,WTI Crude Oil,PF4,Spot Price FOB,RWTC,"Cushing, OK WTI Spot Price FOB (Dollars per Barrel)",29.2,$/BBL
2003-08-29,YCUOK,NA,EPCWTI,WTI Crude Oil,PF4,Spot Price FOB,RWTC,"Cushing, OK WTI Spot Price FOB (Dollars per Barrel)",31.56,$/BBL
2003-08-22,YCUOK,NA,EPCWTI,WTI Crude Oil,PF4,Spot Price FOB,RWTC,"Cushing, OK WTI Spot Price FOB (Dollars per Barrel)",31.19,$/BBL
2003-08-15,YCUOK,NA,EPCWTI,WTI Crude Oil,PF4,Spot Price FOB,RWTC,"Cushing, OK WTI Spot Price FOB (Dollars per Barrel)",31.31,$/BBL
2003-08-08,YCUOK,NA,EPCWTI,WTI Crude Oil,PF4,Spot Price FOB,RWTC,"Cushing, OK WTI Spot Price FOB (Dollars per Barrel)",32.11,$/BBL
2003-08-01,YCUOK,NA,EPCWTI,WTI Crude Oil,PF4,Spot Price FOB,RWTC,"Cushing, OK WTI Spot Price FOB (Dollars per Barrel)",30.73,$/BBL
2003-07-25,YCUOK,NA,EPCWTI,WTI Crude Oil,PF4,Spot Price FOB,RWTC,"Cushing, OK WTI Spot Price FOB (Dollars per Barrel)",30.61,$/BBL
2003-07-18,YCUOK,NA,EPCWTI,WTI Crude Oil,PF4,Spot Price FOB,RWTC,"Cushing, OK WTI Spot Price FOB (Dollars per Barrel)",31.48,$/BBL
2003-07-11,YCUOK,NA,EPCWTI,WTI Crude Oil,PF4,Spot Price FOB,RWTC,"Cushing, OK WTI Spot Price FOB (Dollars per Barrel)",30.73,$/BBL
2003-07-04,YCUOK,NA,EPCWTI,WTI Crude Oil,PF4,Spot Price FOB,RWTC,"Cushing, OK WTI Spot Price FOB (Dollars per Barrel)",30.31,$/BBL
2003-06-27,YCUOK,NA,EPCWTI,WTI Crude Oil,PF4,Spot Price FOB,RWTC,"Cushing, OK WTI Spot Price FOB (Dollars per Barrel)",30.01,$/BBL
2003-06-20,YCUOK,NA,EPCWTI,WTI Crude Oil,PF4,Spot Price FOB,RWTC,"Cushing, OK WTI Spot Price FOB (Dollars per Barrel)",30.6,$/BBL
2003-06-13,YCUOK,NA,EPCWTI,WTI Crude Oil,PF4,Spot Price FOB,RWTC,"Cushing, OK WTI Spot Price FOB (Dollars per Barrel)",31.46,$/BBL
2003-06-06,YCUOK,NA,EPCWTI,WTI Crude Oil,PF4,Spot Price FOB,RWTC,"Cushing, OK WTI Spot Price FOB (Dollars per Barrel)",30.68,$/BBL
2003-05-30,YCUOK,NA,EPCWTI,WTI Crude Oil,PF4,Spot Price FOB,RWTC,"Cushing, OK WTI Spot Price FOB (Dollars per Barrel)",29.1,$/BBL
2003-05-23,YCUOK,NA,EPCWTI,WTI Crude Oil,PF4,Spot Price FOB,RWTC,"Cushing, OK WTI Spot Price FOB (Dollars per Barrel)",29.29,$/BBL
2003-05-16,YCUOK,NA,EPCWTI,WTI Crude Oil,PF4,Spot Price FOB,RWTC,"Cushing, OK WTI Spot Price FOB (Dollars per Barrel)",28.54,$/BBL
2003-05-09,YCUOK,NA,EPCWTI,WTI Crude Oil,PF4,Spot Price FOB,RWTC,"Cushing, OK WTI Spot Price FOB (Dollars per Barrel)",26.58,$/BBL
2003-05-02,YCUOK,NA,EPCWTI,WTI Crude Oil,PF4,Spot Price FOB,RWTC,"Cushing, OK WTI Spot Price FOB (Dollars per Barrel)",25.69,$/BBL
2003-04-25,YCUOK,NA,EPCWTI,WTI Crude Oil,PF4,Spot Price FOB,RWTC,"Cushing, OK WTI Spot Price FOB (Dollars per Barrel)",28.43,$/BBL
2003-04-18,YCUOK,NA,EPCWTI,WTI Crude Oil,PF4,Spot Price FOB,RWTC,"Cushing, OK WTI Spot Price FOB (Dollars per Barrel)",29.28,$/BBL
2003-04-11,YCUOK,NA,EPCWTI,WTI Crude Oil,PF4,Spot Price FOB,RWTC,"Cushing, OK WTI Spot Price FOB (Dollars per Barrel)",28.03,$/BBL
2003-04-04,YCUOK,NA,EPCWTI,WTI Crude Oil,PF4,Spot Price FOB,RWTC,"Cushing, OK WTI Spot Price FOB (Dollars per Barrel)",29.33,$/BBL
2003-03-28,YCUOK,NA,EPCWTI,WTI Crude Oil,PF4,Spot Price FOB,RWTC,"Cushing, OK WTI Spot Price FOB (Dollars per Barrel)",30.43,$/BBL
2003-03-21,YCUOK,NA,EPCWTI,WTI Crude Oil,PF4,Spot Price FOB,RWTC,"Cushing, OK WTI Spot Price FOB (Dollars per Barrel)",30.46,$/BBL
2003-03-14,YCUOK,NA,EPCWTI,WTI Crude Oil,PF4,Spot Price FOB,RWTC,"Cushing, OK WTI Spot Price FOB (Dollars per Barrel)",36.66,$/BBL
2003-03-07,YCUOK,NA,EPCWTI,WTI Crude Oil,PF4,Spot Price FOB,RWTC,"Cushing, OK WTI Spot Price FOB (Dollars per Barrel)",36.98,$/BBL
2003-02-28,YCUOK,NA,EPCWTI,WTI Crude Oil,PF4,Spot Price FOB,RWTC,"Cushing, OK WTI Spot Price FOB (Dollars per Barrel)",36.98,$/BBL
2003-02-21,YCUOK,NA,EPCWTI,WTI Crude Oil,PF4,Spot Price FOB,RWTC,"Cushing, OK WTI Spot Price FOB (Dollars per Barrel)",36.78,$/BBL
2003-02-14,YCUOK,NA,EPCWTI,WTI Crude Oil,PF4,Spot Price FOB,RWTC,"Cushing, OK WTI Spot Price FOB (Dollars per Barrel)",35.79,$/BBL
2003-02-07,YCUOK,NA,EPCWTI,WTI Crude Oil,PF4,Spot Price FOB,RWTC,"Cushing, OK WTI Spot Price FOB (Dollars per Barrel)",33.95,$/BBL
2003-01-31,YCUOK,NA,EPCWTI,WTI Crude Oil,PF4,Spot Price FOB,RWTC,"Cushing, OK WTI Spot Price FOB (Dollars per Barrel)",33.19,$/BBL
2003-01-24,YCUOK,NA,EPCWTI,WTI Crude Oil,PF4,Spot Price FOB,RWTC,"Cushing, OK WTI Spot Price FOB (Dollars per Barrel)",34.46,$/BBL
2003-01-17,YCUOK,NA,EPCWTI,WTI Crude Oil,PF4,Spot Price FOB,RWTC,"Cushing, OK WTI Spot Price FOB (Dollars per Barrel)",33.04,$/BBL
2003-01-10,YCUOK,NA,EPCWTI,WTI Crude Oil,PF4,Spot Price FOB,RWTC,"Cushing, OK WTI Spot Price FOB (Dollars per Barrel)",31.54,$/BBL
2003-01-03,YCUOK,NA,EPCWTI,WTI Crude Oil,PF4,Spot Price FOB,RWTC,"Cushing, OK WTI Spot Price FOB (Dollars per Barrel)",31.96,$/BBL
2002-12-27,YCUOK,NA,EPCWTI,WTI Crude Oil,PF4,Spot Price FOB,RWTC,"Cushing, OK WTI Spot Price FOB (Dollars per Barrel)",32.38,$/BBL
2002-12-20,YCUOK,NA,EPCWTI,WTI Crude Oil,PF4,Spot Price FOB,RWTC,"Cushing, OK WTI Spot Price FOB (Dollars per Barrel)",30.35,$/BBL
2002-12-13,YCUOK,NA,EPCWTI,WTI Crude Oil,PF4,Spot Price FOB,RWTC,"Cushing, OK WTI Spot Price FOB (Dollars per Barrel)",27.82,$/BBL
2002-12-06,YCUOK,NA,EPCWTI,WTI Crude Oil,PF4,Spot Price FOB,RWTC,"Cushing, OK WTI Spot Price FOB (Dollars per Barrel)",27.14,$/BBL
2002-11-29,YCUOK,NA,EPCWTI,WTI Crude Oil,PF4,Spot Price FOB,RWTC,"Cushing, OK WTI Spot Price FOB (Dollars per Barrel)",26.83,$/BBL
2002-11-22,YCUOK,NA,EPCWTI,WTI Crude Oil,PF4,Spot Price FOB,RWTC,"Cushing, OK WTI Spot Price FOB (Dollars per Barrel)",26.98,$/BBL
2002-11-15,YCUOK,NA,EPCWTI,WTI Crude Oil,PF4,Spot Price FOB,RWTC,"Cushing, OK WTI Spot Price FOB (Dollars per Barrel)",25.68,$/BBL
2002-11-08,YCUOK,NA,EPCWTI,WTI Crude Oil,PF4,Spot Price FOB,RWTC,"Cushing, OK WTI Spot Price FOB (Dollars per Barrel)",25.97,$/BBL
2002-11-01,YCUOK,NA,EPCWTI,WTI Crude Oil,PF4,Spot Price FOB,RWTC,"Cushing, OK WTI Spot Price FOB (Dollars per Barrel)",27.03,$/BBL
2002-10-25,YCUOK,NA,EPCWTI,WTI Crude Oil,PF4,Spot Price FOB,RWTC,"Cushing, OK WTI Spot Price FOB (Dollars per Barrel)",27.88,$/BBL
2002-10-18,YCUOK,NA,EPCWTI,WTI Crude Oil,PF4,Spot Price FOB,RWTC,"Cushing, OK WTI Spot Price FOB (Dollars per Barrel)",29.65,$/BBL
2002-10-11,YCUOK,NA,EPCWTI,WTI Crude Oil,PF4,Spot Price FOB,RWTC,"Cushing, OK WTI Spot Price FOB (Dollars per Barrel)",29.37,$/BBL
2002-10-04,YCUOK,NA,EPCWTI,WTI Crude Oil,PF4,Spot Price FOB,RWTC,"Cushing, OK WTI Spot Price FOB (Dollars per Barrel)",30.25,$/BBL
2002-09-27,YCUOK,NA,EPCWTI,WTI Crude Oil,PF4,Spot Price FOB,RWTC,"Cushing, OK WTI Spot Price FOB (Dollars per Barrel)",30.63,$/BBL
2002-09-20,YCUOK,NA,EPCWTI,WTI Crude Oil,PF4,Spot Price FOB,RWTC,"Cushing, OK WTI Spot Price FOB (Dollars per Barrel)",29.39,$/BBL
2002-09-13,YCUOK,NA,EPCWTI,WTI Crude Oil,PF4,Spot Price FOB,RWTC,"Cushing, OK WTI Spot Price FOB (Dollars per Barrel)",29.59,$/BBL
2002-09-06,YCUOK,NA,EPCWTI,WTI Crude Oil,PF4,Spot Price FOB,RWTC,"Cushing, OK WTI Spot Price FOB (Dollars per Barrel)",28.65,$/BBL
2002-08-30,YCUOK,NA,EPCWTI,WTI Crude Oil,PF4,Spot Price FOB,RWTC,"Cushing, OK WTI Spot Price FOB (Dollars per Barrel)",28.84,$/BBL
2002-08-23,YCUOK,NA,EPCWTI,WTI Crude Oil,PF4,Spot Price FOB,RWTC,"Cushing, OK WTI Spot Price FOB (Dollars per Barrel)",30.09,$/BBL
2002-08-16,YCUOK,NA,EPCWTI,WTI Crude Oil,PF4,Spot Price FOB,RWTC,"Cushing, OK WTI Spot Price FOB (Dollars per Barrel)",28.52,$/BBL
2002-08-09,YCUOK,NA,EPCWTI,WTI Crude Oil,PF4,Spot Price FOB,RWTC,"Cushing, OK WTI Spot Price FOB (Dollars per Barrel)",26.77,$/BBL
2002-08-02,YCUOK,NA,EPCWTI,WTI Crude Oil,PF4,Spot Price FOB,RWTC,"Cushing, OK WTI Spot Price FOB (Dollars per Barrel)",26.87,$/BBL
2002-07-26,YCUOK,NA,EPCWTI,WTI Crude Oil,PF4,Spot Price FOB,RWTC,"Cushing, OK WTI Spot Price FOB (Dollars per Barrel)",26.64,$/BBL
2002-07-19,YCUOK,NA,EPCWTI,WTI Crude Oil,PF4,Spot Price FOB,RWTC,"Cushing, OK WTI Spot Price FOB (Dollars per Barrel)",27.62,$/BBL
2002-07-12,YCUOK,NA,EPCWTI,WTI Crude Oil,PF4,Spot Price FOB,RWTC,"Cushing, OK WTI Spot Price FOB (Dollars per Barrel)",26.7,$/BBL
2002-07-05,YCUOK,NA,EPCWTI,WTI Crude Oil,PF4,Spot Price FOB,RWTC,"Cushing, OK WTI Spot Price FOB (Dollars per Barrel)",26.81,$/BBL
2002-06-28,YCUOK,NA,EPCWTI,WTI Crude Oil,PF4,Spot Price FOB,RWTC,"Cushing, OK WTI Spot Price FOB (Dollars per Barrel)",26.52,$/BBL
2002-06-21,YCUOK,NA,EPCWTI,WTI Crude Oil,PF4,Spot Price FOB,RWTC,"Cushing, OK WTI Spot Price FOB (Dollars per Barrel)",25.61,$/BBL
2002-06-14,YCUOK,NA,EPCWTI,WTI Crude Oil,PF4,Spot Price FOB,RWTC,"Cushing, OK WTI Spot Price FOB (Dollars per Barrel)",24.94,$/BBL
2002-06-07,YCUOK,NA,EPCWTI,WTI Crude Oil,PF4,Spot Price FOB,RWTC,"Cushing, OK WTI Spot Price FOB (Dollars per Barrel)",25.01,$/BBL
2002-05-31,YCUOK,NA,EPCWTI,WTI Crude Oil,PF4,Spot Price FOB,RWTC,"Cushing, OK WTI Spot Price FOB (Dollars per Barrel)",25.22,$/BBL
2002-05-24,YCUOK,NA,EPCWTI,WTI Crude Oil,PF4,Spot Price FOB,RWTC,"Cushing, OK WTI Spot Price FOB (Dollars per Barrel)",27.18,$/BBL
2002-05-17,YCUOK,NA,EPCWTI,WTI Crude Oil,PF4,Spot Price FOB,RWTC,"Cushing, OK WTI Spot Price FOB (Dollars per Barrel)",28.43,$/BBL
2002-05-10,YCUOK,NA,EPCWTI,WTI Crude Oil,PF4,Spot Price FOB,RWTC,"Cushing, OK WTI Spot Price FOB (Dollars per Barrel)",27.27,$/BBL
2002-05-03,YCUOK,NA,EPCWTI,WTI Crude Oil,PF4,Spot Price FOB,RWTC,"Cushing, OK WTI Spot Price FOB (Dollars per Barrel)",26.88,$/BBL
2002-04-26,YCUOK,NA,EPCWTI,WTI Crude Oil,PF4,Spot Price FOB,RWTC,"Cushing, OK WTI Spot Price FOB (Dollars per Barrel)",26.46,$/BBL
2002-04-19,YCUOK,NA,EPCWTI,WTI Crude Oil,PF4,Spot Price FOB,RWTC,"Cushing, OK WTI Spot Price FOB (Dollars per Barrel)",25.54,$/BBL
2002-04-12,YCUOK,NA,EPCWTI,WTI Crude Oil,PF4,Spot Price FOB,RWTC,"Cushing, OK WTI Spot Price FOB (Dollars per Barrel)",25.24,$/BBL
2002-04-05,YCUOK,NA,EPCWTI,WTI Crude Oil,PF4,Spot Price FOB,RWTC,"Cushing, OK WTI Spot Price FOB (Dollars per Barrel)",26.99,$/BBL
2002-03-29,YCUOK,NA,EPCWTI,WTI Crude Oil,PF4,Spot Price FOB,RWTC,"Cushing, OK WTI Spot Price FOB (Dollars per Barrel)",25.86,$/BBL
2002-03-22,YCUOK,NA,EPCWTI,WTI Crude Oil,PF4,Spot Price FOB,RWTC,"Cushing, OK WTI Spot Price FOB (Dollars per Barrel)",25.25,$/BBL
2002-03-15,YCUOK,NA,EPCWTI,WTI Crude Oil,PF4,Spot Price FOB,RWTC,"Cushing, OK WTI Spot Price FOB (Dollars per Barrel)",24.4,$/BBL
2002-03-08,YCUOK,NA,EPCWTI,WTI Crude Oil,PF4,Spot Price FOB,RWTC,"Cushing, OK WTI Spot Price FOB (Dollars per Barrel)",23.31,$/BBL
2002-03-01,YCUOK,NA,EPCWTI,WTI Crude Oil,PF4,Spot Price FOB,RWTC,"Cushing, OK WTI Spot Price FOB (Dollars per Barrel)",21.43,$/BBL
2002-02-22,YCUOK,NA,EPCWTI,WTI Crude Oil,PF4,Spot Price FOB,RWTC,"Cushing, OK WTI Spot Price FOB (Dollars per Barrel)",20.7,$/BBL
2002-02-15,YCUOK,NA,EPCWTI,WTI Crude Oil,PF4,Spot Price FOB,RWTC,"Cushing, OK WTI Spot Price FOB (Dollars per Barrel)",21.18,$/BBL
2002-02-08,YCUOK,NA,EPCWTI,WTI Crude Oil,PF4,Spot Price FOB,RWTC,"Cushing, OK WTI Spot Price FOB (Dollars per Barrel)",19.97,$/BBL
2002-02-01,YCUOK,NA,EPCWTI,WTI Crude Oil,PF4,Spot Price FOB,RWTC,"Cushing, OK WTI Spot Price FOB (Dollars per Barrel)",19.71,$/BBL
2002-01-25,YCUOK,NA,EPCWTI,WTI Crude Oil,PF4,Spot Price FOB,RWTC,"Cushing, OK WTI Spot Price FOB (Dollars per Barrel)",19.21,$/BBL
2002-01-18,YCUOK,NA,EPCWTI,WTI Crude Oil,PF4,Spot Price FOB,RWTC,"Cushing, OK WTI Spot Price FOB (Dollars per Barrel)",18.61,$/BBL
2002-01-11,YCUOK,NA,EPCWTI,WTI Crude Oil,PF4,Spot Price FOB,RWTC,"Cushing, OK WTI Spot Price FOB (Dollars per Barrel)",20.54,$/BBL
2002-01-04,YCUOK,NA,EPCWTI,WTI Crude Oil,PF4,Spot Price FOB,RWTC,"Cushing, OK WTI Spot Price FOB (Dollars per Barrel)",20.8,$/BBL
2001-12-28,YCUOK,NA,EPCWTI,WTI Crude Oil,PF4,Spot Price FOB,RWTC,"Cushing, OK WTI Spot Price FOB (Dollars per Barrel)",20.94,$/BBL
2001-12-21,YCUOK,NA,EPCWTI,WTI Crude Oil,PF4,Spot Price FOB,RWTC,"Cushing, OK WTI Spot Price FOB (Dollars per Barrel)",19.2,$/BBL
2001-12-14,YCUOK,NA,EPCWTI,WTI Crude Oil,PF4,Spot Price FOB,RWTC,"Cushing, OK WTI Spot Price FOB (Dollars per Barrel)",18.45,$/BBL
2001-12-07,YCUOK,NA,EPCWTI,WTI Crude Oil,PF4,Spot Price FOB,RWTC,"Cushing, OK WTI Spot Price FOB (Dollars per Barrel)",19.47,$/BBL
2001-11-30,YCUOK,NA,EPCWTI,WTI Crude Oil,PF4,Spot Price FOB,RWTC,"Cushing, OK WTI Spot Price FOB (Dollars per Barrel)",19.13,$/BBL
2001-11-23,YCUOK,NA,EPCWTI,WTI Crude Oil,PF4,Spot Price FOB,RWTC,"Cushing, OK WTI Spot Price FOB (Dollars per Barrel)",18.28,$/BBL
2001-11-16,YCUOK,NA,EPCWTI,WTI Crude Oil,PF4,Spot Price FOB,RWTC,"Cushing, OK WTI Spot Price FOB (Dollars per Barrel)",19.61,$/BBL
2001-11-09,YCUOK,NA,EPCWTI,WTI Crude Oil,PF4,Spot Price FOB,RWTC,"Cushing, OK WTI Spot Price FOB (Dollars per Barrel)",20.7,$/BBL
2001-11-02,YCUOK,NA,EPCWTI,WTI Crude Oil,PF4,Spot Price FOB,RWTC,"Cushing, OK WTI Spot Price FOB (Dollars per Barrel)",21.17,$/BBL
2001-10-26,YCUOK,NA,EPCWTI,WTI Crude Oil,PF4,Spot Price FOB,RWTC,"Cushing, OK WTI Spot Price FOB (Dollars per Barrel)",21.78,$/BBL
2001-10-19,YCUOK,NA,EPCWTI,WTI Crude Oil,PF4,Spot Price FOB,RWTC,"Cushing, OK WTI Spot Price FOB (Dollars per Barrel)",21.92,$/BBL
2001-10-12,YCUOK,NA,EPCWTI,WTI Crude Oil,PF4,Spot Price FOB,RWTC,"Cushing, OK WTI Spot Price FOB (Dollars per Barrel)",22.66,$/BBL
2001-10-05,YCUOK,NA,EPCWTI,WTI Crude Oil,PF4,Spot Price FOB,RWTC,"Cushing, OK WTI Spot Price FOB (Dollars per Barrel)",22.6,$/BBL
2001-09-28,YCUOK,NA,EPCWTI,WTI Crude Oil,PF4,Spot Price FOB,RWTC,"Cushing, OK WTI Spot Price FOB (Dollars per Barrel)",22.35,$/BBL
2001-09-21,YCUOK,NA,EPCWTI,WTI Crude Oil,PF4,Spot Price FOB,RWTC,"Cushing, OK WTI Spot Price FOB (Dollars per Barrel)",27.09,$/BBL
2001-09-14,YCUOK,NA,EPCWTI,WTI Crude Oil,PF4,Spot Price FOB,RWTC,"Cushing, OK WTI Spot Price FOB (Dollars per Barrel)",28.22,$/BBL
2001-09-07,YCUOK,NA,EPCWTI,WTI Crude Oil,PF4,Spot Price FOB,RWTC,"Cushing, OK WTI Spot Price FOB (Dollars per Barrel)",27.38,$/BBL
2001-08-31,YCUOK,NA,EPCWTI,WTI Crude Oil,PF4,Spot Price FOB,RWTC,"Cushing, OK WTI Spot Price FOB (Dollars per Barrel)",26.84,$/BBL
2001-08-24,YCUOK,NA,EPCWTI,WTI Crude Oil,PF4,Spot Price FOB,RWTC,"Cushing, OK WTI Spot Price FOB (Dollars per Barrel)",27.25,$/BBL
2001-08-17,YCUOK,NA,EPCWTI,WTI Crude Oil,PF4,Spot Price FOB,RWTC,"Cushing, OK WTI Spot Price FOB (Dollars per Barrel)",27.52,$/BBL
2001-08-10,YCUOK,NA,EPCWTI,WTI Crude Oil,PF4,Spot Price FOB,RWTC,"Cushing, OK WTI Spot Price FOB (Dollars per Barrel)",27.87,$/BBL
2001-08-03,YCUOK,NA,EPCWTI,WTI Crude Oil,PF4,Spot Price FOB,RWTC,"Cushing, OK WTI Spot Price FOB (Dollars per Barrel)",27.1,$/BBL
2001-07-27,YCUOK,NA,EPCWTI,WTI Crude Oil,PF4,Spot Price FOB,RWTC,"Cushing, OK WTI Spot Price FOB (Dollars per Barrel)",26.5,$/BBL
2001-07-20,YCUOK,NA,EPCWTI,WTI Crude Oil,PF4,Spot Price FOB,RWTC,"Cushing, OK WTI Spot Price FOB (Dollars per Barrel)",25.26,$/BBL
2001-07-13,YCUOK,NA,EPCWTI,WTI Crude Oil,PF4,Spot Price FOB,RWTC,"Cushing, OK WTI Spot Price FOB (Dollars per Barrel)",27.07,$/BBL
2001-07-06,YCUOK,NA,EPCWTI,WTI Crude Oil,PF4,Spot Price FOB,RWTC,"Cushing, OK WTI Spot Price FOB (Dollars per Barrel)",26.87,$/BBL
2001-06-29,YCUOK,NA,EPCWTI,WTI Crude Oil,PF4,Spot Price FOB,RWTC,"Cushing, OK WTI Spot Price FOB (Dollars per Barrel)",26.37,$/BBL
2001-06-22,YCUOK,NA,EPCWTI,WTI Crude Oil,PF4,Spot Price FOB,RWTC,"Cushing, OK WTI Spot Price FOB (Dollars per Barrel)",27.09,$/BBL
2001-06-15,YCUOK,NA,EPCWTI,WTI Crude Oil,PF4,Spot Price FOB,RWTC,"Cushing, OK WTI Spot Price FOB (Dollars per Barrel)",28.9,$/BBL
2001-06-08,YCUOK,NA,EPCWTI,WTI Crude Oil,PF4,Spot Price FOB,RWTC,"Cushing, OK WTI Spot Price FOB (Dollars per Barrel)",27.98,$/BBL
2001-06-01,YCUOK,NA,EPCWTI,WTI Crude Oil,PF4,Spot Price FOB,RWTC,"Cushing, OK WTI Spot Price FOB (Dollars per Barrel)",28.44,$/BBL
2001-05-25,YCUOK,NA,EPCWTI,WTI Crude Oil,PF4,Spot Price FOB,RWTC,"Cushing, OK WTI Spot Price FOB (Dollars per Barrel)",28.92,$/BBL
2001-05-18,YCUOK,NA,EPCWTI,WTI Crude Oil,PF4,Spot Price FOB,RWTC,"Cushing, OK WTI Spot Price FOB (Dollars per Barrel)",29.08,$/BBL
2001-05-11,YCUOK,NA,EPCWTI,WTI Crude Oil,PF4,Spot Price FOB,RWTC,"Cushing, OK WTI Spot Price FOB (Dollars per Barrel)",28.12,$/BBL
2001-05-04,YCUOK,NA,EPCWTI,WTI Crude Oil,PF4,Spot Price FOB,RWTC,"Cushing, OK WTI Spot Price FOB (Dollars per Barrel)",28.36,$/BBL
2001-04-27,YCUOK,NA,EPCWTI,WTI Crude Oil,PF4,Spot Price FOB,RWTC,"Cushing, OK WTI Spot Price FOB (Dollars per Barrel)",26.99,$/BBL
2001-04-20,YCUOK,NA,EPCWTI,WTI Crude Oil,PF4,Spot Price FOB,RWTC,"Cushing, OK WTI Spot Price FOB (Dollars per Barrel)",27.89,$/BBL
2001-04-13,YCUOK,NA,EPCWTI,WTI Crude Oil,PF4,Spot Price FOB,RWTC,"Cushing, OK WTI Spot Price FOB (Dollars per Barrel)",28.27,$/BBL
2001-04-06,YCUOK,NA,EPCWTI,WTI Crude Oil,PF4,Spot Price FOB,RWTC,"Cushing, OK WTI Spot Price FOB (Dollars per Barrel)",26.76,$/BBL
2001-03-30,YCUOK,NA,EPCWTI,WTI Crude Oil,PF4,Spot Price FOB,RWTC,"Cushing, OK WTI Spot Price FOB (Dollars per Barrel)",26.86,$/BBL
2001-03-23,YCUOK,NA,EPCWTI,WTI Crude Oil,PF4,Spot Price FOB,RWTC,"Cushing, OK WTI Spot Price FOB (Dollars per Barrel)",26.42,$/BBL
2001-03-16,YCUOK,NA,EPCWTI,WTI Crude Oil,PF4,Spot Price FOB,RWTC,"Cushing, OK WTI Spot Price FOB (Dollars per Barrel)",27.02,$/BBL
2001-03-09,YCUOK,NA,EPCWTI,WTI Crude Oil,PF4,Spot Price FOB,RWTC,"Cushing, OK WTI Spot Price FOB (Dollars per Barrel)",28.45,$/BBL
2001-03-02,YCUOK,NA,EPCWTI,WTI Crude Oil,PF4,Spot Price FOB,RWTC,"Cushing, OK WTI Spot Price FOB (Dollars per Barrel)",27.91,$/BBL
2001-02-23,YCUOK,NA,EPCWTI,WTI Crude Oil,PF4,Spot Price FOB,RWTC,"Cushing, OK WTI Spot Price FOB (Dollars per Barrel)",28.65,$/BBL
2001-02-16,YCUOK,NA,EPCWTI,WTI Crude Oil,PF4,Spot Price FOB,RWTC,"Cushing, OK WTI Spot Price FOB (Dollars per Barrel)",29.67,$/BBL
2001-02-09,YCUOK,NA,EPCWTI,WTI Crude Oil,PF4,Spot Price FOB,RWTC,"Cushing, OK WTI Spot Price FOB (Dollars per Barrel)",30.92,$/BBL
2001-02-02,YCUOK,NA,EPCWTI,WTI Crude Oil,PF4,Spot Price FOB,RWTC,"Cushing, OK WTI Spot Price FOB (Dollars per Barrel)",29.59,$/BBL
2001-01-26,YCUOK,NA,EPCWTI,WTI Crude Oil,PF4,Spot Price FOB,RWTC,"Cushing, OK WTI Spot Price FOB (Dollars per Barrel)",31.35,$/BBL
2001-01-19,YCUOK,NA,EPCWTI,WTI Crude Oil,PF4,Spot Price FOB,RWTC,"Cushing, OK WTI Spot Price FOB (Dollars per Barrel)",30.63,$/BBL
2001-01-12,YCUOK,NA,EPCWTI,WTI Crude Oil,PF4,Spot Price FOB,RWTC,"Cushing, OK WTI Spot Price FOB (Dollars per Barrel)",28.81,$/BBL
2001-01-05,YCUOK,NA,EPCWTI,WTI Crude Oil,PF4,Spot Price FOB,RWTC,"Cushing, OK WTI Spot Price FOB (Dollars per Barrel)",27.8,$/BBL
2000-12-29,YCUOK,NA,EPCWTI,WTI Crude Oil,PF4,Spot Price FOB,RWTC,"Cushing, OK WTI Spot Price FOB (Dollars per Barrel)",26.52,$/BBL
2000-12-22,YCUOK,NA,EPCWTI,WTI Crude Oil,PF4,Spot Price FOB,RWTC,"Cushing, OK WTI Spot Price FOB (Dollars per Barrel)",27.38,$/BBL
2000-12-15,YCUOK,NA,EPCWTI,WTI Crude Oil,PF4,Spot Price FOB,RWTC,"Cushing, OK WTI Spot Price FOB (Dollars per Barrel)",29.05,$/BBL
2000-12-08,YCUOK,NA,EPCWTI,WTI Crude Oil,PF4,Spot Price FOB,RWTC,"Cushing, OK WTI Spot Price FOB (Dollars per Barrel)",29.69,$/BBL
2000-12-01,YCUOK,NA,EPCWTI,WTI Crude Oil,PF4,Spot Price FOB,RWTC,"Cushing, OK WTI Spot Price FOB (Dollars per Barrel)",34.1,$/BBL
2000-11-24,YCUOK,NA,EPCWTI,WTI Crude Oil,PF4,Spot Price FOB,RWTC,"Cushing, OK WTI Spot Price FOB (Dollars per Barrel)",35.91,$/BBL
2000-11-17,YCUOK,NA,EPCWTI,WTI Crude Oil,PF4,Spot Price FOB,RWTC,"Cushing, OK WTI Spot Price FOB (Dollars per Barrel)",35,$/BBL
2000-11-10,YCUOK,NA,EPCWTI,WTI Crude Oil,PF4,Spot Price FOB,RWTC,"Cushing, OK WTI Spot Price FOB (Dollars per Barrel)",33.46,$/BBL
2000-11-03,YCUOK,NA,EPCWTI,WTI Crude Oil,PF4,Spot Price FOB,RWTC,"Cushing, OK WTI Spot Price FOB (Dollars per Barrel)",32.78,$/BBL
2000-10-27,YCUOK,NA,EPCWTI,WTI Crude Oil,PF4,Spot Price FOB,RWTC,"Cushing, OK WTI Spot Price FOB (Dollars per Barrel)",33.92,$/BBL
2000-10-20,YCUOK,NA,EPCWTI,WTI Crude Oil,PF4,Spot Price FOB,RWTC,"Cushing, OK WTI Spot Price FOB (Dollars per Barrel)",33.48,$/BBL
2000-10-13,YCUOK,NA,EPCWTI,WTI Crude Oil,PF4,Spot Price FOB,RWTC,"Cushing, OK WTI Spot Price FOB (Dollars per Barrel)",33.9,$/BBL
2000-10-06,YCUOK,NA,EPCWTI,WTI Crude Oil,PF4,Spot Price FOB,RWTC,"Cushing, OK WTI Spot Price FOB (Dollars per Barrel)",31.27,$/BBL
2000-09-29,YCUOK,NA,EPCWTI,WTI Crude Oil,PF4,Spot Price FOB,RWTC,"Cushing, OK WTI Spot Price FOB (Dollars per Barrel)",31.13,$/BBL
2000-09-22,YCUOK,NA,EPCWTI,WTI Crude Oil,PF4,Spot Price FOB,RWTC,"Cushing, OK WTI Spot Price FOB (Dollars per Barrel)",35.49,$/BBL
2000-09-15,YCUOK,NA,EPCWTI,WTI Crude Oil,PF4,Spot Price FOB,RWTC,"Cushing, OK WTI Spot Price FOB (Dollars per Barrel)",34.7,$/BBL
2000-09-08,YCUOK,NA,EPCWTI,WTI Crude Oil,PF4,Spot Price FOB,RWTC,"Cushing, OK WTI Spot Price FOB (Dollars per Barrel)",34.42,$/BBL
2000-09-01,YCUOK,NA,EPCWTI,WTI Crude Oil,PF4,Spot Price FOB,RWTC,"Cushing, OK WTI Spot Price FOB (Dollars per Barrel)",33.08,$/BBL
2000-08-25,YCUOK,NA,EPCWTI,WTI Crude Oil,PF4,Spot Price FOB,RWTC,"Cushing, OK WTI Spot Price FOB (Dollars per Barrel)",32.46,$/BBL
2000-08-18,YCUOK,NA,EPCWTI,WTI Crude Oil,PF4,Spot Price FOB,RWTC,"Cushing, OK WTI Spot Price FOB (Dollars per Barrel)",31.82,$/BBL
2000-08-11,YCUOK,NA,EPCWTI,WTI Crude Oil,PF4,Spot Price FOB,RWTC,"Cushing, OK WTI Spot Price FOB (Dollars per Barrel)",30.14,$/BBL
2000-08-04,YCUOK,NA,EPCWTI,WTI Crude Oil,PF4,Spot Price FOB,RWTC,"Cushing, OK WTI Spot Price FOB (Dollars per Barrel)",28.5,$/BBL
2000-07-28,YCUOK,NA,EPCWTI,WTI Crude Oil,PF4,Spot Price FOB,RWTC,"Cushing, OK WTI Spot Price FOB (Dollars per Barrel)",28.02,$/BBL
2000-07-21,YCUOK,NA,EPCWTI,WTI Crude Oil,PF4,Spot Price FOB,RWTC,"Cushing, OK WTI Spot Price FOB (Dollars per Barrel)",30.65,$/BBL
2000-07-14,YCUOK,NA,EPCWTI,WTI Crude Oil,PF4,Spot Price FOB,RWTC,"Cushing, OK WTI Spot Price FOB (Dollars per Barrel)",30.44,$/BBL
2000-07-07,YCUOK,NA,EPCWTI,WTI Crude Oil,PF4,Spot Price FOB,RWTC,"Cushing, OK WTI Spot Price FOB (Dollars per Barrel)",30.4,$/BBL
2000-06-30,YCUOK,NA,EPCWTI,WTI Crude Oil,PF4,Spot Price FOB,RWTC,"Cushing, OK WTI Spot Price FOB (Dollars per Barrel)",32.12,$/BBL
2000-06-23,YCUOK,NA,EPCWTI,WTI Crude Oil,PF4,Spot Price FOB,RWTC,"Cushing, OK WTI Spot Price FOB (Dollars per Barrel)",33.55,$/BBL
2000-06-16,YCUOK,NA,EPCWTI,WTI Crude Oil,PF4,Spot Price FOB,RWTC,"Cushing, OK WTI Spot Price FOB (Dollars per Barrel)",32.45,$/BBL
2000-06-09,YCUOK,NA,EPCWTI,WTI Crude Oil,PF4,Spot Price FOB,RWTC,"Cushing, OK WTI Spot Price FOB (Dollars per Barrel)",29.79,$/BBL
2000-06-02,YCUOK,NA,EPCWTI,WTI Crude Oil,PF4,Spot Price FOB,RWTC,"Cushing, OK WTI Spot Price FOB (Dollars per Barrel)",29.98,$/BBL
2000-05-26,YCUOK,NA,EPCWTI,WTI Crude Oil,PF4,Spot Price FOB,RWTC,"Cushing, OK WTI Spot Price FOB (Dollars per Barrel)",29.46,$/BBL
2000-05-19,YCUOK,NA,EPCWTI,WTI Crude Oil,PF4,Spot Price FOB,RWTC,"Cushing, OK WTI Spot Price FOB (Dollars per Barrel)",29.88,$/BBL
2000-05-12,YCUOK,NA,EPCWTI,WTI Crude Oil,PF4,Spot Price FOB,RWTC,"Cushing, OK WTI Spot Price FOB (Dollars per Barrel)",28.7,$/BBL
2000-05-05,YCUOK,NA,EPCWTI,WTI Crude Oil,PF4,Spot Price FOB,RWTC,"Cushing, OK WTI Spot Price FOB (Dollars per Barrel)",26.75,$/BBL
2000-04-28,YCUOK,NA,EPCWTI,WTI Crude Oil,PF4,Spot Price FOB,RWTC,"Cushing, OK WTI Spot Price FOB (Dollars per Barrel)",25.95,$/BBL
2000-04-21,YCUOK,NA,EPCWTI,WTI Crude Oil,PF4,Spot Price FOB,RWTC,"Cushing, OK WTI Spot Price FOB (Dollars per Barrel)",26.66,$/BBL
2000-04-14,YCUOK,NA,EPCWTI,WTI Crude Oil,PF4,Spot Price FOB,RWTC,"Cushing, OK WTI Spot Price FOB (Dollars per Barrel)",24.87,$/BBL
2000-04-07,YCUOK,NA,EPCWTI,WTI Crude Oil,PF4,Spot Price FOB,RWTC,"Cushing, OK WTI Spot Price FOB (Dollars per Barrel)",25.6,$/BBL
2000-03-31,YCUOK,NA,EPCWTI,WTI Crude Oil,PF4,Spot Price FOB,RWTC,"Cushing, OK WTI Spot Price FOB (Dollars per Barrel)",26.92,$/BBL
2000-03-24,YCUOK,NA,EPCWTI,WTI Crude Oil,PF4,Spot Price FOB,RWTC,"Cushing, OK WTI Spot Price FOB (Dollars per Barrel)",27.99,$/BBL
2000-03-17,YCUOK,NA,EPCWTI,WTI Crude Oil,PF4,Spot Price FOB,RWTC,"Cushing, OK WTI Spot Price FOB (Dollars per Barrel)",31.29,$/BBL
2000-03-10,YCUOK,NA,EPCWTI,WTI Crude Oil,PF4,Spot Price FOB,RWTC,"Cushing, OK WTI Spot Price FOB (Dollars per Barrel)",32.14,$/BBL
2000-03-03,YCUOK,NA,EPCWTI,WTI Crude Oil,PF4,Spot Price FOB,RWTC,"Cushing, OK WTI Spot Price FOB (Dollars per Barrel)",31.07,$/BBL
2000-02-25,YCUOK,NA,EPCWTI,WTI Crude Oil,PF4,Spot Price FOB,RWTC,"Cushing, OK WTI Spot Price FOB (Dollars per Barrel)",30.1,$/BBL
2000-02-18,YCUOK,NA,EPCWTI,WTI Crude Oil,PF4,Spot Price FOB,RWTC,"Cushing, OK WTI Spot Price FOB (Dollars per Barrel)",29.87,$/BBL
2000-02-11,YCUOK,NA,EPCWTI,WTI Crude Oil,PF4,Spot Price FOB,RWTC,"Cushing, OK WTI Spot Price FOB (Dollars per Barrel)",28.83,$/BBL
2000-02-04,YCUOK,NA,EPCWTI,WTI Crude Oil,PF4,Spot Price FOB,RWTC,"Cushing, OK WTI Spot Price FOB (Dollars per Barrel)",28.08,$/BBL
2000-01-28,YCUOK,NA,EPCWTI,WTI Crude Oil,PF4,Spot Price FOB,RWTC,"Cushing, OK WTI Spot Price FOB (Dollars per Barrel)",28.34,$/BBL
2000-01-21,YCUOK,NA,EPCWTI,WTI Crude Oil,PF4,Spot Price FOB,RWTC,"Cushing, OK WTI Spot Price FOB (Dollars per Barrel)",29.37,$/BBL
2000-01-14,YCUOK,NA,EPCWTI,WTI Crude Oil,PF4,Spot Price FOB,RWTC,"Cushing, OK WTI Spot Price FOB (Dollars per Barrel)",26.27,$/BBL
2000-01-07,YCUOK,NA,EPCWTI,WTI Crude Oil,PF4,Spot Price FOB,RWTC,"Cushing, OK WTI Spot Price FOB (Dollars per Barrel)",24.95,$/BBL
1999-12-31,YCUOK,NA,EPCWTI,WTI Crude Oil,PF4,Spot Price FOB,RWTC,"Cushing, OK WTI Spot Price FOB (Dollars per Barrel)",26.34,$/BBL
1999-12-24,YCUOK,NA,EPCWTI,WTI Crude Oil,PF4,Spot Price FOB,RWTC,"Cushing, OK WTI Spot Price FOB (Dollars per Barrel)",26.07,$/BBL
1999-12-17,YCUOK,NA,EPCWTI,WTI Crude Oil,PF4,Spot Price FOB,RWTC,"Cushing, OK WTI Spot Price FOB (Dollars per Barrel)",26.2,$/BBL
1999-12-10,YCUOK,NA,EPCWTI,WTI Crude Oil,PF4,Spot Price FOB,RWTC,"Cushing, OK WTI Spot Price FOB (Dollars per Barrel)",26.19,$/BBL
1999-12-03,YCUOK,NA,EPCWTI,WTI Crude Oil,PF4,Spot Price FOB,RWTC,"Cushing, OK WTI Spot Price FOB (Dollars per Barrel)",25.46,$/BBL
1999-11-26,YCUOK,NA,EPCWTI,WTI Crude Oil,PF4,Spot Price FOB,RWTC,"Cushing, OK WTI Spot Price FOB (Dollars per Barrel)",27.35,$/BBL
1999-11-19,YCUOK,NA,EPCWTI,WTI Crude Oil,PF4,Spot Price FOB,RWTC,"Cushing, OK WTI Spot Price FOB (Dollars per Barrel)",26.05,$/BBL
1999-11-12,YCUOK,NA,EPCWTI,WTI Crude Oil,PF4,Spot Price FOB,RWTC,"Cushing, OK WTI Spot Price FOB (Dollars per Barrel)",24.22,$/BBL
1999-11-05,YCUOK,NA,EPCWTI,WTI Crude Oil,PF4,Spot Price FOB,RWTC,"Cushing, OK WTI Spot Price FOB (Dollars per Barrel)",22.72,$/BBL
1999-10-29,YCUOK,NA,EPCWTI,WTI Crude Oil,PF4,Spot Price FOB,RWTC,"Cushing, OK WTI Spot Price FOB (Dollars per Barrel)",22.5,$/BBL
1999-10-22,YCUOK,NA,EPCWTI,WTI Crude Oil,PF4,Spot Price FOB,RWTC,"Cushing, OK WTI Spot Price FOB (Dollars per Barrel)",22.65,$/BBL
1999-10-15,YCUOK,NA,EPCWTI,WTI Crude Oil,PF4,Spot Price FOB,RWTC,"Cushing, OK WTI Spot Price FOB (Dollars per Barrel)",22.54,$/BBL
1999-10-08,YCUOK,NA,EPCWTI,WTI Crude Oil,PF4,Spot Price FOB,RWTC,"Cushing, OK WTI Spot Price FOB (Dollars per Barrel)",22.72,$/BBL
1999-10-01,YCUOK,NA,EPCWTI,WTI Crude Oil,PF4,Spot Price FOB,RWTC,"Cushing, OK WTI Spot Price FOB (Dollars per Barrel)",24.58,$/BBL
1999-09-24,YCUOK,NA,EPCWTI,WTI Crude Oil,PF4,Spot Price FOB,RWTC,"Cushing, OK WTI Spot Price FOB (Dollars per Barrel)",24.53,$/BBL
1999-09-17,YCUOK,NA,EPCWTI,WTI Crude Oil,PF4,Spot Price FOB,RWTC,"Cushing, OK WTI Spot Price FOB (Dollars per Barrel)",24.28,$/BBL
1999-09-10,YCUOK,NA,EPCWTI,WTI Crude Oil,PF4,Spot Price FOB,RWTC,"Cushing, OK WTI Spot Price FOB (Dollars per Barrel)",23,$/BBL
1999-09-03,YCUOK,NA,EPCWTI,WTI Crude Oil,PF4,Spot Price FOB,RWTC,"Cushing, OK WTI Spot Price FOB (Dollars per Barrel)",21.88,$/BBL
1999-08-27,YCUOK,NA,EPCWTI,WTI Crude Oil,PF4,Spot Price FOB,RWTC,"Cushing, OK WTI Spot Price FOB (Dollars per Barrel)",21.21,$/BBL
1999-08-20,YCUOK,NA,EPCWTI,WTI Crude Oil,PF4,Spot Price FOB,RWTC,"Cushing, OK WTI Spot Price FOB (Dollars per Barrel)",21.62,$/BBL
1999-08-13,YCUOK,NA,EPCWTI,WTI Crude Oil,PF4,Spot Price FOB,RWTC,"Cushing, OK WTI Spot Price FOB (Dollars per Barrel)",21.44,$/BBL
1999-08-06,YCUOK,NA,EPCWTI,WTI Crude Oil,PF4,Spot Price FOB,RWTC,"Cushing, OK WTI Spot Price FOB (Dollars per Barrel)",20.54,$/BBL
1999-07-30,YCUOK,NA,EPCWTI,WTI Crude Oil,PF4,Spot Price FOB,RWTC,"Cushing, OK WTI Spot Price FOB (Dollars per Barrel)",20.62,$/BBL
1999-07-23,YCUOK,NA,EPCWTI,WTI Crude Oil,PF4,Spot Price FOB,RWTC,"Cushing, OK WTI Spot Price FOB (Dollars per Barrel)",19.89,$/BBL
1999-07-16,YCUOK,NA,EPCWTI,WTI Crude Oil,PF4,Spot Price FOB,RWTC,"Cushing, OK WTI Spot Price FOB (Dollars per Barrel)",20.21,$/BBL
1999-07-09,YCUOK,NA,EPCWTI,WTI Crude Oil,PF4,Spot Price FOB,RWTC,"Cushing, OK WTI Spot Price FOB (Dollars per Barrel)",19.87,$/BBL
1999-07-02,YCUOK,NA,EPCWTI,WTI Crude Oil,PF4,Spot Price FOB,RWTC,"Cushing, OK WTI Spot Price FOB (Dollars per Barrel)",19.04,$/BBL
1999-06-25,YCUOK,NA,EPCWTI,WTI Crude Oil,PF4,Spot Price FOB,RWTC,"Cushing, OK WTI Spot Price FOB (Dollars per Barrel)",18.05,$/BBL
1999-06-18,YCUOK,NA,EPCWTI,WTI Crude Oil,PF4,Spot Price FOB,RWTC,"Cushing, OK WTI Spot Price FOB (Dollars per Barrel)",18.21,$/BBL
1999-06-11,YCUOK,NA,EPCWTI,WTI Crude Oil,PF4,Spot Price FOB,RWTC,"Cushing, OK WTI Spot Price FOB (Dollars per Barrel)",17.96,$/BBL
1999-06-04,YCUOK,NA,EPCWTI,WTI Crude Oil,PF4,Spot Price FOB,RWTC,"Cushing, OK WTI Spot Price FOB (Dollars per Barrel)",16.77,$/BBL
1999-05-28,YCUOK,NA,EPCWTI,WTI Crude Oil,PF4,Spot Price FOB,RWTC,"Cushing, OK WTI Spot Price FOB (Dollars per Barrel)",17.07,$/BBL
1999-05-21,YCUOK,NA,EPCWTI,WTI Crude Oil,PF4,Spot Price FOB,RWTC,"Cushing, OK WTI Spot Price FOB (Dollars per Barrel)",17.18,$/BBL
1999-05-14,YCUOK,NA,EPCWTI,WTI Crude Oil,PF4,Spot Price FOB,RWTC,"Cushing, OK WTI Spot Price FOB (Dollars per Barrel)",18,$/BBL
1999-05-07,YCUOK,NA,EPCWTI,WTI Crude Oil,PF4,Spot Price FOB,RWTC,"Cushing, OK WTI Spot Price FOB (Dollars per Barrel)",18.62,$/BBL
1999-04-30,YCUOK,NA,EPCWTI,WTI Crude Oil,PF4,Spot Price FOB,RWTC,"Cushing, OK WTI Spot Price FOB (Dollars per Barrel)",18.23,$/BBL
1999-04-23,YCUOK,NA,EPCWTI,WTI Crude Oil,PF4,Spot Price FOB,RWTC,"Cushing, OK WTI Spot Price FOB (Dollars per Barrel)",17.93,$/BBL
1999-04-16,YCUOK,NA,EPCWTI,WTI Crude Oil,PF4,Spot Price FOB,RWTC,"Cushing, OK WTI Spot Price FOB (Dollars per Barrel)",16.77,$/BBL
1999-04-09,YCUOK,NA,EPCWTI,WTI Crude Oil,PF4,Spot Price FOB,RWTC,"Cushing, OK WTI Spot Price FOB (Dollars per Barrel)",16.45,$/BBL
1999-04-02,YCUOK,NA,EPCWTI,WTI Crude Oil,PF4,Spot Price FOB,RWTC,"Cushing, OK WTI Spot Price FOB (Dollars per Barrel)",16.61,$/BBL
1999-03-26,YCUOK,NA,EPCWTI,WTI Crude Oil,PF4,Spot Price FOB,RWTC,"Cushing, OK WTI Spot Price FOB (Dollars per Barrel)",15.55,$/BBL
1999-03-19,YCUOK,NA,EPCWTI,WTI Crude Oil,PF4,Spot Price FOB,RWTC,"Cushing, OK WTI Spot Price FOB (Dollars per Barrel)",14.91,$/BBL
1999-03-12,YCUOK,NA,EPCWTI,WTI Crude Oil,PF4,Spot Price FOB,RWTC,"Cushing, OK WTI Spot Price FOB (Dollars per Barrel)",14.19,$/BBL
1999-03-05,YCUOK,NA,EPCWTI,WTI Crude Oil,PF4,Spot Price FOB,RWTC,"Cushing, OK WTI Spot Price FOB (Dollars per Barrel)",12.9,$/BBL
1999-02-26,YCUOK,NA,EPCWTI,WTI Crude Oil,PF4,Spot Price FOB,RWTC,"Cushing, OK WTI Spot Price FOB (Dollars per Barrel)",12.36,$/BBL
1999-02-19,YCUOK,NA,EPCWTI,WTI Crude Oil,PF4,Spot Price FOB,RWTC,"Cushing, OK WTI Spot Price FOB (Dollars per Barrel)",11.66,$/BBL
1999-02-12,YCUOK,NA,EPCWTI,WTI Crude Oil,PF4,Spot Price FOB,RWTC,"Cushing, OK WTI Spot Price FOB (Dollars per Barrel)",11.81,$/BBL
1999-02-05,YCUOK,NA,EPCWTI,WTI Crude Oil,PF4,Spot Price FOB,RWTC,"Cushing, OK WTI Spot Price FOB (Dollars per Barrel)",12.16,$/BBL
1999-01-29,YCUOK,NA,EPCWTI,WTI Crude Oil,PF4,Spot Price FOB,RWTC,"Cushing, OK WTI Spot Price FOB (Dollars per Barrel)",12.46,$/BBL
1999-01-22,YCUOK,NA,EPCWTI,WTI Crude Oil,PF4,Spot Price FOB,RWTC,"Cushing, OK WTI Spot Price FOB (Dollars per Barrel)",12.26,$/BBL
1999-01-15,YCUOK,NA,EPCWTI,WTI Crude Oil,PF4,Spot Price FOB,RWTC,"Cushing, OK WTI Spot Price FOB (Dollars per Barrel)",12.62,$/BBL
1999-01-08,YCUOK,NA,EPCWTI,WTI Crude Oil,PF4,Spot Price FOB,RWTC,"Cushing, OK WTI Spot Price FOB (Dollars per Barrel)",12.67,$/BBL
1999-01-01,YCUOK,NA,EPCWTI,WTI Crude Oil,PF4,Spot Price FOB,RWTC,"Cushing, OK WTI Spot Price FOB (Dollars per Barrel)",11.83,$/BBL
1998-12-25,YCUOK,NA,EPCWTI,WTI Crude Oil,PF4,Spot Price FOB,RWTC,"Cushing, OK WTI Spot Price FOB (Dollars per Barrel)",11,$/BBL
1998-12-18,YCUOK,NA,EPCWTI,WTI Crude Oil,PF4,Spot Price FOB,RWTC,"Cushing, OK WTI Spot Price FOB (Dollars per Barrel)",11.5,$/BBL
1998-12-11,YCUOK,NA,EPCWTI,WTI Crude Oil,PF4,Spot Price FOB,RWTC,"Cushing, OK WTI Spot Price FOB (Dollars per Barrel)",11.16,$/BBL
1998-12-04,YCUOK,NA,EPCWTI,WTI Crude Oil,PF4,Spot Price FOB,RWTC,"Cushing, OK WTI Spot Price FOB (Dollars per Barrel)",11.28,$/BBL
1998-11-27,YCUOK,NA,EPCWTI,WTI Crude Oil,PF4,Spot Price FOB,RWTC,"Cushing, OK WTI Spot Price FOB (Dollars per Barrel)",11.62,$/BBL
1998-11-20,YCUOK,NA,EPCWTI,WTI Crude Oil,PF4,Spot Price FOB,RWTC,"Cushing, OK WTI Spot Price FOB (Dollars per Barrel)",12.4,$/BBL
1998-11-13,YCUOK,NA,EPCWTI,WTI Crude Oil,PF4,Spot Price FOB,RWTC,"Cushing, OK WTI Spot Price FOB (Dollars per Barrel)",13.63,$/BBL
1998-11-06,YCUOK,NA,EPCWTI,WTI Crude Oil,PF4,Spot Price FOB,RWTC,"Cushing, OK WTI Spot Price FOB (Dollars per Barrel)",14.13,$/BBL
1998-10-30,YCUOK,NA,EPCWTI,WTI Crude Oil,PF4,Spot Price FOB,RWTC,"Cushing, OK WTI Spot Price FOB (Dollars per Barrel)",14.34,$/BBL
1998-10-23,YCUOK,NA,EPCWTI,WTI Crude Oil,PF4,Spot Price FOB,RWTC,"Cushing, OK WTI Spot Price FOB (Dollars per Barrel)",13.81,$/BBL
1998-10-16,YCUOK,NA,EPCWTI,WTI Crude Oil,PF4,Spot Price FOB,RWTC,"Cushing, OK WTI Spot Price FOB (Dollars per Barrel)",14.21,$/BBL
1998-10-09,YCUOK,NA,EPCWTI,WTI Crude Oil,PF4,Spot Price FOB,RWTC,"Cushing, OK WTI Spot Price FOB (Dollars per Barrel)",15.02,$/BBL
1998-10-02,YCUOK,NA,EPCWTI,WTI Crude Oil,PF4,Spot Price FOB,RWTC,"Cushing, OK WTI Spot Price FOB (Dollars per Barrel)",15.83,$/BBL
1998-09-25,YCUOK,NA,EPCWTI,WTI Crude Oil,PF4,Spot Price FOB,RWTC,"Cushing, OK WTI Spot Price FOB (Dollars per Barrel)",15.78,$/BBL
1998-09-18,YCUOK,NA,EPCWTI,WTI Crude Oil,PF4,Spot Price FOB,RWTC,"Cushing, OK WTI Spot Price FOB (Dollars per Barrel)",14.88,$/BBL
1998-09-11,YCUOK,NA,EPCWTI,WTI Crude Oil,PF4,Spot Price FOB,RWTC,"Cushing, OK WTI Spot Price FOB (Dollars per Barrel)",14.45,$/BBL
1998-09-04,YCUOK,NA,EPCWTI,WTI Crude Oil,PF4,Spot Price FOB,RWTC,"Cushing, OK WTI Spot Price FOB (Dollars per Barrel)",13.98,$/BBL
1998-08-28,YCUOK,NA,EPCWTI,WTI Crude Oil,PF4,Spot Price FOB,RWTC,"Cushing, OK WTI Spot Price FOB (Dollars per Barrel)",13.65,$/BBL
1998-08-21,YCUOK,NA,EPCWTI,WTI Crude Oil,PF4,Spot Price FOB,RWTC,"Cushing, OK WTI Spot Price FOB (Dollars per Barrel)",13.33,$/BBL
1998-08-14,YCUOK,NA,EPCWTI,WTI Crude Oil,PF4,Spot Price FOB,RWTC,"Cushing, OK WTI Spot Price FOB (Dollars per Barrel)",13.12,$/BBL
1998-08-07,YCUOK,NA,EPCWTI,WTI Crude Oil,PF4,Spot Price FOB,RWTC,"Cushing, OK WTI Spot Price FOB (Dollars per Barrel)",13.83,$/BBL
1998-07-31,YCUOK,NA,EPCWTI,WTI Crude Oil,PF4,Spot Price FOB,RWTC,"Cushing, OK WTI Spot Price FOB (Dollars per Barrel)",14.24,$/BBL
1998-07-24,YCUOK,NA,EPCWTI,WTI Crude Oil,PF4,Spot Price FOB,RWTC,"Cushing, OK WTI Spot Price FOB (Dollars per Barrel)",13.89,$/BBL
1998-07-17,YCUOK,NA,EPCWTI,WTI Crude Oil,PF4,Spot Price FOB,RWTC,"Cushing, OK WTI Spot Price FOB (Dollars per Barrel)",14.48,$/BBL
1998-07-10,YCUOK,NA,EPCWTI,WTI Crude Oil,PF4,Spot Price FOB,RWTC,"Cushing, OK WTI Spot Price FOB (Dollars per Barrel)",13.94,$/BBL
1998-07-03,YCUOK,NA,EPCWTI,WTI Crude Oil,PF4,Spot Price FOB,RWTC,"Cushing, OK WTI Spot Price FOB (Dollars per Barrel)",14.41,$/BBL
1998-06-26,YCUOK,NA,EPCWTI,WTI Crude Oil,PF4,Spot Price FOB,RWTC,"Cushing, OK WTI Spot Price FOB (Dollars per Barrel)",14.17,$/BBL
1998-06-19,YCUOK,NA,EPCWTI,WTI Crude Oil,PF4,Spot Price FOB,RWTC,"Cushing, OK WTI Spot Price FOB (Dollars per Barrel)",12.04,$/BBL
1998-06-12,YCUOK,NA,EPCWTI,WTI Crude Oil,PF4,Spot Price FOB,RWTC,"Cushing, OK WTI Spot Price FOB (Dollars per Barrel)",13.42,$/BBL
1998-06-05,YCUOK,NA,EPCWTI,WTI Crude Oil,PF4,Spot Price FOB,RWTC,"Cushing, OK WTI Spot Price FOB (Dollars per Barrel)",15.02,$/BBL
1998-05-29,YCUOK,NA,EPCWTI,WTI Crude Oil,PF4,Spot Price FOB,RWTC,"Cushing, OK WTI Spot Price FOB (Dollars per Barrel)",14.99,$/BBL
1998-05-22,YCUOK,NA,EPCWTI,WTI Crude Oil,PF4,Spot Price FOB,RWTC,"Cushing, OK WTI Spot Price FOB (Dollars per Barrel)",13.91,$/BBL
1998-05-15,YCUOK,NA,EPCWTI,WTI Crude Oil,PF4,Spot Price FOB,RWTC,"Cushing, OK WTI Spot Price FOB (Dollars per Barrel)",15.03,$/BBL
1998-05-08,YCUOK,NA,EPCWTI,WTI Crude Oil,PF4,Spot Price FOB,RWTC,"Cushing, OK WTI Spot Price FOB (Dollars per Barrel)",15.48,$/BBL
1998-05-01,YCUOK,NA,EPCWTI,WTI Crude Oil,PF4,Spot Price FOB,RWTC,"Cushing, OK WTI Spot Price FOB (Dollars per Barrel)",15.71,$/BBL
1998-04-24,YCUOK,NA,EPCWTI,WTI Crude Oil,PF4,Spot Price FOB,RWTC,"Cushing, OK WTI Spot Price FOB (Dollars per Barrel)",14.5,$/BBL
1998-04-17,YCUOK,NA,EPCWTI,WTI Crude Oil,PF4,Spot Price FOB,RWTC,"Cushing, OK WTI Spot Price FOB (Dollars per Barrel)",15.53,$/BBL
1998-04-10,YCUOK,NA,EPCWTI,WTI Crude Oil,PF4,Spot Price FOB,RWTC,"Cushing, OK WTI Spot Price FOB (Dollars per Barrel)",15.55,$/BBL
1998-04-03,YCUOK,NA,EPCWTI,WTI Crude Oil,PF4,Spot Price FOB,RWTC,"Cushing, OK WTI Spot Price FOB (Dollars per Barrel)",15.98,$/BBL
1998-03-27,YCUOK,NA,EPCWTI,WTI Crude Oil,PF4,Spot Price FOB,RWTC,"Cushing, OK WTI Spot Price FOB (Dollars per Barrel)",16.42,$/BBL
1998-03-20,YCUOK,NA,EPCWTI,WTI Crude Oil,PF4,Spot Price FOB,RWTC,"Cushing, OK WTI Spot Price FOB (Dollars per Barrel)",14.04,$/BBL
1998-03-13,YCUOK,NA,EPCWTI,WTI Crude Oil,PF4,Spot Price FOB,RWTC,"Cushing, OK WTI Spot Price FOB (Dollars per Barrel)",14.4,$/BBL
1998-03-06,YCUOK,NA,EPCWTI,WTI Crude Oil,PF4,Spot Price FOB,RWTC,"Cushing, OK WTI Spot Price FOB (Dollars per Barrel)",15.23,$/BBL
1998-02-27,YCUOK,NA,EPCWTI,WTI Crude Oil,PF4,Spot Price FOB,RWTC,"Cushing, OK WTI Spot Price FOB (Dollars per Barrel)",15.3,$/BBL
1998-02-20,YCUOK,NA,EPCWTI,WTI Crude Oil,PF4,Spot Price FOB,RWTC,"Cushing, OK WTI Spot Price FOB (Dollars per Barrel)",16.03,$/BBL
1998-02-13,YCUOK,NA,EPCWTI,WTI Crude Oil,PF4,Spot Price FOB,RWTC,"Cushing, OK WTI Spot Price FOB (Dollars per Barrel)",16.25,$/BBL
1998-02-06,YCUOK,NA,EPCWTI,WTI Crude Oil,PF4,Spot Price FOB,RWTC,"Cushing, OK WTI Spot Price FOB (Dollars per Barrel)",16.65,$/BBL
1998-01-30,YCUOK,NA,EPCWTI,WTI Crude Oil,PF4,Spot Price FOB,RWTC,"Cushing, OK WTI Spot Price FOB (Dollars per Barrel)",17.3,$/BBL
1998-01-23,YCUOK,NA,EPCWTI,WTI Crude Oil,PF4,Spot Price FOB,RWTC,"Cushing, OK WTI Spot Price FOB (Dollars per Barrel)",16.02,$/BBL
1998-01-16,YCUOK,NA,EPCWTI,WTI Crude Oil,PF4,Spot Price FOB,RWTC,"Cushing, OK WTI Spot Price FOB (Dollars per Barrel)",16.47,$/BBL
1998-01-09,YCUOK,NA,EPCWTI,WTI Crude Oil,PF4,Spot Price FOB,RWTC,"Cushing, OK WTI Spot Price FOB (Dollars per Barrel)",16.83,$/BBL
1998-01-02,YCUOK,NA,EPCWTI,WTI Crude Oil,PF4,Spot Price FOB,RWTC,"Cushing, OK WTI Spot Price FOB (Dollars per Barrel)",17.58,$/BBL
1997-12-26,YCUOK,NA,EPCWTI,WTI Crude Oil,PF4,Spot Price FOB,RWTC,"Cushing, OK WTI Spot Price FOB (Dollars per Barrel)",18.31,$/BBL
1997-12-19,YCUOK,NA,EPCWTI,WTI Crude Oil,PF4,Spot Price FOB,RWTC,"Cushing, OK WTI Spot Price FOB (Dollars per Barrel)",18.31,$/BBL
1997-12-12,YCUOK,NA,EPCWTI,WTI Crude Oil,PF4,Spot Price FOB,RWTC,"Cushing, OK WTI Spot Price FOB (Dollars per Barrel)",18.44,$/BBL
1997-12-05,YCUOK,NA,EPCWTI,WTI Crude Oil,PF4,Spot Price FOB,RWTC,"Cushing, OK WTI Spot Price FOB (Dollars per Barrel)",18.69,$/BBL
1997-11-28,YCUOK,NA,EPCWTI,WTI Crude Oil,PF4,Spot Price FOB,RWTC,"Cushing, OK WTI Spot Price FOB (Dollars per Barrel)",19.3,$/BBL
1997-11-21,YCUOK,NA,EPCWTI,WTI Crude Oil,PF4,Spot Price FOB,RWTC,"Cushing, OK WTI Spot Price FOB (Dollars per Barrel)",19.81,$/BBL
1997-11-14,YCUOK,NA,EPCWTI,WTI Crude Oil,PF4,Spot Price FOB,RWTC,"Cushing, OK WTI Spot Price FOB (Dollars per Barrel)",20.66,$/BBL
1997-11-07,YCUOK,NA,EPCWTI,WTI Crude Oil,PF4,Spot Price FOB,RWTC,"Cushing, OK WTI Spot Price FOB (Dollars per Barrel)",20.65,$/BBL
1997-10-31,YCUOK,NA,EPCWTI,WTI Crude Oil,PF4,Spot Price FOB,RWTC,"Cushing, OK WTI Spot Price FOB (Dollars per Barrel)",20.92,$/BBL
1997-10-24,YCUOK,NA,EPCWTI,WTI Crude Oil,PF4,Spot Price FOB,RWTC,"Cushing, OK WTI Spot Price FOB (Dollars per Barrel)",21,$/BBL
1997-10-17,YCUOK,NA,EPCWTI,WTI Crude Oil,PF4,Spot Price FOB,RWTC,"Cushing, OK WTI Spot Price FOB (Dollars per Barrel)",21.03,$/BBL
1997-10-10,YCUOK,NA,EPCWTI,WTI Crude Oil,PF4,Spot Price FOB,RWTC,"Cushing, OK WTI Spot Price FOB (Dollars per Barrel)",22.01,$/BBL
1997-10-03,YCUOK,NA,EPCWTI,WTI Crude Oil,PF4,Spot Price FOB,RWTC,"Cushing, OK WTI Spot Price FOB (Dollars per Barrel)",21.62,$/BBL
1997-09-26,YCUOK,NA,EPCWTI,WTI Crude Oil,PF4,Spot Price FOB,RWTC,"Cushing, OK WTI Spot Price FOB (Dollars per Barrel)",20.12,$/BBL
1997-09-19,YCUOK,NA,EPCWTI,WTI Crude Oil,PF4,Spot Price FOB,RWTC,"Cushing, OK WTI Spot Price FOB (Dollars per Barrel)",19.44,$/BBL
1997-09-12,YCUOK,NA,EPCWTI,WTI Crude Oil,PF4,Spot Price FOB,RWTC,"Cushing, OK WTI Spot Price FOB (Dollars per Barrel)",19.44,$/BBL
1997-09-05,YCUOK,NA,EPCWTI,WTI Crude Oil,PF4,Spot Price FOB,RWTC,"Cushing, OK WTI Spot Price FOB (Dollars per Barrel)",19.61,$/BBL
1997-08-29,YCUOK,NA,EPCWTI,WTI Crude Oil,PF4,Spot Price FOB,RWTC,"Cushing, OK WTI Spot Price FOB (Dollars per Barrel)",19.5,$/BBL
1997-08-22,YCUOK,NA,EPCWTI,WTI Crude Oil,PF4,Spot Price FOB,RWTC,"Cushing, OK WTI Spot Price FOB (Dollars per Barrel)",19.92,$/BBL
1997-08-15,YCUOK,NA,EPCWTI,WTI Crude Oil,PF4,Spot Price FOB,RWTC,"Cushing, OK WTI Spot Price FOB (Dollars per Barrel)",19.99,$/BBL
1997-08-08,YCUOK,NA,EPCWTI,WTI Crude Oil,PF4,Spot Price FOB,RWTC,"Cushing, OK WTI Spot Price FOB (Dollars per Barrel)",20.35,$/BBL
1997-08-01,YCUOK,NA,EPCWTI,WTI Crude Oil,PF4,Spot Price FOB,RWTC,"Cushing, OK WTI Spot Price FOB (Dollars per Barrel)",20.13,$/BBL
1997-07-25,YCUOK,NA,EPCWTI,WTI Crude Oil,PF4,Spot Price FOB,RWTC,"Cushing, OK WTI Spot Price FOB (Dollars per Barrel)",19.52,$/BBL
1997-07-18,YCUOK,NA,EPCWTI,WTI Crude Oil,PF4,Spot Price FOB,RWTC,"Cushing, OK WTI Spot Price FOB (Dollars per Barrel)",19.49,$/BBL
1997-07-11,YCUOK,NA,EPCWTI,WTI Crude Oil,PF4,Spot Price FOB,RWTC,"Cushing, OK WTI Spot Price FOB (Dollars per Barrel)",19.44,$/BBL
1997-07-04,YCUOK,NA,EPCWTI,WTI Crude Oil,PF4,Spot Price FOB,RWTC,"Cushing, OK WTI Spot Price FOB (Dollars per Barrel)",19.95,$/BBL
1997-06-27,YCUOK,NA,EPCWTI,WTI Crude Oil,PF4,Spot Price FOB,RWTC,"Cushing, OK WTI Spot Price FOB (Dollars per Barrel)",19,$/BBL
1997-06-20,YCUOK,NA,EPCWTI,WTI Crude Oil,PF4,Spot Price FOB,RWTC,"Cushing, OK WTI Spot Price FOB (Dollars per Barrel)",18.93,$/BBL
1997-06-13,YCUOK,NA,EPCWTI,WTI Crude Oil,PF4,Spot Price FOB,RWTC,"Cushing, OK WTI Spot Price FOB (Dollars per Barrel)",18.88,$/BBL
1997-06-06,YCUOK,NA,EPCWTI,WTI Crude Oil,PF4,Spot Price FOB,RWTC,"Cushing, OK WTI Spot Price FOB (Dollars per Barrel)",20.12,$/BBL
1997-05-30,YCUOK,NA,EPCWTI,WTI Crude Oil,PF4,Spot Price FOB,RWTC,"Cushing, OK WTI Spot Price FOB (Dollars per Barrel)",20.9,$/BBL
1997-05-23,YCUOK,NA,EPCWTI,WTI Crude Oil,PF4,Spot Price FOB,RWTC,"Cushing, OK WTI Spot Price FOB (Dollars per Barrel)",21.43,$/BBL
1997-05-16,YCUOK,NA,EPCWTI,WTI Crude Oil,PF4,Spot Price FOB,RWTC,"Cushing, OK WTI Spot Price FOB (Dollars per Barrel)",21.45,$/BBL
1997-05-09,YCUOK,NA,EPCWTI,WTI Crude Oil,PF4,Spot Price FOB,RWTC,"Cushing, OK WTI Spot Price FOB (Dollars per Barrel)",19.94,$/BBL
1997-05-02,YCUOK,NA,EPCWTI,WTI Crude Oil,PF4,Spot Price FOB,RWTC,"Cushing, OK WTI Spot Price FOB (Dollars per Barrel)",19.99,$/BBL
1997-04-25,YCUOK,NA,EPCWTI,WTI Crude Oil,PF4,Spot Price FOB,RWTC,"Cushing, OK WTI Spot Price FOB (Dollars per Barrel)",19.85,$/BBL
1997-04-18,YCUOK,NA,EPCWTI,WTI Crude Oil,PF4,Spot Price FOB,RWTC,"Cushing, OK WTI Spot Price FOB (Dollars per Barrel)",19.65,$/BBL
1997-04-11,YCUOK,NA,EPCWTI,WTI Crude Oil,PF4,Spot Price FOB,RWTC,"Cushing, OK WTI Spot Price FOB (Dollars per Barrel)",19.38,$/BBL
1997-04-04,YCUOK,NA,EPCWTI,WTI Crude Oil,PF4,Spot Price FOB,RWTC,"Cushing, OK WTI Spot Price FOB (Dollars per Barrel)",19.76,$/BBL
1997-03-28,YCUOK,NA,EPCWTI,WTI Crude Oil,PF4,Spot Price FOB,RWTC,"Cushing, OK WTI Spot Price FOB (Dollars per Barrel)",20.83,$/BBL
1997-03-21,YCUOK,NA,EPCWTI,WTI Crude Oil,PF4,Spot Price FOB,RWTC,"Cushing, OK WTI Spot Price FOB (Dollars per Barrel)",21.72,$/BBL
1997-03-14,YCUOK,NA,EPCWTI,WTI Crude Oil,PF4,Spot Price FOB,RWTC,"Cushing, OK WTI Spot Price FOB (Dollars per Barrel)",20.64,$/BBL
1997-03-07,YCUOK,NA,EPCWTI,WTI Crude Oil,PF4,Spot Price FOB,RWTC,"Cushing, OK WTI Spot Price FOB (Dollars per Barrel)",20.77,$/BBL
1997-02-28,YCUOK,NA,EPCWTI,WTI Crude Oil,PF4,Spot Price FOB,RWTC,"Cushing, OK WTI Spot Price FOB (Dollars per Barrel)",20.83,$/BBL
1997-02-21,YCUOK,NA,EPCWTI,WTI Crude Oil,PF4,Spot Price FOB,RWTC,"Cushing, OK WTI Spot Price FOB (Dollars per Barrel)",22.18,$/BBL
1997-02-14,YCUOK,NA,EPCWTI,WTI Crude Oil,PF4,Spot Price FOB,RWTC,"Cushing, OK WTI Spot Price FOB (Dollars per Barrel)",22.21,$/BBL
1997-02-07,YCUOK,NA,EPCWTI,WTI Crude Oil,PF4,Spot Price FOB,RWTC,"Cushing, OK WTI Spot Price FOB (Dollars per Barrel)",23.49,$/BBL
1997-01-31,YCUOK,NA,EPCWTI,WTI Crude Oil,PF4,Spot Price FOB,RWTC,"Cushing, OK WTI Spot Price FOB (Dollars per Barrel)",24.24,$/BBL
1997-01-24,YCUOK,NA,EPCWTI,WTI Crude Oil,PF4,Spot Price FOB,RWTC,"Cushing, OK WTI Spot Price FOB (Dollars per Barrel)",24.4,$/BBL
1997-01-17,YCUOK,NA,EPCWTI,WTI Crude Oil,PF4,Spot Price FOB,RWTC,"Cushing, OK WTI Spot Price FOB (Dollars per Barrel)",25.42,$/BBL
1997-01-10,YCUOK,NA,EPCWTI,WTI Crude Oil,PF4,Spot Price FOB,RWTC,"Cushing, OK WTI Spot Price FOB (Dollars per Barrel)",26.3,$/BBL
1997-01-03,YCUOK,NA,EPCWTI,WTI Crude Oil,PF4,Spot Price FOB,RWTC,"Cushing, OK WTI Spot Price FOB (Dollars per Barrel)",25.59,$/BBL
1996-12-27,YCUOK,NA,EPCWTI,WTI Crude Oil,PF4,Spot Price FOB,RWTC,"Cushing, OK WTI Spot Price FOB (Dollars per Barrel)",25.44,$/BBL
1996-12-20,YCUOK,NA,EPCWTI,WTI Crude Oil,PF4,Spot Price FOB,RWTC,"Cushing, OK WTI Spot Price FOB (Dollars per Barrel)",26.02,$/BBL
1996-12-13,YCUOK,NA,EPCWTI,WTI Crude Oil,PF4,Spot Price FOB,RWTC,"Cushing, OK WTI Spot Price FOB (Dollars per Barrel)",24.2,$/BBL
1996-12-06,YCUOK,NA,EPCWTI,WTI Crude Oil,PF4,Spot Price FOB,RWTC,"Cushing, OK WTI Spot Price FOB (Dollars per Barrel)",25.14,$/BBL
1996-11-29,YCUOK,NA,EPCWTI,WTI Crude Oil,PF4,Spot Price FOB,RWTC,"Cushing, OK WTI Spot Price FOB (Dollars per Barrel)",24.21,$/BBL
1996-11-22,YCUOK,NA,EPCWTI,WTI Crude Oil,PF4,Spot Price FOB,RWTC,"Cushing, OK WTI Spot Price FOB (Dollars per Barrel)",24.03,$/BBL
1996-11-15,YCUOK,NA,EPCWTI,WTI Crude Oil,PF4,Spot Price FOB,RWTC,"Cushing, OK WTI Spot Price FOB (Dollars per Barrel)",23.9,$/BBL
1996-11-08,YCUOK,NA,EPCWTI,WTI Crude Oil,PF4,Spot Price FOB,RWTC,"Cushing, OK WTI Spot Price FOB (Dollars per Barrel)",22.92,$/BBL
1996-11-01,YCUOK,NA,EPCWTI,WTI Crude Oil,PF4,Spot Price FOB,RWTC,"Cushing, OK WTI Spot Price FOB (Dollars per Barrel)",23.91,$/BBL
1996-10-25,YCUOK,NA,EPCWTI,WTI Crude Oil,PF4,Spot Price FOB,RWTC,"Cushing, OK WTI Spot Price FOB (Dollars per Barrel)",25.15,$/BBL
1996-10-18,YCUOK,NA,EPCWTI,WTI Crude Oil,PF4,Spot Price FOB,RWTC,"Cushing, OK WTI Spot Price FOB (Dollars per Barrel)",25.45,$/BBL
1996-10-11,YCUOK,NA,EPCWTI,WTI Crude Oil,PF4,Spot Price FOB,RWTC,"Cushing, OK WTI Spot Price FOB (Dollars per Barrel)",24.93,$/BBL
1996-10-04,YCUOK,NA,EPCWTI,WTI Crude Oil,PF4,Spot Price FOB,RWTC,"Cushing, OK WTI Spot Price FOB (Dollars per Barrel)",24.44,$/BBL
1996-09-27,YCUOK,NA,EPCWTI,WTI Crude Oil,PF4,Spot Price FOB,RWTC,"Cushing, OK WTI Spot Price FOB (Dollars per Barrel)",24.33,$/BBL
1996-09-20,YCUOK,NA,EPCWTI,WTI Crude Oil,PF4,Spot Price FOB,RWTC,"Cushing, OK WTI Spot Price FOB (Dollars per Barrel)",23.52,$/BBL
1996-09-13,YCUOK,NA,EPCWTI,WTI Crude Oil,PF4,Spot Price FOB,RWTC,"Cushing, OK WTI Spot Price FOB (Dollars per Barrel)",24.42,$/BBL
1996-09-06,YCUOK,NA,EPCWTI,WTI Crude Oil,PF4,Spot Price FOB,RWTC,"Cushing, OK WTI Spot Price FOB (Dollars per Barrel)",23.48,$/BBL
1996-08-30,YCUOK,NA,EPCWTI,WTI Crude Oil,PF4,Spot Price FOB,RWTC,"Cushing, OK WTI Spot Price FOB (Dollars per Barrel)",21.82,$/BBL
1996-08-23,YCUOK,NA,EPCWTI,WTI Crude Oil,PF4,Spot Price FOB,RWTC,"Cushing, OK WTI Spot Price FOB (Dollars per Barrel)",22.5,$/BBL
1996-08-16,YCUOK,NA,EPCWTI,WTI Crude Oil,PF4,Spot Price FOB,RWTC,"Cushing, OK WTI Spot Price FOB (Dollars per Barrel)",22.25,$/BBL
1996-08-09,YCUOK,NA,EPCWTI,WTI Crude Oil,PF4,Spot Price FOB,RWTC,"Cushing, OK WTI Spot Price FOB (Dollars per Barrel)",21.35,$/BBL
1996-08-02,YCUOK,NA,EPCWTI,WTI Crude Oil,PF4,Spot Price FOB,RWTC,"Cushing, OK WTI Spot Price FOB (Dollars per Barrel)",20.66,$/BBL
1996-07-26,YCUOK,NA,EPCWTI,WTI Crude Oil,PF4,Spot Price FOB,RWTC,"Cushing, OK WTI Spot Price FOB (Dollars per Barrel)",20.96,$/BBL
1996-07-19,YCUOK,NA,EPCWTI,WTI Crude Oil,PF4,Spot Price FOB,RWTC,"Cushing, OK WTI Spot Price FOB (Dollars per Barrel)",21.8,$/BBL
1996-07-12,YCUOK,NA,EPCWTI,WTI Crude Oil,PF4,Spot Price FOB,RWTC,"Cushing, OK WTI Spot Price FOB (Dollars per Barrel)",21.65,$/BBL
1996-07-05,YCUOK,NA,EPCWTI,WTI Crude Oil,PF4,Spot Price FOB,RWTC,"Cushing, OK WTI Spot Price FOB (Dollars per Barrel)",21.4,$/BBL
1996-06-28,YCUOK,NA,EPCWTI,WTI Crude Oil,PF4,Spot Price FOB,RWTC,"Cushing, OK WTI Spot Price FOB (Dollars per Barrel)",20.55,$/BBL
1996-06-21,YCUOK,NA,EPCWTI,WTI Crude Oil,PF4,Spot Price FOB,RWTC,"Cushing, OK WTI Spot Price FOB (Dollars per Barrel)",20.95,$/BBL
1996-06-14,YCUOK,NA,EPCWTI,WTI Crude Oil,PF4,Spot Price FOB,RWTC,"Cushing, OK WTI Spot Price FOB (Dollars per Barrel)",20.15,$/BBL
1996-06-07,YCUOK,NA,EPCWTI,WTI Crude Oil,PF4,Spot Price FOB,RWTC,"Cushing, OK WTI Spot Price FOB (Dollars per Barrel)",20.04,$/BBL
1996-05-31,YCUOK,NA,EPCWTI,WTI Crude Oil,PF4,Spot Price FOB,RWTC,"Cushing, OK WTI Spot Price FOB (Dollars per Barrel)",20.37,$/BBL
1996-05-24,YCUOK,NA,EPCWTI,WTI Crude Oil,PF4,Spot Price FOB,RWTC,"Cushing, OK WTI Spot Price FOB (Dollars per Barrel)",22.24,$/BBL
1996-05-17,YCUOK,NA,EPCWTI,WTI Crude Oil,PF4,Spot Price FOB,RWTC,"Cushing, OK WTI Spot Price FOB (Dollars per Barrel)",21.06,$/BBL
1996-05-10,YCUOK,NA,EPCWTI,WTI Crude Oil,PF4,Spot Price FOB,RWTC,"Cushing, OK WTI Spot Price FOB (Dollars per Barrel)",20.98,$/BBL
1996-05-03,YCUOK,NA,EPCWTI,WTI Crude Oil,PF4,Spot Price FOB,RWTC,"Cushing, OK WTI Spot Price FOB (Dollars per Barrel)",21.16,$/BBL
1996-04-26,YCUOK,NA,EPCWTI,WTI Crude Oil,PF4,Spot Price FOB,RWTC,"Cushing, OK WTI Spot Price FOB (Dollars per Barrel)",23.8,$/BBL
1996-04-19,YCUOK,NA,EPCWTI,WTI Crude Oil,PF4,Spot Price FOB,RWTC,"Cushing, OK WTI Spot Price FOB (Dollars per Barrel)",24.34,$/BBL
1996-04-12,YCUOK,NA,EPCWTI,WTI Crude Oil,PF4,Spot Price FOB,RWTC,"Cushing, OK WTI Spot Price FOB (Dollars per Barrel)",23.95,$/BBL
1996-04-05,YCUOK,NA,EPCWTI,WTI Crude Oil,PF4,Spot Price FOB,RWTC,"Cushing, OK WTI Spot Price FOB (Dollars per Barrel)",22.49,$/BBL
1996-03-29,YCUOK,NA,EPCWTI,WTI Crude Oil,PF4,Spot Price FOB,RWTC,"Cushing, OK WTI Spot Price FOB (Dollars per Barrel)",22.03,$/BBL
1996-03-22,YCUOK,NA,EPCWTI,WTI Crude Oil,PF4,Spot Price FOB,RWTC,"Cushing, OK WTI Spot Price FOB (Dollars per Barrel)",23.16,$/BBL
1996-03-15,YCUOK,NA,EPCWTI,WTI Crude Oil,PF4,Spot Price FOB,RWTC,"Cushing, OK WTI Spot Price FOB (Dollars per Barrel)",20.8,$/BBL
1996-03-08,YCUOK,NA,EPCWTI,WTI Crude Oil,PF4,Spot Price FOB,RWTC,"Cushing, OK WTI Spot Price FOB (Dollars per Barrel)",19.72,$/BBL
1996-03-01,YCUOK,NA,EPCWTI,WTI Crude Oil,PF4,Spot Price FOB,RWTC,"Cushing, OK WTI Spot Price FOB (Dollars per Barrel)",19.49,$/BBL
1996-02-23,YCUOK,NA,EPCWTI,WTI Crude Oil,PF4,Spot Price FOB,RWTC,"Cushing, OK WTI Spot Price FOB (Dollars per Barrel)",21.45,$/BBL
1996-02-16,YCUOK,NA,EPCWTI,WTI Crude Oil,PF4,Spot Price FOB,RWTC,"Cushing, OK WTI Spot Price FOB (Dollars per Barrel)",18.8,$/BBL
1996-02-09,YCUOK,NA,EPCWTI,WTI Crude Oil,PF4,Spot Price FOB,RWTC,"Cushing, OK WTI Spot Price FOB (Dollars per Barrel)",17.72,$/BBL
1996-02-02,YCUOK,NA,EPCWTI,WTI Crude Oil,PF4,Spot Price FOB,RWTC,"Cushing, OK WTI Spot Price FOB (Dollars per Barrel)",17.64,$/BBL
1996-01-26,YCUOK,NA,EPCWTI,WTI Crude Oil,PF4,Spot Price FOB,RWTC,"Cushing, OK WTI Spot Price FOB (Dollars per Barrel)",18.35,$/BBL
1996-01-19,YCUOK,NA,EPCWTI,WTI Crude Oil,PF4,Spot Price FOB,RWTC,"Cushing, OK WTI Spot Price FOB (Dollars per Barrel)",18.64,$/BBL
1996-01-12,YCUOK,NA,EPCWTI,WTI Crude Oil,PF4,Spot Price FOB,RWTC,"Cushing, OK WTI Spot Price FOB (Dollars per Barrel)",19.43,$/BBL
1996-01-05,YCUOK,NA,EPCWTI,WTI Crude Oil,PF4,Spot Price FOB,RWTC,"Cushing, OK WTI Spot Price FOB (Dollars per Barrel)",19.99,$/BBL
1995-12-29,YCUOK,NA,EPCWTI,WTI Crude Oil,PF4,Spot Price FOB,RWTC,"Cushing, OK WTI Spot Price FOB (Dollars per Barrel)",19.44,$/BBL
1995-12-22,YCUOK,NA,EPCWTI,WTI Crude Oil,PF4,Spot Price FOB,RWTC,"Cushing, OK WTI Spot Price FOB (Dollars per Barrel)",19.12,$/BBL
1995-12-15,YCUOK,NA,EPCWTI,WTI Crude Oil,PF4,Spot Price FOB,RWTC,"Cushing, OK WTI Spot Price FOB (Dollars per Barrel)",19.02,$/BBL
1995-12-08,YCUOK,NA,EPCWTI,WTI Crude Oil,PF4,Spot Price FOB,RWTC,"Cushing, OK WTI Spot Price FOB (Dollars per Barrel)",18.74,$/BBL
1995-12-01,YCUOK,NA,EPCWTI,WTI Crude Oil,PF4,Spot Price FOB,RWTC,"Cushing, OK WTI Spot Price FOB (Dollars per Barrel)",18.32,$/BBL
1995-11-24,YCUOK,NA,EPCWTI,WTI Crude Oil,PF4,Spot Price FOB,RWTC,"Cushing, OK WTI Spot Price FOB (Dollars per Barrel)",17.99,$/BBL
1995-11-17,YCUOK,NA,EPCWTI,WTI Crude Oil,PF4,Spot Price FOB,RWTC,"Cushing, OK WTI Spot Price FOB (Dollars per Barrel)",18.06,$/BBL
1995-11-10,YCUOK,NA,EPCWTI,WTI Crude Oil,PF4,Spot Price FOB,RWTC,"Cushing, OK WTI Spot Price FOB (Dollars per Barrel)",17.76,$/BBL
1995-11-03,YCUOK,NA,EPCWTI,WTI Crude Oil,PF4,Spot Price FOB,RWTC,"Cushing, OK WTI Spot Price FOB (Dollars per Barrel)",17.79,$/BBL
1995-10-27,YCUOK,NA,EPCWTI,WTI Crude Oil,PF4,Spot Price FOB,RWTC,"Cushing, OK WTI Spot Price FOB (Dollars per Barrel)",17.56,$/BBL
1995-10-20,YCUOK,NA,EPCWTI,WTI Crude Oil,PF4,Spot Price FOB,RWTC,"Cushing, OK WTI Spot Price FOB (Dollars per Barrel)",17.51,$/BBL
1995-10-13,YCUOK,NA,EPCWTI,WTI Crude Oil,PF4,Spot Price FOB,RWTC,"Cushing, OK WTI Spot Price FOB (Dollars per Barrel)",17.28,$/BBL
1995-10-06,YCUOK,NA,EPCWTI,WTI Crude Oil,PF4,Spot Price FOB,RWTC,"Cushing, OK WTI Spot Price FOB (Dollars per Barrel)",17.29,$/BBL
1995-09-29,YCUOK,NA,EPCWTI,WTI Crude Oil,PF4,Spot Price FOB,RWTC,"Cushing, OK WTI Spot Price FOB (Dollars per Barrel)",17.55,$/BBL
1995-09-22,YCUOK,NA,EPCWTI,WTI Crude Oil,PF4,Spot Price FOB,RWTC,"Cushing, OK WTI Spot Price FOB (Dollars per Barrel)",18.32,$/BBL
1995-09-15,YCUOK,NA,EPCWTI,WTI Crude Oil,PF4,Spot Price FOB,RWTC,"Cushing, OK WTI Spot Price FOB (Dollars per Barrel)",18.72,$/BBL
1995-09-08,YCUOK,NA,EPCWTI,WTI Crude Oil,PF4,Spot Price FOB,RWTC,"Cushing, OK WTI Spot Price FOB (Dollars per Barrel)",18.37,$/BBL
1995-09-01,YCUOK,NA,EPCWTI,WTI Crude Oil,PF4,Spot Price FOB,RWTC,"Cushing, OK WTI Spot Price FOB (Dollars per Barrel)",17.88,$/BBL
1995-08-25,YCUOK,NA,EPCWTI,WTI Crude Oil,PF4,Spot Price FOB,RWTC,"Cushing, OK WTI Spot Price FOB (Dollars per Barrel)",19.02,$/BBL
1995-08-18,YCUOK,NA,EPCWTI,WTI Crude Oil,PF4,Spot Price FOB,RWTC,"Cushing, OK WTI Spot Price FOB (Dollars per Barrel)",17.6,$/BBL
1995-08-11,YCUOK,NA,EPCWTI,WTI Crude Oil,PF4,Spot Price FOB,RWTC,"Cushing, OK WTI Spot Price FOB (Dollars per Barrel)",17.81,$/BBL
1995-08-04,YCUOK,NA,EPCWTI,WTI Crude Oil,PF4,Spot Price FOB,RWTC,"Cushing, OK WTI Spot Price FOB (Dollars per Barrel)",17.72,$/BBL
1995-07-28,YCUOK,NA,EPCWTI,WTI Crude Oil,PF4,Spot Price FOB,RWTC,"Cushing, OK WTI Spot Price FOB (Dollars per Barrel)",17.41,$/BBL
1995-07-21,YCUOK,NA,EPCWTI,WTI Crude Oil,PF4,Spot Price FOB,RWTC,"Cushing, OK WTI Spot Price FOB (Dollars per Barrel)",17.21,$/BBL
1995-07-14,YCUOK,NA,EPCWTI,WTI Crude Oil,PF4,Spot Price FOB,RWTC,"Cushing, OK WTI Spot Price FOB (Dollars per Barrel)",17.34,$/BBL
1995-07-07,YCUOK,NA,EPCWTI,WTI Crude Oil,PF4,Spot Price FOB,RWTC,"Cushing, OK WTI Spot Price FOB (Dollars per Barrel)",17.28,$/BBL
1995-06-30,YCUOK,NA,EPCWTI,WTI Crude Oil,PF4,Spot Price FOB,RWTC,"Cushing, OK WTI Spot Price FOB (Dollars per Barrel)",17.71,$/BBL
1995-06-23,YCUOK,NA,EPCWTI,WTI Crude Oil,PF4,Spot Price FOB,RWTC,"Cushing, OK WTI Spot Price FOB (Dollars per Barrel)",17.88,$/BBL
1995-06-16,YCUOK,NA,EPCWTI,WTI Crude Oil,PF4,Spot Price FOB,RWTC,"Cushing, OK WTI Spot Price FOB (Dollars per Barrel)",18.91,$/BBL
1995-06-09,YCUOK,NA,EPCWTI,WTI Crude Oil,PF4,Spot Price FOB,RWTC,"Cushing, OK WTI Spot Price FOB (Dollars per Barrel)",19.05,$/BBL
1995-06-02,YCUOK,NA,EPCWTI,WTI Crude Oil,PF4,Spot Price FOB,RWTC,"Cushing, OK WTI Spot Price FOB (Dollars per Barrel)",18.92,$/BBL
1995-05-26,YCUOK,NA,EPCWTI,WTI Crude Oil,PF4,Spot Price FOB,RWTC,"Cushing, OK WTI Spot Price FOB (Dollars per Barrel)",19.37,$/BBL
1995-05-19,YCUOK,NA,EPCWTI,WTI Crude Oil,PF4,Spot Price FOB,RWTC,"Cushing, OK WTI Spot Price FOB (Dollars per Barrel)",19.98,$/BBL
1995-05-12,YCUOK,NA,EPCWTI,WTI Crude Oil,PF4,Spot Price FOB,RWTC,"Cushing, OK WTI Spot Price FOB (Dollars per Barrel)",19.74,$/BBL
1995-05-05,YCUOK,NA,EPCWTI,WTI Crude Oil,PF4,Spot Price FOB,RWTC,"Cushing, OK WTI Spot Price FOB (Dollars per Barrel)",20.24,$/BBL
1995-04-28,YCUOK,NA,EPCWTI,WTI Crude Oil,PF4,Spot Price FOB,RWTC,"Cushing, OK WTI Spot Price FOB (Dollars per Barrel)",20.29,$/BBL
1995-04-21,YCUOK,NA,EPCWTI,WTI Crude Oil,PF4,Spot Price FOB,RWTC,"Cushing, OK WTI Spot Price FOB (Dollars per Barrel)",20.26,$/BBL
1995-04-14,YCUOK,NA,EPCWTI,WTI Crude Oil,PF4,Spot Price FOB,RWTC,"Cushing, OK WTI Spot Price FOB (Dollars per Barrel)",19.53,$/BBL
1995-04-07,YCUOK,NA,EPCWTI,WTI Crude Oil,PF4,Spot Price FOB,RWTC,"Cushing, OK WTI Spot Price FOB (Dollars per Barrel)",19.43,$/BBL
1995-03-31,YCUOK,NA,EPCWTI,WTI Crude Oil,PF4,Spot Price FOB,RWTC,"Cushing, OK WTI Spot Price FOB (Dollars per Barrel)",19.12,$/BBL
1995-03-24,YCUOK,NA,EPCWTI,WTI Crude Oil,PF4,Spot Price FOB,RWTC,"Cushing, OK WTI Spot Price FOB (Dollars per Barrel)",18.69,$/BBL
1995-03-17,YCUOK,NA,EPCWTI,WTI Crude Oil,PF4,Spot Price FOB,RWTC,"Cushing, OK WTI Spot Price FOB (Dollars per Barrel)",18.13,$/BBL
1995-03-10,YCUOK,NA,EPCWTI,WTI Crude Oil,PF4,Spot Price FOB,RWTC,"Cushing, OK WTI Spot Price FOB (Dollars per Barrel)",18.27,$/BBL
1995-03-03,YCUOK,NA,EPCWTI,WTI Crude Oil,PF4,Spot Price FOB,RWTC,"Cushing, OK WTI Spot Price FOB (Dollars per Barrel)",18.5,$/BBL
1995-02-24,YCUOK,NA,EPCWTI,WTI Crude Oil,PF4,Spot Price FOB,RWTC,"Cushing, OK WTI Spot Price FOB (Dollars per Barrel)",18.75,$/BBL
1995-02-17,YCUOK,NA,EPCWTI,WTI Crude Oil,PF4,Spot Price FOB,RWTC,"Cushing, OK WTI Spot Price FOB (Dollars per Barrel)",18.55,$/BBL
1995-02-10,YCUOK,NA,EPCWTI,WTI Crude Oil,PF4,Spot Price FOB,RWTC,"Cushing, OK WTI Spot Price FOB (Dollars per Barrel)",18.42,$/BBL
1995-02-03,YCUOK,NA,EPCWTI,WTI Crude Oil,PF4,Spot Price FOB,RWTC,"Cushing, OK WTI Spot Price FOB (Dollars per Barrel)",18.5,$/BBL
1995-01-27,YCUOK,NA,EPCWTI,WTI Crude Oil,PF4,Spot Price FOB,RWTC,"Cushing, OK WTI Spot Price FOB (Dollars per Barrel)",18.34,$/BBL
1995-01-20,YCUOK,NA,EPCWTI,WTI Crude Oil,PF4,Spot Price FOB,RWTC,"Cushing, OK WTI Spot Price FOB (Dollars per Barrel)",18.45,$/BBL
1995-01-13,YCUOK,NA,EPCWTI,WTI Crude Oil,PF4,Spot Price FOB,RWTC,"Cushing, OK WTI Spot Price FOB (Dollars per Barrel)",17.55,$/BBL
1995-01-06,YCUOK,NA,EPCWTI,WTI Crude Oil,PF4,Spot Price FOB,RWTC,"Cushing, OK WTI Spot Price FOB (Dollars per Barrel)",17.62,$/BBL
1994-12-30,YCUOK,NA,EPCWTI,WTI Crude Oil,PF4,Spot Price FOB,RWTC,"Cushing, OK WTI Spot Price FOB (Dollars per Barrel)",17.71,$/BBL
1994-12-23,YCUOK,NA,EPCWTI,WTI Crude Oil,PF4,Spot Price FOB,RWTC,"Cushing, OK WTI Spot Price FOB (Dollars per Barrel)",17.1,$/BBL
1994-12-16,YCUOK,NA,EPCWTI,WTI Crude Oil,PF4,Spot Price FOB,RWTC,"Cushing, OK WTI Spot Price FOB (Dollars per Barrel)",16.86,$/BBL
1994-12-09,YCUOK,NA,EPCWTI,WTI Crude Oil,PF4,Spot Price FOB,RWTC,"Cushing, OK WTI Spot Price FOB (Dollars per Barrel)",16.99,$/BBL
1994-12-02,YCUOK,NA,EPCWTI,WTI Crude Oil,PF4,Spot Price FOB,RWTC,"Cushing, OK WTI Spot Price FOB (Dollars per Barrel)",17.78,$/BBL
1994-11-25,YCUOK,NA,EPCWTI,WTI Crude Oil,PF4,Spot Price FOB,RWTC,"Cushing, OK WTI Spot Price FOB (Dollars per Barrel)",17.73,$/BBL
1994-11-18,YCUOK,NA,EPCWTI,WTI Crude Oil,PF4,Spot Price FOB,RWTC,"Cushing, OK WTI Spot Price FOB (Dollars per Barrel)",17.51,$/BBL
1994-11-11,YCUOK,NA,EPCWTI,WTI Crude Oil,PF4,Spot Price FOB,RWTC,"Cushing, OK WTI Spot Price FOB (Dollars per Barrel)",18.25,$/BBL
1994-11-04,YCUOK,NA,EPCWTI,WTI Crude Oil,PF4,Spot Price FOB,RWTC,"Cushing, OK WTI Spot Price FOB (Dollars per Barrel)",18.69,$/BBL
1994-10-28,YCUOK,NA,EPCWTI,WTI Crude Oil,PF4,Spot Price FOB,RWTC,"Cushing, OK WTI Spot Price FOB (Dollars per Barrel)",17.93,$/BBL
1994-10-21,YCUOK,NA,EPCWTI,WTI Crude Oil,PF4,Spot Price FOB,RWTC,"Cushing, OK WTI Spot Price FOB (Dollars per Barrel)",17.35,$/BBL
1994-10-14,YCUOK,NA,EPCWTI,WTI Crude Oil,PF4,Spot Price FOB,RWTC,"Cushing, OK WTI Spot Price FOB (Dollars per Barrel)",17.37,$/BBL
1994-10-07,YCUOK,NA,EPCWTI,WTI Crude Oil,PF4,Spot Price FOB,RWTC,"Cushing, OK WTI Spot Price FOB (Dollars per Barrel)",18.13,$/BBL
1994-09-30,YCUOK,NA,EPCWTI,WTI Crude Oil,PF4,Spot Price FOB,RWTC,"Cushing, OK WTI Spot Price FOB (Dollars per Barrel)",17.83,$/BBL
1994-09-23,YCUOK,NA,EPCWTI,WTI Crude Oil,PF4,Spot Price FOB,RWTC,"Cushing, OK WTI Spot Price FOB (Dollars per Barrel)",17.38,$/BBL
1994-09-16,YCUOK,NA,EPCWTI,WTI Crude Oil,PF4,Spot Price FOB,RWTC,"Cushing, OK WTI Spot Price FOB (Dollars per Barrel)",16.93,$/BBL
1994-09-09,YCUOK,NA,EPCWTI,WTI Crude Oil,PF4,Spot Price FOB,RWTC,"Cushing, OK WTI Spot Price FOB (Dollars per Barrel)",17.65,$/BBL
1994-09-02,YCUOK,NA,EPCWTI,WTI Crude Oil,PF4,Spot Price FOB,RWTC,"Cushing, OK WTI Spot Price FOB (Dollars per Barrel)",17.52,$/BBL
1994-08-26,YCUOK,NA,EPCWTI,WTI Crude Oil,PF4,Spot Price FOB,RWTC,"Cushing, OK WTI Spot Price FOB (Dollars per Barrel)",17.23,$/BBL
1994-08-19,YCUOK,NA,EPCWTI,WTI Crude Oil,PF4,Spot Price FOB,RWTC,"Cushing, OK WTI Spot Price FOB (Dollars per Barrel)",17.85,$/BBL
1994-08-12,YCUOK,NA,EPCWTI,WTI Crude Oil,PF4,Spot Price FOB,RWTC,"Cushing, OK WTI Spot Price FOB (Dollars per Barrel)",18.88,$/BBL
1994-08-05,YCUOK,NA,EPCWTI,WTI Crude Oil,PF4,Spot Price FOB,RWTC,"Cushing, OK WTI Spot Price FOB (Dollars per Barrel)",20.09,$/BBL
1994-07-29,YCUOK,NA,EPCWTI,WTI Crude Oil,PF4,Spot Price FOB,RWTC,"Cushing, OK WTI Spot Price FOB (Dollars per Barrel)",19.66,$/BBL
1994-07-22,YCUOK,NA,EPCWTI,WTI Crude Oil,PF4,Spot Price FOB,RWTC,"Cushing, OK WTI Spot Price FOB (Dollars per Barrel)",19.39,$/BBL
1994-07-15,YCUOK,NA,EPCWTI,WTI Crude Oil,PF4,Spot Price FOB,RWTC,"Cushing, OK WTI Spot Price FOB (Dollars per Barrel)",20.16,$/BBL
1994-07-08,YCUOK,NA,EPCWTI,WTI Crude Oil,PF4,Spot Price FOB,RWTC,"Cushing, OK WTI Spot Price FOB (Dollars per Barrel)",19.39,$/BBL
1994-07-01,YCUOK,NA,EPCWTI,WTI Crude Oil,PF4,Spot Price FOB,RWTC,"Cushing, OK WTI Spot Price FOB (Dollars per Barrel)",19.16,$/BBL
1994-06-24,YCUOK,NA,EPCWTI,WTI Crude Oil,PF4,Spot Price FOB,RWTC,"Cushing, OK WTI Spot Price FOB (Dollars per Barrel)",19.8,$/BBL
1994-06-17,YCUOK,NA,EPCWTI,WTI Crude Oil,PF4,Spot Price FOB,RWTC,"Cushing, OK WTI Spot Price FOB (Dollars per Barrel)",19.61,$/BBL
1994-06-10,YCUOK,NA,EPCWTI,WTI Crude Oil,PF4,Spot Price FOB,RWTC,"Cushing, OK WTI Spot Price FOB (Dollars per Barrel)",18.26,$/BBL
1994-06-03,YCUOK,NA,EPCWTI,WTI Crude Oil,PF4,Spot Price FOB,RWTC,"Cushing, OK WTI Spot Price FOB (Dollars per Barrel)",18.24,$/BBL
1994-05-27,YCUOK,NA,EPCWTI,WTI Crude Oil,PF4,Spot Price FOB,RWTC,"Cushing, OK WTI Spot Price FOB (Dollars per Barrel)",18.14,$/BBL
1994-05-20,YCUOK,NA,EPCWTI,WTI Crude Oil,PF4,Spot Price FOB,RWTC,"Cushing, OK WTI Spot Price FOB (Dollars per Barrel)",18.21,$/BBL
1994-05-13,YCUOK,NA,EPCWTI,WTI Crude Oil,PF4,Spot Price FOB,RWTC,"Cushing, OK WTI Spot Price FOB (Dollars per Barrel)",17.93,$/BBL
1994-05-06,YCUOK,NA,EPCWTI,WTI Crude Oil,PF4,Spot Price FOB,RWTC,"Cushing, OK WTI Spot Price FOB (Dollars per Barrel)",17.2,$/BBL
1994-04-29,YCUOK,NA,EPCWTI,WTI Crude Oil,PF4,Spot Price FOB,RWTC,"Cushing, OK WTI Spot Price FOB (Dollars per Barrel)",16.93,$/BBL
1994-04-22,YCUOK,NA,EPCWTI,WTI Crude Oil,PF4,Spot Price FOB,RWTC,"Cushing, OK WTI Spot Price FOB (Dollars per Barrel)",17.02,$/BBL
1994-04-15,YCUOK,NA,EPCWTI,WTI Crude Oil,PF4,Spot Price FOB,RWTC,"Cushing, OK WTI Spot Price FOB (Dollars per Barrel)",16.07,$/BBL
1994-04-08,YCUOK,NA,EPCWTI,WTI Crude Oil,PF4,Spot Price FOB,RWTC,"Cushing, OK WTI Spot Price FOB (Dollars per Barrel)",15.65,$/BBL
1994-04-01,YCUOK,NA,EPCWTI,WTI Crude Oil,PF4,Spot Price FOB,RWTC,"Cushing, OK WTI Spot Price FOB (Dollars per Barrel)",14.44,$/BBL
1994-03-25,YCUOK,NA,EPCWTI,WTI Crude Oil,PF4,Spot Price FOB,RWTC,"Cushing, OK WTI Spot Price FOB (Dollars per Barrel)",15.15,$/BBL
1994-03-18,YCUOK,NA,EPCWTI,WTI Crude Oil,PF4,Spot Price FOB,RWTC,"Cushing, OK WTI Spot Price FOB (Dollars per Barrel)",14.82,$/BBL
1994-03-11,YCUOK,NA,EPCWTI,WTI Crude Oil,PF4,Spot Price FOB,RWTC,"Cushing, OK WTI Spot Price FOB (Dollars per Barrel)",14.24,$/BBL
1994-03-04,YCUOK,NA,EPCWTI,WTI Crude Oil,PF4,Spot Price FOB,RWTC,"Cushing, OK WTI Spot Price FOB (Dollars per Barrel)",14.68,$/BBL
1994-02-25,YCUOK,NA,EPCWTI,WTI Crude Oil,PF4,Spot Price FOB,RWTC,"Cushing, OK WTI Spot Price FOB (Dollars per Barrel)",14.44,$/BBL
1994-02-18,YCUOK,NA,EPCWTI,WTI Crude Oil,PF4,Spot Price FOB,RWTC,"Cushing, OK WTI Spot Price FOB (Dollars per Barrel)",14.13,$/BBL
1994-02-11,YCUOK,NA,EPCWTI,WTI Crude Oil,PF4,Spot Price FOB,RWTC,"Cushing, OK WTI Spot Price FOB (Dollars per Barrel)",14.87,$/BBL
1994-02-04,YCUOK,NA,EPCWTI,WTI Crude Oil,PF4,Spot Price FOB,RWTC,"Cushing, OK WTI Spot Price FOB (Dollars per Barrel)",15.76,$/BBL
1994-01-28,YCUOK,NA,EPCWTI,WTI Crude Oil,PF4,Spot Price FOB,RWTC,"Cushing, OK WTI Spot Price FOB (Dollars per Barrel)",15.34,$/BBL
1994-01-21,YCUOK,NA,EPCWTI,WTI Crude Oil,PF4,Spot Price FOB,RWTC,"Cushing, OK WTI Spot Price FOB (Dollars per Barrel)",15.02,$/BBL
1994-01-14,YCUOK,NA,EPCWTI,WTI Crude Oil,PF4,Spot Price FOB,RWTC,"Cushing, OK WTI Spot Price FOB (Dollars per Barrel)",14.67,$/BBL
1994-01-07,YCUOK,NA,EPCWTI,WTI Crude Oil,PF4,Spot Price FOB,RWTC,"Cushing, OK WTI Spot Price FOB (Dollars per Barrel)",15.03,$/BBL
1993-12-31,YCUOK,NA,EPCWTI,WTI Crude Oil,PF4,Spot Price FOB,RWTC,"Cushing, OK WTI Spot Price FOB (Dollars per Barrel)",14.21,$/BBL
1993-12-24,YCUOK,NA,EPCWTI,WTI Crude Oil,PF4,Spot Price FOB,RWTC,"Cushing, OK WTI Spot Price FOB (Dollars per Barrel)",14.4,$/BBL
1993-12-17,YCUOK,NA,EPCWTI,WTI Crude Oil,PF4,Spot Price FOB,RWTC,"Cushing, OK WTI Spot Price FOB (Dollars per Barrel)",14.31,$/BBL
1993-12-10,YCUOK,NA,EPCWTI,WTI Crude Oil,PF4,Spot Price FOB,RWTC,"Cushing, OK WTI Spot Price FOB (Dollars per Barrel)",14.68,$/BBL
1993-12-03,YCUOK,NA,EPCWTI,WTI Crude Oil,PF4,Spot Price FOB,RWTC,"Cushing, OK WTI Spot Price FOB (Dollars per Barrel)",15.21,$/BBL
1993-11-26,YCUOK,NA,EPCWTI,WTI Crude Oil,PF4,Spot Price FOB,RWTC,"Cushing, OK WTI Spot Price FOB (Dollars per Barrel)",16.08,$/BBL
1993-11-19,YCUOK,NA,EPCWTI,WTI Crude Oil,PF4,Spot Price FOB,RWTC,"Cushing, OK WTI Spot Price FOB (Dollars per Barrel)",16.75,$/BBL
1993-11-12,YCUOK,NA,EPCWTI,WTI Crude Oil,PF4,Spot Price FOB,RWTC,"Cushing, OK WTI Spot Price FOB (Dollars per Barrel)",16.71,$/BBL
1993-11-05,YCUOK,NA,EPCWTI,WTI Crude Oil,PF4,Spot Price FOB,RWTC,"Cushing, OK WTI Spot Price FOB (Dollars per Barrel)",17.29,$/BBL
1993-10-29,YCUOK,NA,EPCWTI,WTI Crude Oil,PF4,Spot Price FOB,RWTC,"Cushing, OK WTI Spot Price FOB (Dollars per Barrel)",17.37,$/BBL
1993-10-22,YCUOK,NA,EPCWTI,WTI Crude Oil,PF4,Spot Price FOB,RWTC,"Cushing, OK WTI Spot Price FOB (Dollars per Barrel)",18.12,$/BBL
1993-10-15,YCUOK,NA,EPCWTI,WTI Crude Oil,PF4,Spot Price FOB,RWTC,"Cushing, OK WTI Spot Price FOB (Dollars per Barrel)",18.57,$/BBL
1993-10-08,YCUOK,NA,EPCWTI,WTI Crude Oil,PF4,Spot Price FOB,RWTC,"Cushing, OK WTI Spot Price FOB (Dollars per Barrel)",18.46,$/BBL
1993-10-01,YCUOK,NA,EPCWTI,WTI Crude Oil,PF4,Spot Price FOB,RWTC,"Cushing, OK WTI Spot Price FOB (Dollars per Barrel)",18.33,$/BBL
1993-09-24,YCUOK,NA,EPCWTI,WTI Crude Oil,PF4,Spot Price FOB,RWTC,"Cushing, OK WTI Spot Price FOB (Dollars per Barrel)",17.67,$/BBL
1993-09-17,YCUOK,NA,EPCWTI,WTI Crude Oil,PF4,Spot Price FOB,RWTC,"Cushing, OK WTI Spot Price FOB (Dollars per Barrel)",16.94,$/BBL
1993-09-10,YCUOK,NA,EPCWTI,WTI Crude Oil,PF4,Spot Price FOB,RWTC,"Cushing, OK WTI Spot Price FOB (Dollars per Barrel)",16.96,$/BBL
1993-09-03,YCUOK,NA,EPCWTI,WTI Crude Oil,PF4,Spot Price FOB,RWTC,"Cushing, OK WTI Spot Price FOB (Dollars per Barrel)",18.1,$/BBL
1993-08-27,YCUOK,NA,EPCWTI,WTI Crude Oil,PF4,Spot Price FOB,RWTC,"Cushing, OK WTI Spot Price FOB (Dollars per Barrel)",18.49,$/BBL
1993-08-20,YCUOK,NA,EPCWTI,WTI Crude Oil,PF4,Spot Price FOB,RWTC,"Cushing, OK WTI Spot Price FOB (Dollars per Barrel)",17.84,$/BBL
1993-08-13,YCUOK,NA,EPCWTI,WTI Crude Oil,PF4,Spot Price FOB,RWTC,"Cushing, OK WTI Spot Price FOB (Dollars per Barrel)",17.87,$/BBL
1993-08-06,YCUOK,NA,EPCWTI,WTI Crude Oil,PF4,Spot Price FOB,RWTC,"Cushing, OK WTI Spot Price FOB (Dollars per Barrel)",17.67,$/BBL
1993-07-30,YCUOK,NA,EPCWTI,WTI Crude Oil,PF4,Spot Price FOB,RWTC,"Cushing, OK WTI Spot Price FOB (Dollars per Barrel)",18.18,$/BBL
1993-07-23,YCUOK,NA,EPCWTI,WTI Crude Oil,PF4,Spot Price FOB,RWTC,"Cushing, OK WTI Spot Price FOB (Dollars per Barrel)",17.54,$/BBL
1993-07-16,YCUOK,NA,EPCWTI,WTI Crude Oil,PF4,Spot Price FOB,RWTC,"Cushing, OK WTI Spot Price FOB (Dollars per Barrel)",17.72,$/BBL
1993-07-09,YCUOK,NA,EPCWTI,WTI Crude Oil,PF4,Spot Price FOB,RWTC,"Cushing, OK WTI Spot Price FOB (Dollars per Barrel)",18.02,$/BBL
1993-07-02,YCUOK,NA,EPCWTI,WTI Crude Oil,PF4,Spot Price FOB,RWTC,"Cushing, OK WTI Spot Price FOB (Dollars per Barrel)",18.61,$/BBL
1993-06-25,YCUOK,NA,EPCWTI,WTI Crude Oil,PF4,Spot Price FOB,RWTC,"Cushing, OK WTI Spot Price FOB (Dollars per Barrel)",18.52,$/BBL
1993-06-18,YCUOK,NA,EPCWTI,WTI Crude Oil,PF4,Spot Price FOB,RWTC,"Cushing, OK WTI Spot Price FOB (Dollars per Barrel)",18.76,$/BBL
1993-06-11,YCUOK,NA,EPCWTI,WTI Crude Oil,PF4,Spot Price FOB,RWTC,"Cushing, OK WTI Spot Price FOB (Dollars per Barrel)",19.43,$/BBL
1993-06-04,YCUOK,NA,EPCWTI,WTI Crude Oil,PF4,Spot Price FOB,RWTC,"Cushing, OK WTI Spot Price FOB (Dollars per Barrel)",19.95,$/BBL
1993-05-28,YCUOK,NA,EPCWTI,WTI Crude Oil,PF4,Spot Price FOB,RWTC,"Cushing, OK WTI Spot Price FOB (Dollars per Barrel)",19.84,$/BBL
1993-05-21,YCUOK,NA,EPCWTI,WTI Crude Oil,PF4,Spot Price FOB,RWTC,"Cushing, OK WTI Spot Price FOB (Dollars per Barrel)",19.43,$/BBL
1993-05-14,YCUOK,NA,EPCWTI,WTI Crude Oil,PF4,Spot Price FOB,RWTC,"Cushing, OK WTI Spot Price FOB (Dollars per Barrel)",20.06,$/BBL
1993-05-07,YCUOK,NA,EPCWTI,WTI Crude Oil,PF4,Spot Price FOB,RWTC,"Cushing, OK WTI Spot Price FOB (Dollars per Barrel)",20.47,$/BBL
1993-04-30,YCUOK,NA,EPCWTI,WTI Crude Oil,PF4,Spot Price FOB,RWTC,"Cushing, OK WTI Spot Price FOB (Dollars per Barrel)",20.3,$/BBL
1993-04-23,YCUOK,NA,EPCWTI,WTI Crude Oil,PF4,Spot Price FOB,RWTC,"Cushing, OK WTI Spot Price FOB (Dollars per Barrel)",19.95,$/BBL
1993-04-16,YCUOK,NA,EPCWTI,WTI Crude Oil,PF4,Spot Price FOB,RWTC,"Cushing, OK WTI Spot Price FOB (Dollars per Barrel)",20.28,$/BBL
1993-04-09,YCUOK,NA,EPCWTI,WTI Crude Oil,PF4,Spot Price FOB,RWTC,"Cushing, OK WTI Spot Price FOB (Dollars per Barrel)",20.37,$/BBL
1993-04-02,YCUOK,NA,EPCWTI,WTI Crude Oil,PF4,Spot Price FOB,RWTC,"Cushing, OK WTI Spot Price FOB (Dollars per Barrel)",20.44,$/BBL
1993-03-26,YCUOK,NA,EPCWTI,WTI Crude Oil,PF4,Spot Price FOB,RWTC,"Cushing, OK WTI Spot Price FOB (Dollars per Barrel)",20,$/BBL
1993-03-19,YCUOK,NA,EPCWTI,WTI Crude Oil,PF4,Spot Price FOB,RWTC,"Cushing, OK WTI Spot Price FOB (Dollars per Barrel)",20.14,$/BBL
1993-03-12,YCUOK,NA,EPCWTI,WTI Crude Oil,PF4,Spot Price FOB,RWTC,"Cushing, OK WTI Spot Price FOB (Dollars per Barrel)",20.45,$/BBL
1993-03-05,YCUOK,NA,EPCWTI,WTI Crude Oil,PF4,Spot Price FOB,RWTC,"Cushing, OK WTI Spot Price FOB (Dollars per Barrel)",20.69,$/BBL
1993-02-26,YCUOK,NA,EPCWTI,WTI Crude Oil,PF4,Spot Price FOB,RWTC,"Cushing, OK WTI Spot Price FOB (Dollars per Barrel)",20.4,$/BBL
1993-02-19,YCUOK,NA,EPCWTI,WTI Crude Oil,PF4,Spot Price FOB,RWTC,"Cushing, OK WTI Spot Price FOB (Dollars per Barrel)",19.51,$/BBL
1993-02-12,YCUOK,NA,EPCWTI,WTI Crude Oil,PF4,Spot Price FOB,RWTC,"Cushing, OK WTI Spot Price FOB (Dollars per Barrel)",20.13,$/BBL
1993-02-05,YCUOK,NA,EPCWTI,WTI Crude Oil,PF4,Spot Price FOB,RWTC,"Cushing, OK WTI Spot Price FOB (Dollars per Barrel)",20.22,$/BBL
1993-01-29,YCUOK,NA,EPCWTI,WTI Crude Oil,PF4,Spot Price FOB,RWTC,"Cushing, OK WTI Spot Price FOB (Dollars per Barrel)",19.9,$/BBL
1993-01-22,YCUOK,NA,EPCWTI,WTI Crude Oil,PF4,Spot Price FOB,RWTC,"Cushing, OK WTI Spot Price FOB (Dollars per Barrel)",18.61,$/BBL
1993-01-15,YCUOK,NA,EPCWTI,WTI Crude Oil,PF4,Spot Price FOB,RWTC,"Cushing, OK WTI Spot Price FOB (Dollars per Barrel)",18.62,$/BBL
1993-01-08,YCUOK,NA,EPCWTI,WTI Crude Oil,PF4,Spot Price FOB,RWTC,"Cushing, OK WTI Spot Price FOB (Dollars per Barrel)",19,$/BBL
1993-01-01,YCUOK,NA,EPCWTI,WTI Crude Oil,PF4,Spot Price FOB,RWTC,"Cushing, OK WTI Spot Price FOB (Dollars per Barrel)",19.63,$/BBL
1992-12-25,YCUOK,NA,EPCWTI,WTI Crude Oil,PF4,Spot Price FOB,RWTC,"Cushing, OK WTI Spot Price FOB (Dollars per Barrel)",19.91,$/BBL
1992-12-18,YCUOK,NA,EPCWTI,WTI Crude Oil,PF4,Spot Price FOB,RWTC,"Cushing, OK WTI Spot Price FOB (Dollars per Barrel)",19.38,$/BBL
1992-12-11,YCUOK,NA,EPCWTI,WTI Crude Oil,PF4,Spot Price FOB,RWTC,"Cushing, OK WTI Spot Price FOB (Dollars per Barrel)",19.01,$/BBL
1992-12-04,YCUOK,NA,EPCWTI,WTI Crude Oil,PF4,Spot Price FOB,RWTC,"Cushing, OK WTI Spot Price FOB (Dollars per Barrel)",19.38,$/BBL
1992-11-27,YCUOK,NA,EPCWTI,WTI Crude Oil,PF4,Spot Price FOB,RWTC,"Cushing, OK WTI Spot Price FOB (Dollars per Barrel)",20.16,$/BBL
1992-11-20,YCUOK,NA,EPCWTI,WTI Crude Oil,PF4,Spot Price FOB,RWTC,"Cushing, OK WTI Spot Price FOB (Dollars per Barrel)",20.35,$/BBL
1992-11-13,YCUOK,NA,EPCWTI,WTI Crude Oil,PF4,Spot Price FOB,RWTC,"Cushing, OK WTI Spot Price FOB (Dollars per Barrel)",20.37,$/BBL
1992-11-06,YCUOK,NA,EPCWTI,WTI Crude Oil,PF4,Spot Price FOB,RWTC,"Cushing, OK WTI Spot Price FOB (Dollars per Barrel)",20.52,$/BBL
1992-10-30,YCUOK,NA,EPCWTI,WTI Crude Oil,PF4,Spot Price FOB,RWTC,"Cushing, OK WTI Spot Price FOB (Dollars per Barrel)",20.95,$/BBL
1992-10-23,YCUOK,NA,EPCWTI,WTI Crude Oil,PF4,Spot Price FOB,RWTC,"Cushing, OK WTI Spot Price FOB (Dollars per Barrel)",21.58,$/BBL
1992-10-16,YCUOK,NA,EPCWTI,WTI Crude Oil,PF4,Spot Price FOB,RWTC,"Cushing, OK WTI Spot Price FOB (Dollars per Barrel)",22.25,$/BBL
1992-10-09,YCUOK,NA,EPCWTI,WTI Crude Oil,PF4,Spot Price FOB,RWTC,"Cushing, OK WTI Spot Price FOB (Dollars per Barrel)",21.9,$/BBL
1992-10-02,YCUOK,NA,EPCWTI,WTI Crude Oil,PF4,Spot Price FOB,RWTC,"Cushing, OK WTI Spot Price FOB (Dollars per Barrel)",21.81,$/BBL
1992-09-25,YCUOK,NA,EPCWTI,WTI Crude Oil,PF4,Spot Price FOB,RWTC,"Cushing, OK WTI Spot Price FOB (Dollars per Barrel)",21.71,$/BBL
1992-09-18,YCUOK,NA,EPCWTI,WTI Crude Oil,PF4,Spot Price FOB,RWTC,"Cushing, OK WTI Spot Price FOB (Dollars per Barrel)",22.21,$/BBL
1992-09-11,YCUOK,NA,EPCWTI,WTI Crude Oil,PF4,Spot Price FOB,RWTC,"Cushing, OK WTI Spot Price FOB (Dollars per Barrel)",21.94,$/BBL
1992-09-04,YCUOK,NA,EPCWTI,WTI Crude Oil,PF4,Spot Price FOB,RWTC,"Cushing, OK WTI Spot Price FOB (Dollars per Barrel)",21.66,$/BBL
1992-08-28,YCUOK,NA,EPCWTI,WTI Crude Oil,PF4,Spot Price FOB,RWTC,"Cushing, OK WTI Spot Price FOB (Dollars per Barrel)",21.43,$/BBL
1992-08-21,YCUOK,NA,EPCWTI,WTI Crude Oil,PF4,Spot Price FOB,RWTC,"Cushing, OK WTI Spot Price FOB (Dollars per Barrel)",21.39,$/BBL
1992-08-14,YCUOK,NA,EPCWTI,WTI Crude Oil,PF4,Spot Price FOB,RWTC,"Cushing, OK WTI Spot Price FOB (Dollars per Barrel)",21.18,$/BBL
1992-08-07,YCUOK,NA,EPCWTI,WTI Crude Oil,PF4,Spot Price FOB,RWTC,"Cushing, OK WTI Spot Price FOB (Dollars per Barrel)",21.34,$/BBL
1992-07-31,YCUOK,NA,EPCWTI,WTI Crude Oil,PF4,Spot Price FOB,RWTC,"Cushing, OK WTI Spot Price FOB (Dollars per Barrel)",21.95,$/BBL
1992-07-24,YCUOK,NA,EPCWTI,WTI Crude Oil,PF4,Spot Price FOB,RWTC,"Cushing, OK WTI Spot Price FOB (Dollars per Barrel)",21.95,$/BBL
1992-07-17,YCUOK,NA,EPCWTI,WTI Crude Oil,PF4,Spot Price FOB,RWTC,"Cushing, OK WTI Spot Price FOB (Dollars per Barrel)",21.58,$/BBL
1992-07-10,YCUOK,NA,EPCWTI,WTI Crude Oil,PF4,Spot Price FOB,RWTC,"Cushing, OK WTI Spot Price FOB (Dollars per Barrel)",21.48,$/BBL
1992-07-03,YCUOK,NA,EPCWTI,WTI Crude Oil,PF4,Spot Price FOB,RWTC,"Cushing, OK WTI Spot Price FOB (Dollars per Barrel)",22.03,$/BBL
1992-06-26,YCUOK,NA,EPCWTI,WTI Crude Oil,PF4,Spot Price FOB,RWTC,"Cushing, OK WTI Spot Price FOB (Dollars per Barrel)",22.68,$/BBL
1992-06-19,YCUOK,NA,EPCWTI,WTI Crude Oil,PF4,Spot Price FOB,RWTC,"Cushing, OK WTI Spot Price FOB (Dollars per Barrel)",22.26,$/BBL
1992-06-12,YCUOK,NA,EPCWTI,WTI Crude Oil,PF4,Spot Price FOB,RWTC,"Cushing, OK WTI Spot Price FOB (Dollars per Barrel)",22.35,$/BBL
1992-06-05,YCUOK,NA,EPCWTI,WTI Crude Oil,PF4,Spot Price FOB,RWTC,"Cushing, OK WTI Spot Price FOB (Dollars per Barrel)",22.38,$/BBL
1992-05-29,YCUOK,NA,EPCWTI,WTI Crude Oil,PF4,Spot Price FOB,RWTC,"Cushing, OK WTI Spot Price FOB (Dollars per Barrel)",21.98,$/BBL
1992-05-22,YCUOK,NA,EPCWTI,WTI Crude Oil,PF4,Spot Price FOB,RWTC,"Cushing, OK WTI Spot Price FOB (Dollars per Barrel)",20.49,$/BBL
1992-05-15,YCUOK,NA,EPCWTI,WTI Crude Oil,PF4,Spot Price FOB,RWTC,"Cushing, OK WTI Spot Price FOB (Dollars per Barrel)",20.8,$/BBL
1992-05-08,YCUOK,NA,EPCWTI,WTI Crude Oil,PF4,Spot Price FOB,RWTC,"Cushing, OK WTI Spot Price FOB (Dollars per Barrel)",20.86,$/BBL
1992-05-01,YCUOK,NA,EPCWTI,WTI Crude Oil,PF4,Spot Price FOB,RWTC,"Cushing, OK WTI Spot Price FOB (Dollars per Barrel)",20.63,$/BBL
1992-04-24,YCUOK,NA,EPCWTI,WTI Crude Oil,PF4,Spot Price FOB,RWTC,"Cushing, OK WTI Spot Price FOB (Dollars per Barrel)",20.06,$/BBL
1992-04-17,YCUOK,NA,EPCWTI,WTI Crude Oil,PF4,Spot Price FOB,RWTC,"Cushing, OK WTI Spot Price FOB (Dollars per Barrel)",20.06,$/BBL
1992-04-10,YCUOK,NA,EPCWTI,WTI Crude Oil,PF4,Spot Price FOB,RWTC,"Cushing, OK WTI Spot Price FOB (Dollars per Barrel)",20.43,$/BBL
1992-04-03,YCUOK,NA,EPCWTI,WTI Crude Oil,PF4,Spot Price FOB,RWTC,"Cushing, OK WTI Spot Price FOB (Dollars per Barrel)",19.73,$/BBL
1992-03-27,YCUOK,NA,EPCWTI,WTI Crude Oil,PF4,Spot Price FOB,RWTC,"Cushing, OK WTI Spot Price FOB (Dollars per Barrel)",19.09,$/BBL
1992-03-20,YCUOK,NA,EPCWTI,WTI Crude Oil,PF4,Spot Price FOB,RWTC,"Cushing, OK WTI Spot Price FOB (Dollars per Barrel)",19.1,$/BBL
1992-03-13,YCUOK,NA,EPCWTI,WTI Crude Oil,PF4,Spot Price FOB,RWTC,"Cushing, OK WTI Spot Price FOB (Dollars per Barrel)",18.76,$/BBL
1992-03-06,YCUOK,NA,EPCWTI,WTI Crude Oil,PF4,Spot Price FOB,RWTC,"Cushing, OK WTI Spot Price FOB (Dollars per Barrel)",18.55,$/BBL
1992-02-28,YCUOK,NA,EPCWTI,WTI Crude Oil,PF4,Spot Price FOB,RWTC,"Cushing, OK WTI Spot Price FOB (Dollars per Barrel)",18.51,$/BBL
1992-02-21,YCUOK,NA,EPCWTI,WTI Crude Oil,PF4,Spot Price FOB,RWTC,"Cushing, OK WTI Spot Price FOB (Dollars per Barrel)",18.62,$/BBL
1992-02-14,YCUOK,NA,EPCWTI,WTI Crude Oil,PF4,Spot Price FOB,RWTC,"Cushing, OK WTI Spot Price FOB (Dollars per Barrel)",19.49,$/BBL
1992-02-07,YCUOK,NA,EPCWTI,WTI Crude Oil,PF4,Spot Price FOB,RWTC,"Cushing, OK WTI Spot Price FOB (Dollars per Barrel)",19.42,$/BBL
1992-01-31,YCUOK,NA,EPCWTI,WTI Crude Oil,PF4,Spot Price FOB,RWTC,"Cushing, OK WTI Spot Price FOB (Dollars per Barrel)",19.05,$/BBL
1992-01-24,YCUOK,NA,EPCWTI,WTI Crude Oil,PF4,Spot Price FOB,RWTC,"Cushing, OK WTI Spot Price FOB (Dollars per Barrel)",18.66,$/BBL
1992-01-17,YCUOK,NA,EPCWTI,WTI Crude Oil,PF4,Spot Price FOB,RWTC,"Cushing, OK WTI Spot Price FOB (Dollars per Barrel)",18.81,$/BBL
1992-01-10,YCUOK,NA,EPCWTI,WTI Crude Oil,PF4,Spot Price FOB,RWTC,"Cushing, OK WTI Spot Price FOB (Dollars per Barrel)",18.41,$/BBL
1992-01-03,YCUOK,NA,EPCWTI,WTI Crude Oil,PF4,Spot Price FOB,RWTC,"Cushing, OK WTI Spot Price FOB (Dollars per Barrel)",19.11,$/BBL
1991-12-27,YCUOK,NA,EPCWTI,WTI Crude Oil,PF4,Spot Price FOB,RWTC,"Cushing, OK WTI Spot Price FOB (Dollars per Barrel)",18.68,$/BBL
1991-12-20,YCUOK,NA,EPCWTI,WTI Crude Oil,PF4,Spot Price FOB,RWTC,"Cushing, OK WTI Spot Price FOB (Dollars per Barrel)",19.2,$/BBL
1991-12-13,YCUOK,NA,EPCWTI,WTI Crude Oil,PF4,Spot Price FOB,RWTC,"Cushing, OK WTI Spot Price FOB (Dollars per Barrel)",19.64,$/BBL
1991-12-06,YCUOK,NA,EPCWTI,WTI Crude Oil,PF4,Spot Price FOB,RWTC,"Cushing, OK WTI Spot Price FOB (Dollars per Barrel)",20.55,$/BBL
1991-11-29,YCUOK,NA,EPCWTI,WTI Crude Oil,PF4,Spot Price FOB,RWTC,"Cushing, OK WTI Spot Price FOB (Dollars per Barrel)",21.49,$/BBL
1991-11-22,YCUOK,NA,EPCWTI,WTI Crude Oil,PF4,Spot Price FOB,RWTC,"Cushing, OK WTI Spot Price FOB (Dollars per Barrel)",22.04,$/BBL
1991-11-15,YCUOK,NA,EPCWTI,WTI Crude Oil,PF4,Spot Price FOB,RWTC,"Cushing, OK WTI Spot Price FOB (Dollars per Barrel)",22.57,$/BBL
1991-11-08,YCUOK,NA,EPCWTI,WTI Crude Oil,PF4,Spot Price FOB,RWTC,"Cushing, OK WTI Spot Price FOB (Dollars per Barrel)",23.47,$/BBL
1991-11-01,YCUOK,NA,EPCWTI,WTI Crude Oil,PF4,Spot Price FOB,RWTC,"Cushing, OK WTI Spot Price FOB (Dollars per Barrel)",23.32,$/BBL
1991-10-25,YCUOK,NA,EPCWTI,WTI Crude Oil,PF4,Spot Price FOB,RWTC,"Cushing, OK WTI Spot Price FOB (Dollars per Barrel)",23.46,$/BBL
1991-10-18,YCUOK,NA,EPCWTI,WTI Crude Oil,PF4,Spot Price FOB,RWTC,"Cushing, OK WTI Spot Price FOB (Dollars per Barrel)",23.82,$/BBL
1991-10-11,YCUOK,NA,EPCWTI,WTI Crude Oil,PF4,Spot Price FOB,RWTC,"Cushing, OK WTI Spot Price FOB (Dollars per Barrel)",23.08,$/BBL
1991-10-04,YCUOK,NA,EPCWTI,WTI Crude Oil,PF4,Spot Price FOB,RWTC,"Cushing, OK WTI Spot Price FOB (Dollars per Barrel)",22.41,$/BBL
1991-09-27,YCUOK,NA,EPCWTI,WTI Crude Oil,PF4,Spot Price FOB,RWTC,"Cushing, OK WTI Spot Price FOB (Dollars per Barrel)",22.24,$/BBL
1991-09-20,YCUOK,NA,EPCWTI,WTI Crude Oil,PF4,Spot Price FOB,RWTC,"Cushing, OK WTI Spot Price FOB (Dollars per Barrel)",21.85,$/BBL
1991-09-13,YCUOK,NA,EPCWTI,WTI Crude Oil,PF4,Spot Price FOB,RWTC,"Cushing, OK WTI Spot Price FOB (Dollars per Barrel)",21.54,$/BBL
1991-09-06,YCUOK,NA,EPCWTI,WTI Crude Oil,PF4,Spot Price FOB,RWTC,"Cushing, OK WTI Spot Price FOB (Dollars per Barrel)",21.84,$/BBL
1991-08-30,YCUOK,NA,EPCWTI,WTI Crude Oil,PF4,Spot Price FOB,RWTC,"Cushing, OK WTI Spot Price FOB (Dollars per Barrel)",21.98,$/BBL
1991-08-23,YCUOK,NA,EPCWTI,WTI Crude Oil,PF4,Spot Price FOB,RWTC,"Cushing, OK WTI Spot Price FOB (Dollars per Barrel)",21.99,$/BBL
1991-08-16,YCUOK,NA,EPCWTI,WTI Crude Oil,PF4,Spot Price FOB,RWTC,"Cushing, OK WTI Spot Price FOB (Dollars per Barrel)",21.44,$/BBL
1991-08-09,YCUOK,NA,EPCWTI,WTI Crude Oil,PF4,Spot Price FOB,RWTC,"Cushing, OK WTI Spot Price FOB (Dollars per Barrel)",21.5,$/BBL
1991-08-02,YCUOK,NA,EPCWTI,WTI Crude Oil,PF4,Spot Price FOB,RWTC,"Cushing, OK WTI Spot Price FOB (Dollars per Barrel)",21.46,$/BBL
1991-07-26,YCUOK,NA,EPCWTI,WTI Crude Oil,PF4,Spot Price FOB,RWTC,"Cushing, OK WTI Spot Price FOB (Dollars per Barrel)",21.4,$/BBL
1991-07-19,YCUOK,NA,EPCWTI,WTI Crude Oil,PF4,Spot Price FOB,RWTC,"Cushing, OK WTI Spot Price FOB (Dollars per Barrel)",21.91,$/BBL
1991-07-12,YCUOK,NA,EPCWTI,WTI Crude Oil,PF4,Spot Price FOB,RWTC,"Cushing, OK WTI Spot Price FOB (Dollars per Barrel)",21.43,$/BBL
1991-07-05,YCUOK,NA,EPCWTI,WTI Crude Oil,PF4,Spot Price FOB,RWTC,"Cushing, OK WTI Spot Price FOB (Dollars per Barrel)",20.8,$/BBL
1991-06-28,YCUOK,NA,EPCWTI,WTI Crude Oil,PF4,Spot Price FOB,RWTC,"Cushing, OK WTI Spot Price FOB (Dollars per Barrel)",20.21,$/BBL
1991-06-21,YCUOK,NA,EPCWTI,WTI Crude Oil,PF4,Spot Price FOB,RWTC,"Cushing, OK WTI Spot Price FOB (Dollars per Barrel)",20.08,$/BBL
1991-06-14,YCUOK,NA,EPCWTI,WTI Crude Oil,PF4,Spot Price FOB,RWTC,"Cushing, OK WTI Spot Price FOB (Dollars per Barrel)",19.84,$/BBL
1991-06-07,YCUOK,NA,EPCWTI,WTI Crude Oil,PF4,Spot Price FOB,RWTC,"Cushing, OK WTI Spot Price FOB (Dollars per Barrel)",20.63,$/BBL
1991-05-31,YCUOK,NA,EPCWTI,WTI Crude Oil,PF4,Spot Price FOB,RWTC,"Cushing, OK WTI Spot Price FOB (Dollars per Barrel)",21.21,$/BBL
1991-05-24,YCUOK,NA,EPCWTI,WTI Crude Oil,PF4,Spot Price FOB,RWTC,"Cushing, OK WTI Spot Price FOB (Dollars per Barrel)",21.04,$/BBL
1991-05-17,YCUOK,NA,EPCWTI,WTI Crude Oil,PF4,Spot Price FOB,RWTC,"Cushing, OK WTI Spot Price FOB (Dollars per Barrel)",20.95,$/BBL
1991-05-10,YCUOK,NA,EPCWTI,WTI Crude Oil,PF4,Spot Price FOB,RWTC,"Cushing, OK WTI Spot Price FOB (Dollars per Barrel)",21.69,$/BBL
1991-05-03,YCUOK,NA,EPCWTI,WTI Crude Oil,PF4,Spot Price FOB,RWTC,"Cushing, OK WTI Spot Price FOB (Dollars per Barrel)",21.23,$/BBL
1991-04-26,YCUOK,NA,EPCWTI,WTI Crude Oil,PF4,Spot Price FOB,RWTC,"Cushing, OK WTI Spot Price FOB (Dollars per Barrel)",21.19,$/BBL
1991-04-19,YCUOK,NA,EPCWTI,WTI Crude Oil,PF4,Spot Price FOB,RWTC,"Cushing, OK WTI Spot Price FOB (Dollars per Barrel)",21.48,$/BBL
1991-04-12,YCUOK,NA,EPCWTI,WTI Crude Oil,PF4,Spot Price FOB,RWTC,"Cushing, OK WTI Spot Price FOB (Dollars per Barrel)",20.89,$/BBL
1991-04-05,YCUOK,NA,EPCWTI,WTI Crude Oil,PF4,Spot Price FOB,RWTC,"Cushing, OK WTI Spot Price FOB (Dollars per Barrel)",19.63,$/BBL
1991-03-29,YCUOK,NA,EPCWTI,WTI Crude Oil,PF4,Spot Price FOB,RWTC,"Cushing, OK WTI Spot Price FOB (Dollars per Barrel)",19.58,$/BBL
1991-03-22,YCUOK,NA,EPCWTI,WTI Crude Oil,PF4,Spot Price FOB,RWTC,"Cushing, OK WTI Spot Price FOB (Dollars per Barrel)",20.3,$/BBL
1991-03-15,YCUOK,NA,EPCWTI,WTI Crude Oil,PF4,Spot Price FOB,RWTC,"Cushing, OK WTI Spot Price FOB (Dollars per Barrel)",19.89,$/BBL
1991-03-08,YCUOK,NA,EPCWTI,WTI Crude Oil,PF4,Spot Price FOB,RWTC,"Cushing, OK WTI Spot Price FOB (Dollars per Barrel)",19.86,$/BBL
1991-03-01,YCUOK,NA,EPCWTI,WTI Crude Oil,PF4,Spot Price FOB,RWTC,"Cushing, OK WTI Spot Price FOB (Dollars per Barrel)",18.73,$/BBL
1991-02-22,YCUOK,NA,EPCWTI,WTI Crude Oil,PF4,Spot Price FOB,RWTC,"Cushing, OK WTI Spot Price FOB (Dollars per Barrel)",19.38,$/BBL
1991-02-15,YCUOK,NA,EPCWTI,WTI Crude Oil,PF4,Spot Price FOB,RWTC,"Cushing, OK WTI Spot Price FOB (Dollars per Barrel)",22.12,$/BBL
1991-02-08,YCUOK,NA,EPCWTI,WTI Crude Oil,PF4,Spot Price FOB,RWTC,"Cushing, OK WTI Spot Price FOB (Dollars per Barrel)",21.3,$/BBL
1991-02-01,YCUOK,NA,EPCWTI,WTI Crude Oil,PF4,Spot Price FOB,RWTC,"Cushing, OK WTI Spot Price FOB (Dollars per Barrel)",21.41,$/BBL
1991-01-25,YCUOK,NA,EPCWTI,WTI Crude Oil,PF4,Spot Price FOB,RWTC,"Cushing, OK WTI Spot Price FOB (Dollars per Barrel)",24.08,$/BBL
1991-01-18,YCUOK,NA,EPCWTI,WTI Crude Oil,PF4,Spot Price FOB,RWTC,"Cushing, OK WTI Spot Price FOB (Dollars per Barrel)",26.85,$/BBL
1991-01-11,YCUOK,NA,EPCWTI,WTI Crude Oil,PF4,Spot Price FOB,RWTC,"Cushing, OK WTI Spot Price FOB (Dollars per Barrel)",27.55,$/BBL
1991-01-04,YCUOK,NA,EPCWTI,WTI Crude Oil,PF4,Spot Price FOB,RWTC,"Cushing, OK WTI Spot Price FOB (Dollars per Barrel)",26.38,$/BBL
1990-12-28,YCUOK,NA,EPCWTI,WTI Crude Oil,PF4,Spot Price FOB,RWTC,"Cushing, OK WTI Spot Price FOB (Dollars per Barrel)",27.21,$/BBL
1990-12-21,YCUOK,NA,EPCWTI,WTI Crude Oil,PF4,Spot Price FOB,RWTC,"Cushing, OK WTI Spot Price FOB (Dollars per Barrel)",27.56,$/BBL
1990-12-14,YCUOK,NA,EPCWTI,WTI Crude Oil,PF4,Spot Price FOB,RWTC,"Cushing, OK WTI Spot Price FOB (Dollars per Barrel)",26.39,$/BBL
1990-12-07,YCUOK,NA,EPCWTI,WTI Crude Oil,PF4,Spot Price FOB,RWTC,"Cushing, OK WTI Spot Price FOB (Dollars per Barrel)",27.72,$/BBL
1990-11-30,YCUOK,NA,EPCWTI,WTI Crude Oil,PF4,Spot Price FOB,RWTC,"Cushing, OK WTI Spot Price FOB (Dollars per Barrel)",32.32,$/BBL
1990-11-23,YCUOK,NA,EPCWTI,WTI Crude Oil,PF4,Spot Price FOB,RWTC,"Cushing, OK WTI Spot Price FOB (Dollars per Barrel)",30.69,$/BBL
1990-11-16,YCUOK,NA,EPCWTI,WTI Crude Oil,PF4,Spot Price FOB,RWTC,"Cushing, OK WTI Spot Price FOB (Dollars per Barrel)",31.5,$/BBL
1990-11-09,YCUOK,NA,EPCWTI,WTI Crude Oil,PF4,Spot Price FOB,RWTC,"Cushing, OK WTI Spot Price FOB (Dollars per Barrel)",33.89,$/BBL
1990-11-02,YCUOK,NA,EPCWTI,WTI Crude Oil,PF4,Spot Price FOB,RWTC,"Cushing, OK WTI Spot Price FOB (Dollars per Barrel)",34.95,$/BBL
1990-10-26,YCUOK,NA,EPCWTI,WTI Crude Oil,PF4,Spot Price FOB,RWTC,"Cushing, OK WTI Spot Price FOB (Dollars per Barrel)",31.32,$/BBL
1990-10-19,YCUOK,NA,EPCWTI,WTI Crude Oil,PF4,Spot Price FOB,RWTC,"Cushing, OK WTI Spot Price FOB (Dollars per Barrel)",36.84,$/BBL
1990-10-12,YCUOK,NA,EPCWTI,WTI Crude Oil,PF4,Spot Price FOB,RWTC,"Cushing, OK WTI Spot Price FOB (Dollars per Barrel)",39.88,$/BBL
1990-10-05,YCUOK,NA,EPCWTI,WTI Crude Oil,PF4,Spot Price FOB,RWTC,"Cushing, OK WTI Spot Price FOB (Dollars per Barrel)",36.64,$/BBL
1990-09-28,YCUOK,NA,EPCWTI,WTI Crude Oil,PF4,Spot Price FOB,RWTC,"Cushing, OK WTI Spot Price FOB (Dollars per Barrel)",39.16,$/BBL
1990-09-21,YCUOK,NA,EPCWTI,WTI Crude Oil,PF4,Spot Price FOB,RWTC,"Cushing, OK WTI Spot Price FOB (Dollars per Barrel)",34.21,$/BBL
1990-09-14,YCUOK,NA,EPCWTI,WTI Crude Oil,PF4,Spot Price FOB,RWTC,"Cushing, OK WTI Spot Price FOB (Dollars per Barrel)",30.99,$/BBL
1990-09-07,YCUOK,NA,EPCWTI,WTI Crude Oil,PF4,Spot Price FOB,RWTC,"Cushing, OK WTI Spot Price FOB (Dollars per Barrel)",29.67,$/BBL
1990-08-31,YCUOK,NA,EPCWTI,WTI Crude Oil,PF4,Spot Price FOB,RWTC,"Cushing, OK WTI Spot Price FOB (Dollars per Barrel)",27.13,$/BBL
1990-08-24,YCUOK,NA,EPCWTI,WTI Crude Oil,PF4,Spot Price FOB,RWTC,"Cushing, OK WTI Spot Price FOB (Dollars per Barrel)",30.08,$/BBL
1990-08-17,YCUOK,NA,EPCWTI,WTI Crude Oil,PF4,Spot Price FOB,RWTC,"Cushing, OK WTI Spot Price FOB (Dollars per Barrel)",27.27,$/BBL
1990-08-10,YCUOK,NA,EPCWTI,WTI Crude Oil,PF4,Spot Price FOB,RWTC,"Cushing, OK WTI Spot Price FOB (Dollars per Barrel)",27.32,$/BBL
1990-08-03,YCUOK,NA,EPCWTI,WTI Crude Oil,PF4,Spot Price FOB,RWTC,"Cushing, OK WTI Spot Price FOB (Dollars per Barrel)",21.98,$/BBL
1990-07-27,YCUOK,NA,EPCWTI,WTI Crude Oil,PF4,Spot Price FOB,RWTC,"Cushing, OK WTI Spot Price FOB (Dollars per Barrel)",19.89,$/BBL
1990-07-20,YCUOK,NA,EPCWTI,WTI Crude Oil,PF4,Spot Price FOB,RWTC,"Cushing, OK WTI Spot Price FOB (Dollars per Barrel)",18.83,$/BBL
1990-07-13,YCUOK,NA,EPCWTI,WTI Crude Oil,PF4,Spot Price FOB,RWTC,"Cushing, OK WTI Spot Price FOB (Dollars per Barrel)",17.64,$/BBL
1990-07-06,YCUOK,NA,EPCWTI,WTI Crude Oil,PF4,Spot Price FOB,RWTC,"Cushing, OK WTI Spot Price FOB (Dollars per Barrel)",16.68,$/BBL
1990-06-29,YCUOK,NA,EPCWTI,WTI Crude Oil,PF4,Spot Price FOB,RWTC,"Cushing, OK WTI Spot Price FOB (Dollars per Barrel)",16.84,$/BBL
1990-06-22,YCUOK,NA,EPCWTI,WTI Crude Oil,PF4,Spot Price FOB,RWTC,"Cushing, OK WTI Spot Price FOB (Dollars per Barrel)",15.9,$/BBL
1990-06-15,YCUOK,NA,EPCWTI,WTI Crude Oil,PF4,Spot Price FOB,RWTC,"Cushing, OK WTI Spot Price FOB (Dollars per Barrel)",17.11,$/BBL
1990-06-08,YCUOK,NA,EPCWTI,WTI Crude Oil,PF4,Spot Price FOB,RWTC,"Cushing, OK WTI Spot Price FOB (Dollars per Barrel)",16.77,$/BBL
1990-06-01,YCUOK,NA,EPCWTI,WTI Crude Oil,PF4,Spot Price FOB,RWTC,"Cushing, OK WTI Spot Price FOB (Dollars per Barrel)",17.72,$/BBL
1990-05-25,YCUOK,NA,EPCWTI,WTI Crude Oil,PF4,Spot Price FOB,RWTC,"Cushing, OK WTI Spot Price FOB (Dollars per Barrel)",16.83,$/BBL
1990-05-18,YCUOK,NA,EPCWTI,WTI Crude Oil,PF4,Spot Price FOB,RWTC,"Cushing, OK WTI Spot Price FOB (Dollars per Barrel)",19.19,$/BBL
1990-05-11,YCUOK,NA,EPCWTI,WTI Crude Oil,PF4,Spot Price FOB,RWTC,"Cushing, OK WTI Spot Price FOB (Dollars per Barrel)",18.71,$/BBL
1990-05-04,YCUOK,NA,EPCWTI,WTI Crude Oil,PF4,Spot Price FOB,RWTC,"Cushing, OK WTI Spot Price FOB (Dollars per Barrel)",18.37,$/BBL
1990-04-27,YCUOK,NA,EPCWTI,WTI Crude Oil,PF4,Spot Price FOB,RWTC,"Cushing, OK WTI Spot Price FOB (Dollars per Barrel)",18.2,$/BBL
1990-04-20,YCUOK,NA,EPCWTI,WTI Crude Oil,PF4,Spot Price FOB,RWTC,"Cushing, OK WTI Spot Price FOB (Dollars per Barrel)",17.6,$/BBL
1990-04-13,YCUOK,NA,EPCWTI,WTI Crude Oil,PF4,Spot Price FOB,RWTC,"Cushing, OK WTI Spot Price FOB (Dollars per Barrel)",17.96,$/BBL
1990-04-06,YCUOK,NA,EPCWTI,WTI Crude Oil,PF4,Spot Price FOB,RWTC,"Cushing, OK WTI Spot Price FOB (Dollars per Barrel)",19.83,$/BBL
1990-03-30,YCUOK,NA,EPCWTI,WTI Crude Oil,PF4,Spot Price FOB,RWTC,"Cushing, OK WTI Spot Price FOB (Dollars per Barrel)",20.26,$/BBL
1990-03-23,YCUOK,NA,EPCWTI,WTI Crude Oil,PF4,Spot Price FOB,RWTC,"Cushing, OK WTI Spot Price FOB (Dollars per Barrel)",19.73,$/BBL
1990-03-16,YCUOK,NA,EPCWTI,WTI Crude Oil,PF4,Spot Price FOB,RWTC,"Cushing, OK WTI Spot Price FOB (Dollars per Barrel)",20.19,$/BBL
1990-03-09,YCUOK,NA,EPCWTI,WTI Crude Oil,PF4,Spot Price FOB,RWTC,"Cushing, OK WTI Spot Price FOB (Dollars per Barrel)",21.01,$/BBL
1990-03-02,YCUOK,NA,EPCWTI,WTI Crude Oil,PF4,Spot Price FOB,RWTC,"Cushing, OK WTI Spot Price FOB (Dollars per Barrel)",21.51,$/BBL
1990-02-23,YCUOK,NA,EPCWTI,WTI Crude Oil,PF4,Spot Price FOB,RWTC,"Cushing, OK WTI Spot Price FOB (Dollars per Barrel)",21.81,$/BBL
1990-02-16,YCUOK,NA,EPCWTI,WTI Crude Oil,PF4,Spot Price FOB,RWTC,"Cushing, OK WTI Spot Price FOB (Dollars per Barrel)",22.27,$/BBL
1990-02-09,YCUOK,NA,EPCWTI,WTI Crude Oil,PF4,Spot Price FOB,RWTC,"Cushing, OK WTI Spot Price FOB (Dollars per Barrel)",22.23,$/BBL
1990-02-02,YCUOK,NA,EPCWTI,WTI Crude Oil,PF4,Spot Price FOB,RWTC,"Cushing, OK WTI Spot Price FOB (Dollars per Barrel)",22.7,$/BBL
1990-01-26,YCUOK,NA,EPCWTI,WTI Crude Oil,PF4,Spot Price FOB,RWTC,"Cushing, OK WTI Spot Price FOB (Dollars per Barrel)",23.08,$/BBL
1990-01-19,YCUOK,NA,EPCWTI,WTI Crude Oil,PF4,Spot Price FOB,RWTC,"Cushing, OK WTI Spot Price FOB (Dollars per Barrel)",22.71,$/BBL
1990-01-12,YCUOK,NA,EPCWTI,WTI Crude Oil,PF4,Spot Price FOB,RWTC,"Cushing, OK WTI Spot Price FOB (Dollars per Barrel)",22.62,$/BBL
1990-01-05,YCUOK,NA,EPCWTI,WTI Crude Oil,PF4,Spot Price FOB,RWTC,"Cushing, OK WTI Spot Price FOB (Dollars per Barrel)",23.29,$/BBL
1989-12-29,YCUOK,NA,EPCWTI,WTI Crude Oil,PF4,Spot Price FOB,RWTC,"Cushing, OK WTI Spot Price FOB (Dollars per Barrel)",21.78,$/BBL
1989-12-22,YCUOK,NA,EPCWTI,WTI Crude Oil,PF4,Spot Price FOB,RWTC,"Cushing, OK WTI Spot Price FOB (Dollars per Barrel)",21.76,$/BBL
1989-12-15,YCUOK,NA,EPCWTI,WTI Crude Oil,PF4,Spot Price FOB,RWTC,"Cushing, OK WTI Spot Price FOB (Dollars per Barrel)",20.81,$/BBL
1989-12-08,YCUOK,NA,EPCWTI,WTI Crude Oil,PF4,Spot Price FOB,RWTC,"Cushing, OK WTI Spot Price FOB (Dollars per Barrel)",20.36,$/BBL
1989-12-01,YCUOK,NA,EPCWTI,WTI Crude Oil,PF4,Spot Price FOB,RWTC,"Cushing, OK WTI Spot Price FOB (Dollars per Barrel)",19.7,$/BBL
1989-11-24,YCUOK,NA,EPCWTI,WTI Crude Oil,PF4,Spot Price FOB,RWTC,"Cushing, OK WTI Spot Price FOB (Dollars per Barrel)",20.02,$/BBL
1989-11-17,YCUOK,NA,EPCWTI,WTI Crude Oil,PF4,Spot Price FOB,RWTC,"Cushing, OK WTI Spot Price FOB (Dollars per Barrel)",19.74,$/BBL
1989-11-10,YCUOK,NA,EPCWTI,WTI Crude Oil,PF4,Spot Price FOB,RWTC,"Cushing, OK WTI Spot Price FOB (Dollars per Barrel)",19.89,$/BBL
1989-11-03,YCUOK,NA,EPCWTI,WTI Crude Oil,PF4,Spot Price FOB,RWTC,"Cushing, OK WTI Spot Price FOB (Dollars per Barrel)",19.99,$/BBL
1989-10-27,YCUOK,NA,EPCWTI,WTI Crude Oil,PF4,Spot Price FOB,RWTC,"Cushing, OK WTI Spot Price FOB (Dollars per Barrel)",19.65,$/BBL
1989-10-20,YCUOK,NA,EPCWTI,WTI Crude Oil,PF4,Spot Price FOB,RWTC,"Cushing, OK WTI Spot Price FOB (Dollars per Barrel)",20.46,$/BBL
1989-10-13,YCUOK,NA,EPCWTI,WTI Crude Oil,PF4,Spot Price FOB,RWTC,"Cushing, OK WTI Spot Price FOB (Dollars per Barrel)",20.37,$/BBL
1989-10-06,YCUOK,NA,EPCWTI,WTI Crude Oil,PF4,Spot Price FOB,RWTC,"Cushing, OK WTI Spot Price FOB (Dollars per Barrel)",20.03,$/BBL
1989-09-29,YCUOK,NA,EPCWTI,WTI Crude Oil,PF4,Spot Price FOB,RWTC,"Cushing, OK WTI Spot Price FOB (Dollars per Barrel)",19.77,$/BBL
1989-09-22,YCUOK,NA,EPCWTI,WTI Crude Oil,PF4,Spot Price FOB,RWTC,"Cushing, OK WTI Spot Price FOB (Dollars per Barrel)",19.63,$/BBL
1989-09-15,YCUOK,NA,EPCWTI,WTI Crude Oil,PF4,Spot Price FOB,RWTC,"Cushing, OK WTI Spot Price FOB (Dollars per Barrel)",19.8,$/BBL
1989-09-08,YCUOK,NA,EPCWTI,WTI Crude Oil,PF4,Spot Price FOB,RWTC,"Cushing, OK WTI Spot Price FOB (Dollars per Barrel)",19.31,$/BBL
1989-09-01,YCUOK,NA,EPCWTI,WTI Crude Oil,PF4,Spot Price FOB,RWTC,"Cushing, OK WTI Spot Price FOB (Dollars per Barrel)",18.77,$/BBL
1989-08-25,YCUOK,NA,EPCWTI,WTI Crude Oil,PF4,Spot Price FOB,RWTC,"Cushing, OK WTI Spot Price FOB (Dollars per Barrel)",18.96,$/BBL
1989-08-18,YCUOK,NA,EPCWTI,WTI Crude Oil,PF4,Spot Price FOB,RWTC,"Cushing, OK WTI Spot Price FOB (Dollars per Barrel)",18.77,$/BBL
1989-08-11,YCUOK,NA,EPCWTI,WTI Crude Oil,PF4,Spot Price FOB,RWTC,"Cushing, OK WTI Spot Price FOB (Dollars per Barrel)",18.25,$/BBL
1989-08-04,YCUOK,NA,EPCWTI,WTI Crude Oil,PF4,Spot Price FOB,RWTC,"Cushing, OK WTI Spot Price FOB (Dollars per Barrel)",18.15,$/BBL
1989-07-28,YCUOK,NA,EPCWTI,WTI Crude Oil,PF4,Spot Price FOB,RWTC,"Cushing, OK WTI Spot Price FOB (Dollars per Barrel)",18.34,$/BBL
1989-07-21,YCUOK,NA,EPCWTI,WTI Crude Oil,PF4,Spot Price FOB,RWTC,"Cushing, OK WTI Spot Price FOB (Dollars per Barrel)",20.06,$/BBL
1989-07-14,YCUOK,NA,EPCWTI,WTI Crude Oil,PF4,Spot Price FOB,RWTC,"Cushing, OK WTI Spot Price FOB (Dollars per Barrel)",20.42,$/BBL
1989-07-07,YCUOK,NA,EPCWTI,WTI Crude Oil,PF4,Spot Price FOB,RWTC,"Cushing, OK WTI Spot Price FOB (Dollars per Barrel)",20.59,$/BBL
1989-06-30,YCUOK,NA,EPCWTI,WTI Crude Oil,PF4,Spot Price FOB,RWTC,"Cushing, OK WTI Spot Price FOB (Dollars per Barrel)",20.25,$/BBL
1989-06-23,YCUOK,NA,EPCWTI,WTI Crude Oil,PF4,Spot Price FOB,RWTC,"Cushing, OK WTI Spot Price FOB (Dollars per Barrel)",19.95,$/BBL
1989-06-16,YCUOK,NA,EPCWTI,WTI Crude Oil,PF4,Spot Price FOB,RWTC,"Cushing, OK WTI Spot Price FOB (Dollars per Barrel)",19.94,$/BBL
1989-06-09,YCUOK,NA,EPCWTI,WTI Crude Oil,PF4,Spot Price FOB,RWTC,"Cushing, OK WTI Spot Price FOB (Dollars per Barrel)",20.08,$/BBL
1989-06-02,YCUOK,NA,EPCWTI,WTI Crude Oil,PF4,Spot Price FOB,RWTC,"Cushing, OK WTI Spot Price FOB (Dollars per Barrel)",19.89,$/BBL
1989-05-26,YCUOK,NA,EPCWTI,WTI Crude Oil,PF4,Spot Price FOB,RWTC,"Cushing, OK WTI Spot Price FOB (Dollars per Barrel)",20.28,$/BBL
1989-05-19,YCUOK,NA,EPCWTI,WTI Crude Oil,PF4,Spot Price FOB,RWTC,"Cushing, OK WTI Spot Price FOB (Dollars per Barrel)",20.42,$/BBL
1989-05-12,YCUOK,NA,EPCWTI,WTI Crude Oil,PF4,Spot Price FOB,RWTC,"Cushing, OK WTI Spot Price FOB (Dollars per Barrel)",19.75,$/BBL
1989-05-05,YCUOK,NA,EPCWTI,WTI Crude Oil,PF4,Spot Price FOB,RWTC,"Cushing, OK WTI Spot Price FOB (Dollars per Barrel)",20.23,$/BBL
1989-04-28,YCUOK,NA,EPCWTI,WTI Crude Oil,PF4,Spot Price FOB,RWTC,"Cushing, OK WTI Spot Price FOB (Dollars per Barrel)",20.87,$/BBL
1989-04-21,YCUOK,NA,EPCWTI,WTI Crude Oil,PF4,Spot Price FOB,RWTC,"Cushing, OK WTI Spot Price FOB (Dollars per Barrel)",22.73,$/BBL
1989-04-14,YCUOK,NA,EPCWTI,WTI Crude Oil,PF4,Spot Price FOB,RWTC,"Cushing, OK WTI Spot Price FOB (Dollars per Barrel)",20.56,$/BBL
1989-04-07,YCUOK,NA,EPCWTI,WTI Crude Oil,PF4,Spot Price FOB,RWTC,"Cushing, OK WTI Spot Price FOB (Dollars per Barrel)",20.11,$/BBL
1989-03-31,YCUOK,NA,EPCWTI,WTI Crude Oil,PF4,Spot Price FOB,RWTC,"Cushing, OK WTI Spot Price FOB (Dollars per Barrel)",20.4,$/BBL
1989-03-24,YCUOK,NA,EPCWTI,WTI Crude Oil,PF4,Spot Price FOB,RWTC,"Cushing, OK WTI Spot Price FOB (Dollars per Barrel)",20,$/BBL
1989-03-17,YCUOK,NA,EPCWTI,WTI Crude Oil,PF4,Spot Price FOB,RWTC,"Cushing, OK WTI Spot Price FOB (Dollars per Barrel)",19.71,$/BBL
1989-03-10,YCUOK,NA,EPCWTI,WTI Crude Oil,PF4,Spot Price FOB,RWTC,"Cushing, OK WTI Spot Price FOB (Dollars per Barrel)",18.5,$/BBL
1989-03-03,YCUOK,NA,EPCWTI,WTI Crude Oil,PF4,Spot Price FOB,RWTC,"Cushing, OK WTI Spot Price FOB (Dollars per Barrel)",18.4,$/BBL
1989-02-24,YCUOK,NA,EPCWTI,WTI Crude Oil,PF4,Spot Price FOB,RWTC,"Cushing, OK WTI Spot Price FOB (Dollars per Barrel)",18.46,$/BBL
1989-02-17,YCUOK,NA,EPCWTI,WTI Crude Oil,PF4,Spot Price FOB,RWTC,"Cushing, OK WTI Spot Price FOB (Dollars per Barrel)",18.08,$/BBL
1989-02-10,YCUOK,NA,EPCWTI,WTI Crude Oil,PF4,Spot Price FOB,RWTC,"Cushing, OK WTI Spot Price FOB (Dollars per Barrel)",17.39,$/BBL
1989-02-03,YCUOK,NA,EPCWTI,WTI Crude Oil,PF4,Spot Price FOB,RWTC,"Cushing, OK WTI Spot Price FOB (Dollars per Barrel)",17.41,$/BBL
1989-01-27,YCUOK,NA,EPCWTI,WTI Crude Oil,PF4,Spot Price FOB,RWTC,"Cushing, OK WTI Spot Price FOB (Dollars per Barrel)",17.85,$/BBL
1989-01-20,YCUOK,NA,EPCWTI,WTI Crude Oil,PF4,Spot Price FOB,RWTC,"Cushing, OK WTI Spot Price FOB (Dollars per Barrel)",19.05,$/BBL
1989-01-13,YCUOK,NA,EPCWTI,WTI Crude Oil,PF4,Spot Price FOB,RWTC,"Cushing, OK WTI Spot Price FOB (Dollars per Barrel)",18.06,$/BBL
1989-01-06,YCUOK,NA,EPCWTI,WTI Crude Oil,PF4,Spot Price FOB,RWTC,"Cushing, OK WTI Spot Price FOB (Dollars per Barrel)",17.35,$/BBL
1988-12-30,YCUOK,NA,EPCWTI,WTI Crude Oil,PF4,Spot Price FOB,RWTC,"Cushing, OK WTI Spot Price FOB (Dollars per Barrel)",16.99,$/BBL
1988-12-23,YCUOK,NA,EPCWTI,WTI Crude Oil,PF4,Spot Price FOB,RWTC,"Cushing, OK WTI Spot Price FOB (Dollars per Barrel)",17.04,$/BBL
1988-12-16,YCUOK,NA,EPCWTI,WTI Crude Oil,PF4,Spot Price FOB,RWTC,"Cushing, OK WTI Spot Price FOB (Dollars per Barrel)",16.31,$/BBL
1988-12-09,YCUOK,NA,EPCWTI,WTI Crude Oil,PF4,Spot Price FOB,RWTC,"Cushing, OK WTI Spot Price FOB (Dollars per Barrel)",15.61,$/BBL
1988-12-02,YCUOK,NA,EPCWTI,WTI Crude Oil,PF4,Spot Price FOB,RWTC,"Cushing, OK WTI Spot Price FOB (Dollars per Barrel)",15.33,$/BBL
1988-11-25,YCUOK,NA,EPCWTI,WTI Crude Oil,PF4,Spot Price FOB,RWTC,"Cushing, OK WTI Spot Price FOB (Dollars per Barrel)",14.43,$/BBL
1988-11-18,YCUOK,NA,EPCWTI,WTI Crude Oil,PF4,Spot Price FOB,RWTC,"Cushing, OK WTI Spot Price FOB (Dollars per Barrel)",13.75,$/BBL
1988-11-11,YCUOK,NA,EPCWTI,WTI Crude Oil,PF4,Spot Price FOB,RWTC,"Cushing, OK WTI Spot Price FOB (Dollars per Barrel)",13.93,$/BBL
1988-11-04,YCUOK,NA,EPCWTI,WTI Crude Oil,PF4,Spot Price FOB,RWTC,"Cushing, OK WTI Spot Price FOB (Dollars per Barrel)",13.75,$/BBL
1988-10-28,YCUOK,NA,EPCWTI,WTI Crude Oil,PF4,Spot Price FOB,RWTC,"Cushing, OK WTI Spot Price FOB (Dollars per Barrel)",13.44,$/BBL
1988-10-21,YCUOK,NA,EPCWTI,WTI Crude Oil,PF4,Spot Price FOB,RWTC,"Cushing, OK WTI Spot Price FOB (Dollars per Barrel)",14.76,$/BBL
1988-10-14,YCUOK,NA,EPCWTI,WTI Crude Oil,PF4,Spot Price FOB,RWTC,"Cushing, OK WTI Spot Price FOB (Dollars per Barrel)",14.08,$/BBL
1988-10-07,YCUOK,NA,EPCWTI,WTI Crude Oil,PF4,Spot Price FOB,RWTC,"Cushing, OK WTI Spot Price FOB (Dollars per Barrel)",12.85,$/BBL
1988-09-30,YCUOK,NA,EPCWTI,WTI Crude Oil,PF4,Spot Price FOB,RWTC,"Cushing, OK WTI Spot Price FOB (Dollars per Barrel)",13.94,$/BBL
1988-09-23,YCUOK,NA,EPCWTI,WTI Crude Oil,PF4,Spot Price FOB,RWTC,"Cushing, OK WTI Spot Price FOB (Dollars per Barrel)",14.9,$/BBL
1988-09-16,YCUOK,NA,EPCWTI,WTI Crude Oil,PF4,Spot Price FOB,RWTC,"Cushing, OK WTI Spot Price FOB (Dollars per Barrel)",14.75,$/BBL
1988-09-09,YCUOK,NA,EPCWTI,WTI Crude Oil,PF4,Spot Price FOB,RWTC,"Cushing, OK WTI Spot Price FOB (Dollars per Barrel)",14.4,$/BBL
1988-09-02,YCUOK,NA,EPCWTI,WTI Crude Oil,PF4,Spot Price FOB,RWTC,"Cushing, OK WTI Spot Price FOB (Dollars per Barrel)",15.13,$/BBL
1988-08-26,YCUOK,NA,EPCWTI,WTI Crude Oil,PF4,Spot Price FOB,RWTC,"Cushing, OK WTI Spot Price FOB (Dollars per Barrel)",15.54,$/BBL
1988-08-19,YCUOK,NA,EPCWTI,WTI Crude Oil,PF4,Spot Price FOB,RWTC,"Cushing, OK WTI Spot Price FOB (Dollars per Barrel)",15.58,$/BBL
1988-08-12,YCUOK,NA,EPCWTI,WTI Crude Oil,PF4,Spot Price FOB,RWTC,"Cushing, OK WTI Spot Price FOB (Dollars per Barrel)",15.67,$/BBL
1988-08-05,YCUOK,NA,EPCWTI,WTI Crude Oil,PF4,Spot Price FOB,RWTC,"Cushing, OK WTI Spot Price FOB (Dollars per Barrel)",15.45,$/BBL
1988-07-29,YCUOK,NA,EPCWTI,WTI Crude Oil,PF4,Spot Price FOB,RWTC,"Cushing, OK WTI Spot Price FOB (Dollars per Barrel)",16.14,$/BBL
1988-07-22,YCUOK,NA,EPCWTI,WTI Crude Oil,PF4,Spot Price FOB,RWTC,"Cushing, OK WTI Spot Price FOB (Dollars per Barrel)",15.86,$/BBL
1988-07-15,YCUOK,NA,EPCWTI,WTI Crude Oil,PF4,Spot Price FOB,RWTC,"Cushing, OK WTI Spot Price FOB (Dollars per Barrel)",14.64,$/BBL
1988-07-08,YCUOK,NA,EPCWTI,WTI Crude Oil,PF4,Spot Price FOB,RWTC,"Cushing, OK WTI Spot Price FOB (Dollars per Barrel)",15.45,$/BBL
1988-07-01,YCUOK,NA,EPCWTI,WTI Crude Oil,PF4,Spot Price FOB,RWTC,"Cushing, OK WTI Spot Price FOB (Dollars per Barrel)",15.47,$/BBL
1988-06-24,YCUOK,NA,EPCWTI,WTI Crude Oil,PF4,Spot Price FOB,RWTC,"Cushing, OK WTI Spot Price FOB (Dollars per Barrel)",15.95,$/BBL
1988-06-17,YCUOK,NA,EPCWTI,WTI Crude Oil,PF4,Spot Price FOB,RWTC,"Cushing, OK WTI Spot Price FOB (Dollars per Barrel)",16.58,$/BBL
1988-06-10,YCUOK,NA,EPCWTI,WTI Crude Oil,PF4,Spot Price FOB,RWTC,"Cushing, OK WTI Spot Price FOB (Dollars per Barrel)",17.15,$/BBL
1988-06-03,YCUOK,NA,EPCWTI,WTI Crude Oil,PF4,Spot Price FOB,RWTC,"Cushing, OK WTI Spot Price FOB (Dollars per Barrel)",17.55,$/BBL
1988-05-27,YCUOK,NA,EPCWTI,WTI Crude Oil,PF4,Spot Price FOB,RWTC,"Cushing, OK WTI Spot Price FOB (Dollars per Barrel)",17.29,$/BBL
1988-05-20,YCUOK,NA,EPCWTI,WTI Crude Oil,PF4,Spot Price FOB,RWTC,"Cushing, OK WTI Spot Price FOB (Dollars per Barrel)",17.53,$/BBL
1988-05-13,YCUOK,NA,EPCWTI,WTI Crude Oil,PF4,Spot Price FOB,RWTC,"Cushing, OK WTI Spot Price FOB (Dollars per Barrel)",17.51,$/BBL
1988-05-06,YCUOK,NA,EPCWTI,WTI Crude Oil,PF4,Spot Price FOB,RWTC,"Cushing, OK WTI Spot Price FOB (Dollars per Barrel)",17.34,$/BBL
1988-04-29,YCUOK,NA,EPCWTI,WTI Crude Oil,PF4,Spot Price FOB,RWTC,"Cushing, OK WTI Spot Price FOB (Dollars per Barrel)",18.25,$/BBL
1988-04-22,YCUOK,NA,EPCWTI,WTI Crude Oil,PF4,Spot Price FOB,RWTC,"Cushing, OK WTI Spot Price FOB (Dollars per Barrel)",18.16,$/BBL
1988-04-15,YCUOK,NA,EPCWTI,WTI Crude Oil,PF4,Spot Price FOB,RWTC,"Cushing, OK WTI Spot Price FOB (Dollars per Barrel)",18.15,$/BBL
1988-04-08,YCUOK,NA,EPCWTI,WTI Crude Oil,PF4,Spot Price FOB,RWTC,"Cushing, OK WTI Spot Price FOB (Dollars per Barrel)",16.89,$/BBL
1988-04-01,YCUOK,NA,EPCWTI,WTI Crude Oil,PF4,Spot Price FOB,RWTC,"Cushing, OK WTI Spot Price FOB (Dollars per Barrel)",17.07,$/BBL
1988-03-25,YCUOK,NA,EPCWTI,WTI Crude Oil,PF4,Spot Price FOB,RWTC,"Cushing, OK WTI Spot Price FOB (Dollars per Barrel)",16.58,$/BBL
1988-03-18,YCUOK,NA,EPCWTI,WTI Crude Oil,PF4,Spot Price FOB,RWTC,"Cushing, OK WTI Spot Price FOB (Dollars per Barrel)",16.08,$/BBL
1988-03-11,YCUOK,NA,EPCWTI,WTI Crude Oil,PF4,Spot Price FOB,RWTC,"Cushing, OK WTI Spot Price FOB (Dollars per Barrel)",15.74,$/BBL
1988-03-04,YCUOK,NA,EPCWTI,WTI Crude Oil,PF4,Spot Price FOB,RWTC,"Cushing, OK WTI Spot Price FOB (Dollars per Barrel)",15.64,$/BBL
1988-02-26,YCUOK,NA,EPCWTI,WTI Crude Oil,PF4,Spot Price FOB,RWTC,"Cushing, OK WTI Spot Price FOB (Dollars per Barrel)",16.33,$/BBL
1988-02-19,YCUOK,NA,EPCWTI,WTI Crude Oil,PF4,Spot Price FOB,RWTC,"Cushing, OK WTI Spot Price FOB (Dollars per Barrel)",16.7,$/BBL
1988-02-12,YCUOK,NA,EPCWTI,WTI Crude Oil,PF4,Spot Price FOB,RWTC,"Cushing, OK WTI Spot Price FOB (Dollars per Barrel)",17.24,$/BBL
1988-02-05,YCUOK,NA,EPCWTI,WTI Crude Oil,PF4,Spot Price FOB,RWTC,"Cushing, OK WTI Spot Price FOB (Dollars per Barrel)",17.08,$/BBL
1988-01-29,YCUOK,NA,EPCWTI,WTI Crude Oil,PF4,Spot Price FOB,RWTC,"Cushing, OK WTI Spot Price FOB (Dollars per Barrel)",16.92,$/BBL
1988-01-22,YCUOK,NA,EPCWTI,WTI Crude Oil,PF4,Spot Price FOB,RWTC,"Cushing, OK WTI Spot Price FOB (Dollars per Barrel)",17.2,$/BBL
1988-01-15,YCUOK,NA,EPCWTI,WTI Crude Oil,PF4,Spot Price FOB,RWTC,"Cushing, OK WTI Spot Price FOB (Dollars per Barrel)",16.79,$/BBL
1988-01-08,YCUOK,NA,EPCWTI,WTI Crude Oil,PF4,Spot Price FOB,RWTC,"Cushing, OK WTI Spot Price FOB (Dollars per Barrel)",17.6,$/BBL
1988-01-01,YCUOK,NA,EPCWTI,WTI Crude Oil,PF4,Spot Price FOB,RWTC,"Cushing, OK WTI Spot Price FOB (Dollars per Barrel)",16.78,$/BBL
1987-12-25,YCUOK,NA,EPCWTI,WTI Crude Oil,PF4,Spot Price FOB,RWTC,"Cushing, OK WTI Spot Price FOB (Dollars per Barrel)",16.23,$/BBL
1987-12-18,YCUOK,NA,EPCWTI,WTI Crude Oil,PF4,Spot Price FOB,RWTC,"Cushing, OK WTI Spot Price FOB (Dollars per Barrel)",16.35,$/BBL
1987-12-11,YCUOK,NA,EPCWTI,WTI Crude Oil,PF4,Spot Price FOB,RWTC,"Cushing, OK WTI Spot Price FOB (Dollars per Barrel)",18.34,$/BBL
1987-12-04,YCUOK,NA,EPCWTI,WTI Crude Oil,PF4,Spot Price FOB,RWTC,"Cushing, OK WTI Spot Price FOB (Dollars per Barrel)",18.62,$/BBL
1987-11-27,YCUOK,NA,EPCWTI,WTI Crude Oil,PF4,Spot Price FOB,RWTC,"Cushing, OK WTI Spot Price FOB (Dollars per Barrel)",18.83,$/BBL
1987-11-20,YCUOK,NA,EPCWTI,WTI Crude Oil,PF4,Spot Price FOB,RWTC,"Cushing, OK WTI Spot Price FOB (Dollars per Barrel)",18.6,$/BBL
1987-11-13,YCUOK,NA,EPCWTI,WTI Crude Oil,PF4,Spot Price FOB,RWTC,"Cushing, OK WTI Spot Price FOB (Dollars per Barrel)",18.88,$/BBL
1987-11-06,YCUOK,NA,EPCWTI,WTI Crude Oil,PF4,Spot Price FOB,RWTC,"Cushing, OK WTI Spot Price FOB (Dollars per Barrel)",19.17,$/BBL
1987-10-30,YCUOK,NA,EPCWTI,WTI Crude Oil,PF4,Spot Price FOB,RWTC,"Cushing, OK WTI Spot Price FOB (Dollars per Barrel)",20.03,$/BBL
1987-10-23,YCUOK,NA,EPCWTI,WTI Crude Oil,PF4,Spot Price FOB,RWTC,"Cushing, OK WTI Spot Price FOB (Dollars per Barrel)",19.98,$/BBL
1987-10-16,YCUOK,NA,EPCWTI,WTI Crude Oil,PF4,Spot Price FOB,RWTC,"Cushing, OK WTI Spot Price FOB (Dollars per Barrel)",19.82,$/BBL
1987-10-09,YCUOK,NA,EPCWTI,WTI Crude Oil,PF4,Spot Price FOB,RWTC,"Cushing, OK WTI Spot Price FOB (Dollars per Barrel)",19.65,$/BBL
1987-10-02,YCUOK,NA,EPCWTI,WTI Crude Oil,PF4,Spot Price FOB,RWTC,"Cushing, OK WTI Spot Price FOB (Dollars per Barrel)",19.64,$/BBL
1987-09-25,YCUOK,NA,EPCWTI,WTI Crude Oil,PF4,Spot Price FOB,RWTC,"Cushing, OK WTI Spot Price FOB (Dollars per Barrel)",19.57,$/BBL
1987-09-18,YCUOK,NA,EPCWTI,WTI Crude Oil,PF4,Spot Price FOB,RWTC,"Cushing, OK WTI Spot Price FOB (Dollars per Barrel)",19.63,$/BBL
1987-09-11,YCUOK,NA,EPCWTI,WTI Crude Oil,PF4,Spot Price FOB,RWTC,"Cushing, OK WTI Spot Price FOB (Dollars per Barrel)",19.38,$/BBL
1987-09-04,YCUOK,NA,EPCWTI,WTI Crude Oil,PF4,Spot Price FOB,RWTC,"Cushing, OK WTI Spot Price FOB (Dollars per Barrel)",19.56,$/BBL
1987-08-28,YCUOK,NA,EPCWTI,WTI Crude Oil,PF4,Spot Price FOB,RWTC,"Cushing, OK WTI Spot Price FOB (Dollars per Barrel)",19.42,$/BBL
1987-08-21,YCUOK,NA,EPCWTI,WTI Crude Oil,PF4,Spot Price FOB,RWTC,"Cushing, OK WTI Spot Price FOB (Dollars per Barrel)",19.61,$/BBL
1987-08-14,YCUOK,NA,EPCWTI,WTI Crude Oil,PF4,Spot Price FOB,RWTC,"Cushing, OK WTI Spot Price FOB (Dollars per Barrel)",20.8,$/BBL
1987-08-07,YCUOK,NA,EPCWTI,WTI Crude Oil,PF4,Spot Price FOB,RWTC,"Cushing, OK WTI Spot Price FOB (Dollars per Barrel)",21.52,$/BBL
1987-07-31,YCUOK,NA,EPCWTI,WTI Crude Oil,PF4,Spot Price FOB,RWTC,"Cushing, OK WTI Spot Price FOB (Dollars per Barrel)",21.25,$/BBL
1987-07-24,YCUOK,NA,EPCWTI,WTI Crude Oil,PF4,Spot Price FOB,RWTC,"Cushing, OK WTI Spot Price FOB (Dollars per Barrel)",21.5,$/BBL
1987-07-17,YCUOK,NA,EPCWTI,WTI Crude Oil,PF4,Spot Price FOB,RWTC,"Cushing, OK WTI Spot Price FOB (Dollars per Barrel)",22.03,$/BBL
1987-07-10,YCUOK,NA,EPCWTI,WTI Crude Oil,PF4,Spot Price FOB,RWTC,"Cushing, OK WTI Spot Price FOB (Dollars per Barrel)",21.06,$/BBL
1987-07-03,YCUOK,NA,EPCWTI,WTI Crude Oil,PF4,Spot Price FOB,RWTC,"Cushing, OK WTI Spot Price FOB (Dollars per Barrel)",20.46,$/BBL
1987-06-26,YCUOK,NA,EPCWTI,WTI Crude Oil,PF4,Spot Price FOB,RWTC,"Cushing, OK WTI Spot Price FOB (Dollars per Barrel)",20.21,$/BBL
1987-06-19,YCUOK,NA,EPCWTI,WTI Crude Oil,PF4,Spot Price FOB,RWTC,"Cushing, OK WTI Spot Price FOB (Dollars per Barrel)",20.38,$/BBL
1987-06-12,YCUOK,NA,EPCWTI,WTI Crude Oil,PF4,Spot Price FOB,RWTC,"Cushing, OK WTI Spot Price FOB (Dollars per Barrel)",19.88,$/BBL
1987-06-05,YCUOK,NA,EPCWTI,WTI Crude Oil,PF4,Spot Price FOB,RWTC,"Cushing, OK WTI Spot Price FOB (Dollars per Barrel)",19.73,$/BBL
1987-05-29,YCUOK,NA,EPCWTI,WTI Crude Oil,PF4,Spot Price FOB,RWTC,"Cushing, OK WTI Spot Price FOB (Dollars per Barrel)",19.34,$/BBL
1987-05-22,YCUOK,NA,EPCWTI,WTI Crude Oil,PF4,Spot Price FOB,RWTC,"Cushing, OK WTI Spot Price FOB (Dollars per Barrel)",19.85,$/BBL
1987-05-15,YCUOK,NA,EPCWTI,WTI Crude Oil,PF4,Spot Price FOB,RWTC,"Cushing, OK WTI Spot Price FOB (Dollars per Barrel)",19.52,$/BBL
1987-05-08,YCUOK,NA,EPCWTI,WTI Crude Oil,PF4,Spot Price FOB,RWTC,"Cushing, OK WTI Spot Price FOB (Dollars per Barrel)",19.14,$/BBL
1987-05-01,YCUOK,NA,EPCWTI,WTI Crude Oil,PF4,Spot Price FOB,RWTC,"Cushing, OK WTI Spot Price FOB (Dollars per Barrel)",18.76,$/BBL
1987-04-24,YCUOK,NA,EPCWTI,WTI Crude Oil,PF4,Spot Price FOB,RWTC,"Cushing, OK WTI Spot Price FOB (Dollars per Barrel)",18.94,$/BBL
1987-04-17,YCUOK,NA,EPCWTI,WTI Crude Oil,PF4,Spot Price FOB,RWTC,"Cushing, OK WTI Spot Price FOB (Dollars per Barrel)",18.3,$/BBL
1987-04-10,YCUOK,NA,EPCWTI,WTI Crude Oil,PF4,Spot Price FOB,RWTC,"Cushing, OK WTI Spot Price FOB (Dollars per Barrel)",18.6,$/BBL
1987-04-03,YCUOK,NA,EPCWTI,WTI Crude Oil,PF4,Spot Price FOB,RWTC,"Cushing, OK WTI Spot Price FOB (Dollars per Barrel)",18.77,$/BBL
1987-03-27,YCUOK,NA,EPCWTI,WTI Crude Oil,PF4,Spot Price FOB,RWTC,"Cushing, OK WTI Spot Price FOB (Dollars per Barrel)",18.59,$/BBL
1987-03-20,YCUOK,NA,EPCWTI,WTI Crude Oil,PF4,Spot Price FOB,RWTC,"Cushing, OK WTI Spot Price FOB (Dollars per Barrel)",18.72,$/BBL
1987-03-13,YCUOK,NA,EPCWTI,WTI Crude Oil,PF4,Spot Price FOB,RWTC,"Cushing, OK WTI Spot Price FOB (Dollars per Barrel)",18.31,$/BBL
1987-03-06,YCUOK,NA,EPCWTI,WTI Crude Oil,PF4,Spot Price FOB,RWTC,"Cushing, OK WTI Spot Price FOB (Dollars per Barrel)",17.47,$/BBL
1987-02-27,YCUOK,NA,EPCWTI,WTI Crude Oil,PF4,Spot Price FOB,RWTC,"Cushing, OK WTI Spot Price FOB (Dollars per Barrel)",16.75,$/BBL
1987-02-20,YCUOK,NA,EPCWTI,WTI Crude Oil,PF4,Spot Price FOB,RWTC,"Cushing, OK WTI Spot Price FOB (Dollars per Barrel)",17.63,$/BBL
1987-02-13,YCUOK,NA,EPCWTI,WTI Crude Oil,PF4,Spot Price FOB,RWTC,"Cushing, OK WTI Spot Price FOB (Dollars per Barrel)",18.14,$/BBL
1987-02-06,YCUOK,NA,EPCWTI,WTI Crude Oil,PF4,Spot Price FOB,RWTC,"Cushing, OK WTI Spot Price FOB (Dollars per Barrel)",18.45,$/BBL
1987-01-30,YCUOK,NA,EPCWTI,WTI Crude Oil,PF4,Spot Price FOB,RWTC,"Cushing, OK WTI Spot Price FOB (Dollars per Barrel)",18.62,$/BBL
1987-01-23,YCUOK,NA,EPCWTI,WTI Crude Oil,PF4,Spot Price FOB,RWTC,"Cushing, OK WTI Spot Price FOB (Dollars per Barrel)",18.68,$/BBL
1987-01-16,YCUOK,NA,EPCWTI,WTI Crude Oil,PF4,Spot Price FOB,RWTC,"Cushing, OK WTI Spot Price FOB (Dollars per Barrel)",19.04,$/BBL
1987-01-09,YCUOK,NA,EPCWTI,WTI Crude Oil,PF4,Spot Price FOB,RWTC,"Cushing, OK WTI Spot Price FOB (Dollars per Barrel)",18.38,$/BBL
1987-01-02,YCUOK,NA,EPCWTI,WTI Crude Oil,PF4,Spot Price FOB,RWTC,"Cushing, OK WTI Spot Price FOB (Dollars per Barrel)",17.86,$/BBL
1986-12-26,YCUOK,NA,EPCWTI,WTI Crude Oil,PF4,Spot Price FOB,RWTC,"Cushing, OK WTI Spot Price FOB (Dollars per Barrel)",17.05,$/BBL
1986-12-19,YCUOK,NA,EPCWTI,WTI Crude Oil,PF4,Spot Price FOB,RWTC,"Cushing, OK WTI Spot Price FOB (Dollars per Barrel)",16.23,$/BBL
1986-12-12,YCUOK,NA,EPCWTI,WTI Crude Oil,PF4,Spot Price FOB,RWTC,"Cushing, OK WTI Spot Price FOB (Dollars per Barrel)",15.34,$/BBL
1986-12-05,YCUOK,NA,EPCWTI,WTI Crude Oil,PF4,Spot Price FOB,RWTC,"Cushing, OK WTI Spot Price FOB (Dollars per Barrel)",15.2,$/BBL
1986-11-28,YCUOK,NA,EPCWTI,WTI Crude Oil,PF4,Spot Price FOB,RWTC,"Cushing, OK WTI Spot Price FOB (Dollars per Barrel)",15.01,$/BBL
1986-11-21,YCUOK,NA,EPCWTI,WTI Crude Oil,PF4,Spot Price FOB,RWTC,"Cushing, OK WTI Spot Price FOB (Dollars per Barrel)",15.4,$/BBL
1986-11-14,YCUOK,NA,EPCWTI,WTI Crude Oil,PF4,Spot Price FOB,RWTC,"Cushing, OK WTI Spot Price FOB (Dollars per Barrel)",15.45,$/BBL
1986-11-07,YCUOK,NA,EPCWTI,WTI Crude Oil,PF4,Spot Price FOB,RWTC,"Cushing, OK WTI Spot Price FOB (Dollars per Barrel)",14.98,$/BBL
1986-10-31,YCUOK,NA,EPCWTI,WTI Crude Oil,PF4,Spot Price FOB,RWTC,"Cushing, OK WTI Spot Price FOB (Dollars per Barrel)",14.53,$/BBL
1986-10-24,YCUOK,NA,EPCWTI,WTI Crude Oil,PF4,Spot Price FOB,RWTC,"Cushing, OK WTI Spot Price FOB (Dollars per Barrel)",15.01,$/BBL
1986-10-17,YCUOK,NA,EPCWTI,WTI Crude Oil,PF4,Spot Price FOB,RWTC,"Cushing, OK WTI Spot Price FOB (Dollars per Barrel)",14.69,$/BBL
1986-10-10,YCUOK,NA,EPCWTI,WTI Crude Oil,PF4,Spot Price FOB,RWTC,"Cushing, OK WTI Spot Price FOB (Dollars per Barrel)",15.16,$/BBL
1986-10-03,YCUOK,NA,EPCWTI,WTI Crude Oil,PF4,Spot Price FOB,RWTC,"Cushing, OK WTI Spot Price FOB (Dollars per Barrel)",15.02,$/BBL
1986-09-26,YCUOK,NA,EPCWTI,WTI Crude Oil,PF4,Spot Price FOB,RWTC,"Cushing, OK WTI Spot Price FOB (Dollars per Barrel)",14.3,$/BBL
1986-09-19,YCUOK,NA,EPCWTI,WTI Crude Oil,PF4,Spot Price FOB,RWTC,"Cushing, OK WTI Spot Price FOB (Dollars per Barrel)",14.23,$/BBL
1986-09-12,YCUOK,NA,EPCWTI,WTI Crude Oil,PF4,Spot Price FOB,RWTC,"Cushing, OK WTI Spot Price FOB (Dollars per Barrel)",15.13,$/BBL
1986-09-05,YCUOK,NA,EPCWTI,WTI Crude Oil,PF4,Spot Price FOB,RWTC,"Cushing, OK WTI Spot Price FOB (Dollars per Barrel)",16.07,$/BBL
1986-08-29,YCUOK,NA,EPCWTI,WTI Crude Oil,PF4,Spot Price FOB,RWTC,"Cushing, OK WTI Spot Price FOB (Dollars per Barrel)",15.77,$/BBL
1986-08-22,YCUOK,NA,EPCWTI,WTI Crude Oil,PF4,Spot Price FOB,RWTC,"Cushing, OK WTI Spot Price FOB (Dollars per Barrel)",15.3,$/BBL
1986-08-15,YCUOK,NA,EPCWTI,WTI Crude Oil,PF4,Spot Price FOB,RWTC,"Cushing, OK WTI Spot Price FOB (Dollars per Barrel)",15.39,$/BBL
1986-08-08,YCUOK,NA,EPCWTI,WTI Crude Oil,PF4,Spot Price FOB,RWTC,"Cushing, OK WTI Spot Price FOB (Dollars per Barrel)",14.63,$/BBL
1986-08-01,YCUOK,NA,EPCWTI,WTI Crude Oil,PF4,Spot Price FOB,RWTC,"Cushing, OK WTI Spot Price FOB (Dollars per Barrel)",11.45,$/BBL
1986-07-25,YCUOK,NA,EPCWTI,WTI Crude Oil,PF4,Spot Price FOB,RWTC,"Cushing, OK WTI Spot Price FOB (Dollars per Barrel)",11.31,$/BBL
1986-07-18,YCUOK,NA,EPCWTI,WTI Crude Oil,PF4,Spot Price FOB,RWTC,"Cushing, OK WTI Spot Price FOB (Dollars per Barrel)",12.17,$/BBL
1986-07-11,YCUOK,NA,EPCWTI,WTI Crude Oil,PF4,Spot Price FOB,RWTC,"Cushing, OK WTI Spot Price FOB (Dollars per Barrel)",11.13,$/BBL
1986-07-04,YCUOK,NA,EPCWTI,WTI Crude Oil,PF4,Spot Price FOB,RWTC,"Cushing, OK WTI Spot Price FOB (Dollars per Barrel)",12.23,$/BBL
1986-06-27,YCUOK,NA,EPCWTI,WTI Crude Oil,PF4,Spot Price FOB,RWTC,"Cushing, OK WTI Spot Price FOB (Dollars per Barrel)",13.56,$/BBL
1986-06-20,YCUOK,NA,EPCWTI,WTI Crude Oil,PF4,Spot Price FOB,RWTC,"Cushing, OK WTI Spot Price FOB (Dollars per Barrel)",13.82,$/BBL
1986-06-13,YCUOK,NA,EPCWTI,WTI Crude Oil,PF4,Spot Price FOB,RWTC,"Cushing, OK WTI Spot Price FOB (Dollars per Barrel)",13.21,$/BBL
1986-06-06,YCUOK,NA,EPCWTI,WTI Crude Oil,PF4,Spot Price FOB,RWTC,"Cushing, OK WTI Spot Price FOB (Dollars per Barrel)",13.25,$/BBL
1986-05-30,YCUOK,NA,EPCWTI,WTI Crude Oil,PF4,Spot Price FOB,RWTC,"Cushing, OK WTI Spot Price FOB (Dollars per Barrel)",14.64,$/BBL
1986-05-23,YCUOK,NA,EPCWTI,WTI Crude Oil,PF4,Spot Price FOB,RWTC,"Cushing, OK WTI Spot Price FOB (Dollars per Barrel)",16.37,$/BBL
1986-05-16,YCUOK,NA,EPCWTI,WTI Crude Oil,PF4,Spot Price FOB,RWTC,"Cushing, OK WTI Spot Price FOB (Dollars per Barrel)",15.74,$/BBL
1986-05-09,YCUOK,NA,EPCWTI,WTI Crude Oil,PF4,Spot Price FOB,RWTC,"Cushing, OK WTI Spot Price FOB (Dollars per Barrel)",15.08,$/BBL
1986-05-02,YCUOK,NA,EPCWTI,WTI Crude Oil,PF4,Spot Price FOB,RWTC,"Cushing, OK WTI Spot Price FOB (Dollars per Barrel)",13.76,$/BBL
1986-04-25,YCUOK,NA,EPCWTI,WTI Crude Oil,PF4,Spot Price FOB,RWTC,"Cushing, OK WTI Spot Price FOB (Dollars per Barrel)",13.44,$/BBL
1986-04-18,YCUOK,NA,EPCWTI,WTI Crude Oil,PF4,Spot Price FOB,RWTC,"Cushing, OK WTI Spot Price FOB (Dollars per Barrel)",12.16,$/BBL
1986-04-11,YCUOK,NA,EPCWTI,WTI Crude Oil,PF4,Spot Price FOB,RWTC,"Cushing, OK WTI Spot Price FOB (Dollars per Barrel)",13.46,$/BBL
1986-04-04,YCUOK,NA,EPCWTI,WTI Crude Oil,PF4,Spot Price FOB,RWTC,"Cushing, OK WTI Spot Price FOB (Dollars per Barrel)",11.44,$/BBL
1986-03-28,YCUOK,NA,EPCWTI,WTI Crude Oil,PF4,Spot Price FOB,RWTC,"Cushing, OK WTI Spot Price FOB (Dollars per Barrel)",12,$/BBL
1986-03-21,YCUOK,NA,EPCWTI,WTI Crude Oil,PF4,Spot Price FOB,RWTC,"Cushing, OK WTI Spot Price FOB (Dollars per Barrel)",13.45,$/BBL
1986-03-14,YCUOK,NA,EPCWTI,WTI Crude Oil,PF4,Spot Price FOB,RWTC,"Cushing, OK WTI Spot Price FOB (Dollars per Barrel)",13.07,$/BBL
1986-03-07,YCUOK,NA,EPCWTI,WTI Crude Oil,PF4,Spot Price FOB,RWTC,"Cushing, OK WTI Spot Price FOB (Dollars per Barrel)",12.27,$/BBL
1986-02-28,YCUOK,NA,EPCWTI,WTI Crude Oil,PF4,Spot Price FOB,RWTC,"Cushing, OK WTI Spot Price FOB (Dollars per Barrel)",14.25,$/BBL
1986-02-21,YCUOK,NA,EPCWTI,WTI Crude Oil,PF4,Spot Price FOB,RWTC,"Cushing, OK WTI Spot Price FOB (Dollars per Barrel)",14.39,$/BBL
1986-02-14,YCUOK,NA,EPCWTI,WTI Crude Oil,PF4,Spot Price FOB,RWTC,"Cushing, OK WTI Spot Price FOB (Dollars per Barrel)",16.25,$/BBL
1986-02-07,YCUOK,NA,EPCWTI,WTI Crude Oil,PF4,Spot Price FOB,RWTC,"Cushing, OK WTI Spot Price FOB (Dollars per Barrel)",16.72,$/BBL
1986-01-31,YCUOK,NA,EPCWTI,WTI Crude Oil,PF4,Spot Price FOB,RWTC,"Cushing, OK WTI Spot Price FOB (Dollars per Barrel)",19.69,$/BBL
1986-01-24,YCUOK,NA,EPCWTI,WTI Crude Oil,PF4,Spot Price FOB,RWTC,"Cushing, OK WTI Spot Price FOB (Dollars per Barrel)",20.31,$/BBL
1986-01-17,YCUOK,NA,EPCWTI,WTI Crude Oil,PF4,Spot Price FOB,RWTC,"Cushing, OK WTI Spot Price FOB (Dollars per Barrel)",24.57,$/BBL
1986-01-10,YCUOK,NA,EPCWTI,WTI Crude Oil,PF4,Spot Price FOB,RWTC,"Cushing, OK WTI Spot Price FOB (Dollars per Barrel)",25.99,$/BBL
1986-01-03,YCUOK,NA,EPCWTI,WTI Crude Oil,PF4,Spot Price FOB,RWTC,"Cushing, OK WTI Spot Price FOB (Dollars per Barrel)",25.78,$/BBL
