period,duoarea,area-name,product,product-name,process,process-name,series,series-description,value,units
2026-05-18,NUS,U.S.,EPMR,Regular Gasoline,PTE,Retail Sales,EMM_EPMR_PTE_NUS_DPG,U.S. Regular All Formulations Retail Gasoline Prices (Dollars per Gallon),4.49,$/GAL
2026-05-18,YORD,CHICAGO,EPMR,Regular Gasoline,PTE,Retail Sales,EMM_EPMR_PTE_YORD_DPG,Chicago Regular All Formulations Retail Gasoline Prices (Dollars per Gallon),4.997,$/GAL
2026-05-18,YMIA,MIAMI,EPMR,Regular Gasoline,PTE,Retail Sales,EMM_EPMR_PTE_YMIA_DPG,"Miami, FL Regular All Formulations Retail Gasoline Prices (Dollars per Gallon)",4.187,$/GAL
2026-05-18,YDEN,DENVER,EPMR,Regular Gasoline,PTE,Retail Sales,EMM_EPMR_PTE_YDEN_DPG,Denver Regular All Formulations Retail Gasoline Prices (Dollars per Gallon),4.636,$/GAL
2026-05-18,YCLE,CLEVELAND,EPMR,Regular Gasoline,PTE,Retail Sales,EMM_EPMR_PTE_YCLE_DPG,"Cleveland, OH Regular All Formulations Retail Gasoline Prices (Dollars per Gallon)",4.695,$/GAL
2026-05-18,YBOS,BOSTON,EPMR,Regular Gasoline,PTE,Retail Sales,EMM_EPMR_PTE_YBOS_DPG,"Boston, MA Regular All Formulations Retail Gasoline Prices (Dollars per Gallon)",4.461,$/GAL
2026-05-18,Y48SE,SEATTLE,EPMR,Regular Gasoline,PTE,Retail Sales,EMM_EPMR_PTE_Y48SE_DPG,"Seattle, WA Regular All Formulations Retail Gasoline Prices (Dollars per Gallon)",5.769,$/GAL
2026-05-18,Y44HO,HOUSTON,EPMR,Regular Gasoline,PTE,Retail Sales,EMM_EPMR_PTE_Y44HO_DPG,Houston Regular All Formulations Retail Gasoline Prices (Dollars per Gallon),3.855,$/GAL
2026-05-18,Y35NY,NEW YORK CITY,EPMR,Regular Gasoline,PTE,Retail Sales,EMM_EPMR_PTE_Y35NY_DPG,New York City Regular All Formulations Retail Gasoline Prices (Dollars per Gallon),4.494,$/GAL
2026-05-18,Y05SF,SAN FRANCISCO,EPMR,Regular Gasoline,PTE,Retail Sales,EMM_EPMR_PTE_Y05SF_DPG,San Francisco Regular All Formulations Retail Gasoline Prices (Dollars per Gallon),6.1,$/GAL
2026-05-18,Y05LA,LOS ANGELES,EPMR,Regular Gasoline,PTE,Retail Sales,EMM_EPMR_PTE_Y05LA_DPG,Los Angeles Regular All Formulations Retail Gasoline Prices (Dollars per Gallon),5.929,$/GAL
2026-05-18,SWA,WASHINGTON,EPMR,Regular Gasoline,PTE,Retail Sales,EMM_EPMR_PTE_SWA_DPG,Washington Regular All Formulations Retail Gasoline Prices (Dollars per Gallon),5.591,$/GAL
2026-05-18,STX,TEXAS,EPMR,Regular Gasoline,PTE,Retail Sales,EMM_EPMR_PTE_STX_DPG,Texas Regular All Formulations Retail Gasoline Prices (Dollars per Gallon),3.888,$/GAL
2026-05-18,SOH,OHIO,EPMR,Regular Gasoline,PTE,Retail Sales,EMM_EPMR_PTE_SOH_DPG,Ohio Regular All Formulations Retail Gasoline Prices (Dollars per Gallon),4.51,$/GAL
2026-05-18,SNY,NEW YORK,EPMR,Regular Gasoline,PTE,Retail Sales,EMM_EPMR_PTE_SNY_DPG,New York Regular All Formulations Retail Gasoline Prices (Dollars per Gallon),4.522,$/GAL
2026-05-18,SMN,MINNESOTA,EPMR,Regular Gasoline,PTE,Retail Sales,EMM_EPMR_PTE_SMN_DPG,Minnesota Regular All Formulations Retail Gasoline Prices (Dollars per Gallon),4.344,$/GAL
2026-05-18,SMA,MASSACHUSETTS,EPMR,Regular Gasoline,PTE,Retail Sales,EMM_EPMR_PTE_SMA_DPG,Massachusetts Regular All Formulations Retail Gasoline Prices (Dollars per Gallon),4.448,$/GAL
2026-05-18,SFL,FLORIDA,EPMR,Regular Gasoline,PTE,Retail Sales,EMM_EPMR_PTE_SFL_DPG,Florida Regular All Formulations Retail Gasoline Prices (Dollars per Gallon),4.136,$/GAL
2026-05-18,SCO,COLORADO,EPMR,Regular Gasoline,PTE,Retail Sales,EMM_EPMR_PTE_SCO_DPG,Colorado Regular All Formulations Retail Gasoline Prices (Dollars per Gallon),4.618,$/GAL
2026-05-18,SCA,CALIFORNIA,EPMR,Regular Gasoline,PTE,Retail Sales,EMM_EPMR_PTE_SCA_DPG,California Regular All Formulations Retail Gasoline Prices (Dollars per Gallon),5.957,$/GAL
2026-05-18,R5XCA,PADD 5 EXCEPT CALIFORNIA,EPMR,Regular Gasoline,PTE,Retail Sales,EMM_EPMR_PTE_R5XCA_DPG,West Coast (PADD 5) Except California Regular All Formulations Retail Gasoline Prices (Dollars per Gallon),5.186,$/GAL
2026-05-18,R50,PADD 5,EPMR,Regular Gasoline,PTE,Retail Sales,EMM_EPMR_PTE_R50_DPG,West Coast Regular All Formulations Retail Gasoline Prices (Dollars per Gallon),5.605,$/GAL
2026-05-18,R40,PADD 4,EPMR,Regular Gasoline,PTE,Retail Sales,EMM_EPMR_PTE_R40_DPG,Rocky Mountain Regular All Formulations Retail Gasoline Prices (Dollars per Gallon),4.587,$/GAL
2026-05-18,R30,PADD 3,EPMR,Regular Gasoline,PTE,Retail Sales,EMM_EPMR_PTE_R30_DPG,Gulf Coast Regular All Formulations Retail Gasoline Prices (Dollars per Gallon),3.951,$/GAL
2026-05-18,R20,PADD 2,EPMR,Regular Gasoline,PTE,Retail Sales,EMM_EPMR_PTE_R20_DPG,Midwest Regular All Formulations Retail Gasoline Prices (Dollars per Gallon),4.399,$/GAL
2026-05-18,R1Z,PADD 1C,EPMR,Regular Gasoline,PTE,Retail Sales,EMM_EPMR_PTE_R1Z_DPG,Lower Atlantic (PADD 1C) Regular All Formulations Retail Gasoline Prices (Dollars per Gallon),4.12,$/GAL
2026-05-18,R1Y,PADD 1B,EPMR,Regular Gasoline,PTE,Retail Sales,EMM_EPMR_PTE_R1Y_DPG,Central Atlantic (PADD 1B) Regular All Formulations Retail Gasoline Prices (Dollars per Gallon),4.527,$/GAL
2026-05-18,R1X,PADD 1A,EPMR,Regular Gasoline,PTE,Retail Sales,EMM_EPMR_PTE_R1X_DPG,New England (PADD 1A) Regular All Formulations Retail Gasoline Prices (Dollars per Gallon),4.489,$/GAL
2026-05-18,R10,PADD 1,EPMR,Regular Gasoline,PTE,Retail Sales,EMM_EPMR_PTE_R10_DPG,East Coast Regular All Formulations Retail Gasoline Prices (Dollars per Gallon),4.305,$/GAL
2026-05-11,NUS,U.S.,EPMR,Regular Gasoline,PTE,Retail Sales,EMM_EPMR_PTE_NUS_DPG,U.S. Regular All Formulations Retail Gasoline Prices (Dollars per Gallon),4.5,$/GAL
2026-05-11,YORD,CHICAGO,EPMR,Regular Gasoline,PTE,Retail Sales,EMM_EPMR_PTE_YORD_DPG,Chicago Regular All Formulations Retail Gasoline Prices (Dollars per Gallon),4.833,$/GAL
2026-05-11,YMIA,MIAMI,EPMR,Regular Gasoline,PTE,Retail Sales,EMM_EPMR_PTE_YMIA_DPG,"Miami, FL Regular All Formulations Retail Gasoline Prices (Dollars per Gallon)",4.383,$/GAL
2026-05-11,YDEN,DENVER,EPMR,Regular Gasoline,PTE,Retail Sales,EMM_EPMR_PTE_YDEN_DPG,Denver Regular All Formulations Retail Gasoline Prices (Dollars per Gallon),4.261,$/GAL
2026-05-11,YCLE,CLEVELAND,EPMR,Regular Gasoline,PTE,Retail Sales,EMM_EPMR_PTE_YCLE_DPG,"Cleveland, OH Regular All Formulations Retail Gasoline Prices (Dollars per Gallon)",4.808,$/GAL
2026-05-11,YBOS,BOSTON,EPMR,Regular Gasoline,PTE,Retail Sales,EMM_EPMR_PTE_YBOS_DPG,"Boston, MA Regular All Formulations Retail Gasoline Prices (Dollars per Gallon)",4.467,$/GAL
2026-05-11,Y48SE,SEATTLE,EPMR,Regular Gasoline,PTE,Retail Sales,EMM_EPMR_PTE_Y48SE_DPG,"Seattle, WA Regular All Formulations Retail Gasoline Prices (Dollars per Gallon)",5.767,$/GAL
2026-05-11,Y44HO,HOUSTON,EPMR,Regular Gasoline,PTE,Retail Sales,EMM_EPMR_PTE_Y44HO_DPG,Houston Regular All Formulations Retail Gasoline Prices (Dollars per Gallon),3.817,$/GAL
2026-05-11,Y35NY,NEW YORK CITY,EPMR,Regular Gasoline,PTE,Retail Sales,EMM_EPMR_PTE_Y35NY_DPG,New York City Regular All Formulations Retail Gasoline Prices (Dollars per Gallon),4.507,$/GAL
2026-05-11,Y05SF,SAN FRANCISCO,EPMR,Regular Gasoline,PTE,Retail Sales,EMM_EPMR_PTE_Y05SF_DPG,San Francisco Regular All Formulations Retail Gasoline Prices (Dollars per Gallon),6.129,$/GAL
2026-05-11,Y05LA,LOS ANGELES,EPMR,Regular Gasoline,PTE,Retail Sales,EMM_EPMR_PTE_Y05LA_DPG,Los Angeles Regular All Formulations Retail Gasoline Prices (Dollars per Gallon),5.934,$/GAL
2026-05-11,SWA,WASHINGTON,EPMR,Regular Gasoline,PTE,Retail Sales,EMM_EPMR_PTE_SWA_DPG,Washington Regular All Formulations Retail Gasoline Prices (Dollars per Gallon),5.595,$/GAL
2026-05-11,STX,TEXAS,EPMR,Regular Gasoline,PTE,Retail Sales,EMM_EPMR_PTE_STX_DPG,Texas Regular All Formulations Retail Gasoline Prices (Dollars per Gallon),3.941,$/GAL
2026-05-11,SOH,OHIO,EPMR,Regular Gasoline,PTE,Retail Sales,EMM_EPMR_PTE_SOH_DPG,Ohio Regular All Formulations Retail Gasoline Prices (Dollars per Gallon),4.661,$/GAL
2026-05-11,SNY,NEW YORK,EPMR,Regular Gasoline,PTE,Retail Sales,EMM_EPMR_PTE_SNY_DPG,New York Regular All Formulations Retail Gasoline Prices (Dollars per Gallon),4.517,$/GAL
2026-05-11,SMN,MINNESOTA,EPMR,Regular Gasoline,PTE,Retail Sales,EMM_EPMR_PTE_SMN_DPG,Minnesota Regular All Formulations Retail Gasoline Prices (Dollars per Gallon),4.207,$/GAL
2026-05-11,SMA,MASSACHUSETTS,EPMR,Regular Gasoline,PTE,Retail Sales,EMM_EPMR_PTE_SMA_DPG,Massachusetts Regular All Formulations Retail Gasoline Prices (Dollars per Gallon),4.427,$/GAL
2026-05-11,SFL,FLORIDA,EPMR,Regular Gasoline,PTE,Retail Sales,EMM_EPMR_PTE_SFL_DPG,Florida Regular All Formulations Retail Gasoline Prices (Dollars per Gallon),4.305,$/GAL
2026-05-11,SCO,COLORADO,EPMR,Regular Gasoline,PTE,Retail Sales,EMM_EPMR_PTE_SCO_DPG,Colorado Regular All Formulations Retail Gasoline Prices (Dollars per Gallon),4.258,$/GAL
2026-05-11,SCA,CALIFORNIA,EPMR,Regular Gasoline,PTE,Retail Sales,EMM_EPMR_PTE_SCA_DPG,California Regular All Formulations Retail Gasoline Prices (Dollars per Gallon),5.969,$/GAL
2026-05-11,R5XCA,PADD 5 EXCEPT CALIFORNIA,EPMR,Regular Gasoline,PTE,Retail Sales,EMM_EPMR_PTE_R5XCA_DPG,West Coast (PADD 5) Except California Regular All Formulations Retail Gasoline Prices (Dollars per Gallon),5.189,$/GAL
2026-05-11,R50,PADD 5,EPMR,Regular Gasoline,PTE,Retail Sales,EMM_EPMR_PTE_R50_DPG,West Coast Regular All Formulations Retail Gasoline Prices (Dollars per Gallon),5.613,$/GAL
2026-05-11,R40,PADD 4,EPMR,Regular Gasoline,PTE,Retail Sales,EMM_EPMR_PTE_R40_DPG,Rocky Mountain Regular All Formulations Retail Gasoline Prices (Dollars per Gallon),4.372,$/GAL
2026-05-11,R30,PADD 3,EPMR,Regular Gasoline,PTE,Retail Sales,EMM_EPMR_PTE_R30_DPG,Gulf Coast Regular All Formulations Retail Gasoline Prices (Dollars per Gallon),3.953,$/GAL
2026-05-11,R20,PADD 2,EPMR,Regular Gasoline,PTE,Retail Sales,EMM_EPMR_PTE_R20_DPG,Midwest Regular All Formulations Retail Gasoline Prices (Dollars per Gallon),4.405,$/GAL
2026-05-11,R1Z,PADD 1C,EPMR,Regular Gasoline,PTE,Retail Sales,EMM_EPMR_PTE_R1Z_DPG,Lower Atlantic (PADD 1C) Regular All Formulations Retail Gasoline Prices (Dollars per Gallon),4.176,$/GAL
2026-05-11,R1Y,PADD 1B,EPMR,Regular Gasoline,PTE,Retail Sales,EMM_EPMR_PTE_R1Y_DPG,Central Atlantic (PADD 1B) Regular All Formulations Retail Gasoline Prices (Dollars per Gallon),4.534,$/GAL
2026-05-11,R1X,PADD 1A,EPMR,Regular Gasoline,PTE,Retail Sales,EMM_EPMR_PTE_R1X_DPG,New England (PADD 1A) Regular All Formulations Retail Gasoline Prices (Dollars per Gallon),4.478,$/GAL
2026-05-11,R10,PADD 1,EPMR,Regular Gasoline,PTE,Retail Sales,EMM_EPMR_PTE_R10_DPG,East Coast Regular All Formulations Retail Gasoline Prices (Dollars per Gallon),4.336,$/GAL
2026-05-04,NUS,U.S.,EPMR,Regular Gasoline,PTE,Retail Sales,EMM_EPMR_PTE_NUS_DPG,U.S. Regular All Formulations Retail Gasoline Prices (Dollars per Gallon),4.452,$/GAL
2026-05-04,YORD,CHICAGO,EPMR,Regular Gasoline,PTE,Retail Sales,EMM_EPMR_PTE_YORD_DPG,Chicago Regular All Formulations Retail Gasoline Prices (Dollars per Gallon),4.922,$/GAL
2026-05-04,YMIA,MIAMI,EPMR,Regular Gasoline,PTE,Retail Sales,EMM_EPMR_PTE_YMIA_DPG,"Miami, FL Regular All Formulations Retail Gasoline Prices (Dollars per Gallon)",4.308,$/GAL
2026-05-04,YDEN,DENVER,EPMR,Regular Gasoline,PTE,Retail Sales,EMM_EPMR_PTE_YDEN_DPG,Denver Regular All Formulations Retail Gasoline Prices (Dollars per Gallon),4.317,$/GAL
2026-05-04,YCLE,CLEVELAND,EPMR,Regular Gasoline,PTE,Retail Sales,EMM_EPMR_PTE_YCLE_DPG,"Cleveland, OH Regular All Formulations Retail Gasoline Prices (Dollars per Gallon)",4.872,$/GAL
2026-05-04,YBOS,BOSTON,EPMR,Regular Gasoline,PTE,Retail Sales,EMM_EPMR_PTE_YBOS_DPG,"Boston, MA Regular All Formulations Retail Gasoline Prices (Dollars per Gallon)",4.383,$/GAL
2026-05-04,Y48SE,SEATTLE,EPMR,Regular Gasoline,PTE,Retail Sales,EMM_EPMR_PTE_Y48SE_DPG,"Seattle, WA Regular All Formulations Retail Gasoline Prices (Dollars per Gallon)",5.674,$/GAL
2026-05-04,Y44HO,HOUSTON,EPMR,Regular Gasoline,PTE,Retail Sales,EMM_EPMR_PTE_Y44HO_DPG,Houston Regular All Formulations Retail Gasoline Prices (Dollars per Gallon),3.799,$/GAL
2026-05-04,Y35NY,NEW YORK CITY,EPMR,Regular Gasoline,PTE,Retail Sales,EMM_EPMR_PTE_Y35NY_DPG,New York City Regular All Formulations Retail Gasoline Prices (Dollars per Gallon),4.409,$/GAL
2026-05-04,Y05SF,SAN FRANCISCO,EPMR,Regular Gasoline,PTE,Retail Sales,EMM_EPMR_PTE_Y05SF_DPG,San Francisco Regular All Formulations Retail Gasoline Prices (Dollars per Gallon),6.092,$/GAL
2026-05-04,Y05LA,LOS ANGELES,EPMR,Regular Gasoline,PTE,Retail Sales,EMM_EPMR_PTE_Y05LA_DPG,Los Angeles Regular All Formulations Retail Gasoline Prices (Dollars per Gallon),5.943,$/GAL
2026-05-04,SWA,WASHINGTON,EPMR,Regular Gasoline,PTE,Retail Sales,EMM_EPMR_PTE_SWA_DPG,Washington Regular All Formulations Retail Gasoline Prices (Dollars per Gallon),5.529,$/GAL
2026-05-04,STX,TEXAS,EPMR,Regular Gasoline,PTE,Retail Sales,EMM_EPMR_PTE_STX_DPG,Texas Regular All Formulations Retail Gasoline Prices (Dollars per Gallon),3.877,$/GAL
2026-05-04,SOH,OHIO,EPMR,Regular Gasoline,PTE,Retail Sales,EMM_EPMR_PTE_SOH_DPG,Ohio Regular All Formulations Retail Gasoline Prices (Dollars per Gallon),4.776,$/GAL
2026-05-04,SNY,NEW YORK,EPMR,Regular Gasoline,PTE,Retail Sales,EMM_EPMR_PTE_SNY_DPG,New York Regular All Formulations Retail Gasoline Prices (Dollars per Gallon),4.399,$/GAL
2026-05-04,SMN,MINNESOTA,EPMR,Regular Gasoline,PTE,Retail Sales,EMM_EPMR_PTE_SMN_DPG,Minnesota Regular All Formulations Retail Gasoline Prices (Dollars per Gallon),4.073,$/GAL
2026-05-04,SMA,MASSACHUSETTS,EPMR,Regular Gasoline,PTE,Retail Sales,EMM_EPMR_PTE_SMA_DPG,Massachusetts Regular All Formulations Retail Gasoline Prices (Dollars per Gallon),4.343,$/GAL
2026-05-04,SFL,FLORIDA,EPMR,Regular Gasoline,PTE,Retail Sales,EMM_EPMR_PTE_SFL_DPG,Florida Regular All Formulations Retail Gasoline Prices (Dollars per Gallon),4.288,$/GAL
2026-05-04,SCO,COLORADO,EPMR,Regular Gasoline,PTE,Retail Sales,EMM_EPMR_PTE_SCO_DPG,Colorado Regular All Formulations Retail Gasoline Prices (Dollars per Gallon),4.346,$/GAL
2026-05-04,SCA,CALIFORNIA,EPMR,Regular Gasoline,PTE,Retail Sales,EMM_EPMR_PTE_SCA_DPG,California Regular All Formulations Retail Gasoline Prices (Dollars per Gallon),5.959,$/GAL
2026-05-04,R5XCA,PADD 5 EXCEPT CALIFORNIA,EPMR,Regular Gasoline,PTE,Retail Sales,EMM_EPMR_PTE_R5XCA_DPG,West Coast (PADD 5) Except California Regular All Formulations Retail Gasoline Prices (Dollars per Gallon),5.135,$/GAL
2026-05-04,R50,PADD 5,EPMR,Regular Gasoline,PTE,Retail Sales,EMM_EPMR_PTE_R50_DPG,West Coast Regular All Formulations Retail Gasoline Prices (Dollars per Gallon),5.583,$/GAL
2026-05-04,R40,PADD 4,EPMR,Regular Gasoline,PTE,Retail Sales,EMM_EPMR_PTE_R40_DPG,Rocky Mountain Regular All Formulations Retail Gasoline Prices (Dollars per Gallon),4.359,$/GAL
2026-05-04,R30,PADD 3,EPMR,Regular Gasoline,PTE,Retail Sales,EMM_EPMR_PTE_R30_DPG,Gulf Coast Regular All Formulations Retail Gasoline Prices (Dollars per Gallon),3.902,$/GAL
2026-05-04,R20,PADD 2,EPMR,Regular Gasoline,PTE,Retail Sales,EMM_EPMR_PTE_R20_DPG,Midwest Regular All Formulations Retail Gasoline Prices (Dollars per Gallon),4.399,$/GAL
2026-05-04,R1Z,PADD 1C,EPMR,Regular Gasoline,PTE,Retail Sales,EMM_EPMR_PTE_R1Z_DPG,Lower Atlantic (PADD 1C) Regular All Formulations Retail Gasoline Prices (Dollars per Gallon),4.113,$/GAL
2026-05-04,R1Y,PADD 1B,EPMR,Regular Gasoline,PTE,Retail Sales,EMM_EPMR_PTE_R1Y_DPG,Central Atlantic (PADD 1B) Regular All Formulations Retail Gasoline Prices (Dollars per Gallon),4.42,$/GAL
2026-05-04,R1X,PADD 1A,EPMR,Regular Gasoline,PTE,Retail Sales,EMM_EPMR_PTE_R1X_DPG,New England (PADD 1A) Regular All Formulations Retail Gasoline Prices (Dollars per Gallon),4.378,$/GAL
2026-05-04,R10,PADD 1,EPMR,Regular Gasoline,PTE,Retail Sales,EMM_EPMR_PTE_R10_DPG,East Coast Regular All Formulations Retail Gasoline Prices (Dollars per Gallon),4.251,$/GAL
2026-04-27,NUS,U.S.,EPMR,Regular Gasoline,PTE,Retail Sales,EMM_EPMR_PTE_NUS_DPG,U.S. Regular All Formulations Retail Gasoline Prices (Dollars per Gallon),4.123,$/GAL
2026-04-27,YORD,CHICAGO,EPMR,Regular Gasoline,PTE,Retail Sales,EMM_EPMR_PTE_YORD_DPG,Chicago Regular All Formulations Retail Gasoline Prices (Dollars per Gallon),4.277,$/GAL
2026-04-27,YMIA,MIAMI,EPMR,Regular Gasoline,PTE,Retail Sales,EMM_EPMR_PTE_YMIA_DPG,"Miami, FL Regular All Formulations Retail Gasoline Prices (Dollars per Gallon)",3.931,$/GAL
2026-04-27,YDEN,DENVER,EPMR,Regular Gasoline,PTE,Retail Sales,EMM_EPMR_PTE_YDEN_DPG,Denver Regular All Formulations Retail Gasoline Prices (Dollars per Gallon),3.916,$/GAL
2026-04-27,YCLE,CLEVELAND,EPMR,Regular Gasoline,PTE,Retail Sales,EMM_EPMR_PTE_YCLE_DPG,"Cleveland, OH Regular All Formulations Retail Gasoline Prices (Dollars per Gallon)",3.957,$/GAL
2026-04-27,YBOS,BOSTON,EPMR,Regular Gasoline,PTE,Retail Sales,EMM_EPMR_PTE_YBOS_DPG,"Boston, MA Regular All Formulations Retail Gasoline Prices (Dollars per Gallon)",4.029,$/GAL
2026-04-27,Y48SE,SEATTLE,EPMR,Regular Gasoline,PTE,Retail Sales,EMM_EPMR_PTE_Y48SE_DPG,"Seattle, WA Regular All Formulations Retail Gasoline Prices (Dollars per Gallon)",5.48,$/GAL
2026-04-27,Y44HO,HOUSTON,EPMR,Regular Gasoline,PTE,Retail Sales,EMM_EPMR_PTE_Y44HO_DPG,Houston Regular All Formulations Retail Gasoline Prices (Dollars per Gallon),3.693,$/GAL
2026-04-27,Y35NY,NEW YORK CITY,EPMR,Regular Gasoline,PTE,Retail Sales,EMM_EPMR_PTE_Y35NY_DPG,New York City Regular All Formulations Retail Gasoline Prices (Dollars per Gallon),4.092,$/GAL
2026-04-27,Y05SF,SAN FRANCISCO,EPMR,Regular Gasoline,PTE,Retail Sales,EMM_EPMR_PTE_Y05SF_DPG,San Francisco Regular All Formulations Retail Gasoline Prices (Dollars per Gallon),5.879,$/GAL
2026-04-27,Y05LA,LOS ANGELES,EPMR,Regular Gasoline,PTE,Retail Sales,EMM_EPMR_PTE_Y05LA_DPG,Los Angeles Regular All Formulations Retail Gasoline Prices (Dollars per Gallon),5.772,$/GAL
2026-04-27,SWA,WASHINGTON,EPMR,Regular Gasoline,PTE,Retail Sales,EMM_EPMR_PTE_SWA_DPG,Washington Regular All Formulations Retail Gasoline Prices (Dollars per Gallon),5.299,$/GAL
2026-04-27,STX,TEXAS,EPMR,Regular Gasoline,PTE,Retail Sales,EMM_EPMR_PTE_STX_DPG,Texas Regular All Formulations Retail Gasoline Prices (Dollars per Gallon),3.662,$/GAL
2026-04-27,SOH,OHIO,EPMR,Regular Gasoline,PTE,Retail Sales,EMM_EPMR_PTE_SOH_DPG,Ohio Regular All Formulations Retail Gasoline Prices (Dollars per Gallon),3.871,$/GAL
2026-04-27,SNY,NEW YORK,EPMR,Regular Gasoline,PTE,Retail Sales,EMM_EPMR_PTE_SNY_DPG,New York Regular All Formulations Retail Gasoline Prices (Dollars per Gallon),4.102,$/GAL
2026-04-27,SMN,MINNESOTA,EPMR,Regular Gasoline,PTE,Retail Sales,EMM_EPMR_PTE_SMN_DPG,Minnesota Regular All Formulations Retail Gasoline Prices (Dollars per Gallon),3.747,$/GAL
2026-04-27,SMA,MASSACHUSETTS,EPMR,Regular Gasoline,PTE,Retail Sales,EMM_EPMR_PTE_SMA_DPG,Massachusetts Regular All Formulations Retail Gasoline Prices (Dollars per Gallon),4.006,$/GAL
2026-04-27,SFL,FLORIDA,EPMR,Regular Gasoline,PTE,Retail Sales,EMM_EPMR_PTE_SFL_DPG,Florida Regular All Formulations Retail Gasoline Prices (Dollars per Gallon),3.883,$/GAL
2026-04-27,SCO,COLORADO,EPMR,Regular Gasoline,PTE,Retail Sales,EMM_EPMR_PTE_SCO_DPG,Colorado Regular All Formulations Retail Gasoline Prices (Dollars per Gallon),3.93,$/GAL
2026-04-27,SCA,CALIFORNIA,EPMR,Regular Gasoline,PTE,Retail Sales,EMM_EPMR_PTE_SCA_DPG,California Regular All Formulations Retail Gasoline Prices (Dollars per Gallon),5.785,$/GAL
2026-04-27,R5XCA,PADD 5 EXCEPT CALIFORNIA,EPMR,Regular Gasoline,PTE,Retail Sales,EMM_EPMR_PTE_R5XCA_DPG,West Coast (PADD 5) Except California Regular All Formulations Retail Gasoline Prices (Dollars per Gallon),4.967,$/GAL
2026-04-27,R50,PADD 5,EPMR,Regular Gasoline,PTE,Retail Sales,EMM_EPMR_PTE_R50_DPG,West Coast Regular All Formulations Retail Gasoline Prices (Dollars per Gallon),5.412,$/GAL
2026-04-27,R40,PADD 4,EPMR,Regular Gasoline,PTE,Retail Sales,EMM_EPMR_PTE_R40_DPG,Rocky Mountain Regular All Formulations Retail Gasoline Prices (Dollars per Gallon),4.016,$/GAL
2026-04-27,R30,PADD 3,EPMR,Regular Gasoline,PTE,Retail Sales,EMM_EPMR_PTE_R30_DPG,Gulf Coast Regular All Formulations Retail Gasoline Prices (Dollars per Gallon),3.675,$/GAL
2026-04-27,R20,PADD 2,EPMR,Regular Gasoline,PTE,Retail Sales,EMM_EPMR_PTE_R20_DPG,Midwest Regular All Formulations Retail Gasoline Prices (Dollars per Gallon),3.884,$/GAL
2026-04-27,R1Z,PADD 1C,EPMR,Regular Gasoline,PTE,Retail Sales,EMM_EPMR_PTE_R1Z_DPG,Lower Atlantic (PADD 1C) Regular All Formulations Retail Gasoline Prices (Dollars per Gallon),3.817,$/GAL
2026-04-27,R1Y,PADD 1B,EPMR,Regular Gasoline,PTE,Retail Sales,EMM_EPMR_PTE_R1Y_DPG,Central Atlantic (PADD 1B) Regular All Formulations Retail Gasoline Prices (Dollars per Gallon),4.131,$/GAL
2026-04-27,R1X,PADD 1A,EPMR,Regular Gasoline,PTE,Retail Sales,EMM_EPMR_PTE_R1X_DPG,New England (PADD 1A) Regular All Formulations Retail Gasoline Prices (Dollars per Gallon),4.087,$/GAL
2026-04-27,R10,PADD 1,EPMR,Regular Gasoline,PTE,Retail Sales,EMM_EPMR_PTE_R10_DPG,East Coast Regular All Formulations Retail Gasoline Prices (Dollars per Gallon),3.958,$/GAL
2026-04-20,NUS,U.S.,EPMR,Regular Gasoline,PTE,Retail Sales,EMM_EPMR_PTE_NUS_DPG,U.S. Regular All Formulations Retail Gasoline Prices (Dollars per Gallon),4.044,$/GAL
2026-04-20,YORD,CHICAGO,EPMR,Regular Gasoline,PTE,Retail Sales,EMM_EPMR_PTE_YORD_DPG,Chicago Regular All Formulations Retail Gasoline Prices (Dollars per Gallon),4.245,$/GAL
2026-04-20,YMIA,MIAMI,EPMR,Regular Gasoline,PTE,Retail Sales,EMM_EPMR_PTE_YMIA_DPG,"Miami, FL Regular All Formulations Retail Gasoline Prices (Dollars per Gallon)",3.992,$/GAL
2026-04-20,YDEN,DENVER,EPMR,Regular Gasoline,PTE,Retail Sales,EMM_EPMR_PTE_YDEN_DPG,Denver Regular All Formulations Retail Gasoline Prices (Dollars per Gallon),3.769,$/GAL
2026-04-20,YCLE,CLEVELAND,EPMR,Regular Gasoline,PTE,Retail Sales,EMM_EPMR_PTE_YCLE_DPG,"Cleveland, OH Regular All Formulations Retail Gasoline Prices (Dollars per Gallon)",3.773,$/GAL
2026-04-20,YBOS,BOSTON,EPMR,Regular Gasoline,PTE,Retail Sales,EMM_EPMR_PTE_YBOS_DPG,"Boston, MA Regular All Formulations Retail Gasoline Prices (Dollars per Gallon)",3.914,$/GAL
2026-04-20,Y48SE,SEATTLE,EPMR,Regular Gasoline,PTE,Retail Sales,EMM_EPMR_PTE_Y48SE_DPG,"Seattle, WA Regular All Formulations Retail Gasoline Prices (Dollars per Gallon)",5.449,$/GAL
2026-04-20,Y44HO,HOUSTON,EPMR,Regular Gasoline,PTE,Retail Sales,EMM_EPMR_PTE_Y44HO_DPG,Houston Regular All Formulations Retail Gasoline Prices (Dollars per Gallon),3.625,$/GAL
2026-04-20,Y35NY,NEW YORK CITY,EPMR,Regular Gasoline,PTE,Retail Sales,EMM_EPMR_PTE_Y35NY_DPG,New York City Regular All Formulations Retail Gasoline Prices (Dollars per Gallon),3.927,$/GAL
2026-04-20,Y05SF,SAN FRANCISCO,EPMR,Regular Gasoline,PTE,Retail Sales,EMM_EPMR_PTE_Y05SF_DPG,San Francisco Regular All Formulations Retail Gasoline Prices (Dollars per Gallon),5.688,$/GAL
2026-04-20,Y05LA,LOS ANGELES,EPMR,Regular Gasoline,PTE,Retail Sales,EMM_EPMR_PTE_Y05LA_DPG,Los Angeles Regular All Formulations Retail Gasoline Prices (Dollars per Gallon),5.647,$/GAL
2026-04-20,SWA,WASHINGTON,EPMR,Regular Gasoline,PTE,Retail Sales,EMM_EPMR_PTE_SWA_DPG,Washington Regular All Formulations Retail Gasoline Prices (Dollars per Gallon),5.225,$/GAL
2026-04-20,STX,TEXAS,EPMR,Regular Gasoline,PTE,Retail Sales,EMM_EPMR_PTE_STX_DPG,Texas Regular All Formulations Retail Gasoline Prices (Dollars per Gallon),3.587,$/GAL
2026-04-20,SOH,OHIO,EPMR,Regular Gasoline,PTE,Retail Sales,EMM_EPMR_PTE_SOH_DPG,Ohio Regular All Formulations Retail Gasoline Prices (Dollars per Gallon),3.684,$/GAL
2026-04-20,SNY,NEW YORK,EPMR,Regular Gasoline,PTE,Retail Sales,EMM_EPMR_PTE_SNY_DPG,New York Regular All Formulations Retail Gasoline Prices (Dollars per Gallon),4.004,$/GAL
2026-04-20,SMN,MINNESOTA,EPMR,Regular Gasoline,PTE,Retail Sales,EMM_EPMR_PTE_SMN_DPG,Minnesota Regular All Formulations Retail Gasoline Prices (Dollars per Gallon),3.662,$/GAL
2026-04-20,SMA,MASSACHUSETTS,EPMR,Regular Gasoline,PTE,Retail Sales,EMM_EPMR_PTE_SMA_DPG,Massachusetts Regular All Formulations Retail Gasoline Prices (Dollars per Gallon),3.883,$/GAL
2026-04-20,SFL,FLORIDA,EPMR,Regular Gasoline,PTE,Retail Sales,EMM_EPMR_PTE_SFL_DPG,Florida Regular All Formulations Retail Gasoline Prices (Dollars per Gallon),3.9,$/GAL
2026-04-20,SCO,COLORADO,EPMR,Regular Gasoline,PTE,Retail Sales,EMM_EPMR_PTE_SCO_DPG,Colorado Regular All Formulations Retail Gasoline Prices (Dollars per Gallon),3.809,$/GAL
2026-04-20,SCA,CALIFORNIA,EPMR,Regular Gasoline,PTE,Retail Sales,EMM_EPMR_PTE_SCA_DPG,California Regular All Formulations Retail Gasoline Prices (Dollars per Gallon),5.648,$/GAL
2026-04-20,R5XCA,PADD 5 EXCEPT CALIFORNIA,EPMR,Regular Gasoline,PTE,Retail Sales,EMM_EPMR_PTE_R5XCA_DPG,West Coast (PADD 5) Except California Regular All Formulations Retail Gasoline Prices (Dollars per Gallon),4.929,$/GAL
2026-04-20,R50,PADD 5,EPMR,Regular Gasoline,PTE,Retail Sales,EMM_EPMR_PTE_R50_DPG,West Coast Regular All Formulations Retail Gasoline Prices (Dollars per Gallon),5.32,$/GAL
2026-04-20,R40,PADD 4,EPMR,Regular Gasoline,PTE,Retail Sales,EMM_EPMR_PTE_R40_DPG,Rocky Mountain Regular All Formulations Retail Gasoline Prices (Dollars per Gallon),3.936,$/GAL
2026-04-20,R30,PADD 3,EPMR,Regular Gasoline,PTE,Retail Sales,EMM_EPMR_PTE_R30_DPG,Gulf Coast Regular All Formulations Retail Gasoline Prices (Dollars per Gallon),3.617,$/GAL
2026-04-20,R20,PADD 2,EPMR,Regular Gasoline,PTE,Retail Sales,EMM_EPMR_PTE_R20_DPG,Midwest Regular All Formulations Retail Gasoline Prices (Dollars per Gallon),3.789,$/GAL
2026-04-20,R1Z,PADD 1C,EPMR,Regular Gasoline,PTE,Retail Sales,EMM_EPMR_PTE_R1Z_DPG,Lower Atlantic (PADD 1C) Regular All Formulations Retail Gasoline Prices (Dollars per Gallon),3.794,$/GAL
2026-04-20,R1Y,PADD 1B,EPMR,Regular Gasoline,PTE,Retail Sales,EMM_EPMR_PTE_R1Y_DPG,Central Atlantic (PADD 1B) Regular All Formulations Retail Gasoline Prices (Dollars per Gallon),4.025,$/GAL
2026-04-20,R1X,PADD 1A,EPMR,Regular Gasoline,PTE,Retail Sales,EMM_EPMR_PTE_R1X_DPG,New England (PADD 1A) Regular All Formulations Retail Gasoline Prices (Dollars per Gallon),3.918,$/GAL
2026-04-20,R10,PADD 1,EPMR,Regular Gasoline,PTE,Retail Sales,EMM_EPMR_PTE_R10_DPG,East Coast Regular All Formulations Retail Gasoline Prices (Dollars per Gallon),3.888,$/GAL
2026-04-13,NUS,U.S.,EPMR,Regular Gasoline,PTE,Retail Sales,EMM_EPMR_PTE_NUS_DPG,U.S. Regular All Formulations Retail Gasoline Prices (Dollars per Gallon),4.123,$/GAL
2026-04-13,YORD,CHICAGO,EPMR,Regular Gasoline,PTE,Retail Sales,EMM_EPMR_PTE_YORD_DPG,Chicago Regular All Formulations Retail Gasoline Prices (Dollars per Gallon),4.347,$/GAL
2026-04-13,YMIA,MIAMI,EPMR,Regular Gasoline,PTE,Retail Sales,EMM_EPMR_PTE_YMIA_DPG,"Miami, FL Regular All Formulations Retail Gasoline Prices (Dollars per Gallon)",3.996,$/GAL
2026-04-13,YDEN,DENVER,EPMR,Regular Gasoline,PTE,Retail Sales,EMM_EPMR_PTE_YDEN_DPG,Denver Regular All Formulations Retail Gasoline Prices (Dollars per Gallon),3.692,$/GAL
2026-04-13,YCLE,CLEVELAND,EPMR,Regular Gasoline,PTE,Retail Sales,EMM_EPMR_PTE_YCLE_DPG,"Cleveland, OH Regular All Formulations Retail Gasoline Prices (Dollars per Gallon)",3.88,$/GAL
2026-04-13,YBOS,BOSTON,EPMR,Regular Gasoline,PTE,Retail Sales,EMM_EPMR_PTE_YBOS_DPG,"Boston, MA Regular All Formulations Retail Gasoline Prices (Dollars per Gallon)",3.938,$/GAL
2026-04-13,Y48SE,SEATTLE,EPMR,Regular Gasoline,PTE,Retail Sales,EMM_EPMR_PTE_Y48SE_DPG,"Seattle, WA Regular All Formulations Retail Gasoline Prices (Dollars per Gallon)",5.442,$/GAL
2026-04-13,Y44HO,HOUSTON,EPMR,Regular Gasoline,PTE,Retail Sales,EMM_EPMR_PTE_Y44HO_DPG,Houston Regular All Formulations Retail Gasoline Prices (Dollars per Gallon),3.69,$/GAL
2026-04-13,Y35NY,NEW YORK CITY,EPMR,Regular Gasoline,PTE,Retail Sales,EMM_EPMR_PTE_Y35NY_DPG,New York City Regular All Formulations Retail Gasoline Prices (Dollars per Gallon),4.003,$/GAL
2026-04-13,Y05SF,SAN FRANCISCO,EPMR,Regular Gasoline,PTE,Retail Sales,EMM_EPMR_PTE_Y05SF_DPG,San Francisco Regular All Formulations Retail Gasoline Prices (Dollars per Gallon),5.776,$/GAL
2026-04-13,Y05LA,LOS ANGELES,EPMR,Regular Gasoline,PTE,Retail Sales,EMM_EPMR_PTE_Y05LA_DPG,Los Angeles Regular All Formulations Retail Gasoline Prices (Dollars per Gallon),5.738,$/GAL
2026-04-13,SWA,WASHINGTON,EPMR,Regular Gasoline,PTE,Retail Sales,EMM_EPMR_PTE_SWA_DPG,Washington Regular All Formulations Retail Gasoline Prices (Dollars per Gallon),5.213,$/GAL
2026-04-13,STX,TEXAS,EPMR,Regular Gasoline,PTE,Retail Sales,EMM_EPMR_PTE_STX_DPG,Texas Regular All Formulations Retail Gasoline Prices (Dollars per Gallon),3.739,$/GAL
2026-04-13,SOH,OHIO,EPMR,Regular Gasoline,PTE,Retail Sales,EMM_EPMR_PTE_SOH_DPG,Ohio Regular All Formulations Retail Gasoline Prices (Dollars per Gallon),3.851,$/GAL
2026-04-13,SNY,NEW YORK,EPMR,Regular Gasoline,PTE,Retail Sales,EMM_EPMR_PTE_SNY_DPG,New York Regular All Formulations Retail Gasoline Prices (Dollars per Gallon),4.056,$/GAL
2026-04-13,SMN,MINNESOTA,EPMR,Regular Gasoline,PTE,Retail Sales,EMM_EPMR_PTE_SMN_DPG,Minnesota Regular All Formulations Retail Gasoline Prices (Dollars per Gallon),3.717,$/GAL
2026-04-13,SMA,MASSACHUSETTS,EPMR,Regular Gasoline,PTE,Retail Sales,EMM_EPMR_PTE_SMA_DPG,Massachusetts Regular All Formulations Retail Gasoline Prices (Dollars per Gallon),3.91,$/GAL
2026-04-13,SFL,FLORIDA,EPMR,Regular Gasoline,PTE,Retail Sales,EMM_EPMR_PTE_SFL_DPG,Florida Regular All Formulations Retail Gasoline Prices (Dollars per Gallon),3.943,$/GAL
2026-04-13,SCO,COLORADO,EPMR,Regular Gasoline,PTE,Retail Sales,EMM_EPMR_PTE_SCO_DPG,Colorado Regular All Formulations Retail Gasoline Prices (Dollars per Gallon),3.681,$/GAL
2026-04-13,SCA,CALIFORNIA,EPMR,Regular Gasoline,PTE,Retail Sales,EMM_EPMR_PTE_SCA_DPG,California Regular All Formulations Retail Gasoline Prices (Dollars per Gallon),5.731,$/GAL
2026-04-13,R5XCA,PADD 5 EXCEPT CALIFORNIA,EPMR,Regular Gasoline,PTE,Retail Sales,EMM_EPMR_PTE_R5XCA_DPG,West Coast (PADD 5) Except California Regular All Formulations Retail Gasoline Prices (Dollars per Gallon),4.956,$/GAL
2026-04-13,R50,PADD 5,EPMR,Regular Gasoline,PTE,Retail Sales,EMM_EPMR_PTE_R50_DPG,West Coast Regular All Formulations Retail Gasoline Prices (Dollars per Gallon),5.377,$/GAL
2026-04-13,R40,PADD 4,EPMR,Regular Gasoline,PTE,Retail Sales,EMM_EPMR_PTE_R40_DPG,Rocky Mountain Regular All Formulations Retail Gasoline Prices (Dollars per Gallon),3.895,$/GAL
2026-04-13,R30,PADD 3,EPMR,Regular Gasoline,PTE,Retail Sales,EMM_EPMR_PTE_R30_DPG,Gulf Coast Regular All Formulations Retail Gasoline Prices (Dollars per Gallon),3.741,$/GAL
2026-04-13,R20,PADD 2,EPMR,Regular Gasoline,PTE,Retail Sales,EMM_EPMR_PTE_R20_DPG,Midwest Regular All Formulations Retail Gasoline Prices (Dollars per Gallon),3.886,$/GAL
2026-04-13,R1Z,PADD 1C,EPMR,Regular Gasoline,PTE,Retail Sales,EMM_EPMR_PTE_R1Z_DPG,Lower Atlantic (PADD 1C) Regular All Formulations Retail Gasoline Prices (Dollars per Gallon),3.864,$/GAL
2026-04-13,R1Y,PADD 1B,EPMR,Regular Gasoline,PTE,Retail Sales,EMM_EPMR_PTE_R1Y_DPG,Central Atlantic (PADD 1B) Regular All Formulations Retail Gasoline Prices (Dollars per Gallon),4.093,$/GAL
2026-04-13,R1X,PADD 1A,EPMR,Regular Gasoline,PTE,Retail Sales,EMM_EPMR_PTE_R1X_DPG,New England (PADD 1A) Regular All Formulations Retail Gasoline Prices (Dollars per Gallon),3.965,$/GAL
2026-04-13,R10,PADD 1,EPMR,Regular Gasoline,PTE,Retail Sales,EMM_EPMR_PTE_R10_DPG,East Coast Regular All Formulations Retail Gasoline Prices (Dollars per Gallon),3.954,$/GAL
2026-04-06,NUS,U.S.,EPMR,Regular Gasoline,PTE,Retail Sales,EMM_EPMR_PTE_NUS_DPG,U.S. Regular All Formulations Retail Gasoline Prices (Dollars per Gallon),4.12,$/GAL
2026-04-06,YORD,CHICAGO,EPMR,Regular Gasoline,PTE,Retail Sales,EMM_EPMR_PTE_YORD_DPG,Chicago Regular All Formulations Retail Gasoline Prices (Dollars per Gallon),4.232,$/GAL
2026-04-06,YMIA,MIAMI,EPMR,Regular Gasoline,PTE,Retail Sales,EMM_EPMR_PTE_YMIA_DPG,"Miami, FL Regular All Formulations Retail Gasoline Prices (Dollars per Gallon)",4.147,$/GAL
2026-04-06,YDEN,DENVER,EPMR,Regular Gasoline,PTE,Retail Sales,EMM_EPMR_PTE_YDEN_DPG,Denver Regular All Formulations Retail Gasoline Prices (Dollars per Gallon),3.68,$/GAL
2026-04-06,YCLE,CLEVELAND,EPMR,Regular Gasoline,PTE,Retail Sales,EMM_EPMR_PTE_YCLE_DPG,"Cleveland, OH Regular All Formulations Retail Gasoline Prices (Dollars per Gallon)",3.75,$/GAL
2026-04-06,YBOS,BOSTON,EPMR,Regular Gasoline,PTE,Retail Sales,EMM_EPMR_PTE_YBOS_DPG,"Boston, MA Regular All Formulations Retail Gasoline Prices (Dollars per Gallon)",3.92,$/GAL
2026-04-06,Y48SE,SEATTLE,EPMR,Regular Gasoline,PTE,Retail Sales,EMM_EPMR_PTE_Y48SE_DPG,"Seattle, WA Regular All Formulations Retail Gasoline Prices (Dollars per Gallon)",5.447,$/GAL
2026-04-06,Y44HO,HOUSTON,EPMR,Regular Gasoline,PTE,Retail Sales,EMM_EPMR_PTE_Y44HO_DPG,Houston Regular All Formulations Retail Gasoline Prices (Dollars per Gallon),3.747,$/GAL
2026-04-06,Y35NY,NEW YORK CITY,EPMR,Regular Gasoline,PTE,Retail Sales,EMM_EPMR_PTE_Y35NY_DPG,New York City Regular All Formulations Retail Gasoline Prices (Dollars per Gallon),4.012,$/GAL
2026-04-06,Y05SF,SAN FRANCISCO,EPMR,Regular Gasoline,PTE,Retail Sales,EMM_EPMR_PTE_Y05SF_DPG,San Francisco Regular All Formulations Retail Gasoline Prices (Dollars per Gallon),5.781,$/GAL
2026-04-06,Y05LA,LOS ANGELES,EPMR,Regular Gasoline,PTE,Retail Sales,EMM_EPMR_PTE_Y05LA_DPG,Los Angeles Regular All Formulations Retail Gasoline Prices (Dollars per Gallon),5.801,$/GAL
2026-04-06,SWA,WASHINGTON,EPMR,Regular Gasoline,PTE,Retail Sales,EMM_EPMR_PTE_SWA_DPG,Washington Regular All Formulations Retail Gasoline Prices (Dollars per Gallon),5.233,$/GAL
2026-04-06,STX,TEXAS,EPMR,Regular Gasoline,PTE,Retail Sales,EMM_EPMR_PTE_STX_DPG,Texas Regular All Formulations Retail Gasoline Prices (Dollars per Gallon),3.779,$/GAL
2026-04-06,SOH,OHIO,EPMR,Regular Gasoline,PTE,Retail Sales,EMM_EPMR_PTE_SOH_DPG,Ohio Regular All Formulations Retail Gasoline Prices (Dollars per Gallon),3.705,$/GAL
2026-04-06,SNY,NEW YORK,EPMR,Regular Gasoline,PTE,Retail Sales,EMM_EPMR_PTE_SNY_DPG,New York Regular All Formulations Retail Gasoline Prices (Dollars per Gallon),4.009,$/GAL
2026-04-06,SMN,MINNESOTA,EPMR,Regular Gasoline,PTE,Retail Sales,EMM_EPMR_PTE_SMN_DPG,Minnesota Regular All Formulations Retail Gasoline Prices (Dollars per Gallon),3.569,$/GAL
2026-04-06,SMA,MASSACHUSETTS,EPMR,Regular Gasoline,PTE,Retail Sales,EMM_EPMR_PTE_SMA_DPG,Massachusetts Regular All Formulations Retail Gasoline Prices (Dollars per Gallon),3.89,$/GAL
2026-04-06,SFL,FLORIDA,EPMR,Regular Gasoline,PTE,Retail Sales,EMM_EPMR_PTE_SFL_DPG,Florida Regular All Formulations Retail Gasoline Prices (Dollars per Gallon),4.148,$/GAL
2026-04-06,SCO,COLORADO,EPMR,Regular Gasoline,PTE,Retail Sales,EMM_EPMR_PTE_SCO_DPG,Colorado Regular All Formulations Retail Gasoline Prices (Dollars per Gallon),3.698,$/GAL
2026-04-06,SCA,CALIFORNIA,EPMR,Regular Gasoline,PTE,Retail Sales,EMM_EPMR_PTE_SCA_DPG,California Regular All Formulations Retail Gasoline Prices (Dollars per Gallon),5.769,$/GAL
2026-04-06,R5XCA,PADD 5 EXCEPT CALIFORNIA,EPMR,Regular Gasoline,PTE,Retail Sales,EMM_EPMR_PTE_R5XCA_DPG,West Coast (PADD 5) Except California Regular All Formulations Retail Gasoline Prices (Dollars per Gallon),4.951,$/GAL
2026-04-06,R50,PADD 5,EPMR,Regular Gasoline,PTE,Retail Sales,EMM_EPMR_PTE_R50_DPG,West Coast Regular All Formulations Retail Gasoline Prices (Dollars per Gallon),5.396,$/GAL
2026-04-06,R40,PADD 4,EPMR,Regular Gasoline,PTE,Retail Sales,EMM_EPMR_PTE_R40_DPG,Rocky Mountain Regular All Formulations Retail Gasoline Prices (Dollars per Gallon),3.893,$/GAL
2026-04-06,R30,PADD 3,EPMR,Regular Gasoline,PTE,Retail Sales,EMM_EPMR_PTE_R30_DPG,Gulf Coast Regular All Formulations Retail Gasoline Prices (Dollars per Gallon),3.787,$/GAL
2026-04-06,R20,PADD 2,EPMR,Regular Gasoline,PTE,Retail Sales,EMM_EPMR_PTE_R20_DPG,Midwest Regular All Formulations Retail Gasoline Prices (Dollars per Gallon),3.771,$/GAL
2026-04-06,R1Z,PADD 1C,EPMR,Regular Gasoline,PTE,Retail Sales,EMM_EPMR_PTE_R1Z_DPG,Lower Atlantic (PADD 1C) Regular All Formulations Retail Gasoline Prices (Dollars per Gallon),3.961,$/GAL
2026-04-06,R1Y,PADD 1B,EPMR,Regular Gasoline,PTE,Retail Sales,EMM_EPMR_PTE_R1Y_DPG,Central Atlantic (PADD 1B) Regular All Formulations Retail Gasoline Prices (Dollars per Gallon),4.086,$/GAL
2026-04-06,R1X,PADD 1A,EPMR,Regular Gasoline,PTE,Retail Sales,EMM_EPMR_PTE_R1X_DPG,New England (PADD 1A) Regular All Formulations Retail Gasoline Prices (Dollars per Gallon),3.945,$/GAL
2026-04-06,R10,PADD 1,EPMR,Regular Gasoline,PTE,Retail Sales,EMM_EPMR_PTE_R10_DPG,East Coast Regular All Formulations Retail Gasoline Prices (Dollars per Gallon),4,$/GAL
2026-03-30,NUS,U.S.,EPMR,Regular Gasoline,PTE,Retail Sales,EMM_EPMR_PTE_NUS_DPG,U.S. Regular All Formulations Retail Gasoline Prices (Dollars per Gallon),3.99,$/GAL
2026-03-30,YORD,CHICAGO,EPMR,Regular Gasoline,PTE,Retail Sales,EMM_EPMR_PTE_YORD_DPG,Chicago Regular All Formulations Retail Gasoline Prices (Dollars per Gallon),4.25,$/GAL
2026-03-30,YMIA,MIAMI,EPMR,Regular Gasoline,PTE,Retail Sales,EMM_EPMR_PTE_YMIA_DPG,"Miami, FL Regular All Formulations Retail Gasoline Prices (Dollars per Gallon)",3.936,$/GAL
2026-03-30,YDEN,DENVER,EPMR,Regular Gasoline,PTE,Retail Sales,EMM_EPMR_PTE_YDEN_DPG,Denver Regular All Formulations Retail Gasoline Prices (Dollars per Gallon),3.791,$/GAL
2026-03-30,YCLE,CLEVELAND,EPMR,Regular Gasoline,PTE,Retail Sales,EMM_EPMR_PTE_YCLE_DPG,"Cleveland, OH Regular All Formulations Retail Gasoline Prices (Dollars per Gallon)",3.815,$/GAL
2026-03-30,YBOS,BOSTON,EPMR,Regular Gasoline,PTE,Retail Sales,EMM_EPMR_PTE_YBOS_DPG,"Boston, MA Regular All Formulations Retail Gasoline Prices (Dollars per Gallon)",3.781,$/GAL
2026-03-30,Y48SE,SEATTLE,EPMR,Regular Gasoline,PTE,Retail Sales,EMM_EPMR_PTE_Y48SE_DPG,"Seattle, WA Regular All Formulations Retail Gasoline Prices (Dollars per Gallon)",5.409,$/GAL
2026-03-30,Y44HO,HOUSTON,EPMR,Regular Gasoline,PTE,Retail Sales,EMM_EPMR_PTE_Y44HO_DPG,Houston Regular All Formulations Retail Gasoline Prices (Dollars per Gallon),3.567,$/GAL
2026-03-30,Y35NY,NEW YORK CITY,EPMR,Regular Gasoline,PTE,Retail Sales,EMM_EPMR_PTE_Y35NY_DPG,New York City Regular All Formulations Retail Gasoline Prices (Dollars per Gallon),3.836,$/GAL
2026-03-30,Y05SF,SAN FRANCISCO,EPMR,Regular Gasoline,PTE,Retail Sales,EMM_EPMR_PTE_Y05SF_DPG,San Francisco Regular All Formulations Retail Gasoline Prices (Dollars per Gallon),5.772,$/GAL
2026-03-30,Y05LA,LOS ANGELES,EPMR,Regular Gasoline,PTE,Retail Sales,EMM_EPMR_PTE_Y05LA_DPG,Los Angeles Regular All Formulations Retail Gasoline Prices (Dollars per Gallon),5.733,$/GAL
2026-03-30,SWA,WASHINGTON,EPMR,Regular Gasoline,PTE,Retail Sales,EMM_EPMR_PTE_SWA_DPG,Washington Regular All Formulations Retail Gasoline Prices (Dollars per Gallon),5.194,$/GAL
2026-03-30,STX,TEXAS,EPMR,Regular Gasoline,PTE,Retail Sales,EMM_EPMR_PTE_STX_DPG,Texas Regular All Formulations Retail Gasoline Prices (Dollars per Gallon),3.573,$/GAL
2026-03-30,SOH,OHIO,EPMR,Regular Gasoline,PTE,Retail Sales,EMM_EPMR_PTE_SOH_DPG,Ohio Regular All Formulations Retail Gasoline Prices (Dollars per Gallon),3.831,$/GAL
2026-03-30,SNY,NEW YORK,EPMR,Regular Gasoline,PTE,Retail Sales,EMM_EPMR_PTE_SNY_DPG,New York Regular All Formulations Retail Gasoline Prices (Dollars per Gallon),3.84,$/GAL
2026-03-30,SMN,MINNESOTA,EPMR,Regular Gasoline,PTE,Retail Sales,EMM_EPMR_PTE_SMN_DPG,Minnesota Regular All Formulations Retail Gasoline Prices (Dollars per Gallon),3.419,$/GAL
2026-03-30,SMA,MASSACHUSETTS,EPMR,Regular Gasoline,PTE,Retail Sales,EMM_EPMR_PTE_SMA_DPG,Massachusetts Regular All Formulations Retail Gasoline Prices (Dollars per Gallon),3.759,$/GAL
2026-03-30,SFL,FLORIDA,EPMR,Regular Gasoline,PTE,Retail Sales,EMM_EPMR_PTE_SFL_DPG,Florida Regular All Formulations Retail Gasoline Prices (Dollars per Gallon),3.897,$/GAL
2026-03-30,SCO,COLORADO,EPMR,Regular Gasoline,PTE,Retail Sales,EMM_EPMR_PTE_SCO_DPG,Colorado Regular All Formulations Retail Gasoline Prices (Dollars per Gallon),3.764,$/GAL
2026-03-30,SCA,CALIFORNIA,EPMR,Regular Gasoline,PTE,Retail Sales,EMM_EPMR_PTE_SCA_DPG,California Regular All Formulations Retail Gasoline Prices (Dollars per Gallon),5.711,$/GAL
2026-03-30,R5XCA,PADD 5 EXCEPT CALIFORNIA,EPMR,Regular Gasoline,PTE,Retail Sales,EMM_EPMR_PTE_R5XCA_DPG,West Coast (PADD 5) Except California Regular All Formulations Retail Gasoline Prices (Dollars per Gallon),4.875,$/GAL
2026-03-30,R50,PADD 5,EPMR,Regular Gasoline,PTE,Retail Sales,EMM_EPMR_PTE_R50_DPG,West Coast Regular All Formulations Retail Gasoline Prices (Dollars per Gallon),5.334,$/GAL
2026-03-30,R40,PADD 4,EPMR,Regular Gasoline,PTE,Retail Sales,EMM_EPMR_PTE_R40_DPG,Rocky Mountain Regular All Formulations Retail Gasoline Prices (Dollars per Gallon),3.917,$/GAL
2026-03-30,R30,PADD 3,EPMR,Regular Gasoline,PTE,Retail Sales,EMM_EPMR_PTE_R30_DPG,Gulf Coast Regular All Formulations Retail Gasoline Prices (Dollars per Gallon),3.59,$/GAL
2026-03-30,R20,PADD 2,EPMR,Regular Gasoline,PTE,Retail Sales,EMM_EPMR_PTE_R20_DPG,Midwest Regular All Formulations Retail Gasoline Prices (Dollars per Gallon),3.709,$/GAL
2026-03-30,R1Z,PADD 1C,EPMR,Regular Gasoline,PTE,Retail Sales,EMM_EPMR_PTE_R1Z_DPG,Lower Atlantic (PADD 1C) Regular All Formulations Retail Gasoline Prices (Dollars per Gallon),3.768,$/GAL
2026-03-30,R1Y,PADD 1B,EPMR,Regular Gasoline,PTE,Retail Sales,EMM_EPMR_PTE_R1Y_DPG,Central Atlantic (PADD 1B) Regular All Formulations Retail Gasoline Prices (Dollars per Gallon),3.898,$/GAL
2026-03-30,R1X,PADD 1A,EPMR,Regular Gasoline,PTE,Retail Sales,EMM_EPMR_PTE_R1X_DPG,New England (PADD 1A) Regular All Formulations Retail Gasoline Prices (Dollars per Gallon),3.79,$/GAL
2026-03-30,R10,PADD 1,EPMR,Regular Gasoline,PTE,Retail Sales,EMM_EPMR_PTE_R10_DPG,East Coast Regular All Formulations Retail Gasoline Prices (Dollars per Gallon),3.814,$/GAL
2026-03-23,NUS,U.S.,EPMR,Regular Gasoline,PTE,Retail Sales,EMM_EPMR_PTE_NUS_DPG,U.S. Regular All Formulations Retail Gasoline Prices (Dollars per Gallon),3.961,$/GAL
2026-03-23,YORD,CHICAGO,EPMR,Regular Gasoline,PTE,Retail Sales,EMM_EPMR_PTE_YORD_DPG,Chicago Regular All Formulations Retail Gasoline Prices (Dollars per Gallon),4.178,$/GAL
2026-03-23,YMIA,MIAMI,EPMR,Regular Gasoline,PTE,Retail Sales,EMM_EPMR_PTE_YMIA_DPG,"Miami, FL Regular All Formulations Retail Gasoline Prices (Dollars per Gallon)",3.928,$/GAL
2026-03-23,YDEN,DENVER,EPMR,Regular Gasoline,PTE,Retail Sales,EMM_EPMR_PTE_YDEN_DPG,Denver Regular All Formulations Retail Gasoline Prices (Dollars per Gallon),3.89,$/GAL
2026-03-23,YCLE,CLEVELAND,EPMR,Regular Gasoline,PTE,Retail Sales,EMM_EPMR_PTE_YCLE_DPG,"Cleveland, OH Regular All Formulations Retail Gasoline Prices (Dollars per Gallon)",3.763,$/GAL
2026-03-23,YBOS,BOSTON,EPMR,Regular Gasoline,PTE,Retail Sales,EMM_EPMR_PTE_YBOS_DPG,"Boston, MA Regular All Formulations Retail Gasoline Prices (Dollars per Gallon)",3.702,$/GAL
2026-03-23,Y48SE,SEATTLE,EPMR,Regular Gasoline,PTE,Retail Sales,EMM_EPMR_PTE_Y48SE_DPG,"Seattle, WA Regular All Formulations Retail Gasoline Prices (Dollars per Gallon)",5.303,$/GAL
2026-03-23,Y44HO,HOUSTON,EPMR,Regular Gasoline,PTE,Retail Sales,EMM_EPMR_PTE_Y44HO_DPG,Houston Regular All Formulations Retail Gasoline Prices (Dollars per Gallon),3.554,$/GAL
2026-03-23,Y35NY,NEW YORK CITY,EPMR,Regular Gasoline,PTE,Retail Sales,EMM_EPMR_PTE_Y35NY_DPG,New York City Regular All Formulations Retail Gasoline Prices (Dollars per Gallon),3.822,$/GAL
2026-03-23,Y05SF,SAN FRANCISCO,EPMR,Regular Gasoline,PTE,Retail Sales,EMM_EPMR_PTE_Y05SF_DPG,San Francisco Regular All Formulations Retail Gasoline Prices (Dollars per Gallon),5.727,$/GAL
2026-03-23,Y05LA,LOS ANGELES,EPMR,Regular Gasoline,PTE,Retail Sales,EMM_EPMR_PTE_Y05LA_DPG,Los Angeles Regular All Formulations Retail Gasoline Prices (Dollars per Gallon),5.668,$/GAL
2026-03-23,SWA,WASHINGTON,EPMR,Regular Gasoline,PTE,Retail Sales,EMM_EPMR_PTE_SWA_DPG,Washington Regular All Formulations Retail Gasoline Prices (Dollars per Gallon),5.16,$/GAL
2026-03-23,STX,TEXAS,EPMR,Regular Gasoline,PTE,Retail Sales,EMM_EPMR_PTE_STX_DPG,Texas Regular All Formulations Retail Gasoline Prices (Dollars per Gallon),3.604,$/GAL
2026-03-23,SOH,OHIO,EPMR,Regular Gasoline,PTE,Retail Sales,EMM_EPMR_PTE_SOH_DPG,Ohio Regular All Formulations Retail Gasoline Prices (Dollars per Gallon),3.726,$/GAL
2026-03-23,SNY,NEW YORK,EPMR,Regular Gasoline,PTE,Retail Sales,EMM_EPMR_PTE_SNY_DPG,New York Regular All Formulations Retail Gasoline Prices (Dollars per Gallon),3.788,$/GAL
2026-03-23,SMN,MINNESOTA,EPMR,Regular Gasoline,PTE,Retail Sales,EMM_EPMR_PTE_SMN_DPG,Minnesota Regular All Formulations Retail Gasoline Prices (Dollars per Gallon),3.43,$/GAL
2026-03-23,SMA,MASSACHUSETTS,EPMR,Regular Gasoline,PTE,Retail Sales,EMM_EPMR_PTE_SMA_DPG,Massachusetts Regular All Formulations Retail Gasoline Prices (Dollars per Gallon),3.688,$/GAL
2026-03-23,SFL,FLORIDA,EPMR,Regular Gasoline,PTE,Retail Sales,EMM_EPMR_PTE_SFL_DPG,Florida Regular All Formulations Retail Gasoline Prices (Dollars per Gallon),3.888,$/GAL
2026-03-23,SCO,COLORADO,EPMR,Regular Gasoline,PTE,Retail Sales,EMM_EPMR_PTE_SCO_DPG,Colorado Regular All Formulations Retail Gasoline Prices (Dollars per Gallon),3.86,$/GAL
2026-03-23,SCA,CALIFORNIA,EPMR,Regular Gasoline,PTE,Retail Sales,EMM_EPMR_PTE_SCA_DPG,California Regular All Formulations Retail Gasoline Prices (Dollars per Gallon),5.65,$/GAL
2026-03-23,R5XCA,PADD 5 EXCEPT CALIFORNIA,EPMR,Regular Gasoline,PTE,Retail Sales,EMM_EPMR_PTE_R5XCA_DPG,West Coast (PADD 5) Except California Regular All Formulations Retail Gasoline Prices (Dollars per Gallon),4.797,$/GAL
2026-03-23,R50,PADD 5,EPMR,Regular Gasoline,PTE,Retail Sales,EMM_EPMR_PTE_R50_DPG,West Coast Regular All Formulations Retail Gasoline Prices (Dollars per Gallon),5.262,$/GAL
2026-03-23,R40,PADD 4,EPMR,Regular Gasoline,PTE,Retail Sales,EMM_EPMR_PTE_R40_DPG,Rocky Mountain Regular All Formulations Retail Gasoline Prices (Dollars per Gallon),3.85,$/GAL
2026-03-23,R30,PADD 3,EPMR,Regular Gasoline,PTE,Retail Sales,EMM_EPMR_PTE_R30_DPG,Gulf Coast Regular All Formulations Retail Gasoline Prices (Dollars per Gallon),3.604,$/GAL
2026-03-23,R20,PADD 2,EPMR,Regular Gasoline,PTE,Retail Sales,EMM_EPMR_PTE_R20_DPG,Midwest Regular All Formulations Retail Gasoline Prices (Dollars per Gallon),3.684,$/GAL
2026-03-23,R1Z,PADD 1C,EPMR,Regular Gasoline,PTE,Retail Sales,EMM_EPMR_PTE_R1Z_DPG,Lower Atlantic (PADD 1C) Regular All Formulations Retail Gasoline Prices (Dollars per Gallon),3.756,$/GAL
2026-03-23,R1Y,PADD 1B,EPMR,Regular Gasoline,PTE,Retail Sales,EMM_EPMR_PTE_R1Y_DPG,Central Atlantic (PADD 1B) Regular All Formulations Retail Gasoline Prices (Dollars per Gallon),3.855,$/GAL
2026-03-23,R1X,PADD 1A,EPMR,Regular Gasoline,PTE,Retail Sales,EMM_EPMR_PTE_R1X_DPG,New England (PADD 1A) Regular All Formulations Retail Gasoline Prices (Dollars per Gallon),3.727,$/GAL
2026-03-23,R10,PADD 1,EPMR,Regular Gasoline,PTE,Retail Sales,EMM_EPMR_PTE_R10_DPG,East Coast Regular All Formulations Retail Gasoline Prices (Dollars per Gallon),3.785,$/GAL
2026-03-16,NUS,U.S.,EPMR,Regular Gasoline,PTE,Retail Sales,EMM_EPMR_PTE_NUS_DPG,U.S. Regular All Formulations Retail Gasoline Prices (Dollars per Gallon),3.72,$/GAL
2026-03-16,YORD,CHICAGO,EPMR,Regular Gasoline,PTE,Retail Sales,EMM_EPMR_PTE_YORD_DPG,Chicago Regular All Formulations Retail Gasoline Prices (Dollars per Gallon),3.613,$/GAL
2026-03-16,YMIA,MIAMI,EPMR,Regular Gasoline,PTE,Retail Sales,EMM_EPMR_PTE_YMIA_DPG,"Miami, FL Regular All Formulations Retail Gasoline Prices (Dollars per Gallon)",3.72,$/GAL
2026-03-16,YDEN,DENVER,EPMR,Regular Gasoline,PTE,Retail Sales,EMM_EPMR_PTE_YDEN_DPG,Denver Regular All Formulations Retail Gasoline Prices (Dollars per Gallon),3.848,$/GAL
2026-03-16,YCLE,CLEVELAND,EPMR,Regular Gasoline,PTE,Retail Sales,EMM_EPMR_PTE_YCLE_DPG,"Cleveland, OH Regular All Formulations Retail Gasoline Prices (Dollars per Gallon)",3.443,$/GAL
2026-03-16,YBOS,BOSTON,EPMR,Regular Gasoline,PTE,Retail Sales,EMM_EPMR_PTE_YBOS_DPG,"Boston, MA Regular All Formulations Retail Gasoline Prices (Dollars per Gallon)",3.511,$/GAL
2026-03-16,Y48SE,SEATTLE,EPMR,Regular Gasoline,PTE,Retail Sales,EMM_EPMR_PTE_Y48SE_DPG,"Seattle, WA Regular All Formulations Retail Gasoline Prices (Dollars per Gallon)",4.894,$/GAL
2026-03-16,Y44HO,HOUSTON,EPMR,Regular Gasoline,PTE,Retail Sales,EMM_EPMR_PTE_Y44HO_DPG,Houston Regular All Formulations Retail Gasoline Prices (Dollars per Gallon),3.344,$/GAL
2026-03-16,Y35NY,NEW YORK CITY,EPMR,Regular Gasoline,PTE,Retail Sales,EMM_EPMR_PTE_Y35NY_DPG,New York City Regular All Formulations Retail Gasoline Prices (Dollars per Gallon),3.564,$/GAL
2026-03-16,Y05SF,SAN FRANCISCO,EPMR,Regular Gasoline,PTE,Retail Sales,EMM_EPMR_PTE_Y05SF_DPG,San Francisco Regular All Formulations Retail Gasoline Prices (Dollars per Gallon),5.483,$/GAL
2026-03-16,Y05LA,LOS ANGELES,EPMR,Regular Gasoline,PTE,Retail Sales,EMM_EPMR_PTE_Y05LA_DPG,Los Angeles Regular All Formulations Retail Gasoline Prices (Dollars per Gallon),5.411,$/GAL
2026-03-16,SWA,WASHINGTON,EPMR,Regular Gasoline,PTE,Retail Sales,EMM_EPMR_PTE_SWA_DPG,Washington Regular All Formulations Retail Gasoline Prices (Dollars per Gallon),4.788,$/GAL
2026-03-16,STX,TEXAS,EPMR,Regular Gasoline,PTE,Retail Sales,EMM_EPMR_PTE_STX_DPG,Texas Regular All Formulations Retail Gasoline Prices (Dollars per Gallon),3.403,$/GAL
2026-03-16,SOH,OHIO,EPMR,Regular Gasoline,PTE,Retail Sales,EMM_EPMR_PTE_SOH_DPG,Ohio Regular All Formulations Retail Gasoline Prices (Dollars per Gallon),3.406,$/GAL
2026-03-16,SNY,NEW YORK,EPMR,Regular Gasoline,PTE,Retail Sales,EMM_EPMR_PTE_SNY_DPG,New York Regular All Formulations Retail Gasoline Prices (Dollars per Gallon),3.526,$/GAL
2026-03-16,SMN,MINNESOTA,EPMR,Regular Gasoline,PTE,Retail Sales,EMM_EPMR_PTE_SMN_DPG,Minnesota Regular All Formulations Retail Gasoline Prices (Dollars per Gallon),3.413,$/GAL
2026-03-16,SMA,MASSACHUSETTS,EPMR,Regular Gasoline,PTE,Retail Sales,EMM_EPMR_PTE_SMA_DPG,Massachusetts Regular All Formulations Retail Gasoline Prices (Dollars per Gallon),3.493,$/GAL
2026-03-16,SFL,FLORIDA,EPMR,Regular Gasoline,PTE,Retail Sales,EMM_EPMR_PTE_SFL_DPG,Florida Regular All Formulations Retail Gasoline Prices (Dollars per Gallon),3.67,$/GAL
2026-03-16,SCO,COLORADO,EPMR,Regular Gasoline,PTE,Retail Sales,EMM_EPMR_PTE_SCO_DPG,Colorado Regular All Formulations Retail Gasoline Prices (Dollars per Gallon),3.8,$/GAL
2026-03-16,SCA,CALIFORNIA,EPMR,Regular Gasoline,PTE,Retail Sales,EMM_EPMR_PTE_SCA_DPG,California Regular All Formulations Retail Gasoline Prices (Dollars per Gallon),5.383,$/GAL
2026-03-16,R5XCA,PADD 5 EXCEPT CALIFORNIA,EPMR,Regular Gasoline,PTE,Retail Sales,EMM_EPMR_PTE_R5XCA_DPG,West Coast (PADD 5) Except California Regular All Formulations Retail Gasoline Prices (Dollars per Gallon),4.521,$/GAL
2026-03-16,R50,PADD 5,EPMR,Regular Gasoline,PTE,Retail Sales,EMM_EPMR_PTE_R50_DPG,West Coast Regular All Formulations Retail Gasoline Prices (Dollars per Gallon),4.987,$/GAL
2026-03-16,R40,PADD 4,EPMR,Regular Gasoline,PTE,Retail Sales,EMM_EPMR_PTE_R40_DPG,Rocky Mountain Regular All Formulations Retail Gasoline Prices (Dollars per Gallon),3.637,$/GAL
2026-03-16,R30,PADD 3,EPMR,Regular Gasoline,PTE,Retail Sales,EMM_EPMR_PTE_R30_DPG,Gulf Coast Regular All Formulations Retail Gasoline Prices (Dollars per Gallon),3.412,$/GAL
2026-03-16,R20,PADD 2,EPMR,Regular Gasoline,PTE,Retail Sales,EMM_EPMR_PTE_R20_DPG,Midwest Regular All Formulations Retail Gasoline Prices (Dollars per Gallon),3.393,$/GAL
2026-03-16,R1Z,PADD 1C,EPMR,Regular Gasoline,PTE,Retail Sales,EMM_EPMR_PTE_R1Z_DPG,Lower Atlantic (PADD 1C) Regular All Formulations Retail Gasoline Prices (Dollars per Gallon),3.566,$/GAL
2026-03-16,R1Y,PADD 1B,EPMR,Regular Gasoline,PTE,Retail Sales,EMM_EPMR_PTE_R1Y_DPG,Central Atlantic (PADD 1B) Regular All Formulations Retail Gasoline Prices (Dollars per Gallon),3.612,$/GAL
2026-03-16,R1X,PADD 1A,EPMR,Regular Gasoline,PTE,Retail Sales,EMM_EPMR_PTE_R1X_DPG,New England (PADD 1A) Regular All Formulations Retail Gasoline Prices (Dollars per Gallon),3.538,$/GAL
2026-03-16,R10,PADD 1,EPMR,Regular Gasoline,PTE,Retail Sales,EMM_EPMR_PTE_R10_DPG,East Coast Regular All Formulations Retail Gasoline Prices (Dollars per Gallon),3.577,$/GAL
2026-03-09,NUS,U.S.,EPMR,Regular Gasoline,PTE,Retail Sales,EMM_EPMR_PTE_NUS_DPG,U.S. Regular All Formulations Retail Gasoline Prices (Dollars per Gallon),3.502,$/GAL
2026-03-09,YORD,CHICAGO,EPMR,Regular Gasoline,PTE,Retail Sales,EMM_EPMR_PTE_YORD_DPG,Chicago Regular All Formulations Retail Gasoline Prices (Dollars per Gallon),3.555,$/GAL
2026-03-09,YMIA,MIAMI,EPMR,Regular Gasoline,PTE,Retail Sales,EMM_EPMR_PTE_YMIA_DPG,"Miami, FL Regular All Formulations Retail Gasoline Prices (Dollars per Gallon)",3.495,$/GAL
2026-03-09,YDEN,DENVER,EPMR,Regular Gasoline,PTE,Retail Sales,EMM_EPMR_PTE_YDEN_DPG,Denver Regular All Formulations Retail Gasoline Prices (Dollars per Gallon),3.433,$/GAL
2026-03-09,YCLE,CLEVELAND,EPMR,Regular Gasoline,PTE,Retail Sales,EMM_EPMR_PTE_YCLE_DPG,"Cleveland, OH Regular All Formulations Retail Gasoline Prices (Dollars per Gallon)",3.412,$/GAL
2026-03-09,YBOS,BOSTON,EPMR,Regular Gasoline,PTE,Retail Sales,EMM_EPMR_PTE_YBOS_DPG,"Boston, MA Regular All Formulations Retail Gasoline Prices (Dollars per Gallon)",3.367,$/GAL
2026-03-09,Y48SE,SEATTLE,EPMR,Regular Gasoline,PTE,Retail Sales,EMM_EPMR_PTE_Y48SE_DPG,"Seattle, WA Regular All Formulations Retail Gasoline Prices (Dollars per Gallon)",4.688,$/GAL
2026-03-09,Y44HO,HOUSTON,EPMR,Regular Gasoline,PTE,Retail Sales,EMM_EPMR_PTE_Y44HO_DPG,Houston Regular All Formulations Retail Gasoline Prices (Dollars per Gallon),3.044,$/GAL
2026-03-09,Y35NY,NEW YORK CITY,EPMR,Regular Gasoline,PTE,Retail Sales,EMM_EPMR_PTE_Y35NY_DPG,New York City Regular All Formulations Retail Gasoline Prices (Dollars per Gallon),3.321,$/GAL
2026-03-09,Y05SF,SAN FRANCISCO,EPMR,Regular Gasoline,PTE,Retail Sales,EMM_EPMR_PTE_Y05SF_DPG,San Francisco Regular All Formulations Retail Gasoline Prices (Dollars per Gallon),5.235,$/GAL
2026-03-09,Y05LA,LOS ANGELES,EPMR,Regular Gasoline,PTE,Retail Sales,EMM_EPMR_PTE_Y05LA_DPG,Los Angeles Regular All Formulations Retail Gasoline Prices (Dollars per Gallon),5.081,$/GAL
2026-03-09,SWA,WASHINGTON,EPMR,Regular Gasoline,PTE,Retail Sales,EMM_EPMR_PTE_SWA_DPG,Washington Regular All Formulations Retail Gasoline Prices (Dollars per Gallon),4.522,$/GAL
2026-03-09,STX,TEXAS,EPMR,Regular Gasoline,PTE,Retail Sales,EMM_EPMR_PTE_STX_DPG,Texas Regular All Formulations Retail Gasoline Prices (Dollars per Gallon),3.133,$/GAL
2026-03-09,SOH,OHIO,EPMR,Regular Gasoline,PTE,Retail Sales,EMM_EPMR_PTE_SOH_DPG,Ohio Regular All Formulations Retail Gasoline Prices (Dollars per Gallon),3.463,$/GAL
2026-03-09,SNY,NEW YORK,EPMR,Regular Gasoline,PTE,Retail Sales,EMM_EPMR_PTE_SNY_DPG,New York Regular All Formulations Retail Gasoline Prices (Dollars per Gallon),3.35,$/GAL
2026-03-09,SMN,MINNESOTA,EPMR,Regular Gasoline,PTE,Retail Sales,EMM_EPMR_PTE_SMN_DPG,Minnesota Regular All Formulations Retail Gasoline Prices (Dollars per Gallon),3.262,$/GAL
2026-03-09,SMA,MASSACHUSETTS,EPMR,Regular Gasoline,PTE,Retail Sales,EMM_EPMR_PTE_SMA_DPG,Massachusetts Regular All Formulations Retail Gasoline Prices (Dollars per Gallon),3.315,$/GAL
2026-03-09,SFL,FLORIDA,EPMR,Regular Gasoline,PTE,Retail Sales,EMM_EPMR_PTE_SFL_DPG,Florida Regular All Formulations Retail Gasoline Prices (Dollars per Gallon),3.469,$/GAL
2026-03-09,SCO,COLORADO,EPMR,Regular Gasoline,PTE,Retail Sales,EMM_EPMR_PTE_SCO_DPG,Colorado Regular All Formulations Retail Gasoline Prices (Dollars per Gallon),3.442,$/GAL
2026-03-09,SCA,CALIFORNIA,EPMR,Regular Gasoline,PTE,Retail Sales,EMM_EPMR_PTE_SCA_DPG,California Regular All Formulations Retail Gasoline Prices (Dollars per Gallon),5.093,$/GAL
2026-03-09,R5XCA,PADD 5 EXCEPT CALIFORNIA,EPMR,Regular Gasoline,PTE,Retail Sales,EMM_EPMR_PTE_R5XCA_DPG,West Coast (PADD 5) Except California Regular All Formulations Retail Gasoline Prices (Dollars per Gallon),4.215,$/GAL
2026-03-09,R50,PADD 5,EPMR,Regular Gasoline,PTE,Retail Sales,EMM_EPMR_PTE_R50_DPG,West Coast Regular All Formulations Retail Gasoline Prices (Dollars per Gallon),4.69,$/GAL
2026-03-09,R40,PADD 4,EPMR,Regular Gasoline,PTE,Retail Sales,EMM_EPMR_PTE_R40_DPG,Rocky Mountain Regular All Formulations Retail Gasoline Prices (Dollars per Gallon),3.258,$/GAL
2026-03-09,R30,PADD 3,EPMR,Regular Gasoline,PTE,Retail Sales,EMM_EPMR_PTE_R30_DPG,Gulf Coast Regular All Formulations Retail Gasoline Prices (Dollars per Gallon),3.109,$/GAL
2026-03-09,R20,PADD 2,EPMR,Regular Gasoline,PTE,Retail Sales,EMM_EPMR_PTE_R20_DPG,Midwest Regular All Formulations Retail Gasoline Prices (Dollars per Gallon),3.276,$/GAL
2026-03-09,R1Z,PADD 1C,EPMR,Regular Gasoline,PTE,Retail Sales,EMM_EPMR_PTE_R1Z_DPG,Lower Atlantic (PADD 1C) Regular All Formulations Retail Gasoline Prices (Dollars per Gallon),3.33,$/GAL
2026-03-09,R1Y,PADD 1B,EPMR,Regular Gasoline,PTE,Retail Sales,EMM_EPMR_PTE_R1Y_DPG,Central Atlantic (PADD 1B) Regular All Formulations Retail Gasoline Prices (Dollars per Gallon),3.419,$/GAL
2026-03-09,R1X,PADD 1A,EPMR,Regular Gasoline,PTE,Retail Sales,EMM_EPMR_PTE_R1X_DPG,New England (PADD 1A) Regular All Formulations Retail Gasoline Prices (Dollars per Gallon),3.352,$/GAL
2026-03-09,R10,PADD 1,EPMR,Regular Gasoline,PTE,Retail Sales,EMM_EPMR_PTE_R10_DPG,East Coast Regular All Formulations Retail Gasoline Prices (Dollars per Gallon),3.363,$/GAL
2026-03-02,NUS,U.S.,EPMR,Regular Gasoline,PTE,Retail Sales,EMM_EPMR_PTE_NUS_DPG,U.S. Regular All Formulations Retail Gasoline Prices (Dollars per Gallon),3.015,$/GAL
2026-03-02,YORD,CHICAGO,EPMR,Regular Gasoline,PTE,Retail Sales,EMM_EPMR_PTE_YORD_DPG,Chicago Regular All Formulations Retail Gasoline Prices (Dollars per Gallon),3.028,$/GAL
2026-03-02,YMIA,MIAMI,EPMR,Regular Gasoline,PTE,Retail Sales,EMM_EPMR_PTE_YMIA_DPG,"Miami, FL Regular All Formulations Retail Gasoline Prices (Dollars per Gallon)",2.882,$/GAL
2026-03-02,YDEN,DENVER,EPMR,Regular Gasoline,PTE,Retail Sales,EMM_EPMR_PTE_YDEN_DPG,Denver Regular All Formulations Retail Gasoline Prices (Dollars per Gallon),2.842,$/GAL
2026-03-02,YCLE,CLEVELAND,EPMR,Regular Gasoline,PTE,Retail Sales,EMM_EPMR_PTE_YCLE_DPG,"Cleveland, OH Regular All Formulations Retail Gasoline Prices (Dollars per Gallon)",2.859,$/GAL
2026-03-02,YBOS,BOSTON,EPMR,Regular Gasoline,PTE,Retail Sales,EMM_EPMR_PTE_YBOS_DPG,"Boston, MA Regular All Formulations Retail Gasoline Prices (Dollars per Gallon)",2.943,$/GAL
2026-03-02,Y48SE,SEATTLE,EPMR,Regular Gasoline,PTE,Retail Sales,EMM_EPMR_PTE_Y48SE_DPG,"Seattle, WA Regular All Formulations Retail Gasoline Prices (Dollars per Gallon)",4.427,$/GAL
2026-03-02,Y44HO,HOUSTON,EPMR,Regular Gasoline,PTE,Retail Sales,EMM_EPMR_PTE_Y44HO_DPG,Houston Regular All Formulations Retail Gasoline Prices (Dollars per Gallon),2.61,$/GAL
2026-03-02,Y35NY,NEW YORK CITY,EPMR,Regular Gasoline,PTE,Retail Sales,EMM_EPMR_PTE_Y35NY_DPG,New York City Regular All Formulations Retail Gasoline Prices (Dollars per Gallon),2.865,$/GAL
2026-03-02,Y05SF,SAN FRANCISCO,EPMR,Regular Gasoline,PTE,Retail Sales,EMM_EPMR_PTE_Y05SF_DPG,San Francisco Regular All Formulations Retail Gasoline Prices (Dollars per Gallon),4.59,$/GAL
2026-03-02,Y05LA,LOS ANGELES,EPMR,Regular Gasoline,PTE,Retail Sales,EMM_EPMR_PTE_Y05LA_DPG,Los Angeles Regular All Formulations Retail Gasoline Prices (Dollars per Gallon),4.46,$/GAL
2026-03-02,SWA,WASHINGTON,EPMR,Regular Gasoline,PTE,Retail Sales,EMM_EPMR_PTE_SWA_DPG,Washington Regular All Formulations Retail Gasoline Prices (Dollars per Gallon),4.202,$/GAL
2026-03-02,STX,TEXAS,EPMR,Regular Gasoline,PTE,Retail Sales,EMM_EPMR_PTE_STX_DPG,Texas Regular All Formulations Retail Gasoline Prices (Dollars per Gallon),2.641,$/GAL
2026-03-02,SOH,OHIO,EPMR,Regular Gasoline,PTE,Retail Sales,EMM_EPMR_PTE_SOH_DPG,Ohio Regular All Formulations Retail Gasoline Prices (Dollars per Gallon),2.769,$/GAL
2026-03-02,SNY,NEW YORK,EPMR,Regular Gasoline,PTE,Retail Sales,EMM_EPMR_PTE_SNY_DPG,New York Regular All Formulations Retail Gasoline Prices (Dollars per Gallon),2.905,$/GAL
2026-03-02,SMN,MINNESOTA,EPMR,Regular Gasoline,PTE,Retail Sales,EMM_EPMR_PTE_SMN_DPG,Minnesota Regular All Formulations Retail Gasoline Prices (Dollars per Gallon),2.954,$/GAL
2026-03-02,SMA,MASSACHUSETTS,EPMR,Regular Gasoline,PTE,Retail Sales,EMM_EPMR_PTE_SMA_DPG,Massachusetts Regular All Formulations Retail Gasoline Prices (Dollars per Gallon),2.897,$/GAL
2026-03-02,SFL,FLORIDA,EPMR,Regular Gasoline,PTE,Retail Sales,EMM_EPMR_PTE_SFL_DPG,Florida Regular All Formulations Retail Gasoline Prices (Dollars per Gallon),2.843,$/GAL
2026-03-02,SCO,COLORADO,EPMR,Regular Gasoline,PTE,Retail Sales,EMM_EPMR_PTE_SCO_DPG,Colorado Regular All Formulations Retail Gasoline Prices (Dollars per Gallon),2.812,$/GAL
2026-03-02,SCA,CALIFORNIA,EPMR,Regular Gasoline,PTE,Retail Sales,EMM_EPMR_PTE_SCA_DPG,California Regular All Formulations Retail Gasoline Prices (Dollars per Gallon),4.475,$/GAL
2026-03-02,R5XCA,PADD 5 EXCEPT CALIFORNIA,EPMR,Regular Gasoline,PTE,Retail Sales,EMM_EPMR_PTE_R5XCA_DPG,West Coast (PADD 5) Except California Regular All Formulations Retail Gasoline Prices (Dollars per Gallon),3.791,$/GAL
2026-03-02,R50,PADD 5,EPMR,Regular Gasoline,PTE,Retail Sales,EMM_EPMR_PTE_R50_DPG,West Coast Regular All Formulations Retail Gasoline Prices (Dollars per Gallon),4.16,$/GAL
2026-03-02,R40,PADD 4,EPMR,Regular Gasoline,PTE,Retail Sales,EMM_EPMR_PTE_R40_DPG,Rocky Mountain Regular All Formulations Retail Gasoline Prices (Dollars per Gallon),2.758,$/GAL
2026-03-02,R30,PADD 3,EPMR,Regular Gasoline,PTE,Retail Sales,EMM_EPMR_PTE_R30_DPG,Gulf Coast Regular All Formulations Retail Gasoline Prices (Dollars per Gallon),2.644,$/GAL
2026-03-02,R20,PADD 2,EPMR,Regular Gasoline,PTE,Retail Sales,EMM_EPMR_PTE_R20_DPG,Midwest Regular All Formulations Retail Gasoline Prices (Dollars per Gallon),2.794,$/GAL
2026-03-02,R1Z,PADD 1C,EPMR,Regular Gasoline,PTE,Retail Sales,EMM_EPMR_PTE_R1Z_DPG,Lower Atlantic (PADD 1C) Regular All Formulations Retail Gasoline Prices (Dollars per Gallon),2.83,$/GAL
2026-03-02,R1Y,PADD 1B,EPMR,Regular Gasoline,PTE,Retail Sales,EMM_EPMR_PTE_R1Y_DPG,Central Atlantic (PADD 1B) Regular All Formulations Retail Gasoline Prices (Dollars per Gallon),2.967,$/GAL
2026-03-02,R1X,PADD 1A,EPMR,Regular Gasoline,PTE,Retail Sales,EMM_EPMR_PTE_R1X_DPG,New England (PADD 1A) Regular All Formulations Retail Gasoline Prices (Dollars per Gallon),2.878,$/GAL
2026-03-02,R10,PADD 1,EPMR,Regular Gasoline,PTE,Retail Sales,EMM_EPMR_PTE_R10_DPG,East Coast Regular All Formulations Retail Gasoline Prices (Dollars per Gallon),2.882,$/GAL
2026-02-23,NUS,U.S.,EPMR,Regular Gasoline,PTE,Retail Sales,EMM_EPMR_PTE_NUS_DPG,U.S. Regular All Formulations Retail Gasoline Prices (Dollars per Gallon),2.937,$/GAL
2026-02-23,YORD,CHICAGO,EPMR,Regular Gasoline,PTE,Retail Sales,EMM_EPMR_PTE_YORD_DPG,Chicago Regular All Formulations Retail Gasoline Prices (Dollars per Gallon),2.909,$/GAL
2026-02-23,YMIA,MIAMI,EPMR,Regular Gasoline,PTE,Retail Sales,EMM_EPMR_PTE_YMIA_DPG,"Miami, FL Regular All Formulations Retail Gasoline Prices (Dollars per Gallon)",2.866,$/GAL
2026-02-23,YDEN,DENVER,EPMR,Regular Gasoline,PTE,Retail Sales,EMM_EPMR_PTE_YDEN_DPG,Denver Regular All Formulations Retail Gasoline Prices (Dollars per Gallon),2.556,$/GAL
2026-02-23,YCLE,CLEVELAND,EPMR,Regular Gasoline,PTE,Retail Sales,EMM_EPMR_PTE_YCLE_DPG,"Cleveland, OH Regular All Formulations Retail Gasoline Prices (Dollars per Gallon)",2.816,$/GAL
2026-02-23,YBOS,BOSTON,EPMR,Regular Gasoline,PTE,Retail Sales,EMM_EPMR_PTE_YBOS_DPG,"Boston, MA Regular All Formulations Retail Gasoline Prices (Dollars per Gallon)",2.888,$/GAL
2026-02-23,Y48SE,SEATTLE,EPMR,Regular Gasoline,PTE,Retail Sales,EMM_EPMR_PTE_Y48SE_DPG,"Seattle, WA Regular All Formulations Retail Gasoline Prices (Dollars per Gallon)",4.389,$/GAL
2026-02-23,Y44HO,HOUSTON,EPMR,Regular Gasoline,PTE,Retail Sales,EMM_EPMR_PTE_Y44HO_DPG,Houston Regular All Formulations Retail Gasoline Prices (Dollars per Gallon),2.483,$/GAL
2026-02-23,Y35NY,NEW YORK CITY,EPMR,Regular Gasoline,PTE,Retail Sales,EMM_EPMR_PTE_Y35NY_DPG,New York City Regular All Formulations Retail Gasoline Prices (Dollars per Gallon),2.855,$/GAL
2026-02-23,Y05SF,SAN FRANCISCO,EPMR,Regular Gasoline,PTE,Retail Sales,EMM_EPMR_PTE_Y05SF_DPG,San Francisco Regular All Formulations Retail Gasoline Prices (Dollars per Gallon),4.566,$/GAL
2026-02-23,Y05LA,LOS ANGELES,EPMR,Regular Gasoline,PTE,Retail Sales,EMM_EPMR_PTE_Y05LA_DPG,Los Angeles Regular All Formulations Retail Gasoline Prices (Dollars per Gallon),4.407,$/GAL
2026-02-23,SWA,WASHINGTON,EPMR,Regular Gasoline,PTE,Retail Sales,EMM_EPMR_PTE_SWA_DPG,Washington Regular All Formulations Retail Gasoline Prices (Dollars per Gallon),4.143,$/GAL
2026-02-23,STX,TEXAS,EPMR,Regular Gasoline,PTE,Retail Sales,EMM_EPMR_PTE_STX_DPG,Texas Regular All Formulations Retail Gasoline Prices (Dollars per Gallon),2.534,$/GAL
2026-02-23,SOH,OHIO,EPMR,Regular Gasoline,PTE,Retail Sales,EMM_EPMR_PTE_SOH_DPG,Ohio Regular All Formulations Retail Gasoline Prices (Dollars per Gallon),2.887,$/GAL
2026-02-23,SNY,NEW YORK,EPMR,Regular Gasoline,PTE,Retail Sales,EMM_EPMR_PTE_SNY_DPG,New York Regular All Formulations Retail Gasoline Prices (Dollars per Gallon),2.889,$/GAL
2026-02-23,SMN,MINNESOTA,EPMR,Regular Gasoline,PTE,Retail Sales,EMM_EPMR_PTE_SMN_DPG,Minnesota Regular All Formulations Retail Gasoline Prices (Dollars per Gallon),2.661,$/GAL
2026-02-23,SMA,MASSACHUSETTS,EPMR,Regular Gasoline,PTE,Retail Sales,EMM_EPMR_PTE_SMA_DPG,Massachusetts Regular All Formulations Retail Gasoline Prices (Dollars per Gallon),2.845,$/GAL
2026-02-23,SFL,FLORIDA,EPMR,Regular Gasoline,PTE,Retail Sales,EMM_EPMR_PTE_SFL_DPG,Florida Regular All Formulations Retail Gasoline Prices (Dollars per Gallon),2.819,$/GAL
2026-02-23,SCO,COLORADO,EPMR,Regular Gasoline,PTE,Retail Sales,EMM_EPMR_PTE_SCO_DPG,Colorado Regular All Formulations Retail Gasoline Prices (Dollars per Gallon),2.578,$/GAL
2026-02-23,SCA,CALIFORNIA,EPMR,Regular Gasoline,PTE,Retail Sales,EMM_EPMR_PTE_SCA_DPG,California Regular All Formulations Retail Gasoline Prices (Dollars per Gallon),4.441,$/GAL
2026-02-23,R5XCA,PADD 5 EXCEPT CALIFORNIA,EPMR,Regular Gasoline,PTE,Retail Sales,EMM_EPMR_PTE_R5XCA_DPG,West Coast (PADD 5) Except California Regular All Formulations Retail Gasoline Prices (Dollars per Gallon),3.723,$/GAL
2026-02-23,R50,PADD 5,EPMR,Regular Gasoline,PTE,Retail Sales,EMM_EPMR_PTE_R50_DPG,West Coast Regular All Formulations Retail Gasoline Prices (Dollars per Gallon),4.111,$/GAL
2026-02-23,R40,PADD 4,EPMR,Regular Gasoline,PTE,Retail Sales,EMM_EPMR_PTE_R40_DPG,Rocky Mountain Regular All Formulations Retail Gasoline Prices (Dollars per Gallon),2.662,$/GAL
2026-02-23,R30,PADD 3,EPMR,Regular Gasoline,PTE,Retail Sales,EMM_EPMR_PTE_R30_DPG,Gulf Coast Regular All Formulations Retail Gasoline Prices (Dollars per Gallon),2.532,$/GAL
2026-02-23,R20,PADD 2,EPMR,Regular Gasoline,PTE,Retail Sales,EMM_EPMR_PTE_R20_DPG,Midwest Regular All Formulations Retail Gasoline Prices (Dollars per Gallon),2.675,$/GAL
2026-02-23,R1Z,PADD 1C,EPMR,Regular Gasoline,PTE,Retail Sales,EMM_EPMR_PTE_R1Z_DPG,Lower Atlantic (PADD 1C) Regular All Formulations Retail Gasoline Prices (Dollars per Gallon),2.748,$/GAL
2026-02-23,R1Y,PADD 1B,EPMR,Regular Gasoline,PTE,Retail Sales,EMM_EPMR_PTE_R1Y_DPG,Central Atlantic (PADD 1B) Regular All Formulations Retail Gasoline Prices (Dollars per Gallon),2.962,$/GAL
2026-02-23,R1X,PADD 1A,EPMR,Regular Gasoline,PTE,Retail Sales,EMM_EPMR_PTE_R1X_DPG,New England (PADD 1A) Regular All Formulations Retail Gasoline Prices (Dollars per Gallon),2.852,$/GAL
2026-02-23,R10,PADD 1,EPMR,Regular Gasoline,PTE,Retail Sales,EMM_EPMR_PTE_R10_DPG,East Coast Regular All Formulations Retail Gasoline Prices (Dollars per Gallon),2.834,$/GAL
2026-02-16,NUS,U.S.,EPMR,Regular Gasoline,PTE,Retail Sales,EMM_EPMR_PTE_NUS_DPG,U.S. Regular All Formulations Retail Gasoline Prices (Dollars per Gallon),2.924,$/GAL
2026-02-16,YORD,CHICAGO,EPMR,Regular Gasoline,PTE,Retail Sales,EMM_EPMR_PTE_YORD_DPG,Chicago Regular All Formulations Retail Gasoline Prices (Dollars per Gallon),3.014,$/GAL
2026-02-16,YMIA,MIAMI,EPMR,Regular Gasoline,PTE,Retail Sales,EMM_EPMR_PTE_YMIA_DPG,"Miami, FL Regular All Formulations Retail Gasoline Prices (Dollars per Gallon)",2.845,$/GAL
2026-02-16,YDEN,DENVER,EPMR,Regular Gasoline,PTE,Retail Sales,EMM_EPMR_PTE_YDEN_DPG,Denver Regular All Formulations Retail Gasoline Prices (Dollars per Gallon),2.7,$/GAL
2026-02-16,YCLE,CLEVELAND,EPMR,Regular Gasoline,PTE,Retail Sales,EMM_EPMR_PTE_YCLE_DPG,"Cleveland, OH Regular All Formulations Retail Gasoline Prices (Dollars per Gallon)",2.804,$/GAL
2026-02-16,YBOS,BOSTON,EPMR,Regular Gasoline,PTE,Retail Sales,EMM_EPMR_PTE_YBOS_DPG,"Boston, MA Regular All Formulations Retail Gasoline Prices (Dollars per Gallon)",2.873,$/GAL
2026-02-16,Y48SE,SEATTLE,EPMR,Regular Gasoline,PTE,Retail Sales,EMM_EPMR_PTE_Y48SE_DPG,"Seattle, WA Regular All Formulations Retail Gasoline Prices (Dollars per Gallon)",4.277,$/GAL
2026-02-16,Y44HO,HOUSTON,EPMR,Regular Gasoline,PTE,Retail Sales,EMM_EPMR_PTE_Y44HO_DPG,Houston Regular All Formulations Retail Gasoline Prices (Dollars per Gallon),2.401,$/GAL
2026-02-16,Y35NY,NEW YORK CITY,EPMR,Regular Gasoline,PTE,Retail Sales,EMM_EPMR_PTE_Y35NY_DPG,New York City Regular All Formulations Retail Gasoline Prices (Dollars per Gallon),2.825,$/GAL
2026-02-16,Y05SF,SAN FRANCISCO,EPMR,Regular Gasoline,PTE,Retail Sales,EMM_EPMR_PTE_Y05SF_DPG,San Francisco Regular All Formulations Retail Gasoline Prices (Dollars per Gallon),4.551,$/GAL
2026-02-16,Y05LA,LOS ANGELES,EPMR,Regular Gasoline,PTE,Retail Sales,EMM_EPMR_PTE_Y05LA_DPG,Los Angeles Regular All Formulations Retail Gasoline Prices (Dollars per Gallon),4.392,$/GAL
2026-02-16,SWA,WASHINGTON,EPMR,Regular Gasoline,PTE,Retail Sales,EMM_EPMR_PTE_SWA_DPG,Washington Regular All Formulations Retail Gasoline Prices (Dollars per Gallon),4.009,$/GAL
2026-02-16,STX,TEXAS,EPMR,Regular Gasoline,PTE,Retail Sales,EMM_EPMR_PTE_STX_DPG,Texas Regular All Formulations Retail Gasoline Prices (Dollars per Gallon),2.46,$/GAL
2026-02-16,SOH,OHIO,EPMR,Regular Gasoline,PTE,Retail Sales,EMM_EPMR_PTE_SOH_DPG,Ohio Regular All Formulations Retail Gasoline Prices (Dollars per Gallon),2.719,$/GAL
2026-02-16,SNY,NEW YORK,EPMR,Regular Gasoline,PTE,Retail Sales,EMM_EPMR_PTE_SNY_DPG,New York Regular All Formulations Retail Gasoline Prices (Dollars per Gallon),2.882,$/GAL
2026-02-16,SMN,MINNESOTA,EPMR,Regular Gasoline,PTE,Retail Sales,EMM_EPMR_PTE_SMN_DPG,Minnesota Regular All Formulations Retail Gasoline Prices (Dollars per Gallon),2.677,$/GAL
2026-02-16,SMA,MASSACHUSETTS,EPMR,Regular Gasoline,PTE,Retail Sales,EMM_EPMR_PTE_SMA_DPG,Massachusetts Regular All Formulations Retail Gasoline Prices (Dollars per Gallon),2.84,$/GAL
2026-02-16,SFL,FLORIDA,EPMR,Regular Gasoline,PTE,Retail Sales,EMM_EPMR_PTE_SFL_DPG,Florida Regular All Formulations Retail Gasoline Prices (Dollars per Gallon),2.809,$/GAL
2026-02-16,SCO,COLORADO,EPMR,Regular Gasoline,PTE,Retail Sales,EMM_EPMR_PTE_SCO_DPG,Colorado Regular All Formulations Retail Gasoline Prices (Dollars per Gallon),2.702,$/GAL
2026-02-16,SCA,CALIFORNIA,EPMR,Regular Gasoline,PTE,Retail Sales,EMM_EPMR_PTE_SCA_DPG,California Regular All Formulations Retail Gasoline Prices (Dollars per Gallon),4.417,$/GAL
2026-02-16,R5XCA,PADD 5 EXCEPT CALIFORNIA,EPMR,Regular Gasoline,PTE,Retail Sales,EMM_EPMR_PTE_R5XCA_DPG,West Coast (PADD 5) Except California Regular All Formulations Retail Gasoline Prices (Dollars per Gallon),3.608,$/GAL
2026-02-16,R50,PADD 5,EPMR,Regular Gasoline,PTE,Retail Sales,EMM_EPMR_PTE_R50_DPG,West Coast Regular All Formulations Retail Gasoline Prices (Dollars per Gallon),4.045,$/GAL
2026-02-16,R40,PADD 4,EPMR,Regular Gasoline,PTE,Retail Sales,EMM_EPMR_PTE_R40_DPG,Rocky Mountain Regular All Formulations Retail Gasoline Prices (Dollars per Gallon),2.737,$/GAL
2026-02-16,R30,PADD 3,EPMR,Regular Gasoline,PTE,Retail Sales,EMM_EPMR_PTE_R30_DPG,Gulf Coast Regular All Formulations Retail Gasoline Prices (Dollars per Gallon),2.482,$/GAL
2026-02-16,R20,PADD 2,EPMR,Regular Gasoline,PTE,Retail Sales,EMM_EPMR_PTE_R20_DPG,Midwest Regular All Formulations Retail Gasoline Prices (Dollars per Gallon),2.683,$/GAL
2026-02-16,R1Z,PADD 1C,EPMR,Regular Gasoline,PTE,Retail Sales,EMM_EPMR_PTE_R1Z_DPG,Lower Atlantic (PADD 1C) Regular All Formulations Retail Gasoline Prices (Dollars per Gallon),2.748,$/GAL
2026-02-16,R1Y,PADD 1B,EPMR,Regular Gasoline,PTE,Retail Sales,EMM_EPMR_PTE_R1Y_DPG,Central Atlantic (PADD 1B) Regular All Formulations Retail Gasoline Prices (Dollars per Gallon),2.967,$/GAL
2026-02-16,R1X,PADD 1A,EPMR,Regular Gasoline,PTE,Retail Sales,EMM_EPMR_PTE_R1X_DPG,New England (PADD 1A) Regular All Formulations Retail Gasoline Prices (Dollars per Gallon),2.835,$/GAL
2026-02-16,R10,PADD 1,EPMR,Regular Gasoline,PTE,Retail Sales,EMM_EPMR_PTE_R10_DPG,East Coast Regular All Formulations Retail Gasoline Prices (Dollars per Gallon),2.833,$/GAL
2026-02-09,NUS,U.S.,EPMR,Regular Gasoline,PTE,Retail Sales,EMM_EPMR_PTE_NUS_DPG,U.S. Regular All Formulations Retail Gasoline Prices (Dollars per Gallon),2.902,$/GAL
2026-02-09,YORD,CHICAGO,EPMR,Regular Gasoline,PTE,Retail Sales,EMM_EPMR_PTE_YORD_DPG,Chicago Regular All Formulations Retail Gasoline Prices (Dollars per Gallon),3.006,$/GAL
2026-02-09,YMIA,MIAMI,EPMR,Regular Gasoline,PTE,Retail Sales,EMM_EPMR_PTE_YMIA_DPG,"Miami, FL Regular All Formulations Retail Gasoline Prices (Dollars per Gallon)",2.834,$/GAL
2026-02-09,YDEN,DENVER,EPMR,Regular Gasoline,PTE,Retail Sales,EMM_EPMR_PTE_YDEN_DPG,Denver Regular All Formulations Retail Gasoline Prices (Dollars per Gallon),2.663,$/GAL
2026-02-09,YCLE,CLEVELAND,EPMR,Regular Gasoline,PTE,Retail Sales,EMM_EPMR_PTE_YCLE_DPG,"Cleveland, OH Regular All Formulations Retail Gasoline Prices (Dollars per Gallon)",2.802,$/GAL
2026-02-09,YBOS,BOSTON,EPMR,Regular Gasoline,PTE,Retail Sales,EMM_EPMR_PTE_YBOS_DPG,"Boston, MA Regular All Formulations Retail Gasoline Prices (Dollars per Gallon)",2.884,$/GAL
2026-02-09,Y48SE,SEATTLE,EPMR,Regular Gasoline,PTE,Retail Sales,EMM_EPMR_PTE_Y48SE_DPG,"Seattle, WA Regular All Formulations Retail Gasoline Prices (Dollars per Gallon)",4.089,$/GAL
2026-02-09,Y44HO,HOUSTON,EPMR,Regular Gasoline,PTE,Retail Sales,EMM_EPMR_PTE_Y44HO_DPG,Houston Regular All Formulations Retail Gasoline Prices (Dollars per Gallon),2.407,$/GAL
2026-02-09,Y35NY,NEW YORK CITY,EPMR,Regular Gasoline,PTE,Retail Sales,EMM_EPMR_PTE_Y35NY_DPG,New York City Regular All Formulations Retail Gasoline Prices (Dollars per Gallon),2.79,$/GAL
2026-02-09,Y05SF,SAN FRANCISCO,EPMR,Regular Gasoline,PTE,Retail Sales,EMM_EPMR_PTE_Y05SF_DPG,San Francisco Regular All Formulations Retail Gasoline Prices (Dollars per Gallon),4.454,$/GAL
2026-02-09,Y05LA,LOS ANGELES,EPMR,Regular Gasoline,PTE,Retail Sales,EMM_EPMR_PTE_Y05LA_DPG,Los Angeles Regular All Formulations Retail Gasoline Prices (Dollars per Gallon),4.277,$/GAL
2026-02-09,SWA,WASHINGTON,EPMR,Regular Gasoline,PTE,Retail Sales,EMM_EPMR_PTE_SWA_DPG,Washington Regular All Formulations Retail Gasoline Prices (Dollars per Gallon),3.863,$/GAL
2026-02-09,STX,TEXAS,EPMR,Regular Gasoline,PTE,Retail Sales,EMM_EPMR_PTE_STX_DPG,Texas Regular All Formulations Retail Gasoline Prices (Dollars per Gallon),2.47,$/GAL
2026-02-09,SOH,OHIO,EPMR,Regular Gasoline,PTE,Retail Sales,EMM_EPMR_PTE_SOH_DPG,Ohio Regular All Formulations Retail Gasoline Prices (Dollars per Gallon),2.735,$/GAL
2026-02-09,SNY,NEW YORK,EPMR,Regular Gasoline,PTE,Retail Sales,EMM_EPMR_PTE_SNY_DPG,New York Regular All Formulations Retail Gasoline Prices (Dollars per Gallon),2.877,$/GAL
2026-02-09,SMN,MINNESOTA,EPMR,Regular Gasoline,PTE,Retail Sales,EMM_EPMR_PTE_SMN_DPG,Minnesota Regular All Formulations Retail Gasoline Prices (Dollars per Gallon),2.708,$/GAL
2026-02-09,SMA,MASSACHUSETTS,EPMR,Regular Gasoline,PTE,Retail Sales,EMM_EPMR_PTE_SMA_DPG,Massachusetts Regular All Formulations Retail Gasoline Prices (Dollars per Gallon),2.849,$/GAL
2026-02-09,SFL,FLORIDA,EPMR,Regular Gasoline,PTE,Retail Sales,EMM_EPMR_PTE_SFL_DPG,Florida Regular All Formulations Retail Gasoline Prices (Dollars per Gallon),2.796,$/GAL
2026-02-09,SCO,COLORADO,EPMR,Regular Gasoline,PTE,Retail Sales,EMM_EPMR_PTE_SCO_DPG,Colorado Regular All Formulations Retail Gasoline Prices (Dollars per Gallon),2.681,$/GAL
2026-02-09,SCA,CALIFORNIA,EPMR,Regular Gasoline,PTE,Retail Sales,EMM_EPMR_PTE_SCA_DPG,California Regular All Formulations Retail Gasoline Prices (Dollars per Gallon),4.314,$/GAL
2026-02-09,R5XCA,PADD 5 EXCEPT CALIFORNIA,EPMR,Regular Gasoline,PTE,Retail Sales,EMM_EPMR_PTE_R5XCA_DPG,West Coast (PADD 5) Except California Regular All Formulations Retail Gasoline Prices (Dollars per Gallon),3.497,$/GAL
2026-02-09,R50,PADD 5,EPMR,Regular Gasoline,PTE,Retail Sales,EMM_EPMR_PTE_R50_DPG,West Coast Regular All Formulations Retail Gasoline Prices (Dollars per Gallon),3.938,$/GAL
2026-02-09,R40,PADD 4,EPMR,Regular Gasoline,PTE,Retail Sales,EMM_EPMR_PTE_R40_DPG,Rocky Mountain Regular All Formulations Retail Gasoline Prices (Dollars per Gallon),2.669,$/GAL
2026-02-09,R30,PADD 3,EPMR,Regular Gasoline,PTE,Retail Sales,EMM_EPMR_PTE_R30_DPG,Gulf Coast Regular All Formulations Retail Gasoline Prices (Dollars per Gallon),2.476,$/GAL
2026-02-09,R20,PADD 2,EPMR,Regular Gasoline,PTE,Retail Sales,EMM_EPMR_PTE_R20_DPG,Midwest Regular All Formulations Retail Gasoline Prices (Dollars per Gallon),2.688,$/GAL
2026-02-09,R1Z,PADD 1C,EPMR,Regular Gasoline,PTE,Retail Sales,EMM_EPMR_PTE_R1Z_DPG,Lower Atlantic (PADD 1C) Regular All Formulations Retail Gasoline Prices (Dollars per Gallon),2.737,$/GAL
2026-02-09,R1Y,PADD 1B,EPMR,Regular Gasoline,PTE,Retail Sales,EMM_EPMR_PTE_R1Y_DPG,Central Atlantic (PADD 1B) Regular All Formulations Retail Gasoline Prices (Dollars per Gallon),2.949,$/GAL
2026-02-09,R1X,PADD 1A,EPMR,Regular Gasoline,PTE,Retail Sales,EMM_EPMR_PTE_R1X_DPG,New England (PADD 1A) Regular All Formulations Retail Gasoline Prices (Dollars per Gallon),2.836,$/GAL
2026-02-09,R10,PADD 1,EPMR,Regular Gasoline,PTE,Retail Sales,EMM_EPMR_PTE_R10_DPG,East Coast Regular All Formulations Retail Gasoline Prices (Dollars per Gallon),2.822,$/GAL
2026-02-02,NUS,U.S.,EPMR,Regular Gasoline,PTE,Retail Sales,EMM_EPMR_PTE_NUS_DPG,U.S. Regular All Formulations Retail Gasoline Prices (Dollars per Gallon),2.867,$/GAL
2026-02-02,YORD,CHICAGO,EPMR,Regular Gasoline,PTE,Retail Sales,EMM_EPMR_PTE_YORD_DPG,Chicago Regular All Formulations Retail Gasoline Prices (Dollars per Gallon),2.938,$/GAL
2026-02-02,YMIA,MIAMI,EPMR,Regular Gasoline,PTE,Retail Sales,EMM_EPMR_PTE_YMIA_DPG,"Miami, FL Regular All Formulations Retail Gasoline Prices (Dollars per Gallon)",2.876,$/GAL
2026-02-02,YDEN,DENVER,EPMR,Regular Gasoline,PTE,Retail Sales,EMM_EPMR_PTE_YDEN_DPG,Denver Regular All Formulations Retail Gasoline Prices (Dollars per Gallon),2.454,$/GAL
2026-02-02,YCLE,CLEVELAND,EPMR,Regular Gasoline,PTE,Retail Sales,EMM_EPMR_PTE_YCLE_DPG,"Cleveland, OH Regular All Formulations Retail Gasoline Prices (Dollars per Gallon)",2.752,$/GAL
2026-02-02,YBOS,BOSTON,EPMR,Regular Gasoline,PTE,Retail Sales,EMM_EPMR_PTE_YBOS_DPG,"Boston, MA Regular All Formulations Retail Gasoline Prices (Dollars per Gallon)",2.847,$/GAL
2026-02-02,Y48SE,SEATTLE,EPMR,Regular Gasoline,PTE,Retail Sales,EMM_EPMR_PTE_Y48SE_DPG,"Seattle, WA Regular All Formulations Retail Gasoline Prices (Dollars per Gallon)",3.986,$/GAL
2026-02-02,Y44HO,HOUSTON,EPMR,Regular Gasoline,PTE,Retail Sales,EMM_EPMR_PTE_Y44HO_DPG,Houston Regular All Formulations Retail Gasoline Prices (Dollars per Gallon),2.39,$/GAL
2026-02-02,Y35NY,NEW YORK CITY,EPMR,Regular Gasoline,PTE,Retail Sales,EMM_EPMR_PTE_Y35NY_DPG,New York City Regular All Formulations Retail Gasoline Prices (Dollars per Gallon),2.786,$/GAL
2026-02-02,Y05SF,SAN FRANCISCO,EPMR,Regular Gasoline,PTE,Retail Sales,EMM_EPMR_PTE_Y05SF_DPG,San Francisco Regular All Formulations Retail Gasoline Prices (Dollars per Gallon),4.21,$/GAL
2026-02-02,Y05LA,LOS ANGELES,EPMR,Regular Gasoline,PTE,Retail Sales,EMM_EPMR_PTE_Y05LA_DPG,Los Angeles Regular All Formulations Retail Gasoline Prices (Dollars per Gallon),4.171,$/GAL
2026-02-02,SWA,WASHINGTON,EPMR,Regular Gasoline,PTE,Retail Sales,EMM_EPMR_PTE_SWA_DPG,Washington Regular All Formulations Retail Gasoline Prices (Dollars per Gallon),3.763,$/GAL
2026-02-02,STX,TEXAS,EPMR,Regular Gasoline,PTE,Retail Sales,EMM_EPMR_PTE_STX_DPG,Texas Regular All Formulations Retail Gasoline Prices (Dollars per Gallon),2.437,$/GAL
2026-02-02,SOH,OHIO,EPMR,Regular Gasoline,PTE,Retail Sales,EMM_EPMR_PTE_SOH_DPG,Ohio Regular All Formulations Retail Gasoline Prices (Dollars per Gallon),2.691,$/GAL
2026-02-02,SNY,NEW YORK,EPMR,Regular Gasoline,PTE,Retail Sales,EMM_EPMR_PTE_SNY_DPG,New York Regular All Formulations Retail Gasoline Prices (Dollars per Gallon),2.881,$/GAL
2026-02-02,SMN,MINNESOTA,EPMR,Regular Gasoline,PTE,Retail Sales,EMM_EPMR_PTE_SMN_DPG,Minnesota Regular All Formulations Retail Gasoline Prices (Dollars per Gallon),2.682,$/GAL
2026-02-02,SMA,MASSACHUSETTS,EPMR,Regular Gasoline,PTE,Retail Sales,EMM_EPMR_PTE_SMA_DPG,Massachusetts Regular All Formulations Retail Gasoline Prices (Dollars per Gallon),2.835,$/GAL
2026-02-02,SFL,FLORIDA,EPMR,Regular Gasoline,PTE,Retail Sales,EMM_EPMR_PTE_SFL_DPG,Florida Regular All Formulations Retail Gasoline Prices (Dollars per Gallon),2.832,$/GAL
2026-02-02,SCO,COLORADO,EPMR,Regular Gasoline,PTE,Retail Sales,EMM_EPMR_PTE_SCO_DPG,Colorado Regular All Formulations Retail Gasoline Prices (Dollars per Gallon),2.493,$/GAL
2026-02-02,SCA,CALIFORNIA,EPMR,Regular Gasoline,PTE,Retail Sales,EMM_EPMR_PTE_SCA_DPG,California Regular All Formulations Retail Gasoline Prices (Dollars per Gallon),4.177,$/GAL
2026-02-02,R5XCA,PADD 5 EXCEPT CALIFORNIA,EPMR,Regular Gasoline,PTE,Retail Sales,EMM_EPMR_PTE_R5XCA_DPG,West Coast (PADD 5) Except California Regular All Formulations Retail Gasoline Prices (Dollars per Gallon),3.415,$/GAL
2026-02-02,R50,PADD 5,EPMR,Regular Gasoline,PTE,Retail Sales,EMM_EPMR_PTE_R50_DPG,West Coast Regular All Formulations Retail Gasoline Prices (Dollars per Gallon),3.827,$/GAL
2026-02-02,R40,PADD 4,EPMR,Regular Gasoline,PTE,Retail Sales,EMM_EPMR_PTE_R40_DPG,Rocky Mountain Regular All Formulations Retail Gasoline Prices (Dollars per Gallon),2.569,$/GAL
2026-02-02,R30,PADD 3,EPMR,Regular Gasoline,PTE,Retail Sales,EMM_EPMR_PTE_R30_DPG,Gulf Coast Regular All Formulations Retail Gasoline Prices (Dollars per Gallon),2.444,$/GAL
2026-02-02,R20,PADD 2,EPMR,Regular Gasoline,PTE,Retail Sales,EMM_EPMR_PTE_R20_DPG,Midwest Regular All Formulations Retail Gasoline Prices (Dollars per Gallon),2.65,$/GAL
2026-02-02,R1Z,PADD 1C,EPMR,Regular Gasoline,PTE,Retail Sales,EMM_EPMR_PTE_R1Z_DPG,Lower Atlantic (PADD 1C) Regular All Formulations Retail Gasoline Prices (Dollars per Gallon),2.748,$/GAL
2026-02-02,R1Y,PADD 1B,EPMR,Regular Gasoline,PTE,Retail Sales,EMM_EPMR_PTE_R1Y_DPG,Central Atlantic (PADD 1B) Regular All Formulations Retail Gasoline Prices (Dollars per Gallon),2.94,$/GAL
2026-02-02,R1X,PADD 1A,EPMR,Regular Gasoline,PTE,Retail Sales,EMM_EPMR_PTE_R1X_DPG,New England (PADD 1A) Regular All Formulations Retail Gasoline Prices (Dollars per Gallon),2.819,$/GAL
2026-02-02,R10,PADD 1,EPMR,Regular Gasoline,PTE,Retail Sales,EMM_EPMR_PTE_R10_DPG,East Coast Regular All Formulations Retail Gasoline Prices (Dollars per Gallon),2.822,$/GAL
2026-01-26,NUS,U.S.,EPMR,Regular Gasoline,PTE,Retail Sales,EMM_EPMR_PTE_NUS_DPG,U.S. Regular All Formulations Retail Gasoline Prices (Dollars per Gallon),2.853,$/GAL
2026-01-26,YORD,CHICAGO,EPMR,Regular Gasoline,PTE,Retail Sales,EMM_EPMR_PTE_YORD_DPG,Chicago Regular All Formulations Retail Gasoline Prices (Dollars per Gallon),2.973,$/GAL
2026-01-26,YMIA,MIAMI,EPMR,Regular Gasoline,PTE,Retail Sales,EMM_EPMR_PTE_YMIA_DPG,"Miami, FL Regular All Formulations Retail Gasoline Prices (Dollars per Gallon)",2.817,$/GAL
2026-01-26,YDEN,DENVER,EPMR,Regular Gasoline,PTE,Retail Sales,EMM_EPMR_PTE_YDEN_DPG,Denver Regular All Formulations Retail Gasoline Prices (Dollars per Gallon),2.542,$/GAL
2026-01-26,YCLE,CLEVELAND,EPMR,Regular Gasoline,PTE,Retail Sales,EMM_EPMR_PTE_YCLE_DPG,"Cleveland, OH Regular All Formulations Retail Gasoline Prices (Dollars per Gallon)",2.851,$/GAL
2026-01-26,YBOS,BOSTON,EPMR,Regular Gasoline,PTE,Retail Sales,EMM_EPMR_PTE_YBOS_DPG,"Boston, MA Regular All Formulations Retail Gasoline Prices (Dollars per Gallon)",2.804,$/GAL
2026-01-26,Y48SE,SEATTLE,EPMR,Regular Gasoline,PTE,Retail Sales,EMM_EPMR_PTE_Y48SE_DPG,"Seattle, WA Regular All Formulations Retail Gasoline Prices (Dollars per Gallon)",3.929,$/GAL
2026-01-26,Y44HO,HOUSTON,EPMR,Regular Gasoline,PTE,Retail Sales,EMM_EPMR_PTE_Y44HO_DPG,Houston Regular All Formulations Retail Gasoline Prices (Dollars per Gallon),2.385,$/GAL
2026-01-26,Y35NY,NEW YORK CITY,EPMR,Regular Gasoline,PTE,Retail Sales,EMM_EPMR_PTE_Y35NY_DPG,New York City Regular All Formulations Retail Gasoline Prices (Dollars per Gallon),2.72,$/GAL
2026-01-26,Y05SF,SAN FRANCISCO,EPMR,Regular Gasoline,PTE,Retail Sales,EMM_EPMR_PTE_Y05SF_DPG,San Francisco Regular All Formulations Retail Gasoline Prices (Dollars per Gallon),4.086,$/GAL
2026-01-26,Y05LA,LOS ANGELES,EPMR,Regular Gasoline,PTE,Retail Sales,EMM_EPMR_PTE_Y05LA_DPG,Los Angeles Regular All Formulations Retail Gasoline Prices (Dollars per Gallon),4.043,$/GAL
2026-01-26,SWA,WASHINGTON,EPMR,Regular Gasoline,PTE,Retail Sales,EMM_EPMR_PTE_SWA_DPG,Washington Regular All Formulations Retail Gasoline Prices (Dollars per Gallon),3.685,$/GAL
2026-01-26,STX,TEXAS,EPMR,Regular Gasoline,PTE,Retail Sales,EMM_EPMR_PTE_STX_DPG,Texas Regular All Formulations Retail Gasoline Prices (Dollars per Gallon),2.443,$/GAL
2026-01-26,SOH,OHIO,EPMR,Regular Gasoline,PTE,Retail Sales,EMM_EPMR_PTE_SOH_DPG,Ohio Regular All Formulations Retail Gasoline Prices (Dollars per Gallon),2.877,$/GAL
2026-01-26,SNY,NEW YORK,EPMR,Regular Gasoline,PTE,Retail Sales,EMM_EPMR_PTE_SNY_DPG,New York Regular All Formulations Retail Gasoline Prices (Dollars per Gallon),2.859,$/GAL
2026-01-26,SMN,MINNESOTA,EPMR,Regular Gasoline,PTE,Retail Sales,EMM_EPMR_PTE_SMN_DPG,Minnesota Regular All Formulations Retail Gasoline Prices (Dollars per Gallon),2.703,$/GAL
2026-01-26,SMA,MASSACHUSETTS,EPMR,Regular Gasoline,PTE,Retail Sales,EMM_EPMR_PTE_SMA_DPG,Massachusetts Regular All Formulations Retail Gasoline Prices (Dollars per Gallon),2.793,$/GAL
2026-01-26,SFL,FLORIDA,EPMR,Regular Gasoline,PTE,Retail Sales,EMM_EPMR_PTE_SFL_DPG,Florida Regular All Formulations Retail Gasoline Prices (Dollars per Gallon),2.787,$/GAL
2026-01-26,SCO,COLORADO,EPMR,Regular Gasoline,PTE,Retail Sales,EMM_EPMR_PTE_SCO_DPG,Colorado Regular All Formulations Retail Gasoline Prices (Dollars per Gallon),2.471,$/GAL
2026-01-26,SCA,CALIFORNIA,EPMR,Regular Gasoline,PTE,Retail Sales,EMM_EPMR_PTE_SCA_DPG,California Regular All Formulations Retail Gasoline Prices (Dollars per Gallon),4.04,$/GAL
2026-01-26,R5XCA,PADD 5 EXCEPT CALIFORNIA,EPMR,Regular Gasoline,PTE,Retail Sales,EMM_EPMR_PTE_R5XCA_DPG,West Coast (PADD 5) Except California Regular All Formulations Retail Gasoline Prices (Dollars per Gallon),3.313,$/GAL
2026-01-26,R50,PADD 5,EPMR,Regular Gasoline,PTE,Retail Sales,EMM_EPMR_PTE_R50_DPG,West Coast Regular All Formulations Retail Gasoline Prices (Dollars per Gallon),3.705,$/GAL
2026-01-26,R40,PADD 4,EPMR,Regular Gasoline,PTE,Retail Sales,EMM_EPMR_PTE_R40_DPG,Rocky Mountain Regular All Formulations Retail Gasoline Prices (Dollars per Gallon),2.536,$/GAL
2026-01-26,R30,PADD 3,EPMR,Regular Gasoline,PTE,Retail Sales,EMM_EPMR_PTE_R30_DPG,Gulf Coast Regular All Formulations Retail Gasoline Prices (Dollars per Gallon),2.455,$/GAL
2026-01-26,R20,PADD 2,EPMR,Regular Gasoline,PTE,Retail Sales,EMM_EPMR_PTE_R20_DPG,Midwest Regular All Formulations Retail Gasoline Prices (Dollars per Gallon),2.693,$/GAL
2026-01-26,R1Z,PADD 1C,EPMR,Regular Gasoline,PTE,Retail Sales,EMM_EPMR_PTE_R1Z_DPG,Lower Atlantic (PADD 1C) Regular All Formulations Retail Gasoline Prices (Dollars per Gallon),2.753,$/GAL
2026-01-26,R1Y,PADD 1B,EPMR,Regular Gasoline,PTE,Retail Sales,EMM_EPMR_PTE_R1Y_DPG,Central Atlantic (PADD 1B) Regular All Formulations Retail Gasoline Prices (Dollars per Gallon),2.885,$/GAL
2026-01-26,R1X,PADD 1A,EPMR,Regular Gasoline,PTE,Retail Sales,EMM_EPMR_PTE_R1X_DPG,New England (PADD 1A) Regular All Formulations Retail Gasoline Prices (Dollars per Gallon),2.784,$/GAL
2026-01-26,R10,PADD 1,EPMR,Regular Gasoline,PTE,Retail Sales,EMM_EPMR_PTE_R10_DPG,East Coast Regular All Formulations Retail Gasoline Prices (Dollars per Gallon),2.801,$/GAL
2026-01-19,NUS,U.S.,EPMR,Regular Gasoline,PTE,Retail Sales,EMM_EPMR_PTE_NUS_DPG,U.S. Regular All Formulations Retail Gasoline Prices (Dollars per Gallon),2.806,$/GAL
2026-01-19,YORD,CHICAGO,EPMR,Regular Gasoline,PTE,Retail Sales,EMM_EPMR_PTE_YORD_DPG,Chicago Regular All Formulations Retail Gasoline Prices (Dollars per Gallon),2.913,$/GAL
2026-01-19,YMIA,MIAMI,EPMR,Regular Gasoline,PTE,Retail Sales,EMM_EPMR_PTE_YMIA_DPG,"Miami, FL Regular All Formulations Retail Gasoline Prices (Dollars per Gallon)",2.745,$/GAL
2026-01-19,YDEN,DENVER,EPMR,Regular Gasoline,PTE,Retail Sales,EMM_EPMR_PTE_YDEN_DPG,Denver Regular All Formulations Retail Gasoline Prices (Dollars per Gallon),2.479,$/GAL
2026-01-19,YCLE,CLEVELAND,EPMR,Regular Gasoline,PTE,Retail Sales,EMM_EPMR_PTE_YCLE_DPG,"Cleveland, OH Regular All Formulations Retail Gasoline Prices (Dollars per Gallon)",2.778,$/GAL
2026-01-19,YBOS,BOSTON,EPMR,Regular Gasoline,PTE,Retail Sales,EMM_EPMR_PTE_YBOS_DPG,"Boston, MA Regular All Formulations Retail Gasoline Prices (Dollars per Gallon)",2.812,$/GAL
2026-01-19,Y48SE,SEATTLE,EPMR,Regular Gasoline,PTE,Retail Sales,EMM_EPMR_PTE_Y48SE_DPG,"Seattle, WA Regular All Formulations Retail Gasoline Prices (Dollars per Gallon)",3.921,$/GAL
2026-01-19,Y44HO,HOUSTON,EPMR,Regular Gasoline,PTE,Retail Sales,EMM_EPMR_PTE_Y44HO_DPG,Houston Regular All Formulations Retail Gasoline Prices (Dollars per Gallon),2.299,$/GAL
2026-01-19,Y35NY,NEW YORK CITY,EPMR,Regular Gasoline,PTE,Retail Sales,EMM_EPMR_PTE_Y35NY_DPG,New York City Regular All Formulations Retail Gasoline Prices (Dollars per Gallon),2.733,$/GAL
2026-01-19,Y05SF,SAN FRANCISCO,EPMR,Regular Gasoline,PTE,Retail Sales,EMM_EPMR_PTE_Y05SF_DPG,San Francisco Regular All Formulations Retail Gasoline Prices (Dollars per Gallon),3.989,$/GAL
2026-01-19,Y05LA,LOS ANGELES,EPMR,Regular Gasoline,PTE,Retail Sales,EMM_EPMR_PTE_Y05LA_DPG,Los Angeles Regular All Formulations Retail Gasoline Prices (Dollars per Gallon),3.97,$/GAL
2026-01-19,SWA,WASHINGTON,EPMR,Regular Gasoline,PTE,Retail Sales,EMM_EPMR_PTE_SWA_DPG,Washington Regular All Formulations Retail Gasoline Prices (Dollars per Gallon),3.657,$/GAL
2026-01-19,STX,TEXAS,EPMR,Regular Gasoline,PTE,Retail Sales,EMM_EPMR_PTE_STX_DPG,Texas Regular All Formulations Retail Gasoline Prices (Dollars per Gallon),2.378,$/GAL
2026-01-19,SOH,OHIO,EPMR,Regular Gasoline,PTE,Retail Sales,EMM_EPMR_PTE_SOH_DPG,Ohio Regular All Formulations Retail Gasoline Prices (Dollars per Gallon),2.675,$/GAL
2026-01-19,SNY,NEW YORK,EPMR,Regular Gasoline,PTE,Retail Sales,EMM_EPMR_PTE_SNY_DPG,New York Regular All Formulations Retail Gasoline Prices (Dollars per Gallon),2.858,$/GAL
2026-01-19,SMN,MINNESOTA,EPMR,Regular Gasoline,PTE,Retail Sales,EMM_EPMR_PTE_SMN_DPG,Minnesota Regular All Formulations Retail Gasoline Prices (Dollars per Gallon),2.64,$/GAL
2026-01-19,SMA,MASSACHUSETTS,EPMR,Regular Gasoline,PTE,Retail Sales,EMM_EPMR_PTE_SMA_DPG,Massachusetts Regular All Formulations Retail Gasoline Prices (Dollars per Gallon),2.809,$/GAL
2026-01-19,SFL,FLORIDA,EPMR,Regular Gasoline,PTE,Retail Sales,EMM_EPMR_PTE_SFL_DPG,Florida Regular All Formulations Retail Gasoline Prices (Dollars per Gallon),2.703,$/GAL
2026-01-19,SCO,COLORADO,EPMR,Regular Gasoline,PTE,Retail Sales,EMM_EPMR_PTE_SCO_DPG,Colorado Regular All Formulations Retail Gasoline Prices (Dollars per Gallon),2.379,$/GAL
2026-01-19,SCA,CALIFORNIA,EPMR,Regular Gasoline,PTE,Retail Sales,EMM_EPMR_PTE_SCA_DPG,California Regular All Formulations Retail Gasoline Prices (Dollars per Gallon),3.977,$/GAL
2026-01-19,R5XCA,PADD 5 EXCEPT CALIFORNIA,EPMR,Regular Gasoline,PTE,Retail Sales,EMM_EPMR_PTE_R5XCA_DPG,West Coast (PADD 5) Except California Regular All Formulations Retail Gasoline Prices (Dollars per Gallon),3.295,$/GAL
2026-01-19,R50,PADD 5,EPMR,Regular Gasoline,PTE,Retail Sales,EMM_EPMR_PTE_R50_DPG,West Coast Regular All Formulations Retail Gasoline Prices (Dollars per Gallon),3.657,$/GAL
2026-01-19,R40,PADD 4,EPMR,Regular Gasoline,PTE,Retail Sales,EMM_EPMR_PTE_R40_DPG,Rocky Mountain Regular All Formulations Retail Gasoline Prices (Dollars per Gallon),2.494,$/GAL
2026-01-19,R30,PADD 3,EPMR,Regular Gasoline,PTE,Retail Sales,EMM_EPMR_PTE_R30_DPG,Gulf Coast Regular All Formulations Retail Gasoline Prices (Dollars per Gallon),2.397,$/GAL
2026-01-19,R20,PADD 2,EPMR,Regular Gasoline,PTE,Retail Sales,EMM_EPMR_PTE_R20_DPG,Midwest Regular All Formulations Retail Gasoline Prices (Dollars per Gallon),2.648,$/GAL
2026-01-19,R1Z,PADD 1C,EPMR,Regular Gasoline,PTE,Retail Sales,EMM_EPMR_PTE_R1Z_DPG,Lower Atlantic (PADD 1C) Regular All Formulations Retail Gasoline Prices (Dollars per Gallon),2.667,$/GAL
2026-01-19,R1Y,PADD 1B,EPMR,Regular Gasoline,PTE,Retail Sales,EMM_EPMR_PTE_R1Y_DPG,Central Atlantic (PADD 1B) Regular All Formulations Retail Gasoline Prices (Dollars per Gallon),2.904,$/GAL
2026-01-19,R1X,PADD 1A,EPMR,Regular Gasoline,PTE,Retail Sales,EMM_EPMR_PTE_R1X_DPG,New England (PADD 1A) Regular All Formulations Retail Gasoline Prices (Dollars per Gallon),2.79,$/GAL
2026-01-19,R10,PADD 1,EPMR,Regular Gasoline,PTE,Retail Sales,EMM_EPMR_PTE_R10_DPG,East Coast Regular All Formulations Retail Gasoline Prices (Dollars per Gallon),2.763,$/GAL
2026-01-12,NUS,U.S.,EPMR,Regular Gasoline,PTE,Retail Sales,EMM_EPMR_PTE_NUS_DPG,U.S. Regular All Formulations Retail Gasoline Prices (Dollars per Gallon),2.779,$/GAL
2026-01-12,YORD,CHICAGO,EPMR,Regular Gasoline,PTE,Retail Sales,EMM_EPMR_PTE_YORD_DPG,Chicago Regular All Formulations Retail Gasoline Prices (Dollars per Gallon),2.921,$/GAL
2026-01-12,YMIA,MIAMI,EPMR,Regular Gasoline,PTE,Retail Sales,EMM_EPMR_PTE_YMIA_DPG,"Miami, FL Regular All Formulations Retail Gasoline Prices (Dollars per Gallon)",2.675,$/GAL
2026-01-12,YDEN,DENVER,EPMR,Regular Gasoline,PTE,Retail Sales,EMM_EPMR_PTE_YDEN_DPG,Denver Regular All Formulations Retail Gasoline Prices (Dollars per Gallon),2.249,$/GAL
2026-01-12,YCLE,CLEVELAND,EPMR,Regular Gasoline,PTE,Retail Sales,EMM_EPMR_PTE_YCLE_DPG,"Cleveland, OH Regular All Formulations Retail Gasoline Prices (Dollars per Gallon)",2.758,$/GAL
2026-01-12,YBOS,BOSTON,EPMR,Regular Gasoline,PTE,Retail Sales,EMM_EPMR_PTE_YBOS_DPG,"Boston, MA Regular All Formulations Retail Gasoline Prices (Dollars per Gallon)",2.833,$/GAL
2026-01-12,Y48SE,SEATTLE,EPMR,Regular Gasoline,PTE,Retail Sales,EMM_EPMR_PTE_Y48SE_DPG,"Seattle, WA Regular All Formulations Retail Gasoline Prices (Dollars per Gallon)",3.927,$/GAL
2026-01-12,Y44HO,HOUSTON,EPMR,Regular Gasoline,PTE,Retail Sales,EMM_EPMR_PTE_Y44HO_DPG,Houston Regular All Formulations Retail Gasoline Prices (Dollars per Gallon),2.283,$/GAL
2026-01-12,Y35NY,NEW YORK CITY,EPMR,Regular Gasoline,PTE,Retail Sales,EMM_EPMR_PTE_Y35NY_DPG,New York City Regular All Formulations Retail Gasoline Prices (Dollars per Gallon),2.758,$/GAL
2026-01-12,Y05SF,SAN FRANCISCO,EPMR,Regular Gasoline,PTE,Retail Sales,EMM_EPMR_PTE_Y05SF_DPG,San Francisco Regular All Formulations Retail Gasoline Prices (Dollars per Gallon),3.944,$/GAL
2026-01-12,Y05LA,LOS ANGELES,EPMR,Regular Gasoline,PTE,Retail Sales,EMM_EPMR_PTE_Y05LA_DPG,Los Angeles Regular All Formulations Retail Gasoline Prices (Dollars per Gallon),3.98,$/GAL
2026-01-12,SWA,WASHINGTON,EPMR,Regular Gasoline,PTE,Retail Sales,EMM_EPMR_PTE_SWA_DPG,Washington Regular All Formulations Retail Gasoline Prices (Dollars per Gallon),3.645,$/GAL
2026-01-12,STX,TEXAS,EPMR,Regular Gasoline,PTE,Retail Sales,EMM_EPMR_PTE_STX_DPG,Texas Regular All Formulations Retail Gasoline Prices (Dollars per Gallon),2.349,$/GAL
2026-01-12,SOH,OHIO,EPMR,Regular Gasoline,PTE,Retail Sales,EMM_EPMR_PTE_SOH_DPG,Ohio Regular All Formulations Retail Gasoline Prices (Dollars per Gallon),2.691,$/GAL
2026-01-12,SNY,NEW YORK,EPMR,Regular Gasoline,PTE,Retail Sales,EMM_EPMR_PTE_SNY_DPG,New York Regular All Formulations Retail Gasoline Prices (Dollars per Gallon),2.886,$/GAL
2026-01-12,SMN,MINNESOTA,EPMR,Regular Gasoline,PTE,Retail Sales,EMM_EPMR_PTE_SMN_DPG,Minnesota Regular All Formulations Retail Gasoline Prices (Dollars per Gallon),2.667,$/GAL
2026-01-12,SMA,MASSACHUSETTS,EPMR,Regular Gasoline,PTE,Retail Sales,EMM_EPMR_PTE_SMA_DPG,Massachusetts Regular All Formulations Retail Gasoline Prices (Dollars per Gallon),2.831,$/GAL
2026-01-12,SFL,FLORIDA,EPMR,Regular Gasoline,PTE,Retail Sales,EMM_EPMR_PTE_SFL_DPG,Florida Regular All Formulations Retail Gasoline Prices (Dollars per Gallon),2.605,$/GAL
2026-01-12,SCO,COLORADO,EPMR,Regular Gasoline,PTE,Retail Sales,EMM_EPMR_PTE_SCO_DPG,Colorado Regular All Formulations Retail Gasoline Prices (Dollars per Gallon),2.257,$/GAL
2026-01-12,SCA,CALIFORNIA,EPMR,Regular Gasoline,PTE,Retail Sales,EMM_EPMR_PTE_SCA_DPG,California Regular All Formulations Retail Gasoline Prices (Dollars per Gallon),3.978,$/GAL
2026-01-12,R5XCA,PADD 5 EXCEPT CALIFORNIA,EPMR,Regular Gasoline,PTE,Retail Sales,EMM_EPMR_PTE_R5XCA_DPG,West Coast (PADD 5) Except California Regular All Formulations Retail Gasoline Prices (Dollars per Gallon),3.28,$/GAL
2026-01-12,R50,PADD 5,EPMR,Regular Gasoline,PTE,Retail Sales,EMM_EPMR_PTE_R50_DPG,West Coast Regular All Formulations Retail Gasoline Prices (Dollars per Gallon),3.649,$/GAL
2026-01-12,R40,PADD 4,EPMR,Regular Gasoline,PTE,Retail Sales,EMM_EPMR_PTE_R40_DPG,Rocky Mountain Regular All Formulations Retail Gasoline Prices (Dollars per Gallon),2.422,$/GAL
2026-01-12,R30,PADD 3,EPMR,Regular Gasoline,PTE,Retail Sales,EMM_EPMR_PTE_R30_DPG,Gulf Coast Regular All Formulations Retail Gasoline Prices (Dollars per Gallon),2.375,$/GAL
2026-01-12,R20,PADD 2,EPMR,Regular Gasoline,PTE,Retail Sales,EMM_EPMR_PTE_R20_DPG,Midwest Regular All Formulations Retail Gasoline Prices (Dollars per Gallon),2.604,$/GAL
2026-01-12,R1Z,PADD 1C,EPMR,Regular Gasoline,PTE,Retail Sales,EMM_EPMR_PTE_R1Z_DPG,Lower Atlantic (PADD 1C) Regular All Formulations Retail Gasoline Prices (Dollars per Gallon),2.621,$/GAL
2026-01-12,R1Y,PADD 1B,EPMR,Regular Gasoline,PTE,Retail Sales,EMM_EPMR_PTE_R1Y_DPG,Central Atlantic (PADD 1B) Regular All Formulations Retail Gasoline Prices (Dollars per Gallon),2.901,$/GAL
2026-01-12,R1X,PADD 1A,EPMR,Regular Gasoline,PTE,Retail Sales,EMM_EPMR_PTE_R1X_DPG,New England (PADD 1A) Regular All Formulations Retail Gasoline Prices (Dollars per Gallon),2.822,$/GAL
2026-01-12,R10,PADD 1,EPMR,Regular Gasoline,PTE,Retail Sales,EMM_EPMR_PTE_R10_DPG,East Coast Regular All Formulations Retail Gasoline Prices (Dollars per Gallon),2.741,$/GAL
2026-01-05,NUS,U.S.,EPMR,Regular Gasoline,PTE,Retail Sales,EMM_EPMR_PTE_NUS_DPG,U.S. Regular All Formulations Retail Gasoline Prices (Dollars per Gallon),2.796,$/GAL
2026-01-05,YORD,CHICAGO,EPMR,Regular Gasoline,PTE,Retail Sales,EMM_EPMR_PTE_YORD_DPG,Chicago Regular All Formulations Retail Gasoline Prices (Dollars per Gallon),2.942,$/GAL
2026-01-05,YMIA,MIAMI,EPMR,Regular Gasoline,PTE,Retail Sales,EMM_EPMR_PTE_YMIA_DPG,"Miami, FL Regular All Formulations Retail Gasoline Prices (Dollars per Gallon)",2.776,$/GAL
2026-01-05,YDEN,DENVER,EPMR,Regular Gasoline,PTE,Retail Sales,EMM_EPMR_PTE_YDEN_DPG,Denver Regular All Formulations Retail Gasoline Prices (Dollars per Gallon),2.147,$/GAL
2026-01-05,YCLE,CLEVELAND,EPMR,Regular Gasoline,PTE,Retail Sales,EMM_EPMR_PTE_YCLE_DPG,"Cleveland, OH Regular All Formulations Retail Gasoline Prices (Dollars per Gallon)",2.658,$/GAL
2026-01-05,YBOS,BOSTON,EPMR,Regular Gasoline,PTE,Retail Sales,EMM_EPMR_PTE_YBOS_DPG,"Boston, MA Regular All Formulations Retail Gasoline Prices (Dollars per Gallon)",2.86,$/GAL
2026-01-05,Y48SE,SEATTLE,EPMR,Regular Gasoline,PTE,Retail Sales,EMM_EPMR_PTE_Y48SE_DPG,"Seattle, WA Regular All Formulations Retail Gasoline Prices (Dollars per Gallon)",4.027,$/GAL
2026-01-05,Y44HO,HOUSTON,EPMR,Regular Gasoline,PTE,Retail Sales,EMM_EPMR_PTE_Y44HO_DPG,Houston Regular All Formulations Retail Gasoline Prices (Dollars per Gallon),2.282,$/GAL
2026-01-05,Y35NY,NEW YORK CITY,EPMR,Regular Gasoline,PTE,Retail Sales,EMM_EPMR_PTE_Y35NY_DPG,New York City Regular All Formulations Retail Gasoline Prices (Dollars per Gallon),2.785,$/GAL
2026-01-05,Y05SF,SAN FRANCISCO,EPMR,Regular Gasoline,PTE,Retail Sales,EMM_EPMR_PTE_Y05SF_DPG,San Francisco Regular All Formulations Retail Gasoline Prices (Dollars per Gallon),4.003,$/GAL
2026-01-05,Y05LA,LOS ANGELES,EPMR,Regular Gasoline,PTE,Retail Sales,EMM_EPMR_PTE_Y05LA_DPG,Los Angeles Regular All Formulations Retail Gasoline Prices (Dollars per Gallon),4.035,$/GAL
2026-01-05,SWA,WASHINGTON,EPMR,Regular Gasoline,PTE,Retail Sales,EMM_EPMR_PTE_SWA_DPG,Washington Regular All Formulations Retail Gasoline Prices (Dollars per Gallon),3.71,$/GAL
2026-01-05,STX,TEXAS,EPMR,Regular Gasoline,PTE,Retail Sales,EMM_EPMR_PTE_STX_DPG,Texas Regular All Formulations Retail Gasoline Prices (Dollars per Gallon),2.322,$/GAL
2026-01-05,SOH,OHIO,EPMR,Regular Gasoline,PTE,Retail Sales,EMM_EPMR_PTE_SOH_DPG,Ohio Regular All Formulations Retail Gasoline Prices (Dollars per Gallon),2.536,$/GAL
2026-01-05,SNY,NEW YORK,EPMR,Regular Gasoline,PTE,Retail Sales,EMM_EPMR_PTE_SNY_DPG,New York Regular All Formulations Retail Gasoline Prices (Dollars per Gallon),2.913,$/GAL
2026-01-05,SMN,MINNESOTA,EPMR,Regular Gasoline,PTE,Retail Sales,EMM_EPMR_PTE_SMN_DPG,Minnesota Regular All Formulations Retail Gasoline Prices (Dollars per Gallon),2.682,$/GAL
2026-01-05,SMA,MASSACHUSETTS,EPMR,Regular Gasoline,PTE,Retail Sales,EMM_EPMR_PTE_SMA_DPG,Massachusetts Regular All Formulations Retail Gasoline Prices (Dollars per Gallon),2.859,$/GAL
2026-01-05,SFL,FLORIDA,EPMR,Regular Gasoline,PTE,Retail Sales,EMM_EPMR_PTE_SFL_DPG,Florida Regular All Formulations Retail Gasoline Prices (Dollars per Gallon),2.745,$/GAL
2026-01-05,SCO,COLORADO,EPMR,Regular Gasoline,PTE,Retail Sales,EMM_EPMR_PTE_SCO_DPG,Colorado Regular All Formulations Retail Gasoline Prices (Dollars per Gallon),2.188,$/GAL
2026-01-05,SCA,CALIFORNIA,EPMR,Regular Gasoline,PTE,Retail Sales,EMM_EPMR_PTE_SCA_DPG,California Regular All Formulations Retail Gasoline Prices (Dollars per Gallon),4.034,$/GAL
2026-01-05,R5XCA,PADD 5 EXCEPT CALIFORNIA,EPMR,Regular Gasoline,PTE,Retail Sales,EMM_EPMR_PTE_R5XCA_DPG,West Coast (PADD 5) Except California Regular All Formulations Retail Gasoline Prices (Dollars per Gallon),3.343,$/GAL
2026-01-05,R50,PADD 5,EPMR,Regular Gasoline,PTE,Retail Sales,EMM_EPMR_PTE_R50_DPG,West Coast Regular All Formulations Retail Gasoline Prices (Dollars per Gallon),3.708,$/GAL
2026-01-05,R40,PADD 4,EPMR,Regular Gasoline,PTE,Retail Sales,EMM_EPMR_PTE_R40_DPG,Rocky Mountain Regular All Formulations Retail Gasoline Prices (Dollars per Gallon),2.403,$/GAL
2026-01-05,R30,PADD 3,EPMR,Regular Gasoline,PTE,Retail Sales,EMM_EPMR_PTE_R30_DPG,Gulf Coast Regular All Formulations Retail Gasoline Prices (Dollars per Gallon),2.372,$/GAL
2026-01-05,R20,PADD 2,EPMR,Regular Gasoline,PTE,Retail Sales,EMM_EPMR_PTE_R20_DPG,Midwest Regular All Formulations Retail Gasoline Prices (Dollars per Gallon),2.585,$/GAL
2026-01-05,R1Z,PADD 1C,EPMR,Regular Gasoline,PTE,Retail Sales,EMM_EPMR_PTE_R1Z_DPG,Lower Atlantic (PADD 1C) Regular All Formulations Retail Gasoline Prices (Dollars per Gallon),2.672,$/GAL
2026-01-05,R1Y,PADD 1B,EPMR,Regular Gasoline,PTE,Retail Sales,EMM_EPMR_PTE_R1Y_DPG,Central Atlantic (PADD 1B) Regular All Formulations Retail Gasoline Prices (Dollars per Gallon),2.92,$/GAL
2026-01-05,R1X,PADD 1A,EPMR,Regular Gasoline,PTE,Retail Sales,EMM_EPMR_PTE_R1X_DPG,New England (PADD 1A) Regular All Formulations Retail Gasoline Prices (Dollars per Gallon),2.848,$/GAL
2026-01-05,R10,PADD 1,EPMR,Regular Gasoline,PTE,Retail Sales,EMM_EPMR_PTE_R10_DPG,East Coast Regular All Formulations Retail Gasoline Prices (Dollars per Gallon),2.778,$/GAL
2025-12-29,NUS,U.S.,EPMR,Regular Gasoline,PTE,Retail Sales,EMM_EPMR_PTE_NUS_DPG,U.S. Regular All Formulations Retail Gasoline Prices (Dollars per Gallon),2.811,$/GAL
2025-12-29,YORD,CHICAGO,EPMR,Regular Gasoline,PTE,Retail Sales,EMM_EPMR_PTE_YORD_DPG,Chicago Regular All Formulations Retail Gasoline Prices (Dollars per Gallon),3.018,$/GAL
2025-12-29,YMIA,MIAMI,EPMR,Regular Gasoline,PTE,Retail Sales,EMM_EPMR_PTE_YMIA_DPG,"Miami, FL Regular All Formulations Retail Gasoline Prices (Dollars per Gallon)",2.753,$/GAL
2025-12-29,YDEN,DENVER,EPMR,Regular Gasoline,PTE,Retail Sales,EMM_EPMR_PTE_YDEN_DPG,Denver Regular All Formulations Retail Gasoline Prices (Dollars per Gallon),2.167,$/GAL
2025-12-29,YCLE,CLEVELAND,EPMR,Regular Gasoline,PTE,Retail Sales,EMM_EPMR_PTE_YCLE_DPG,"Cleveland, OH Regular All Formulations Retail Gasoline Prices (Dollars per Gallon)",2.732,$/GAL
2025-12-29,YBOS,BOSTON,EPMR,Regular Gasoline,PTE,Retail Sales,EMM_EPMR_PTE_YBOS_DPG,"Boston, MA Regular All Formulations Retail Gasoline Prices (Dollars per Gallon)",2.872,$/GAL
2025-12-29,Y48SE,SEATTLE,EPMR,Regular Gasoline,PTE,Retail Sales,EMM_EPMR_PTE_Y48SE_DPG,"Seattle, WA Regular All Formulations Retail Gasoline Prices (Dollars per Gallon)",4.081,$/GAL
2025-12-29,Y44HO,HOUSTON,EPMR,Regular Gasoline,PTE,Retail Sales,EMM_EPMR_PTE_Y44HO_DPG,Houston Regular All Formulations Retail Gasoline Prices (Dollars per Gallon),2.319,$/GAL
2025-12-29,Y35NY,NEW YORK CITY,EPMR,Regular Gasoline,PTE,Retail Sales,EMM_EPMR_PTE_Y35NY_DPG,New York City Regular All Formulations Retail Gasoline Prices (Dollars per Gallon),2.806,$/GAL
2025-12-29,Y05SF,SAN FRANCISCO,EPMR,Regular Gasoline,PTE,Retail Sales,EMM_EPMR_PTE_Y05SF_DPG,San Francisco Regular All Formulations Retail Gasoline Prices (Dollars per Gallon),4.015,$/GAL
2025-12-29,Y05LA,LOS ANGELES,EPMR,Regular Gasoline,PTE,Retail Sales,EMM_EPMR_PTE_Y05LA_DPG,Los Angeles Regular All Formulations Retail Gasoline Prices (Dollars per Gallon),4.034,$/GAL
2025-12-29,SWA,WASHINGTON,EPMR,Regular Gasoline,PTE,Retail Sales,EMM_EPMR_PTE_SWA_DPG,Washington Regular All Formulations Retail Gasoline Prices (Dollars per Gallon),3.774,$/GAL
2025-12-29,STX,TEXAS,EPMR,Regular Gasoline,PTE,Retail Sales,EMM_EPMR_PTE_STX_DPG,Texas Regular All Formulations Retail Gasoline Prices (Dollars per Gallon),2.356,$/GAL
2025-12-29,SOH,OHIO,EPMR,Regular Gasoline,PTE,Retail Sales,EMM_EPMR_PTE_SOH_DPG,Ohio Regular All Formulations Retail Gasoline Prices (Dollars per Gallon),2.714,$/GAL
2025-12-29,SNY,NEW YORK,EPMR,Regular Gasoline,PTE,Retail Sales,EMM_EPMR_PTE_SNY_DPG,New York Regular All Formulations Retail Gasoline Prices (Dollars per Gallon),2.931,$/GAL
2025-12-29,SMN,MINNESOTA,EPMR,Regular Gasoline,PTE,Retail Sales,EMM_EPMR_PTE_SMN_DPG,Minnesota Regular All Formulations Retail Gasoline Prices (Dollars per Gallon),2.702,$/GAL
2025-12-29,SMA,MASSACHUSETTS,EPMR,Regular Gasoline,PTE,Retail Sales,EMM_EPMR_PTE_SMA_DPG,Massachusetts Regular All Formulations Retail Gasoline Prices (Dollars per Gallon),2.875,$/GAL
2025-12-29,SFL,FLORIDA,EPMR,Regular Gasoline,PTE,Retail Sales,EMM_EPMR_PTE_SFL_DPG,Florida Regular All Formulations Retail Gasoline Prices (Dollars per Gallon),2.687,$/GAL
2025-12-29,SCO,COLORADO,EPMR,Regular Gasoline,PTE,Retail Sales,EMM_EPMR_PTE_SCO_DPG,Colorado Regular All Formulations Retail Gasoline Prices (Dollars per Gallon),2.204,$/GAL
2025-12-29,SCA,CALIFORNIA,EPMR,Regular Gasoline,PTE,Retail Sales,EMM_EPMR_PTE_SCA_DPG,California Regular All Formulations Retail Gasoline Prices (Dollars per Gallon),4.042,$/GAL
2025-12-29,R5XCA,PADD 5 EXCEPT CALIFORNIA,EPMR,Regular Gasoline,PTE,Retail Sales,EMM_EPMR_PTE_R5XCA_DPG,West Coast (PADD 5) Except California Regular All Formulations Retail Gasoline Prices (Dollars per Gallon),3.382,$/GAL
2025-12-29,R50,PADD 5,EPMR,Regular Gasoline,PTE,Retail Sales,EMM_EPMR_PTE_R50_DPG,West Coast Regular All Formulations Retail Gasoline Prices (Dollars per Gallon),3.731,$/GAL
2025-12-29,R40,PADD 4,EPMR,Regular Gasoline,PTE,Retail Sales,EMM_EPMR_PTE_R40_DPG,Rocky Mountain Regular All Formulations Retail Gasoline Prices (Dollars per Gallon),2.434,$/GAL
2025-12-29,R30,PADD 3,EPMR,Regular Gasoline,PTE,Retail Sales,EMM_EPMR_PTE_R30_DPG,Gulf Coast Regular All Formulations Retail Gasoline Prices (Dollars per Gallon),2.39,$/GAL
2025-12-29,R20,PADD 2,EPMR,Regular Gasoline,PTE,Retail Sales,EMM_EPMR_PTE_R20_DPG,Midwest Regular All Formulations Retail Gasoline Prices (Dollars per Gallon),2.606,$/GAL
2025-12-29,R1Z,PADD 1C,EPMR,Regular Gasoline,PTE,Retail Sales,EMM_EPMR_PTE_R1Z_DPG,Lower Atlantic (PADD 1C) Regular All Formulations Retail Gasoline Prices (Dollars per Gallon),2.662,$/GAL
2025-12-29,R1Y,PADD 1B,EPMR,Regular Gasoline,PTE,Retail Sales,EMM_EPMR_PTE_R1Y_DPG,Central Atlantic (PADD 1B) Regular All Formulations Retail Gasoline Prices (Dollars per Gallon),2.939,$/GAL
2025-12-29,R1X,PADD 1A,EPMR,Regular Gasoline,PTE,Retail Sales,EMM_EPMR_PTE_R1X_DPG,New England (PADD 1A) Regular All Formulations Retail Gasoline Prices (Dollars per Gallon),2.867,$/GAL
2025-12-29,R10,PADD 1,EPMR,Regular Gasoline,PTE,Retail Sales,EMM_EPMR_PTE_R10_DPG,East Coast Regular All Formulations Retail Gasoline Prices (Dollars per Gallon),2.781,$/GAL
2025-12-22,NUS,U.S.,EPMR,Regular Gasoline,PTE,Retail Sales,EMM_EPMR_PTE_NUS_DPG,U.S. Regular All Formulations Retail Gasoline Prices (Dollars per Gallon),2.841,$/GAL
2025-12-22,YORD,CHICAGO,EPMR,Regular Gasoline,PTE,Retail Sales,EMM_EPMR_PTE_YORD_DPG,Chicago Regular All Formulations Retail Gasoline Prices (Dollars per Gallon),2.99,$/GAL
2025-12-22,YMIA,MIAMI,EPMR,Regular Gasoline,PTE,Retail Sales,EMM_EPMR_PTE_YMIA_DPG,"Miami, FL Regular All Formulations Retail Gasoline Prices (Dollars per Gallon)",2.847,$/GAL
2025-12-22,YDEN,DENVER,EPMR,Regular Gasoline,PTE,Retail Sales,EMM_EPMR_PTE_YDEN_DPG,Denver Regular All Formulations Retail Gasoline Prices (Dollars per Gallon),2.261,$/GAL
2025-12-22,YCLE,CLEVELAND,EPMR,Regular Gasoline,PTE,Retail Sales,EMM_EPMR_PTE_YCLE_DPG,"Cleveland, OH Regular All Formulations Retail Gasoline Prices (Dollars per Gallon)",2.675,$/GAL
2025-12-22,YBOS,BOSTON,EPMR,Regular Gasoline,PTE,Retail Sales,EMM_EPMR_PTE_YBOS_DPG,"Boston, MA Regular All Formulations Retail Gasoline Prices (Dollars per Gallon)",2.879,$/GAL
2025-12-22,Y48SE,SEATTLE,EPMR,Regular Gasoline,PTE,Retail Sales,EMM_EPMR_PTE_Y48SE_DPG,"Seattle, WA Regular All Formulations Retail Gasoline Prices (Dollars per Gallon)",4.104,$/GAL
2025-12-22,Y44HO,HOUSTON,EPMR,Regular Gasoline,PTE,Retail Sales,EMM_EPMR_PTE_Y44HO_DPG,Houston Regular All Formulations Retail Gasoline Prices (Dollars per Gallon),2.329,$/GAL
2025-12-22,Y35NY,NEW YORK CITY,EPMR,Regular Gasoline,PTE,Retail Sales,EMM_EPMR_PTE_Y35NY_DPG,New York City Regular All Formulations Retail Gasoline Prices (Dollars per Gallon),2.832,$/GAL
2025-12-22,Y05SF,SAN FRANCISCO,EPMR,Regular Gasoline,PTE,Retail Sales,EMM_EPMR_PTE_Y05SF_DPG,San Francisco Regular All Formulations Retail Gasoline Prices (Dollars per Gallon),4.049,$/GAL
2025-12-22,Y05LA,LOS ANGELES,EPMR,Regular Gasoline,PTE,Retail Sales,EMM_EPMR_PTE_Y05LA_DPG,Los Angeles Regular All Formulations Retail Gasoline Prices (Dollars per Gallon),4.07,$/GAL
2025-12-22,SWA,WASHINGTON,EPMR,Regular Gasoline,PTE,Retail Sales,EMM_EPMR_PTE_SWA_DPG,Washington Regular All Formulations Retail Gasoline Prices (Dollars per Gallon),3.817,$/GAL
2025-12-22,STX,TEXAS,EPMR,Regular Gasoline,PTE,Retail Sales,EMM_EPMR_PTE_STX_DPG,Texas Regular All Formulations Retail Gasoline Prices (Dollars per Gallon),2.422,$/GAL
2025-12-22,SOH,OHIO,EPMR,Regular Gasoline,PTE,Retail Sales,EMM_EPMR_PTE_SOH_DPG,Ohio Regular All Formulations Retail Gasoline Prices (Dollars per Gallon),2.526,$/GAL
2025-12-22,SNY,NEW YORK,EPMR,Regular Gasoline,PTE,Retail Sales,EMM_EPMR_PTE_SNY_DPG,New York Regular All Formulations Retail Gasoline Prices (Dollars per Gallon),2.957,$/GAL
2025-12-22,SMN,MINNESOTA,EPMR,Regular Gasoline,PTE,Retail Sales,EMM_EPMR_PTE_SMN_DPG,Minnesota Regular All Formulations Retail Gasoline Prices (Dollars per Gallon),2.741,$/GAL
2025-12-22,SMA,MASSACHUSETTS,EPMR,Regular Gasoline,PTE,Retail Sales,EMM_EPMR_PTE_SMA_DPG,Massachusetts Regular All Formulations Retail Gasoline Prices (Dollars per Gallon),2.883,$/GAL
2025-12-22,SFL,FLORIDA,EPMR,Regular Gasoline,PTE,Retail Sales,EMM_EPMR_PTE_SFL_DPG,Florida Regular All Formulations Retail Gasoline Prices (Dollars per Gallon),2.789,$/GAL
2025-12-22,SCO,COLORADO,EPMR,Regular Gasoline,PTE,Retail Sales,EMM_EPMR_PTE_SCO_DPG,Colorado Regular All Formulations Retail Gasoline Prices (Dollars per Gallon),2.276,$/GAL
2025-12-22,SCA,CALIFORNIA,EPMR,Regular Gasoline,PTE,Retail Sales,EMM_EPMR_PTE_SCA_DPG,California Regular All Formulations Retail Gasoline Prices (Dollars per Gallon),4.076,$/GAL
2025-12-22,R5XCA,PADD 5 EXCEPT CALIFORNIA,EPMR,Regular Gasoline,PTE,Retail Sales,EMM_EPMR_PTE_R5XCA_DPG,West Coast (PADD 5) Except California Regular All Formulations Retail Gasoline Prices (Dollars per Gallon),3.422,$/GAL
2025-12-22,R50,PADD 5,EPMR,Regular Gasoline,PTE,Retail Sales,EMM_EPMR_PTE_R50_DPG,West Coast Regular All Formulations Retail Gasoline Prices (Dollars per Gallon),3.768,$/GAL
2025-12-22,R40,PADD 4,EPMR,Regular Gasoline,PTE,Retail Sales,EMM_EPMR_PTE_R40_DPG,Rocky Mountain Regular All Formulations Retail Gasoline Prices (Dollars per Gallon),2.492,$/GAL
2025-12-22,R30,PADD 3,EPMR,Regular Gasoline,PTE,Retail Sales,EMM_EPMR_PTE_R30_DPG,Gulf Coast Regular All Formulations Retail Gasoline Prices (Dollars per Gallon),2.443,$/GAL
2025-12-22,R20,PADD 2,EPMR,Regular Gasoline,PTE,Retail Sales,EMM_EPMR_PTE_R20_DPG,Midwest Regular All Formulations Retail Gasoline Prices (Dollars per Gallon),2.605,$/GAL
2025-12-22,R1Z,PADD 1C,EPMR,Regular Gasoline,PTE,Retail Sales,EMM_EPMR_PTE_R1Z_DPG,Lower Atlantic (PADD 1C) Regular All Formulations Retail Gasoline Prices (Dollars per Gallon),2.714,$/GAL
2025-12-22,R1Y,PADD 1B,EPMR,Regular Gasoline,PTE,Retail Sales,EMM_EPMR_PTE_R1Y_DPG,Central Atlantic (PADD 1B) Regular All Formulations Retail Gasoline Prices (Dollars per Gallon),2.964,$/GAL
2025-12-22,R1X,PADD 1A,EPMR,Regular Gasoline,PTE,Retail Sales,EMM_EPMR_PTE_R1X_DPG,New England (PADD 1A) Regular All Formulations Retail Gasoline Prices (Dollars per Gallon),2.887,$/GAL
2025-12-22,R10,PADD 1,EPMR,Regular Gasoline,PTE,Retail Sales,EMM_EPMR_PTE_R10_DPG,East Coast Regular All Formulations Retail Gasoline Prices (Dollars per Gallon),2.82,$/GAL
2025-12-15,NUS,U.S.,EPMR,Regular Gasoline,PTE,Retail Sales,EMM_EPMR_PTE_NUS_DPG,U.S. Regular All Formulations Retail Gasoline Prices (Dollars per Gallon),2.895,$/GAL
2025-12-15,YORD,CHICAGO,EPMR,Regular Gasoline,PTE,Retail Sales,EMM_EPMR_PTE_YORD_DPG,Chicago Regular All Formulations Retail Gasoline Prices (Dollars per Gallon),3.078,$/GAL
2025-12-15,YMIA,MIAMI,EPMR,Regular Gasoline,PTE,Retail Sales,EMM_EPMR_PTE_YMIA_DPG,"Miami, FL Regular All Formulations Retail Gasoline Prices (Dollars per Gallon)",2.791,$/GAL
2025-12-15,YDEN,DENVER,EPMR,Regular Gasoline,PTE,Retail Sales,EMM_EPMR_PTE_YDEN_DPG,Denver Regular All Formulations Retail Gasoline Prices (Dollars per Gallon),2.282,$/GAL
2025-12-15,YCLE,CLEVELAND,EPMR,Regular Gasoline,PTE,Retail Sales,EMM_EPMR_PTE_YCLE_DPG,"Cleveland, OH Regular All Formulations Retail Gasoline Prices (Dollars per Gallon)",2.781,$/GAL
2025-12-15,YBOS,BOSTON,EPMR,Regular Gasoline,PTE,Retail Sales,EMM_EPMR_PTE_YBOS_DPG,"Boston, MA Regular All Formulations Retail Gasoline Prices (Dollars per Gallon)",2.915,$/GAL
2025-12-15,Y48SE,SEATTLE,EPMR,Regular Gasoline,PTE,Retail Sales,EMM_EPMR_PTE_Y48SE_DPG,"Seattle, WA Regular All Formulations Retail Gasoline Prices (Dollars per Gallon)",4.18,$/GAL
2025-12-15,Y44HO,HOUSTON,EPMR,Regular Gasoline,PTE,Retail Sales,EMM_EPMR_PTE_Y44HO_DPG,Houston Regular All Formulations Retail Gasoline Prices (Dollars per Gallon),2.372,$/GAL
2025-12-15,Y35NY,NEW YORK CITY,EPMR,Regular Gasoline,PTE,Retail Sales,EMM_EPMR_PTE_Y35NY_DPG,New York City Regular All Formulations Retail Gasoline Prices (Dollars per Gallon),2.884,$/GAL
2025-12-15,Y05SF,SAN FRANCISCO,EPMR,Regular Gasoline,PTE,Retail Sales,EMM_EPMR_PTE_Y05SF_DPG,San Francisco Regular All Formulations Retail Gasoline Prices (Dollars per Gallon),4.116,$/GAL
2025-12-15,Y05LA,LOS ANGELES,EPMR,Regular Gasoline,PTE,Retail Sales,EMM_EPMR_PTE_Y05LA_DPG,Los Angeles Regular All Formulations Retail Gasoline Prices (Dollars per Gallon),4.171,$/GAL
2025-12-15,SWA,WASHINGTON,EPMR,Regular Gasoline,PTE,Retail Sales,EMM_EPMR_PTE_SWA_DPG,Washington Regular All Formulations Retail Gasoline Prices (Dollars per Gallon),3.87,$/GAL
2025-12-15,STX,TEXAS,EPMR,Regular Gasoline,PTE,Retail Sales,EMM_EPMR_PTE_STX_DPG,Texas Regular All Formulations Retail Gasoline Prices (Dollars per Gallon),2.474,$/GAL
2025-12-15,SOH,OHIO,EPMR,Regular Gasoline,PTE,Retail Sales,EMM_EPMR_PTE_SOH_DPG,Ohio Regular All Formulations Retail Gasoline Prices (Dollars per Gallon),2.835,$/GAL
2025-12-15,SNY,NEW YORK,EPMR,Regular Gasoline,PTE,Retail Sales,EMM_EPMR_PTE_SNY_DPG,New York Regular All Formulations Retail Gasoline Prices (Dollars per Gallon),2.989,$/GAL
2025-12-15,SMN,MINNESOTA,EPMR,Regular Gasoline,PTE,Retail Sales,EMM_EPMR_PTE_SMN_DPG,Minnesota Regular All Formulations Retail Gasoline Prices (Dollars per Gallon),2.832,$/GAL
2025-12-15,SMA,MASSACHUSETTS,EPMR,Regular Gasoline,PTE,Retail Sales,EMM_EPMR_PTE_SMA_DPG,Massachusetts Regular All Formulations Retail Gasoline Prices (Dollars per Gallon),2.925,$/GAL
2025-12-15,SFL,FLORIDA,EPMR,Regular Gasoline,PTE,Retail Sales,EMM_EPMR_PTE_SFL_DPG,Florida Regular All Formulations Retail Gasoline Prices (Dollars per Gallon),2.735,$/GAL
2025-12-15,SCO,COLORADO,EPMR,Regular Gasoline,PTE,Retail Sales,EMM_EPMR_PTE_SCO_DPG,Colorado Regular All Formulations Retail Gasoline Prices (Dollars per Gallon),2.294,$/GAL
2025-12-15,SCA,CALIFORNIA,EPMR,Regular Gasoline,PTE,Retail Sales,EMM_EPMR_PTE_SCA_DPG,California Regular All Formulations Retail Gasoline Prices (Dollars per Gallon),4.163,$/GAL
2025-12-15,R5XCA,PADD 5 EXCEPT CALIFORNIA,EPMR,Regular Gasoline,PTE,Retail Sales,EMM_EPMR_PTE_R5XCA_DPG,West Coast (PADD 5) Except California Regular All Formulations Retail Gasoline Prices (Dollars per Gallon),3.501,$/GAL
2025-12-15,R50,PADD 5,EPMR,Regular Gasoline,PTE,Retail Sales,EMM_EPMR_PTE_R50_DPG,West Coast Regular All Formulations Retail Gasoline Prices (Dollars per Gallon),3.851,$/GAL
2025-12-15,R40,PADD 4,EPMR,Regular Gasoline,PTE,Retail Sales,EMM_EPMR_PTE_R40_DPG,Rocky Mountain Regular All Formulations Retail Gasoline Prices (Dollars per Gallon),2.547,$/GAL
2025-12-15,R30,PADD 3,EPMR,Regular Gasoline,PTE,Retail Sales,EMM_EPMR_PTE_R30_DPG,Gulf Coast Regular All Formulations Retail Gasoline Prices (Dollars per Gallon),2.492,$/GAL
2025-12-15,R20,PADD 2,EPMR,Regular Gasoline,PTE,Retail Sales,EMM_EPMR_PTE_R20_DPG,Midwest Regular All Formulations Retail Gasoline Prices (Dollars per Gallon),2.69,$/GAL
2025-12-15,R1Z,PADD 1C,EPMR,Regular Gasoline,PTE,Retail Sales,EMM_EPMR_PTE_R1Z_DPG,Lower Atlantic (PADD 1C) Regular All Formulations Retail Gasoline Prices (Dollars per Gallon),2.716,$/GAL
2025-12-15,R1Y,PADD 1B,EPMR,Regular Gasoline,PTE,Retail Sales,EMM_EPMR_PTE_R1Y_DPG,Central Atlantic (PADD 1B) Regular All Formulations Retail Gasoline Prices (Dollars per Gallon),3.012,$/GAL
2025-12-15,R1X,PADD 1A,EPMR,Regular Gasoline,PTE,Retail Sales,EMM_EPMR_PTE_R1X_DPG,New England (PADD 1A) Regular All Formulations Retail Gasoline Prices (Dollars per Gallon),2.925,$/GAL
2025-12-15,R10,PADD 1,EPMR,Regular Gasoline,PTE,Retail Sales,EMM_EPMR_PTE_R10_DPG,East Coast Regular All Formulations Retail Gasoline Prices (Dollars per Gallon),2.842,$/GAL
2025-12-08,NUS,U.S.,EPMR,Regular Gasoline,PTE,Retail Sales,EMM_EPMR_PTE_NUS_DPG,U.S. Regular All Formulations Retail Gasoline Prices (Dollars per Gallon),2.94,$/GAL
2025-12-08,YORD,CHICAGO,EPMR,Regular Gasoline,PTE,Retail Sales,EMM_EPMR_PTE_YORD_DPG,Chicago Regular All Formulations Retail Gasoline Prices (Dollars per Gallon),3.095,$/GAL
2025-12-08,YMIA,MIAMI,EPMR,Regular Gasoline,PTE,Retail Sales,EMM_EPMR_PTE_YMIA_DPG,"Miami, FL Regular All Formulations Retail Gasoline Prices (Dollars per Gallon)",2.904,$/GAL
2025-12-08,YDEN,DENVER,EPMR,Regular Gasoline,PTE,Retail Sales,EMM_EPMR_PTE_YDEN_DPG,Denver Regular All Formulations Retail Gasoline Prices (Dollars per Gallon),2.251,$/GAL
2025-12-08,YCLE,CLEVELAND,EPMR,Regular Gasoline,PTE,Retail Sales,EMM_EPMR_PTE_YCLE_DPG,"Cleveland, OH Regular All Formulations Retail Gasoline Prices (Dollars per Gallon)",2.721,$/GAL
2025-12-08,YBOS,BOSTON,EPMR,Regular Gasoline,PTE,Retail Sales,EMM_EPMR_PTE_YBOS_DPG,"Boston, MA Regular All Formulations Retail Gasoline Prices (Dollars per Gallon)",2.933,$/GAL
2025-12-08,Y48SE,SEATTLE,EPMR,Regular Gasoline,PTE,Retail Sales,EMM_EPMR_PTE_Y48SE_DPG,"Seattle, WA Regular All Formulations Retail Gasoline Prices (Dollars per Gallon)",4.262,$/GAL
2025-12-08,Y44HO,HOUSTON,EPMR,Regular Gasoline,PTE,Retail Sales,EMM_EPMR_PTE_Y44HO_DPG,Houston Regular All Formulations Retail Gasoline Prices (Dollars per Gallon),2.415,$/GAL
2025-12-08,Y35NY,NEW YORK CITY,EPMR,Regular Gasoline,PTE,Retail Sales,EMM_EPMR_PTE_Y35NY_DPG,New York City Regular All Formulations Retail Gasoline Prices (Dollars per Gallon),2.918,$/GAL
2025-12-08,Y05SF,SAN FRANCISCO,EPMR,Regular Gasoline,PTE,Retail Sales,EMM_EPMR_PTE_Y05SF_DPG,San Francisco Regular All Formulations Retail Gasoline Prices (Dollars per Gallon),4.239,$/GAL
2025-12-08,Y05LA,LOS ANGELES,EPMR,Regular Gasoline,PTE,Retail Sales,EMM_EPMR_PTE_Y05LA_DPG,Los Angeles Regular All Formulations Retail Gasoline Prices (Dollars per Gallon),4.28,$/GAL
2025-12-08,SWA,WASHINGTON,EPMR,Regular Gasoline,PTE,Retail Sales,EMM_EPMR_PTE_SWA_DPG,Washington Regular All Formulations Retail Gasoline Prices (Dollars per Gallon),3.98,$/GAL
2025-12-08,STX,TEXAS,EPMR,Regular Gasoline,PTE,Retail Sales,EMM_EPMR_PTE_STX_DPG,Texas Regular All Formulations Retail Gasoline Prices (Dollars per Gallon),2.455,$/GAL
2025-12-08,SOH,OHIO,EPMR,Regular Gasoline,PTE,Retail Sales,EMM_EPMR_PTE_SOH_DPG,Ohio Regular All Formulations Retail Gasoline Prices (Dollars per Gallon),2.655,$/GAL
2025-12-08,SNY,NEW YORK,EPMR,Regular Gasoline,PTE,Retail Sales,EMM_EPMR_PTE_SNY_DPG,New York Regular All Formulations Retail Gasoline Prices (Dollars per Gallon),3.016,$/GAL
2025-12-08,SMN,MINNESOTA,EPMR,Regular Gasoline,PTE,Retail Sales,EMM_EPMR_PTE_SMN_DPG,Minnesota Regular All Formulations Retail Gasoline Prices (Dollars per Gallon),2.858,$/GAL
2025-12-08,SMA,MASSACHUSETTS,EPMR,Regular Gasoline,PTE,Retail Sales,EMM_EPMR_PTE_SMA_DPG,Massachusetts Regular All Formulations Retail Gasoline Prices (Dollars per Gallon),2.942,$/GAL
2025-12-08,SFL,FLORIDA,EPMR,Regular Gasoline,PTE,Retail Sales,EMM_EPMR_PTE_SFL_DPG,Florida Regular All Formulations Retail Gasoline Prices (Dollars per Gallon),2.857,$/GAL
2025-12-08,SCO,COLORADO,EPMR,Regular Gasoline,PTE,Retail Sales,EMM_EPMR_PTE_SCO_DPG,Colorado Regular All Formulations Retail Gasoline Prices (Dollars per Gallon),2.319,$/GAL
2025-12-08,SCA,CALIFORNIA,EPMR,Regular Gasoline,PTE,Retail Sales,EMM_EPMR_PTE_SCA_DPG,California Regular All Formulations Retail Gasoline Prices (Dollars per Gallon),4.273,$/GAL
2025-12-08,R5XCA,PADD 5 EXCEPT CALIFORNIA,EPMR,Regular Gasoline,PTE,Retail Sales,EMM_EPMR_PTE_R5XCA_DPG,West Coast (PADD 5) Except California Regular All Formulations Retail Gasoline Prices (Dollars per Gallon),3.608,$/GAL
2025-12-08,R50,PADD 5,EPMR,Regular Gasoline,PTE,Retail Sales,EMM_EPMR_PTE_R50_DPG,West Coast Regular All Formulations Retail Gasoline Prices (Dollars per Gallon),3.956,$/GAL
2025-12-08,R40,PADD 4,EPMR,Regular Gasoline,PTE,Retail Sales,EMM_EPMR_PTE_R40_DPG,Rocky Mountain Regular All Formulations Retail Gasoline Prices (Dollars per Gallon),2.644,$/GAL
2025-12-08,R30,PADD 3,EPMR,Regular Gasoline,PTE,Retail Sales,EMM_EPMR_PTE_R30_DPG,Gulf Coast Regular All Formulations Retail Gasoline Prices (Dollars per Gallon),2.493,$/GAL
2025-12-08,R20,PADD 2,EPMR,Regular Gasoline,PTE,Retail Sales,EMM_EPMR_PTE_R20_DPG,Midwest Regular All Formulations Retail Gasoline Prices (Dollars per Gallon),2.72,$/GAL
2025-12-08,R1Z,PADD 1C,EPMR,Regular Gasoline,PTE,Retail Sales,EMM_EPMR_PTE_R1Z_DPG,Lower Atlantic (PADD 1C) Regular All Formulations Retail Gasoline Prices (Dollars per Gallon),2.789,$/GAL
2025-12-08,R1Y,PADD 1B,EPMR,Regular Gasoline,PTE,Retail Sales,EMM_EPMR_PTE_R1Y_DPG,Central Atlantic (PADD 1B) Regular All Formulations Retail Gasoline Prices (Dollars per Gallon),3.035,$/GAL
2025-12-08,R1X,PADD 1A,EPMR,Regular Gasoline,PTE,Retail Sales,EMM_EPMR_PTE_R1X_DPG,New England (PADD 1A) Regular All Formulations Retail Gasoline Prices (Dollars per Gallon),2.944,$/GAL
2025-12-08,R10,PADD 1,EPMR,Regular Gasoline,PTE,Retail Sales,EMM_EPMR_PTE_R10_DPG,East Coast Regular All Formulations Retail Gasoline Prices (Dollars per Gallon),2.892,$/GAL
2025-12-01,NUS,U.S.,EPMR,Regular Gasoline,PTE,Retail Sales,EMM_EPMR_PTE_NUS_DPG,U.S. Regular All Formulations Retail Gasoline Prices (Dollars per Gallon),2.985,$/GAL
2025-12-01,YORD,CHICAGO,EPMR,Regular Gasoline,PTE,Retail Sales,EMM_EPMR_PTE_YORD_DPG,Chicago Regular All Formulations Retail Gasoline Prices (Dollars per Gallon),3.184,$/GAL
2025-12-01,YMIA,MIAMI,EPMR,Regular Gasoline,PTE,Retail Sales,EMM_EPMR_PTE_YMIA_DPG,"Miami, FL Regular All Formulations Retail Gasoline Prices (Dollars per Gallon)",2.994,$/GAL
2025-12-01,YDEN,DENVER,EPMR,Regular Gasoline,PTE,Retail Sales,EMM_EPMR_PTE_YDEN_DPG,Denver Regular All Formulations Retail Gasoline Prices (Dollars per Gallon),2.328,$/GAL
2025-12-01,YCLE,CLEVELAND,EPMR,Regular Gasoline,PTE,Retail Sales,EMM_EPMR_PTE_YCLE_DPG,"Cleveland, OH Regular All Formulations Retail Gasoline Prices (Dollars per Gallon)",2.685,$/GAL
2025-12-01,YBOS,BOSTON,EPMR,Regular Gasoline,PTE,Retail Sales,EMM_EPMR_PTE_YBOS_DPG,"Boston, MA Regular All Formulations Retail Gasoline Prices (Dollars per Gallon)",2.97,$/GAL
2025-12-01,Y48SE,SEATTLE,EPMR,Regular Gasoline,PTE,Retail Sales,EMM_EPMR_PTE_Y48SE_DPG,"Seattle, WA Regular All Formulations Retail Gasoline Prices (Dollars per Gallon)",4.301,$/GAL
2025-12-01,Y44HO,HOUSTON,EPMR,Regular Gasoline,PTE,Retail Sales,EMM_EPMR_PTE_Y44HO_DPG,Houston Regular All Formulations Retail Gasoline Prices (Dollars per Gallon),2.479,$/GAL
2025-12-01,Y35NY,NEW YORK CITY,EPMR,Regular Gasoline,PTE,Retail Sales,EMM_EPMR_PTE_Y35NY_DPG,New York City Regular All Formulations Retail Gasoline Prices (Dollars per Gallon),2.969,$/GAL
2025-12-01,Y05SF,SAN FRANCISCO,EPMR,Regular Gasoline,PTE,Retail Sales,EMM_EPMR_PTE_Y05SF_DPG,San Francisco Regular All Formulations Retail Gasoline Prices (Dollars per Gallon),4.292,$/GAL
2025-12-01,Y05LA,LOS ANGELES,EPMR,Regular Gasoline,PTE,Retail Sales,EMM_EPMR_PTE_Y05LA_DPG,Los Angeles Regular All Formulations Retail Gasoline Prices (Dollars per Gallon),4.396,$/GAL
2025-12-01,SWA,WASHINGTON,EPMR,Regular Gasoline,PTE,Retail Sales,EMM_EPMR_PTE_SWA_DPG,Washington Regular All Formulations Retail Gasoline Prices (Dollars per Gallon),4.027,$/GAL
2025-12-01,STX,TEXAS,EPMR,Regular Gasoline,PTE,Retail Sales,EMM_EPMR_PTE_STX_DPG,Texas Regular All Formulations Retail Gasoline Prices (Dollars per Gallon),2.53,$/GAL
2025-12-01,SOH,OHIO,EPMR,Regular Gasoline,PTE,Retail Sales,EMM_EPMR_PTE_SOH_DPG,Ohio Regular All Formulations Retail Gasoline Prices (Dollars per Gallon),2.586,$/GAL
2025-12-01,SNY,NEW YORK,EPMR,Regular Gasoline,PTE,Retail Sales,EMM_EPMR_PTE_SNY_DPG,New York Regular All Formulations Retail Gasoline Prices (Dollars per Gallon),3.037,$/GAL
2025-12-01,SMN,MINNESOTA,EPMR,Regular Gasoline,PTE,Retail Sales,EMM_EPMR_PTE_SMN_DPG,Minnesota Regular All Formulations Retail Gasoline Prices (Dollars per Gallon),2.875,$/GAL
2025-12-01,SMA,MASSACHUSETTS,EPMR,Regular Gasoline,PTE,Retail Sales,EMM_EPMR_PTE_SMA_DPG,Massachusetts Regular All Formulations Retail Gasoline Prices (Dollars per Gallon),2.969,$/GAL
2025-12-01,SFL,FLORIDA,EPMR,Regular Gasoline,PTE,Retail Sales,EMM_EPMR_PTE_SFL_DPG,Florida Regular All Formulations Retail Gasoline Prices (Dollars per Gallon),2.938,$/GAL
2025-12-01,SCO,COLORADO,EPMR,Regular Gasoline,PTE,Retail Sales,EMM_EPMR_PTE_SCO_DPG,Colorado Regular All Formulations Retail Gasoline Prices (Dollars per Gallon),2.407,$/GAL
2025-12-01,SCA,CALIFORNIA,EPMR,Regular Gasoline,PTE,Retail Sales,EMM_EPMR_PTE_SCA_DPG,California Regular All Formulations Retail Gasoline Prices (Dollars per Gallon),4.357,$/GAL
2025-12-01,R5XCA,PADD 5 EXCEPT CALIFORNIA,EPMR,Regular Gasoline,PTE,Retail Sales,EMM_EPMR_PTE_R5XCA_DPG,West Coast (PADD 5) Except California Regular All Formulations Retail Gasoline Prices (Dollars per Gallon),3.672,$/GAL
2025-12-01,R50,PADD 5,EPMR,Regular Gasoline,PTE,Retail Sales,EMM_EPMR_PTE_R50_DPG,West Coast Regular All Formulations Retail Gasoline Prices (Dollars per Gallon),4.031,$/GAL
2025-12-01,R40,PADD 4,EPMR,Regular Gasoline,PTE,Retail Sales,EMM_EPMR_PTE_R40_DPG,Rocky Mountain Regular All Formulations Retail Gasoline Prices (Dollars per Gallon),2.783,$/GAL
2025-12-01,R30,PADD 3,EPMR,Regular Gasoline,PTE,Retail Sales,EMM_EPMR_PTE_R30_DPG,Gulf Coast Regular All Formulations Retail Gasoline Prices (Dollars per Gallon),2.551,$/GAL
2025-12-01,R20,PADD 2,EPMR,Regular Gasoline,PTE,Retail Sales,EMM_EPMR_PTE_R20_DPG,Midwest Regular All Formulations Retail Gasoline Prices (Dollars per Gallon),2.74,$/GAL
2025-12-01,R1Z,PADD 1C,EPMR,Regular Gasoline,PTE,Retail Sales,EMM_EPMR_PTE_R1Z_DPG,Lower Atlantic (PADD 1C) Regular All Formulations Retail Gasoline Prices (Dollars per Gallon),2.824,$/GAL
2025-12-01,R1Y,PADD 1B,EPMR,Regular Gasoline,PTE,Retail Sales,EMM_EPMR_PTE_R1Y_DPG,Central Atlantic (PADD 1B) Regular All Formulations Retail Gasoline Prices (Dollars per Gallon),3.086,$/GAL
2025-12-01,R1X,PADD 1A,EPMR,Regular Gasoline,PTE,Retail Sales,EMM_EPMR_PTE_R1X_DPG,New England (PADD 1A) Regular All Formulations Retail Gasoline Prices (Dollars per Gallon),2.971,$/GAL
2025-12-01,R10,PADD 1,EPMR,Regular Gasoline,PTE,Retail Sales,EMM_EPMR_PTE_R10_DPG,East Coast Regular All Formulations Retail Gasoline Prices (Dollars per Gallon),2.931,$/GAL
2025-11-24,NUS,U.S.,EPMR,Regular Gasoline,PTE,Retail Sales,EMM_EPMR_PTE_NUS_DPG,U.S. Regular All Formulations Retail Gasoline Prices (Dollars per Gallon),3.061,$/GAL
2025-11-24,YORD,CHICAGO,EPMR,Regular Gasoline,PTE,Retail Sales,EMM_EPMR_PTE_YORD_DPG,Chicago Regular All Formulations Retail Gasoline Prices (Dollars per Gallon),3.331,$/GAL
2025-11-24,YMIA,MIAMI,EPMR,Regular Gasoline,PTE,Retail Sales,EMM_EPMR_PTE_YMIA_DPG,"Miami, FL Regular All Formulations Retail Gasoline Prices (Dollars per Gallon)",3.086,$/GAL
2025-11-24,YDEN,DENVER,EPMR,Regular Gasoline,PTE,Retail Sales,EMM_EPMR_PTE_YDEN_DPG,Denver Regular All Formulations Retail Gasoline Prices (Dollars per Gallon),2.45,$/GAL
2025-11-24,YCLE,CLEVELAND,EPMR,Regular Gasoline,PTE,Retail Sales,EMM_EPMR_PTE_YCLE_DPG,"Cleveland, OH Regular All Formulations Retail Gasoline Prices (Dollars per Gallon)",2.921,$/GAL
2025-11-24,YBOS,BOSTON,EPMR,Regular Gasoline,PTE,Retail Sales,EMM_EPMR_PTE_YBOS_DPG,"Boston, MA Regular All Formulations Retail Gasoline Prices (Dollars per Gallon)",2.991,$/GAL
2025-11-24,Y48SE,SEATTLE,EPMR,Regular Gasoline,PTE,Retail Sales,EMM_EPMR_PTE_Y48SE_DPG,"Seattle, WA Regular All Formulations Retail Gasoline Prices (Dollars per Gallon)",4.291,$/GAL
2025-11-24,Y44HO,HOUSTON,EPMR,Regular Gasoline,PTE,Retail Sales,EMM_EPMR_PTE_Y44HO_DPG,Houston Regular All Formulations Retail Gasoline Prices (Dollars per Gallon),2.504,$/GAL
2025-11-24,Y35NY,NEW YORK CITY,EPMR,Regular Gasoline,PTE,Retail Sales,EMM_EPMR_PTE_Y35NY_DPG,New York City Regular All Formulations Retail Gasoline Prices (Dollars per Gallon),2.989,$/GAL
2025-11-24,Y05SF,SAN FRANCISCO,EPMR,Regular Gasoline,PTE,Retail Sales,EMM_EPMR_PTE_Y05SF_DPG,San Francisco Regular All Formulations Retail Gasoline Prices (Dollars per Gallon),4.371,$/GAL
2025-11-24,Y05LA,LOS ANGELES,EPMR,Regular Gasoline,PTE,Retail Sales,EMM_EPMR_PTE_Y05LA_DPG,Los Angeles Regular All Formulations Retail Gasoline Prices (Dollars per Gallon),4.448,$/GAL
2025-11-24,SWA,WASHINGTON,EPMR,Regular Gasoline,PTE,Retail Sales,EMM_EPMR_PTE_SWA_DPG,Washington Regular All Formulations Retail Gasoline Prices (Dollars per Gallon),4.039,$/GAL
2025-11-24,STX,TEXAS,EPMR,Regular Gasoline,PTE,Retail Sales,EMM_EPMR_PTE_STX_DPG,Texas Regular All Formulations Retail Gasoline Prices (Dollars per Gallon),2.653,$/GAL
2025-11-24,SOH,OHIO,EPMR,Regular Gasoline,PTE,Retail Sales,EMM_EPMR_PTE_SOH_DPG,Ohio Regular All Formulations Retail Gasoline Prices (Dollars per Gallon),2.812,$/GAL
2025-11-24,SNY,NEW YORK,EPMR,Regular Gasoline,PTE,Retail Sales,EMM_EPMR_PTE_SNY_DPG,New York Regular All Formulations Retail Gasoline Prices (Dollars per Gallon),3.059,$/GAL
2025-11-24,SMN,MINNESOTA,EPMR,Regular Gasoline,PTE,Retail Sales,EMM_EPMR_PTE_SMN_DPG,Minnesota Regular All Formulations Retail Gasoline Prices (Dollars per Gallon),2.938,$/GAL
2025-11-24,SMA,MASSACHUSETTS,EPMR,Regular Gasoline,PTE,Retail Sales,EMM_EPMR_PTE_SMA_DPG,Massachusetts Regular All Formulations Retail Gasoline Prices (Dollars per Gallon),3.006,$/GAL
2025-11-24,SFL,FLORIDA,EPMR,Regular Gasoline,PTE,Retail Sales,EMM_EPMR_PTE_SFL_DPG,Florida Regular All Formulations Retail Gasoline Prices (Dollars per Gallon),3.054,$/GAL
2025-11-24,SCO,COLORADO,EPMR,Regular Gasoline,PTE,Retail Sales,EMM_EPMR_PTE_SCO_DPG,Colorado Regular All Formulations Retail Gasoline Prices (Dollars per Gallon),2.529,$/GAL
2025-11-24,SCA,CALIFORNIA,EPMR,Regular Gasoline,PTE,Retail Sales,EMM_EPMR_PTE_SCA_DPG,California Regular All Formulations Retail Gasoline Prices (Dollars per Gallon),4.404,$/GAL
2025-11-24,R5XCA,PADD 5 EXCEPT CALIFORNIA,EPMR,Regular Gasoline,PTE,Retail Sales,EMM_EPMR_PTE_R5XCA_DPG,West Coast (PADD 5) Except California Regular All Formulations Retail Gasoline Prices (Dollars per Gallon),3.702,$/GAL
2025-11-24,R50,PADD 5,EPMR,Regular Gasoline,PTE,Retail Sales,EMM_EPMR_PTE_R50_DPG,West Coast Regular All Formulations Retail Gasoline Prices (Dollars per Gallon),4.07,$/GAL
2025-11-24,R40,PADD 4,EPMR,Regular Gasoline,PTE,Retail Sales,EMM_EPMR_PTE_R40_DPG,Rocky Mountain Regular All Formulations Retail Gasoline Prices (Dollars per Gallon),2.872,$/GAL
2025-11-24,R30,PADD 3,EPMR,Regular Gasoline,PTE,Retail Sales,EMM_EPMR_PTE_R30_DPG,Gulf Coast Regular All Formulations Retail Gasoline Prices (Dollars per Gallon),2.643,$/GAL
2025-11-24,R20,PADD 2,EPMR,Regular Gasoline,PTE,Retail Sales,EMM_EPMR_PTE_R20_DPG,Midwest Regular All Formulations Retail Gasoline Prices (Dollars per Gallon),2.858,$/GAL
2025-11-24,R1Z,PADD 1C,EPMR,Regular Gasoline,PTE,Retail Sales,EMM_EPMR_PTE_R1Z_DPG,Lower Atlantic (PADD 1C) Regular All Formulations Retail Gasoline Prices (Dollars per Gallon),2.896,$/GAL
2025-11-24,R1Y,PADD 1B,EPMR,Regular Gasoline,PTE,Retail Sales,EMM_EPMR_PTE_R1Y_DPG,Central Atlantic (PADD 1B) Regular All Formulations Retail Gasoline Prices (Dollars per Gallon),3.122,$/GAL
2025-11-24,R1X,PADD 1A,EPMR,Regular Gasoline,PTE,Retail Sales,EMM_EPMR_PTE_R1X_DPG,New England (PADD 1A) Regular All Formulations Retail Gasoline Prices (Dollars per Gallon),2.996,$/GAL
2025-11-24,R10,PADD 1,EPMR,Regular Gasoline,PTE,Retail Sales,EMM_EPMR_PTE_R10_DPG,East Coast Regular All Formulations Retail Gasoline Prices (Dollars per Gallon),2.985,$/GAL
2025-11-17,NUS,U.S.,EPMR,Regular Gasoline,PTE,Retail Sales,EMM_EPMR_PTE_NUS_DPG,U.S. Regular All Formulations Retail Gasoline Prices (Dollars per Gallon),3.062,$/GAL
2025-11-17,YORD,CHICAGO,EPMR,Regular Gasoline,PTE,Retail Sales,EMM_EPMR_PTE_YORD_DPG,Chicago Regular All Formulations Retail Gasoline Prices (Dollars per Gallon),3.255,$/GAL
2025-11-17,YMIA,MIAMI,EPMR,Regular Gasoline,PTE,Retail Sales,EMM_EPMR_PTE_YMIA_DPG,"Miami, FL Regular All Formulations Retail Gasoline Prices (Dollars per Gallon)",2.893,$/GAL
2025-11-17,YDEN,DENVER,EPMR,Regular Gasoline,PTE,Retail Sales,EMM_EPMR_PTE_YDEN_DPG,Denver Regular All Formulations Retail Gasoline Prices (Dollars per Gallon),2.59,$/GAL
2025-11-17,YCLE,CLEVELAND,EPMR,Regular Gasoline,PTE,Retail Sales,EMM_EPMR_PTE_YCLE_DPG,"Cleveland, OH Regular All Formulations Retail Gasoline Prices (Dollars per Gallon)",3.075,$/GAL
2025-11-17,YBOS,BOSTON,EPMR,Regular Gasoline,PTE,Retail Sales,EMM_EPMR_PTE_YBOS_DPG,"Boston, MA Regular All Formulations Retail Gasoline Prices (Dollars per Gallon)",2.965,$/GAL
2025-11-17,Y48SE,SEATTLE,EPMR,Regular Gasoline,PTE,Retail Sales,EMM_EPMR_PTE_Y48SE_DPG,"Seattle, WA Regular All Formulations Retail Gasoline Prices (Dollars per Gallon)",4.297,$/GAL
2025-11-17,Y44HO,HOUSTON,EPMR,Regular Gasoline,PTE,Retail Sales,EMM_EPMR_PTE_Y44HO_DPG,Houston Regular All Formulations Retail Gasoline Prices (Dollars per Gallon),2.524,$/GAL
2025-11-17,Y35NY,NEW YORK CITY,EPMR,Regular Gasoline,PTE,Retail Sales,EMM_EPMR_PTE_Y35NY_DPG,New York City Regular All Formulations Retail Gasoline Prices (Dollars per Gallon),2.991,$/GAL
2025-11-17,Y05SF,SAN FRANCISCO,EPMR,Regular Gasoline,PTE,Retail Sales,EMM_EPMR_PTE_Y05SF_DPG,San Francisco Regular All Formulations Retail Gasoline Prices (Dollars per Gallon),4.424,$/GAL
2025-11-17,Y05LA,LOS ANGELES,EPMR,Regular Gasoline,PTE,Retail Sales,EMM_EPMR_PTE_Y05LA_DPG,Los Angeles Regular All Formulations Retail Gasoline Prices (Dollars per Gallon),4.52,$/GAL
2025-11-17,SWA,WASHINGTON,EPMR,Regular Gasoline,PTE,Retail Sales,EMM_EPMR_PTE_SWA_DPG,Washington Regular All Formulations Retail Gasoline Prices (Dollars per Gallon),4.052,$/GAL
2025-11-17,STX,TEXAS,EPMR,Regular Gasoline,PTE,Retail Sales,EMM_EPMR_PTE_STX_DPG,Texas Regular All Formulations Retail Gasoline Prices (Dollars per Gallon),2.584,$/GAL
2025-11-17,SOH,OHIO,EPMR,Regular Gasoline,PTE,Retail Sales,EMM_EPMR_PTE_SOH_DPG,Ohio Regular All Formulations Retail Gasoline Prices (Dollars per Gallon),3.169,$/GAL
2025-11-17,SNY,NEW YORK,EPMR,Regular Gasoline,PTE,Retail Sales,EMM_EPMR_PTE_SNY_DPG,New York Regular All Formulations Retail Gasoline Prices (Dollars per Gallon),3.058,$/GAL
2025-11-17,SMN,MINNESOTA,EPMR,Regular Gasoline,PTE,Retail Sales,EMM_EPMR_PTE_SMN_DPG,Minnesota Regular All Formulations Retail Gasoline Prices (Dollars per Gallon),2.932,$/GAL
2025-11-17,SMA,MASSACHUSETTS,EPMR,Regular Gasoline,PTE,Retail Sales,EMM_EPMR_PTE_SMA_DPG,Massachusetts Regular All Formulations Retail Gasoline Prices (Dollars per Gallon),2.968,$/GAL
2025-11-17,SFL,FLORIDA,EPMR,Regular Gasoline,PTE,Retail Sales,EMM_EPMR_PTE_SFL_DPG,Florida Regular All Formulations Retail Gasoline Prices (Dollars per Gallon),2.865,$/GAL
2025-11-17,SCO,COLORADO,EPMR,Regular Gasoline,PTE,Retail Sales,EMM_EPMR_PTE_SCO_DPG,Colorado Regular All Formulations Retail Gasoline Prices (Dollars per Gallon),2.667,$/GAL
2025-11-17,SCA,CALIFORNIA,EPMR,Regular Gasoline,PTE,Retail Sales,EMM_EPMR_PTE_SCA_DPG,California Regular All Formulations Retail Gasoline Prices (Dollars per Gallon),4.476,$/GAL
2025-11-17,R5XCA,PADD 5 EXCEPT CALIFORNIA,EPMR,Regular Gasoline,PTE,Retail Sales,EMM_EPMR_PTE_R5XCA_DPG,West Coast (PADD 5) Except California Regular All Formulations Retail Gasoline Prices (Dollars per Gallon),3.746,$/GAL
2025-11-17,R50,PADD 5,EPMR,Regular Gasoline,PTE,Retail Sales,EMM_EPMR_PTE_R50_DPG,West Coast Regular All Formulations Retail Gasoline Prices (Dollars per Gallon),4.12,$/GAL
2025-11-17,R40,PADD 4,EPMR,Regular Gasoline,PTE,Retail Sales,EMM_EPMR_PTE_R40_DPG,Rocky Mountain Regular All Formulations Retail Gasoline Prices (Dollars per Gallon),2.949,$/GAL
2025-11-17,R30,PADD 3,EPMR,Regular Gasoline,PTE,Retail Sales,EMM_EPMR_PTE_R30_DPG,Gulf Coast Regular All Formulations Retail Gasoline Prices (Dollars per Gallon),2.6,$/GAL
2025-11-17,R20,PADD 2,EPMR,Regular Gasoline,PTE,Retail Sales,EMM_EPMR_PTE_R20_DPG,Midwest Regular All Formulations Retail Gasoline Prices (Dollars per Gallon),2.907,$/GAL
2025-11-17,R1Z,PADD 1C,EPMR,Regular Gasoline,PTE,Retail Sales,EMM_EPMR_PTE_R1Z_DPG,Lower Atlantic (PADD 1C) Regular All Formulations Retail Gasoline Prices (Dollars per Gallon),2.834,$/GAL
2025-11-17,R1Y,PADD 1B,EPMR,Regular Gasoline,PTE,Retail Sales,EMM_EPMR_PTE_R1Y_DPG,Central Atlantic (PADD 1B) Regular All Formulations Retail Gasoline Prices (Dollars per Gallon),3.131,$/GAL
2025-11-17,R1X,PADD 1A,EPMR,Regular Gasoline,PTE,Retail Sales,EMM_EPMR_PTE_R1X_DPG,New England (PADD 1A) Regular All Formulations Retail Gasoline Prices (Dollars per Gallon),2.98,$/GAL
2025-11-17,R10,PADD 1,EPMR,Regular Gasoline,PTE,Retail Sales,EMM_EPMR_PTE_R10_DPG,East Coast Regular All Formulations Retail Gasoline Prices (Dollars per Gallon),2.953,$/GAL
2025-11-10,NUS,U.S.,EPMR,Regular Gasoline,PTE,Retail Sales,EMM_EPMR_PTE_NUS_DPG,U.S. Regular All Formulations Retail Gasoline Prices (Dollars per Gallon),3.056,$/GAL
2025-11-10,YORD,CHICAGO,EPMR,Regular Gasoline,PTE,Retail Sales,EMM_EPMR_PTE_YORD_DPG,Chicago Regular All Formulations Retail Gasoline Prices (Dollars per Gallon),3.332,$/GAL
2025-11-10,YMIA,MIAMI,EPMR,Regular Gasoline,PTE,Retail Sales,EMM_EPMR_PTE_YMIA_DPG,"Miami, FL Regular All Formulations Retail Gasoline Prices (Dollars per Gallon)",2.814,$/GAL
2025-11-10,YDEN,DENVER,EPMR,Regular Gasoline,PTE,Retail Sales,EMM_EPMR_PTE_YDEN_DPG,Denver Regular All Formulations Retail Gasoline Prices (Dollars per Gallon),2.576,$/GAL
2025-11-10,YCLE,CLEVELAND,EPMR,Regular Gasoline,PTE,Retail Sales,EMM_EPMR_PTE_YCLE_DPG,"Cleveland, OH Regular All Formulations Retail Gasoline Prices (Dollars per Gallon)",3.021,$/GAL
2025-11-10,YBOS,BOSTON,EPMR,Regular Gasoline,PTE,Retail Sales,EMM_EPMR_PTE_YBOS_DPG,"Boston, MA Regular All Formulations Retail Gasoline Prices (Dollars per Gallon)",2.969,$/GAL
2025-11-10,Y48SE,SEATTLE,EPMR,Regular Gasoline,PTE,Retail Sales,EMM_EPMR_PTE_Y48SE_DPG,"Seattle, WA Regular All Formulations Retail Gasoline Prices (Dollars per Gallon)",4.348,$/GAL
2025-11-10,Y44HO,HOUSTON,EPMR,Regular Gasoline,PTE,Retail Sales,EMM_EPMR_PTE_Y44HO_DPG,Houston Regular All Formulations Retail Gasoline Prices (Dollars per Gallon),2.502,$/GAL
2025-11-10,Y35NY,NEW YORK CITY,EPMR,Regular Gasoline,PTE,Retail Sales,EMM_EPMR_PTE_Y35NY_DPG,New York City Regular All Formulations Retail Gasoline Prices (Dollars per Gallon),2.948,$/GAL
2025-11-10,Y05SF,SAN FRANCISCO,EPMR,Regular Gasoline,PTE,Retail Sales,EMM_EPMR_PTE_Y05SF_DPG,San Francisco Regular All Formulations Retail Gasoline Prices (Dollars per Gallon),4.465,$/GAL
2025-11-10,Y05LA,LOS ANGELES,EPMR,Regular Gasoline,PTE,Retail Sales,EMM_EPMR_PTE_Y05LA_DPG,Los Angeles Regular All Formulations Retail Gasoline Prices (Dollars per Gallon),4.523,$/GAL
2025-11-10,SWA,WASHINGTON,EPMR,Regular Gasoline,PTE,Retail Sales,EMM_EPMR_PTE_SWA_DPG,Washington Regular All Formulations Retail Gasoline Prices (Dollars per Gallon),4.117,$/GAL
2025-11-10,STX,TEXAS,EPMR,Regular Gasoline,PTE,Retail Sales,EMM_EPMR_PTE_STX_DPG,Texas Regular All Formulations Retail Gasoline Prices (Dollars per Gallon),2.587,$/GAL
2025-11-10,SOH,OHIO,EPMR,Regular Gasoline,PTE,Retail Sales,EMM_EPMR_PTE_SOH_DPG,Ohio Regular All Formulations Retail Gasoline Prices (Dollars per Gallon),3.043,$/GAL
2025-11-10,SNY,NEW YORK,EPMR,Regular Gasoline,PTE,Retail Sales,EMM_EPMR_PTE_SNY_DPG,New York Regular All Formulations Retail Gasoline Prices (Dollars per Gallon),3.035,$/GAL
2025-11-10,SMN,MINNESOTA,EPMR,Regular Gasoline,PTE,Retail Sales,EMM_EPMR_PTE_SMN_DPG,Minnesota Regular All Formulations Retail Gasoline Prices (Dollars per Gallon),2.966,$/GAL
2025-11-10,SMA,MASSACHUSETTS,EPMR,Regular Gasoline,PTE,Retail Sales,EMM_EPMR_PTE_SMA_DPG,Massachusetts Regular All Formulations Retail Gasoline Prices (Dollars per Gallon),2.954,$/GAL
2025-11-10,SFL,FLORIDA,EPMR,Regular Gasoline,PTE,Retail Sales,EMM_EPMR_PTE_SFL_DPG,Florida Regular All Formulations Retail Gasoline Prices (Dollars per Gallon),2.778,$/GAL
2025-11-10,SCO,COLORADO,EPMR,Regular Gasoline,PTE,Retail Sales,EMM_EPMR_PTE_SCO_DPG,Colorado Regular All Formulations Retail Gasoline Prices (Dollars per Gallon),2.636,$/GAL
2025-11-10,SCA,CALIFORNIA,EPMR,Regular Gasoline,PTE,Retail Sales,EMM_EPMR_PTE_SCA_DPG,California Regular All Formulations Retail Gasoline Prices (Dollars per Gallon),4.5,$/GAL
2025-11-10,R5XCA,PADD 5 EXCEPT CALIFORNIA,EPMR,Regular Gasoline,PTE,Retail Sales,EMM_EPMR_PTE_R5XCA_DPG,West Coast (PADD 5) Except California Regular All Formulations Retail Gasoline Prices (Dollars per Gallon),3.783,$/GAL
2025-11-10,R50,PADD 5,EPMR,Regular Gasoline,PTE,Retail Sales,EMM_EPMR_PTE_R50_DPG,West Coast Regular All Formulations Retail Gasoline Prices (Dollars per Gallon),4.159,$/GAL
2025-11-10,R40,PADD 4,EPMR,Regular Gasoline,PTE,Retail Sales,EMM_EPMR_PTE_R40_DPG,Rocky Mountain Regular All Formulations Retail Gasoline Prices (Dollars per Gallon),2.909,$/GAL
2025-11-10,R30,PADD 3,EPMR,Regular Gasoline,PTE,Retail Sales,EMM_EPMR_PTE_R30_DPG,Gulf Coast Regular All Formulations Retail Gasoline Prices (Dollars per Gallon),2.599,$/GAL
2025-11-10,R20,PADD 2,EPMR,Regular Gasoline,PTE,Retail Sales,EMM_EPMR_PTE_R20_DPG,Midwest Regular All Formulations Retail Gasoline Prices (Dollars per Gallon),2.91,$/GAL
2025-11-10,R1Z,PADD 1C,EPMR,Regular Gasoline,PTE,Retail Sales,EMM_EPMR_PTE_R1Z_DPG,Lower Atlantic (PADD 1C) Regular All Formulations Retail Gasoline Prices (Dollars per Gallon),2.782,$/GAL
2025-11-10,R1Y,PADD 1B,EPMR,Regular Gasoline,PTE,Retail Sales,EMM_EPMR_PTE_R1Y_DPG,Central Atlantic (PADD 1B) Regular All Formulations Retail Gasoline Prices (Dollars per Gallon),3.095,$/GAL
2025-11-10,R1X,PADD 1A,EPMR,Regular Gasoline,PTE,Retail Sales,EMM_EPMR_PTE_R1X_DPG,New England (PADD 1A) Regular All Formulations Retail Gasoline Prices (Dollars per Gallon),2.972,$/GAL
2025-11-10,R10,PADD 1,EPMR,Regular Gasoline,PTE,Retail Sales,EMM_EPMR_PTE_R10_DPG,East Coast Regular All Formulations Retail Gasoline Prices (Dollars per Gallon),2.912,$/GAL
2025-11-03,NUS,U.S.,EPMR,Regular Gasoline,PTE,Retail Sales,EMM_EPMR_PTE_NUS_DPG,U.S. Regular All Formulations Retail Gasoline Prices (Dollars per Gallon),3.019,$/GAL
2025-11-03,YORD,CHICAGO,EPMR,Regular Gasoline,PTE,Retail Sales,EMM_EPMR_PTE_YORD_DPG,Chicago Regular All Formulations Retail Gasoline Prices (Dollars per Gallon),3.247,$/GAL
2025-11-03,YMIA,MIAMI,EPMR,Regular Gasoline,PTE,Retail Sales,EMM_EPMR_PTE_YMIA_DPG,"Miami, FL Regular All Formulations Retail Gasoline Prices (Dollars per Gallon)",2.938,$/GAL
2025-11-03,YDEN,DENVER,EPMR,Regular Gasoline,PTE,Retail Sales,EMM_EPMR_PTE_YDEN_DPG,Denver Regular All Formulations Retail Gasoline Prices (Dollars per Gallon),2.69,$/GAL
2025-11-03,YCLE,CLEVELAND,EPMR,Regular Gasoline,PTE,Retail Sales,EMM_EPMR_PTE_YCLE_DPG,"Cleveland, OH Regular All Formulations Retail Gasoline Prices (Dollars per Gallon)",2.873,$/GAL
2025-11-03,YBOS,BOSTON,EPMR,Regular Gasoline,PTE,Retail Sales,EMM_EPMR_PTE_YBOS_DPG,"Boston, MA Regular All Formulations Retail Gasoline Prices (Dollars per Gallon)",2.929,$/GAL
2025-11-03,Y48SE,SEATTLE,EPMR,Regular Gasoline,PTE,Retail Sales,EMM_EPMR_PTE_Y48SE_DPG,"Seattle, WA Regular All Formulations Retail Gasoline Prices (Dollars per Gallon)",4.376,$/GAL
2025-11-03,Y44HO,HOUSTON,EPMR,Regular Gasoline,PTE,Retail Sales,EMM_EPMR_PTE_Y44HO_DPG,Houston Regular All Formulations Retail Gasoline Prices (Dollars per Gallon),2.466,$/GAL
2025-11-03,Y35NY,NEW YORK CITY,EPMR,Regular Gasoline,PTE,Retail Sales,EMM_EPMR_PTE_Y35NY_DPG,New York City Regular All Formulations Retail Gasoline Prices (Dollars per Gallon),2.918,$/GAL
2025-11-03,Y05SF,SAN FRANCISCO,EPMR,Regular Gasoline,PTE,Retail Sales,EMM_EPMR_PTE_Y05SF_DPG,San Francisco Regular All Formulations Retail Gasoline Prices (Dollars per Gallon),4.443,$/GAL
2025-11-03,Y05LA,LOS ANGELES,EPMR,Regular Gasoline,PTE,Retail Sales,EMM_EPMR_PTE_Y05LA_DPG,Los Angeles Regular All Formulations Retail Gasoline Prices (Dollars per Gallon),4.414,$/GAL
2025-11-03,SWA,WASHINGTON,EPMR,Regular Gasoline,PTE,Retail Sales,EMM_EPMR_PTE_SWA_DPG,Washington Regular All Formulations Retail Gasoline Prices (Dollars per Gallon),4.173,$/GAL
2025-11-03,STX,TEXAS,EPMR,Regular Gasoline,PTE,Retail Sales,EMM_EPMR_PTE_STX_DPG,Texas Regular All Formulations Retail Gasoline Prices (Dollars per Gallon),2.466,$/GAL
2025-11-03,SOH,OHIO,EPMR,Regular Gasoline,PTE,Retail Sales,EMM_EPMR_PTE_SOH_DPG,Ohio Regular All Formulations Retail Gasoline Prices (Dollars per Gallon),2.901,$/GAL
2025-11-03,SNY,NEW YORK,EPMR,Regular Gasoline,PTE,Retail Sales,EMM_EPMR_PTE_SNY_DPG,New York Regular All Formulations Retail Gasoline Prices (Dollars per Gallon),3.004,$/GAL
2025-11-03,SMN,MINNESOTA,EPMR,Regular Gasoline,PTE,Retail Sales,EMM_EPMR_PTE_SMN_DPG,Minnesota Regular All Formulations Retail Gasoline Prices (Dollars per Gallon),2.883,$/GAL
2025-11-03,SMA,MASSACHUSETTS,EPMR,Regular Gasoline,PTE,Retail Sales,EMM_EPMR_PTE_SMA_DPG,Massachusetts Regular All Formulations Retail Gasoline Prices (Dollars per Gallon),2.913,$/GAL
2025-11-03,SFL,FLORIDA,EPMR,Regular Gasoline,PTE,Retail Sales,EMM_EPMR_PTE_SFL_DPG,Florida Regular All Formulations Retail Gasoline Prices (Dollars per Gallon),2.91,$/GAL
2025-11-03,SCO,COLORADO,EPMR,Regular Gasoline,PTE,Retail Sales,EMM_EPMR_PTE_SCO_DPG,Colorado Regular All Formulations Retail Gasoline Prices (Dollars per Gallon),2.71,$/GAL
2025-11-03,SCA,CALIFORNIA,EPMR,Regular Gasoline,PTE,Retail Sales,EMM_EPMR_PTE_SCA_DPG,California Regular All Formulations Retail Gasoline Prices (Dollars per Gallon),4.434,$/GAL
2025-11-03,R5XCA,PADD 5 EXCEPT CALIFORNIA,EPMR,Regular Gasoline,PTE,Retail Sales,EMM_EPMR_PTE_R5XCA_DPG,West Coast (PADD 5) Except California Regular All Formulations Retail Gasoline Prices (Dollars per Gallon),3.791,$/GAL
2025-11-03,R50,PADD 5,EPMR,Regular Gasoline,PTE,Retail Sales,EMM_EPMR_PTE_R50_DPG,West Coast Regular All Formulations Retail Gasoline Prices (Dollars per Gallon),4.128,$/GAL
2025-11-03,R40,PADD 4,EPMR,Regular Gasoline,PTE,Retail Sales,EMM_EPMR_PTE_R40_DPG,Rocky Mountain Regular All Formulations Retail Gasoline Prices (Dollars per Gallon),2.938,$/GAL
2025-11-03,R30,PADD 3,EPMR,Regular Gasoline,PTE,Retail Sales,EMM_EPMR_PTE_R30_DPG,Gulf Coast Regular All Formulations Retail Gasoline Prices (Dollars per Gallon),2.511,$/GAL
2025-11-03,R20,PADD 2,EPMR,Regular Gasoline,PTE,Retail Sales,EMM_EPMR_PTE_R20_DPG,Midwest Regular All Formulations Retail Gasoline Prices (Dollars per Gallon),2.828,$/GAL
2025-11-03,R1Z,PADD 1C,EPMR,Regular Gasoline,PTE,Retail Sales,EMM_EPMR_PTE_R1Z_DPG,Lower Atlantic (PADD 1C) Regular All Formulations Retail Gasoline Prices (Dollars per Gallon),2.823,$/GAL
2025-11-03,R1Y,PADD 1B,EPMR,Regular Gasoline,PTE,Retail Sales,EMM_EPMR_PTE_R1Y_DPG,Central Atlantic (PADD 1B) Regular All Formulations Retail Gasoline Prices (Dollars per Gallon),3.06,$/GAL
2025-11-03,R1X,PADD 1A,EPMR,Regular Gasoline,PTE,Retail Sales,EMM_EPMR_PTE_R1X_DPG,New England (PADD 1A) Regular All Formulations Retail Gasoline Prices (Dollars per Gallon),2.931,$/GAL
2025-11-03,R10,PADD 1,EPMR,Regular Gasoline,PTE,Retail Sales,EMM_EPMR_PTE_R10_DPG,East Coast Regular All Formulations Retail Gasoline Prices (Dollars per Gallon),2.917,$/GAL
2025-10-27,NUS,U.S.,EPMR,Regular Gasoline,PTE,Retail Sales,EMM_EPMR_PTE_NUS_DPG,U.S. Regular All Formulations Retail Gasoline Prices (Dollars per Gallon),3.035,$/GAL
2025-10-27,YORD,CHICAGO,EPMR,Regular Gasoline,PTE,Retail Sales,EMM_EPMR_PTE_YORD_DPG,Chicago Regular All Formulations Retail Gasoline Prices (Dollars per Gallon),3.352,$/GAL
2025-10-27,YMIA,MIAMI,EPMR,Regular Gasoline,PTE,Retail Sales,EMM_EPMR_PTE_YMIA_DPG,"Miami, FL Regular All Formulations Retail Gasoline Prices (Dollars per Gallon)",2.902,$/GAL
2025-10-27,YDEN,DENVER,EPMR,Regular Gasoline,PTE,Retail Sales,EMM_EPMR_PTE_YDEN_DPG,Denver Regular All Formulations Retail Gasoline Prices (Dollars per Gallon),2.791,$/GAL
2025-10-27,YCLE,CLEVELAND,EPMR,Regular Gasoline,PTE,Retail Sales,EMM_EPMR_PTE_YCLE_DPG,"Cleveland, OH Regular All Formulations Retail Gasoline Prices (Dollars per Gallon)",2.935,$/GAL
2025-10-27,YBOS,BOSTON,EPMR,Regular Gasoline,PTE,Retail Sales,EMM_EPMR_PTE_YBOS_DPG,"Boston, MA Regular All Formulations Retail Gasoline Prices (Dollars per Gallon)",2.921,$/GAL
2025-10-27,Y48SE,SEATTLE,EPMR,Regular Gasoline,PTE,Retail Sales,EMM_EPMR_PTE_Y48SE_DPG,"Seattle, WA Regular All Formulations Retail Gasoline Prices (Dollars per Gallon)",4.456,$/GAL
2025-10-27,Y44HO,HOUSTON,EPMR,Regular Gasoline,PTE,Retail Sales,EMM_EPMR_PTE_Y44HO_DPG,Houston Regular All Formulations Retail Gasoline Prices (Dollars per Gallon),2.48,$/GAL
2025-10-27,Y35NY,NEW YORK CITY,EPMR,Regular Gasoline,PTE,Retail Sales,EMM_EPMR_PTE_Y35NY_DPG,New York City Regular All Formulations Retail Gasoline Prices (Dollars per Gallon),2.918,$/GAL
2025-10-27,Y05SF,SAN FRANCISCO,EPMR,Regular Gasoline,PTE,Retail Sales,EMM_EPMR_PTE_Y05SF_DPG,San Francisco Regular All Formulations Retail Gasoline Prices (Dollars per Gallon),4.422,$/GAL
2025-10-27,Y05LA,LOS ANGELES,EPMR,Regular Gasoline,PTE,Retail Sales,EMM_EPMR_PTE_Y05LA_DPG,Los Angeles Regular All Formulations Retail Gasoline Prices (Dollars per Gallon),4.342,$/GAL
2025-10-27,SWA,WASHINGTON,EPMR,Regular Gasoline,PTE,Retail Sales,EMM_EPMR_PTE_SWA_DPG,Washington Regular All Formulations Retail Gasoline Prices (Dollars per Gallon),4.253,$/GAL
2025-10-27,STX,TEXAS,EPMR,Regular Gasoline,PTE,Retail Sales,EMM_EPMR_PTE_STX_DPG,Texas Regular All Formulations Retail Gasoline Prices (Dollars per Gallon),2.564,$/GAL
2025-10-27,SOH,OHIO,EPMR,Regular Gasoline,PTE,Retail Sales,EMM_EPMR_PTE_SOH_DPG,Ohio Regular All Formulations Retail Gasoline Prices (Dollars per Gallon),2.922,$/GAL
2025-10-27,SNY,NEW YORK,EPMR,Regular Gasoline,PTE,Retail Sales,EMM_EPMR_PTE_SNY_DPG,New York Regular All Formulations Retail Gasoline Prices (Dollars per Gallon),2.999,$/GAL
2025-10-27,SMN,MINNESOTA,EPMR,Regular Gasoline,PTE,Retail Sales,EMM_EPMR_PTE_SMN_DPG,Minnesota Regular All Formulations Retail Gasoline Prices (Dollars per Gallon),2.881,$/GAL
2025-10-27,SMA,MASSACHUSETTS,EPMR,Regular Gasoline,PTE,Retail Sales,EMM_EPMR_PTE_SMA_DPG,Massachusetts Regular All Formulations Retail Gasoline Prices (Dollars per Gallon),2.897,$/GAL
2025-10-27,SFL,FLORIDA,EPMR,Regular Gasoline,PTE,Retail Sales,EMM_EPMR_PTE_SFL_DPG,Florida Regular All Formulations Retail Gasoline Prices (Dollars per Gallon),2.853,$/GAL
2025-10-27,SCO,COLORADO,EPMR,Regular Gasoline,PTE,Retail Sales,EMM_EPMR_PTE_SCO_DPG,Colorado Regular All Formulations Retail Gasoline Prices (Dollars per Gallon),2.797,$/GAL
2025-10-27,SCA,CALIFORNIA,EPMR,Regular Gasoline,PTE,Retail Sales,EMM_EPMR_PTE_SCA_DPG,California Regular All Formulations Retail Gasoline Prices (Dollars per Gallon),4.358,$/GAL
2025-10-27,R5XCA,PADD 5 EXCEPT CALIFORNIA,EPMR,Regular Gasoline,PTE,Retail Sales,EMM_EPMR_PTE_R5XCA_DPG,West Coast (PADD 5) Except California Regular All Formulations Retail Gasoline Prices (Dollars per Gallon),3.827,$/GAL
2025-10-27,R50,PADD 5,EPMR,Regular Gasoline,PTE,Retail Sales,EMM_EPMR_PTE_R50_DPG,West Coast Regular All Formulations Retail Gasoline Prices (Dollars per Gallon),4.106,$/GAL
2025-10-27,R40,PADD 4,EPMR,Regular Gasoline,PTE,Retail Sales,EMM_EPMR_PTE_R40_DPG,Rocky Mountain Regular All Formulations Retail Gasoline Prices (Dollars per Gallon),2.972,$/GAL
2025-10-27,R30,PADD 3,EPMR,Regular Gasoline,PTE,Retail Sales,EMM_EPMR_PTE_R30_DPG,Gulf Coast Regular All Formulations Retail Gasoline Prices (Dollars per Gallon),2.58,$/GAL
2025-10-27,R20,PADD 2,EPMR,Regular Gasoline,PTE,Retail Sales,EMM_EPMR_PTE_R20_DPG,Midwest Regular All Formulations Retail Gasoline Prices (Dollars per Gallon),2.873,$/GAL
2025-10-27,R1Z,PADD 1C,EPMR,Regular Gasoline,PTE,Retail Sales,EMM_EPMR_PTE_R1Z_DPG,Lower Atlantic (PADD 1C) Regular All Formulations Retail Gasoline Prices (Dollars per Gallon),2.807,$/GAL
2025-10-27,R1Y,PADD 1B,EPMR,Regular Gasoline,PTE,Retail Sales,EMM_EPMR_PTE_R1Y_DPG,Central Atlantic (PADD 1B) Regular All Formulations Retail Gasoline Prices (Dollars per Gallon),3.064,$/GAL
2025-10-27,R1X,PADD 1A,EPMR,Regular Gasoline,PTE,Retail Sales,EMM_EPMR_PTE_R1X_DPG,New England (PADD 1A) Regular All Formulations Retail Gasoline Prices (Dollars per Gallon),2.934,$/GAL
2025-10-27,R10,PADD 1,EPMR,Regular Gasoline,PTE,Retail Sales,EMM_EPMR_PTE_R10_DPG,East Coast Regular All Formulations Retail Gasoline Prices (Dollars per Gallon),2.91,$/GAL
2025-10-20,NUS,U.S.,EPMR,Regular Gasoline,PTE,Retail Sales,EMM_EPMR_PTE_NUS_DPG,U.S. Regular All Formulations Retail Gasoline Prices (Dollars per Gallon),3.019,$/GAL
2025-10-20,YORD,CHICAGO,EPMR,Regular Gasoline,PTE,Retail Sales,EMM_EPMR_PTE_YORD_DPG,Chicago Regular All Formulations Retail Gasoline Prices (Dollars per Gallon),3.181,$/GAL
2025-10-20,YMIA,MIAMI,EPMR,Regular Gasoline,PTE,Retail Sales,EMM_EPMR_PTE_YMIA_DPG,"Miami, FL Regular All Formulations Retail Gasoline Prices (Dollars per Gallon)",2.875,$/GAL
2025-10-20,YDEN,DENVER,EPMR,Regular Gasoline,PTE,Retail Sales,EMM_EPMR_PTE_YDEN_DPG,Denver Regular All Formulations Retail Gasoline Prices (Dollars per Gallon),2.678,$/GAL
2025-10-20,YCLE,CLEVELAND,EPMR,Regular Gasoline,PTE,Retail Sales,EMM_EPMR_PTE_YCLE_DPG,"Cleveland, OH Regular All Formulations Retail Gasoline Prices (Dollars per Gallon)",2.96,$/GAL
2025-10-20,YBOS,BOSTON,EPMR,Regular Gasoline,PTE,Retail Sales,EMM_EPMR_PTE_YBOS_DPG,"Boston, MA Regular All Formulations Retail Gasoline Prices (Dollars per Gallon)",2.937,$/GAL
2025-10-20,Y48SE,SEATTLE,EPMR,Regular Gasoline,PTE,Retail Sales,EMM_EPMR_PTE_Y48SE_DPG,"Seattle, WA Regular All Formulations Retail Gasoline Prices (Dollars per Gallon)",4.487,$/GAL
2025-10-20,Y44HO,HOUSTON,EPMR,Regular Gasoline,PTE,Retail Sales,EMM_EPMR_PTE_Y44HO_DPG,Houston Regular All Formulations Retail Gasoline Prices (Dollars per Gallon),2.498,$/GAL
2025-10-20,Y35NY,NEW YORK CITY,EPMR,Regular Gasoline,PTE,Retail Sales,EMM_EPMR_PTE_Y35NY_DPG,New York City Regular All Formulations Retail Gasoline Prices (Dollars per Gallon),2.933,$/GAL
2025-10-20,Y05SF,SAN FRANCISCO,EPMR,Regular Gasoline,PTE,Retail Sales,EMM_EPMR_PTE_Y05SF_DPG,San Francisco Regular All Formulations Retail Gasoline Prices (Dollars per Gallon),4.473,$/GAL
2025-10-20,Y05LA,LOS ANGELES,EPMR,Regular Gasoline,PTE,Retail Sales,EMM_EPMR_PTE_Y05LA_DPG,Los Angeles Regular All Formulations Retail Gasoline Prices (Dollars per Gallon),4.404,$/GAL
2025-10-20,SWA,WASHINGTON,EPMR,Regular Gasoline,PTE,Retail Sales,EMM_EPMR_PTE_SWA_DPG,Washington Regular All Formulations Retail Gasoline Prices (Dollars per Gallon),4.305,$/GAL
2025-10-20,STX,TEXAS,EPMR,Regular Gasoline,PTE,Retail Sales,EMM_EPMR_PTE_STX_DPG,Texas Regular All Formulations Retail Gasoline Prices (Dollars per Gallon),2.511,$/GAL
2025-10-20,SOH,OHIO,EPMR,Regular Gasoline,PTE,Retail Sales,EMM_EPMR_PTE_SOH_DPG,Ohio Regular All Formulations Retail Gasoline Prices (Dollars per Gallon),3.007,$/GAL
2025-10-20,SNY,NEW YORK,EPMR,Regular Gasoline,PTE,Retail Sales,EMM_EPMR_PTE_SNY_DPG,New York Regular All Formulations Retail Gasoline Prices (Dollars per Gallon),3.015,$/GAL
2025-10-20,SMN,MINNESOTA,EPMR,Regular Gasoline,PTE,Retail Sales,EMM_EPMR_PTE_SMN_DPG,Minnesota Regular All Formulations Retail Gasoline Prices (Dollars per Gallon),2.855,$/GAL
2025-10-20,SMA,MASSACHUSETTS,EPMR,Regular Gasoline,PTE,Retail Sales,EMM_EPMR_PTE_SMA_DPG,Massachusetts Regular All Formulations Retail Gasoline Prices (Dollars per Gallon),2.912,$/GAL
2025-10-20,SFL,FLORIDA,EPMR,Regular Gasoline,PTE,Retail Sales,EMM_EPMR_PTE_SFL_DPG,Florida Regular All Formulations Retail Gasoline Prices (Dollars per Gallon),2.829,$/GAL
2025-10-20,SCO,COLORADO,EPMR,Regular Gasoline,PTE,Retail Sales,EMM_EPMR_PTE_SCO_DPG,Colorado Regular All Formulations Retail Gasoline Prices (Dollars per Gallon),2.756,$/GAL
2025-10-20,SCA,CALIFORNIA,EPMR,Regular Gasoline,PTE,Retail Sales,EMM_EPMR_PTE_SCA_DPG,California Regular All Formulations Retail Gasoline Prices (Dollars per Gallon),4.426,$/GAL
2025-10-20,R5XCA,PADD 5 EXCEPT CALIFORNIA,EPMR,Regular Gasoline,PTE,Retail Sales,EMM_EPMR_PTE_R5XCA_DPG,West Coast (PADD 5) Except California Regular All Formulations Retail Gasoline Prices (Dollars per Gallon),3.878,$/GAL
2025-10-20,R50,PADD 5,EPMR,Regular Gasoline,PTE,Retail Sales,EMM_EPMR_PTE_R50_DPG,West Coast Regular All Formulations Retail Gasoline Prices (Dollars per Gallon),4.166,$/GAL
2025-10-20,R40,PADD 4,EPMR,Regular Gasoline,PTE,Retail Sales,EMM_EPMR_PTE_R40_DPG,Rocky Mountain Regular All Formulations Retail Gasoline Prices (Dollars per Gallon),2.997,$/GAL
2025-10-20,R30,PADD 3,EPMR,Regular Gasoline,PTE,Retail Sales,EMM_EPMR_PTE_R30_DPG,Gulf Coast Regular All Formulations Retail Gasoline Prices (Dollars per Gallon),2.556,$/GAL
2025-10-20,R20,PADD 2,EPMR,Regular Gasoline,PTE,Retail Sales,EMM_EPMR_PTE_R20_DPG,Midwest Regular All Formulations Retail Gasoline Prices (Dollars per Gallon),2.805,$/GAL
2025-10-20,R1Z,PADD 1C,EPMR,Regular Gasoline,PTE,Retail Sales,EMM_EPMR_PTE_R1Z_DPG,Lower Atlantic (PADD 1C) Regular All Formulations Retail Gasoline Prices (Dollars per Gallon),2.787,$/GAL
2025-10-20,R1Y,PADD 1B,EPMR,Regular Gasoline,PTE,Retail Sales,EMM_EPMR_PTE_R1Y_DPG,Central Atlantic (PADD 1B) Regular All Formulations Retail Gasoline Prices (Dollars per Gallon),3.064,$/GAL
2025-10-20,R1X,PADD 1A,EPMR,Regular Gasoline,PTE,Retail Sales,EMM_EPMR_PTE_R1X_DPG,New England (PADD 1A) Regular All Formulations Retail Gasoline Prices (Dollars per Gallon),2.949,$/GAL
2025-10-20,R10,PADD 1,EPMR,Regular Gasoline,PTE,Retail Sales,EMM_EPMR_PTE_R10_DPG,East Coast Regular All Formulations Retail Gasoline Prices (Dollars per Gallon),2.902,$/GAL
2025-10-13,NUS,U.S.,EPMR,Regular Gasoline,PTE,Retail Sales,EMM_EPMR_PTE_NUS_DPG,U.S. Regular All Formulations Retail Gasoline Prices (Dollars per Gallon),3.061,$/GAL
2025-10-13,YORD,CHICAGO,EPMR,Regular Gasoline,PTE,Retail Sales,EMM_EPMR_PTE_YORD_DPG,Chicago Regular All Formulations Retail Gasoline Prices (Dollars per Gallon),3.243,$/GAL
2025-10-13,YMIA,MIAMI,EPMR,Regular Gasoline,PTE,Retail Sales,EMM_EPMR_PTE_YMIA_DPG,"Miami, FL Regular All Formulations Retail Gasoline Prices (Dollars per Gallon)",2.894,$/GAL
2025-10-13,YDEN,DENVER,EPMR,Regular Gasoline,PTE,Retail Sales,EMM_EPMR_PTE_YDEN_DPG,Denver Regular All Formulations Retail Gasoline Prices (Dollars per Gallon),2.726,$/GAL
2025-10-13,YCLE,CLEVELAND,EPMR,Regular Gasoline,PTE,Retail Sales,EMM_EPMR_PTE_YCLE_DPG,"Cleveland, OH Regular All Formulations Retail Gasoline Prices (Dollars per Gallon)",2.797,$/GAL
2025-10-13,YBOS,BOSTON,EPMR,Regular Gasoline,PTE,Retail Sales,EMM_EPMR_PTE_YBOS_DPG,"Boston, MA Regular All Formulations Retail Gasoline Prices (Dollars per Gallon)",2.979,$/GAL
2025-10-13,Y48SE,SEATTLE,EPMR,Regular Gasoline,PTE,Retail Sales,EMM_EPMR_PTE_Y48SE_DPG,"Seattle, WA Regular All Formulations Retail Gasoline Prices (Dollars per Gallon)",4.553,$/GAL
2025-10-13,Y44HO,HOUSTON,EPMR,Regular Gasoline,PTE,Retail Sales,EMM_EPMR_PTE_Y44HO_DPG,Houston Regular All Formulations Retail Gasoline Prices (Dollars per Gallon),2.55,$/GAL
2025-10-13,Y35NY,NEW YORK CITY,EPMR,Regular Gasoline,PTE,Retail Sales,EMM_EPMR_PTE_Y35NY_DPG,New York City Regular All Formulations Retail Gasoline Prices (Dollars per Gallon),2.98,$/GAL
2025-10-13,Y05SF,SAN FRANCISCO,EPMR,Regular Gasoline,PTE,Retail Sales,EMM_EPMR_PTE_Y05SF_DPG,San Francisco Regular All Formulations Retail Gasoline Prices (Dollars per Gallon),4.488,$/GAL
2025-10-13,Y05LA,LOS ANGELES,EPMR,Regular Gasoline,PTE,Retail Sales,EMM_EPMR_PTE_Y05LA_DPG,Los Angeles Regular All Formulations Retail Gasoline Prices (Dollars per Gallon),4.45,$/GAL
2025-10-13,SWA,WASHINGTON,EPMR,Regular Gasoline,PTE,Retail Sales,EMM_EPMR_PTE_SWA_DPG,Washington Regular All Formulations Retail Gasoline Prices (Dollars per Gallon),4.357,$/GAL
2025-10-13,STX,TEXAS,EPMR,Regular Gasoline,PTE,Retail Sales,EMM_EPMR_PTE_STX_DPG,Texas Regular All Formulations Retail Gasoline Prices (Dollars per Gallon),2.585,$/GAL
2025-10-13,SOH,OHIO,EPMR,Regular Gasoline,PTE,Retail Sales,EMM_EPMR_PTE_SOH_DPG,Ohio Regular All Formulations Retail Gasoline Prices (Dollars per Gallon),2.718,$/GAL
2025-10-13,SNY,NEW YORK,EPMR,Regular Gasoline,PTE,Retail Sales,EMM_EPMR_PTE_SNY_DPG,New York Regular All Formulations Retail Gasoline Prices (Dollars per Gallon),3.055,$/GAL
2025-10-13,SMN,MINNESOTA,EPMR,Regular Gasoline,PTE,Retail Sales,EMM_EPMR_PTE_SMN_DPG,Minnesota Regular All Formulations Retail Gasoline Prices (Dollars per Gallon),2.875,$/GAL
2025-10-13,SMA,MASSACHUSETTS,EPMR,Regular Gasoline,PTE,Retail Sales,EMM_EPMR_PTE_SMA_DPG,Massachusetts Regular All Formulations Retail Gasoline Prices (Dollars per Gallon),2.943,$/GAL
2025-10-13,SFL,FLORIDA,EPMR,Regular Gasoline,PTE,Retail Sales,EMM_EPMR_PTE_SFL_DPG,Florida Regular All Formulations Retail Gasoline Prices (Dollars per Gallon),2.872,$/GAL
2025-10-13,SCO,COLORADO,EPMR,Regular Gasoline,PTE,Retail Sales,EMM_EPMR_PTE_SCO_DPG,Colorado Regular All Formulations Retail Gasoline Prices (Dollars per Gallon),2.785,$/GAL
2025-10-13,SCA,CALIFORNIA,EPMR,Regular Gasoline,PTE,Retail Sales,EMM_EPMR_PTE_SCA_DPG,California Regular All Formulations Retail Gasoline Prices (Dollars per Gallon),4.457,$/GAL
2025-10-13,R5XCA,PADD 5 EXCEPT CALIFORNIA,EPMR,Regular Gasoline,PTE,Retail Sales,EMM_EPMR_PTE_R5XCA_DPG,West Coast (PADD 5) Except California Regular All Formulations Retail Gasoline Prices (Dollars per Gallon),3.949,$/GAL
2025-10-13,R50,PADD 5,EPMR,Regular Gasoline,PTE,Retail Sales,EMM_EPMR_PTE_R50_DPG,West Coast Regular All Formulations Retail Gasoline Prices (Dollars per Gallon),4.213,$/GAL
2025-10-13,R40,PADD 4,EPMR,Regular Gasoline,PTE,Retail Sales,EMM_EPMR_PTE_R40_DPG,Rocky Mountain Regular All Formulations Retail Gasoline Prices (Dollars per Gallon),3.049,$/GAL
2025-10-13,R30,PADD 3,EPMR,Regular Gasoline,PTE,Retail Sales,EMM_EPMR_PTE_R30_DPG,Gulf Coast Regular All Formulations Retail Gasoline Prices (Dollars per Gallon),2.623,$/GAL
2025-10-13,R20,PADD 2,EPMR,Regular Gasoline,PTE,Retail Sales,EMM_EPMR_PTE_R20_DPG,Midwest Regular All Formulations Retail Gasoline Prices (Dollars per Gallon),2.812,$/GAL
2025-10-13,R1Z,PADD 1C,EPMR,Regular Gasoline,PTE,Retail Sales,EMM_EPMR_PTE_R1Z_DPG,Lower Atlantic (PADD 1C) Regular All Formulations Retail Gasoline Prices (Dollars per Gallon),2.849,$/GAL
2025-10-13,R1Y,PADD 1B,EPMR,Regular Gasoline,PTE,Retail Sales,EMM_EPMR_PTE_R1Y_DPG,Central Atlantic (PADD 1B) Regular All Formulations Retail Gasoline Prices (Dollars per Gallon),3.104,$/GAL
2025-10-13,R1X,PADD 1A,EPMR,Regular Gasoline,PTE,Retail Sales,EMM_EPMR_PTE_R1X_DPG,New England (PADD 1A) Regular All Formulations Retail Gasoline Prices (Dollars per Gallon),2.98,$/GAL
2025-10-13,R10,PADD 1,EPMR,Regular Gasoline,PTE,Retail Sales,EMM_EPMR_PTE_R10_DPG,East Coast Regular All Formulations Retail Gasoline Prices (Dollars per Gallon),2.952,$/GAL
2025-10-06,NUS,U.S.,EPMR,Regular Gasoline,PTE,Retail Sales,EMM_EPMR_PTE_NUS_DPG,U.S. Regular All Formulations Retail Gasoline Prices (Dollars per Gallon),3.124,$/GAL
2025-10-06,YORD,CHICAGO,EPMR,Regular Gasoline,PTE,Retail Sales,EMM_EPMR_PTE_YORD_DPG,Chicago Regular All Formulations Retail Gasoline Prices (Dollars per Gallon),3.409,$/GAL
2025-10-06,YMIA,MIAMI,EPMR,Regular Gasoline,PTE,Retail Sales,EMM_EPMR_PTE_YMIA_DPG,"Miami, FL Regular All Formulations Retail Gasoline Prices (Dollars per Gallon)",2.99,$/GAL
2025-10-06,YDEN,DENVER,EPMR,Regular Gasoline,PTE,Retail Sales,EMM_EPMR_PTE_YDEN_DPG,Denver Regular All Formulations Retail Gasoline Prices (Dollars per Gallon),2.774,$/GAL
2025-10-06,YCLE,CLEVELAND,EPMR,Regular Gasoline,PTE,Retail Sales,EMM_EPMR_PTE_YCLE_DPG,"Cleveland, OH Regular All Formulations Retail Gasoline Prices (Dollars per Gallon)",2.943,$/GAL
2025-10-06,YBOS,BOSTON,EPMR,Regular Gasoline,PTE,Retail Sales,EMM_EPMR_PTE_YBOS_DPG,"Boston, MA Regular All Formulations Retail Gasoline Prices (Dollars per Gallon)",2.997,$/GAL
2025-10-06,Y48SE,SEATTLE,EPMR,Regular Gasoline,PTE,Retail Sales,EMM_EPMR_PTE_Y48SE_DPG,"Seattle, WA Regular All Formulations Retail Gasoline Prices (Dollars per Gallon)",4.58,$/GAL
2025-10-06,Y44HO,HOUSTON,EPMR,Regular Gasoline,PTE,Retail Sales,EMM_EPMR_PTE_Y44HO_DPG,Houston Regular All Formulations Retail Gasoline Prices (Dollars per Gallon),2.599,$/GAL
2025-10-06,Y35NY,NEW YORK CITY,EPMR,Regular Gasoline,PTE,Retail Sales,EMM_EPMR_PTE_Y35NY_DPG,New York City Regular All Formulations Retail Gasoline Prices (Dollars per Gallon),3.005,$/GAL
2025-10-06,Y05SF,SAN FRANCISCO,EPMR,Regular Gasoline,PTE,Retail Sales,EMM_EPMR_PTE_Y05SF_DPG,San Francisco Regular All Formulations Retail Gasoline Prices (Dollars per Gallon),4.447,$/GAL
2025-10-06,Y05LA,LOS ANGELES,EPMR,Regular Gasoline,PTE,Retail Sales,EMM_EPMR_PTE_Y05LA_DPG,Los Angeles Regular All Formulations Retail Gasoline Prices (Dollars per Gallon),4.477,$/GAL
2025-10-06,SWA,WASHINGTON,EPMR,Regular Gasoline,PTE,Retail Sales,EMM_EPMR_PTE_SWA_DPG,Washington Regular All Formulations Retail Gasoline Prices (Dollars per Gallon),4.409,$/GAL
2025-10-06,STX,TEXAS,EPMR,Regular Gasoline,PTE,Retail Sales,EMM_EPMR_PTE_STX_DPG,Texas Regular All Formulations Retail Gasoline Prices (Dollars per Gallon),2.724,$/GAL
2025-10-06,SOH,OHIO,EPMR,Regular Gasoline,PTE,Retail Sales,EMM_EPMR_PTE_SOH_DPG,Ohio Regular All Formulations Retail Gasoline Prices (Dollars per Gallon),2.992,$/GAL
2025-10-06,SNY,NEW YORK,EPMR,Regular Gasoline,PTE,Retail Sales,EMM_EPMR_PTE_SNY_DPG,New York Regular All Formulations Retail Gasoline Prices (Dollars per Gallon),3.077,$/GAL
2025-10-06,SMN,MINNESOTA,EPMR,Regular Gasoline,PTE,Retail Sales,EMM_EPMR_PTE_SMN_DPG,Minnesota Regular All Formulations Retail Gasoline Prices (Dollars per Gallon),2.908,$/GAL
2025-10-06,SMA,MASSACHUSETTS,EPMR,Regular Gasoline,PTE,Retail Sales,EMM_EPMR_PTE_SMA_DPG,Massachusetts Regular All Formulations Retail Gasoline Prices (Dollars per Gallon),2.98,$/GAL
2025-10-06,SFL,FLORIDA,EPMR,Regular Gasoline,PTE,Retail Sales,EMM_EPMR_PTE_SFL_DPG,Florida Regular All Formulations Retail Gasoline Prices (Dollars per Gallon),2.979,$/GAL
2025-10-06,SCO,COLORADO,EPMR,Regular Gasoline,PTE,Retail Sales,EMM_EPMR_PTE_SCO_DPG,Colorado Regular All Formulations Retail Gasoline Prices (Dollars per Gallon),2.835,$/GAL
2025-10-06,SCA,CALIFORNIA,EPMR,Regular Gasoline,PTE,Retail Sales,EMM_EPMR_PTE_SCA_DPG,California Regular All Formulations Retail Gasoline Prices (Dollars per Gallon),4.452,$/GAL
2025-10-06,R5XCA,PADD 5 EXCEPT CALIFORNIA,EPMR,Regular Gasoline,PTE,Retail Sales,EMM_EPMR_PTE_R5XCA_DPG,West Coast (PADD 5) Except California Regular All Formulations Retail Gasoline Prices (Dollars per Gallon),3.982,$/GAL
2025-10-06,R50,PADD 5,EPMR,Regular Gasoline,PTE,Retail Sales,EMM_EPMR_PTE_R50_DPG,West Coast Regular All Formulations Retail Gasoline Prices (Dollars per Gallon),4.226,$/GAL
2025-10-06,R40,PADD 4,EPMR,Regular Gasoline,PTE,Retail Sales,EMM_EPMR_PTE_R40_DPG,Rocky Mountain Regular All Formulations Retail Gasoline Prices (Dollars per Gallon),3.066,$/GAL
2025-10-06,R30,PADD 3,EPMR,Regular Gasoline,PTE,Retail Sales,EMM_EPMR_PTE_R30_DPG,Gulf Coast Regular All Formulations Retail Gasoline Prices (Dollars per Gallon),2.719,$/GAL
2025-10-06,R20,PADD 2,EPMR,Regular Gasoline,PTE,Retail Sales,EMM_EPMR_PTE_R20_DPG,Midwest Regular All Formulations Retail Gasoline Prices (Dollars per Gallon),2.933,$/GAL
2025-10-06,R1Z,PADD 1C,EPMR,Regular Gasoline,PTE,Retail Sales,EMM_EPMR_PTE_R1Z_DPG,Lower Atlantic (PADD 1C) Regular All Formulations Retail Gasoline Prices (Dollars per Gallon),2.897,$/GAL
2025-10-06,R1Y,PADD 1B,EPMR,Regular Gasoline,PTE,Retail Sales,EMM_EPMR_PTE_R1Y_DPG,Central Atlantic (PADD 1B) Regular All Formulations Retail Gasoline Prices (Dollars per Gallon),3.112,$/GAL
2025-10-06,R1X,PADD 1A,EPMR,Regular Gasoline,PTE,Retail Sales,EMM_EPMR_PTE_R1X_DPG,New England (PADD 1A) Regular All Formulations Retail Gasoline Prices (Dollars per Gallon),3.008,$/GAL
2025-10-06,R10,PADD 1,EPMR,Regular Gasoline,PTE,Retail Sales,EMM_EPMR_PTE_R10_DPG,East Coast Regular All Formulations Retail Gasoline Prices (Dollars per Gallon),2.984,$/GAL
2025-09-29,NUS,U.S.,EPMR,Regular Gasoline,PTE,Retail Sales,EMM_EPMR_PTE_NUS_DPG,U.S. Regular All Formulations Retail Gasoline Prices (Dollars per Gallon),3.118,$/GAL
2025-09-29,YORD,CHICAGO,EPMR,Regular Gasoline,PTE,Retail Sales,EMM_EPMR_PTE_YORD_DPG,Chicago Regular All Formulations Retail Gasoline Prices (Dollars per Gallon),3.489,$/GAL
2025-09-29,YMIA,MIAMI,EPMR,Regular Gasoline,PTE,Retail Sales,EMM_EPMR_PTE_YMIA_DPG,"Miami, FL Regular All Formulations Retail Gasoline Prices (Dollars per Gallon)",2.968,$/GAL
2025-09-29,YDEN,DENVER,EPMR,Regular Gasoline,PTE,Retail Sales,EMM_EPMR_PTE_YDEN_DPG,Denver Regular All Formulations Retail Gasoline Prices (Dollars per Gallon),2.883,$/GAL
2025-09-29,YCLE,CLEVELAND,EPMR,Regular Gasoline,PTE,Retail Sales,EMM_EPMR_PTE_YCLE_DPG,"Cleveland, OH Regular All Formulations Retail Gasoline Prices (Dollars per Gallon)",2.956,$/GAL
2025-09-29,YBOS,BOSTON,EPMR,Regular Gasoline,PTE,Retail Sales,EMM_EPMR_PTE_YBOS_DPG,"Boston, MA Regular All Formulations Retail Gasoline Prices (Dollars per Gallon)",3.027,$/GAL
2025-09-29,Y48SE,SEATTLE,EPMR,Regular Gasoline,PTE,Retail Sales,EMM_EPMR_PTE_Y48SE_DPG,"Seattle, WA Regular All Formulations Retail Gasoline Prices (Dollars per Gallon)",4.616,$/GAL
2025-09-29,Y44HO,HOUSTON,EPMR,Regular Gasoline,PTE,Retail Sales,EMM_EPMR_PTE_Y44HO_DPG,Houston Regular All Formulations Retail Gasoline Prices (Dollars per Gallon),2.603,$/GAL
2025-09-29,Y35NY,NEW YORK CITY,EPMR,Regular Gasoline,PTE,Retail Sales,EMM_EPMR_PTE_Y35NY_DPG,New York City Regular All Formulations Retail Gasoline Prices (Dollars per Gallon),3.035,$/GAL
2025-09-29,Y05SF,SAN FRANCISCO,EPMR,Regular Gasoline,PTE,Retail Sales,EMM_EPMR_PTE_Y05SF_DPG,San Francisco Regular All Formulations Retail Gasoline Prices (Dollars per Gallon),4.428,$/GAL
2025-09-29,Y05LA,LOS ANGELES,EPMR,Regular Gasoline,PTE,Retail Sales,EMM_EPMR_PTE_Y05LA_DPG,Los Angeles Regular All Formulations Retail Gasoline Prices (Dollars per Gallon),4.463,$/GAL
2025-09-29,SWA,WASHINGTON,EPMR,Regular Gasoline,PTE,Retail Sales,EMM_EPMR_PTE_SWA_DPG,Washington Regular All Formulations Retail Gasoline Prices (Dollars per Gallon),4.449,$/GAL
2025-09-29,STX,TEXAS,EPMR,Regular Gasoline,PTE,Retail Sales,EMM_EPMR_PTE_STX_DPG,Texas Regular All Formulations Retail Gasoline Prices (Dollars per Gallon),2.647,$/GAL
2025-09-29,SOH,OHIO,EPMR,Regular Gasoline,PTE,Retail Sales,EMM_EPMR_PTE_SOH_DPG,Ohio Regular All Formulations Retail Gasoline Prices (Dollars per Gallon),2.856,$/GAL
2025-09-29,SNY,NEW YORK,EPMR,Regular Gasoline,PTE,Retail Sales,EMM_EPMR_PTE_SNY_DPG,New York Regular All Formulations Retail Gasoline Prices (Dollars per Gallon),3.103,$/GAL
2025-09-29,SMN,MINNESOTA,EPMR,Regular Gasoline,PTE,Retail Sales,EMM_EPMR_PTE_SMN_DPG,Minnesota Regular All Formulations Retail Gasoline Prices (Dollars per Gallon),2.939,$/GAL
2025-09-29,SMA,MASSACHUSETTS,EPMR,Regular Gasoline,PTE,Retail Sales,EMM_EPMR_PTE_SMA_DPG,Massachusetts Regular All Formulations Retail Gasoline Prices (Dollars per Gallon),3.006,$/GAL
2025-09-29,SFL,FLORIDA,EPMR,Regular Gasoline,PTE,Retail Sales,EMM_EPMR_PTE_SFL_DPG,Florida Regular All Formulations Retail Gasoline Prices (Dollars per Gallon),2.905,$/GAL
2025-09-29,SCO,COLORADO,EPMR,Regular Gasoline,PTE,Retail Sales,EMM_EPMR_PTE_SCO_DPG,Colorado Regular All Formulations Retail Gasoline Prices (Dollars per Gallon),2.927,$/GAL
2025-09-29,SCA,CALIFORNIA,EPMR,Regular Gasoline,PTE,Retail Sales,EMM_EPMR_PTE_SCA_DPG,California Regular All Formulations Retail Gasoline Prices (Dollars per Gallon),4.446,$/GAL
2025-09-29,R5XCA,PADD 5 EXCEPT CALIFORNIA,EPMR,Regular Gasoline,PTE,Retail Sales,EMM_EPMR_PTE_R5XCA_DPG,West Coast (PADD 5) Except California Regular All Formulations Retail Gasoline Prices (Dollars per Gallon),4.013,$/GAL
2025-09-29,R50,PADD 5,EPMR,Regular Gasoline,PTE,Retail Sales,EMM_EPMR_PTE_R50_DPG,West Coast Regular All Formulations Retail Gasoline Prices (Dollars per Gallon),4.238,$/GAL
2025-09-29,R40,PADD 4,EPMR,Regular Gasoline,PTE,Retail Sales,EMM_EPMR_PTE_R40_DPG,Rocky Mountain Regular All Formulations Retail Gasoline Prices (Dollars per Gallon),3.11,$/GAL
2025-09-29,R30,PADD 3,EPMR,Regular Gasoline,PTE,Retail Sales,EMM_EPMR_PTE_R30_DPG,Gulf Coast Regular All Formulations Retail Gasoline Prices (Dollars per Gallon),2.672,$/GAL
2025-09-29,R20,PADD 2,EPMR,Regular Gasoline,PTE,Retail Sales,EMM_EPMR_PTE_R20_DPG,Midwest Regular All Formulations Retail Gasoline Prices (Dollars per Gallon),2.928,$/GAL
2025-09-29,R1Z,PADD 1C,EPMR,Regular Gasoline,PTE,Retail Sales,EMM_EPMR_PTE_R1Z_DPG,Lower Atlantic (PADD 1C) Regular All Formulations Retail Gasoline Prices (Dollars per Gallon),2.866,$/GAL
2025-09-29,R1Y,PADD 1B,EPMR,Regular Gasoline,PTE,Retail Sales,EMM_EPMR_PTE_R1Y_DPG,Central Atlantic (PADD 1B) Regular All Formulations Retail Gasoline Prices (Dollars per Gallon),3.147,$/GAL
2025-09-29,R1X,PADD 1A,EPMR,Regular Gasoline,PTE,Retail Sales,EMM_EPMR_PTE_R1X_DPG,New England (PADD 1A) Regular All Formulations Retail Gasoline Prices (Dollars per Gallon),3.034,$/GAL
2025-09-29,R10,PADD 1,EPMR,Regular Gasoline,PTE,Retail Sales,EMM_EPMR_PTE_R10_DPG,East Coast Regular All Formulations Retail Gasoline Prices (Dollars per Gallon),2.983,$/GAL
2025-09-22,NUS,U.S.,EPMR,Regular Gasoline,PTE,Retail Sales,EMM_EPMR_PTE_NUS_DPG,U.S. Regular All Formulations Retail Gasoline Prices (Dollars per Gallon),3.173,$/GAL
2025-09-22,YORD,CHICAGO,EPMR,Regular Gasoline,PTE,Retail Sales,EMM_EPMR_PTE_YORD_DPG,Chicago Regular All Formulations Retail Gasoline Prices (Dollars per Gallon),3.466,$/GAL
2025-09-22,YMIA,MIAMI,EPMR,Regular Gasoline,PTE,Retail Sales,EMM_EPMR_PTE_YMIA_DPG,"Miami, FL Regular All Formulations Retail Gasoline Prices (Dollars per Gallon)",3.05,$/GAL
2025-09-22,YDEN,DENVER,EPMR,Regular Gasoline,PTE,Retail Sales,EMM_EPMR_PTE_YDEN_DPG,Denver Regular All Formulations Retail Gasoline Prices (Dollars per Gallon),3.043,$/GAL
2025-09-22,YCLE,CLEVELAND,EPMR,Regular Gasoline,PTE,Retail Sales,EMM_EPMR_PTE_YCLE_DPG,"Cleveland, OH Regular All Formulations Retail Gasoline Prices (Dollars per Gallon)",3.054,$/GAL
2025-09-22,YBOS,BOSTON,EPMR,Regular Gasoline,PTE,Retail Sales,EMM_EPMR_PTE_YBOS_DPG,"Boston, MA Regular All Formulations Retail Gasoline Prices (Dollars per Gallon)",3.074,$/GAL
2025-09-22,Y48SE,SEATTLE,EPMR,Regular Gasoline,PTE,Retail Sales,EMM_EPMR_PTE_Y48SE_DPG,"Seattle, WA Regular All Formulations Retail Gasoline Prices (Dollars per Gallon)",4.641,$/GAL
2025-09-22,Y44HO,HOUSTON,EPMR,Regular Gasoline,PTE,Retail Sales,EMM_EPMR_PTE_Y44HO_DPG,Houston Regular All Formulations Retail Gasoline Prices (Dollars per Gallon),2.675,$/GAL
2025-09-22,Y35NY,NEW YORK CITY,EPMR,Regular Gasoline,PTE,Retail Sales,EMM_EPMR_PTE_Y35NY_DPG,New York City Regular All Formulations Retail Gasoline Prices (Dollars per Gallon),3.078,$/GAL
2025-09-22,Y05SF,SAN FRANCISCO,EPMR,Regular Gasoline,PTE,Retail Sales,EMM_EPMR_PTE_Y05SF_DPG,San Francisco Regular All Formulations Retail Gasoline Prices (Dollars per Gallon),4.432,$/GAL
2025-09-22,Y05LA,LOS ANGELES,EPMR,Regular Gasoline,PTE,Retail Sales,EMM_EPMR_PTE_Y05LA_DPG,Los Angeles Regular All Formulations Retail Gasoline Prices (Dollars per Gallon),4.502,$/GAL
2025-09-22,SWA,WASHINGTON,EPMR,Regular Gasoline,PTE,Retail Sales,EMM_EPMR_PTE_SWA_DPG,Washington Regular All Formulations Retail Gasoline Prices (Dollars per Gallon),4.515,$/GAL
2025-09-22,STX,TEXAS,EPMR,Regular Gasoline,PTE,Retail Sales,EMM_EPMR_PTE_STX_DPG,Texas Regular All Formulations Retail Gasoline Prices (Dollars per Gallon),2.695,$/GAL
2025-09-22,SOH,OHIO,EPMR,Regular Gasoline,PTE,Retail Sales,EMM_EPMR_PTE_SOH_DPG,Ohio Regular All Formulations Retail Gasoline Prices (Dollars per Gallon),3.019,$/GAL
2025-09-22,SNY,NEW YORK,EPMR,Regular Gasoline,PTE,Retail Sales,EMM_EPMR_PTE_SNY_DPG,New York Regular All Formulations Retail Gasoline Prices (Dollars per Gallon),3.126,$/GAL
2025-09-22,SMN,MINNESOTA,EPMR,Regular Gasoline,PTE,Retail Sales,EMM_EPMR_PTE_SMN_DPG,Minnesota Regular All Formulations Retail Gasoline Prices (Dollars per Gallon),3.012,$/GAL
2025-09-22,SMA,MASSACHUSETTS,EPMR,Regular Gasoline,PTE,Retail Sales,EMM_EPMR_PTE_SMA_DPG,Massachusetts Regular All Formulations Retail Gasoline Prices (Dollars per Gallon),3.056,$/GAL
2025-09-22,SFL,FLORIDA,EPMR,Regular Gasoline,PTE,Retail Sales,EMM_EPMR_PTE_SFL_DPG,Florida Regular All Formulations Retail Gasoline Prices (Dollars per Gallon),3.009,$/GAL
2025-09-22,SCO,COLORADO,EPMR,Regular Gasoline,PTE,Retail Sales,EMM_EPMR_PTE_SCO_DPG,Colorado Regular All Formulations Retail Gasoline Prices (Dollars per Gallon),3.065,$/GAL
2025-09-22,SCA,CALIFORNIA,EPMR,Regular Gasoline,PTE,Retail Sales,EMM_EPMR_PTE_SCA_DPG,California Regular All Formulations Retail Gasoline Prices (Dollars per Gallon),4.468,$/GAL
2025-09-22,R5XCA,PADD 5 EXCEPT CALIFORNIA,EPMR,Regular Gasoline,PTE,Retail Sales,EMM_EPMR_PTE_R5XCA_DPG,West Coast (PADD 5) Except California Regular All Formulations Retail Gasoline Prices (Dollars per Gallon),4.059,$/GAL
2025-09-22,R50,PADD 5,EPMR,Regular Gasoline,PTE,Retail Sales,EMM_EPMR_PTE_R50_DPG,West Coast Regular All Formulations Retail Gasoline Prices (Dollars per Gallon),4.272,$/GAL
2025-09-22,R40,PADD 4,EPMR,Regular Gasoline,PTE,Retail Sales,EMM_EPMR_PTE_R40_DPG,Rocky Mountain Regular All Formulations Retail Gasoline Prices (Dollars per Gallon),3.184,$/GAL
2025-09-22,R30,PADD 3,EPMR,Regular Gasoline,PTE,Retail Sales,EMM_EPMR_PTE_R30_DPG,Gulf Coast Regular All Formulations Retail Gasoline Prices (Dollars per Gallon),2.716,$/GAL
2025-09-22,R20,PADD 2,EPMR,Regular Gasoline,PTE,Retail Sales,EMM_EPMR_PTE_R20_DPG,Midwest Regular All Formulations Retail Gasoline Prices (Dollars per Gallon),3.008,$/GAL
2025-09-22,R1Z,PADD 1C,EPMR,Regular Gasoline,PTE,Retail Sales,EMM_EPMR_PTE_R1Z_DPG,Lower Atlantic (PADD 1C) Regular All Formulations Retail Gasoline Prices (Dollars per Gallon),2.92,$/GAL
2025-09-22,R1Y,PADD 1B,EPMR,Regular Gasoline,PTE,Retail Sales,EMM_EPMR_PTE_R1Y_DPG,Central Atlantic (PADD 1B) Regular All Formulations Retail Gasoline Prices (Dollars per Gallon),3.187,$/GAL
2025-09-22,R1X,PADD 1A,EPMR,Regular Gasoline,PTE,Retail Sales,EMM_EPMR_PTE_R1X_DPG,New England (PADD 1A) Regular All Formulations Retail Gasoline Prices (Dollars per Gallon),3.075,$/GAL
2025-09-22,R10,PADD 1,EPMR,Regular Gasoline,PTE,Retail Sales,EMM_EPMR_PTE_R10_DPG,East Coast Regular All Formulations Retail Gasoline Prices (Dollars per Gallon),3.03,$/GAL
2025-09-15,NUS,U.S.,EPMR,Regular Gasoline,PTE,Retail Sales,EMM_EPMR_PTE_NUS_DPG,U.S. Regular All Formulations Retail Gasoline Prices (Dollars per Gallon),3.168,$/GAL
2025-09-15,YORD,CHICAGO,EPMR,Regular Gasoline,PTE,Retail Sales,EMM_EPMR_PTE_YORD_DPG,Chicago Regular All Formulations Retail Gasoline Prices (Dollars per Gallon),3.521,$/GAL
2025-09-15,YMIA,MIAMI,EPMR,Regular Gasoline,PTE,Retail Sales,EMM_EPMR_PTE_YMIA_DPG,"Miami, FL Regular All Formulations Retail Gasoline Prices (Dollars per Gallon)",3.011,$/GAL
2025-09-15,YDEN,DENVER,EPMR,Regular Gasoline,PTE,Retail Sales,EMM_EPMR_PTE_YDEN_DPG,Denver Regular All Formulations Retail Gasoline Prices (Dollars per Gallon),3.054,$/GAL
2025-09-15,YCLE,CLEVELAND,EPMR,Regular Gasoline,PTE,Retail Sales,EMM_EPMR_PTE_YCLE_DPG,"Cleveland, OH Regular All Formulations Retail Gasoline Prices (Dollars per Gallon)",2.953,$/GAL
2025-09-15,YBOS,BOSTON,EPMR,Regular Gasoline,PTE,Retail Sales,EMM_EPMR_PTE_YBOS_DPG,"Boston, MA Regular All Formulations Retail Gasoline Prices (Dollars per Gallon)",3.1,$/GAL
2025-09-15,Y48SE,SEATTLE,EPMR,Regular Gasoline,PTE,Retail Sales,EMM_EPMR_PTE_Y48SE_DPG,"Seattle, WA Regular All Formulations Retail Gasoline Prices (Dollars per Gallon)",4.677,$/GAL
2025-09-15,Y44HO,HOUSTON,EPMR,Regular Gasoline,PTE,Retail Sales,EMM_EPMR_PTE_Y44HO_DPG,Houston Regular All Formulations Retail Gasoline Prices (Dollars per Gallon),2.69,$/GAL
2025-09-15,Y35NY,NEW YORK CITY,EPMR,Regular Gasoline,PTE,Retail Sales,EMM_EPMR_PTE_Y35NY_DPG,New York City Regular All Formulations Retail Gasoline Prices (Dollars per Gallon),3.1,$/GAL
2025-09-15,Y05SF,SAN FRANCISCO,EPMR,Regular Gasoline,PTE,Retail Sales,EMM_EPMR_PTE_Y05SF_DPG,San Francisco Regular All Formulations Retail Gasoline Prices (Dollars per Gallon),4.44,$/GAL
2025-09-15,Y05LA,LOS ANGELES,EPMR,Regular Gasoline,PTE,Retail Sales,EMM_EPMR_PTE_Y05LA_DPG,Los Angeles Regular All Formulations Retail Gasoline Prices (Dollars per Gallon),4.481,$/GAL
2025-09-15,SWA,WASHINGTON,EPMR,Regular Gasoline,PTE,Retail Sales,EMM_EPMR_PTE_SWA_DPG,Washington Regular All Formulations Retail Gasoline Prices (Dollars per Gallon),4.536,$/GAL
2025-09-15,STX,TEXAS,EPMR,Regular Gasoline,PTE,Retail Sales,EMM_EPMR_PTE_STX_DPG,Texas Regular All Formulations Retail Gasoline Prices (Dollars per Gallon),2.771,$/GAL
2025-09-15,SOH,OHIO,EPMR,Regular Gasoline,PTE,Retail Sales,EMM_EPMR_PTE_SOH_DPG,Ohio Regular All Formulations Retail Gasoline Prices (Dollars per Gallon),2.84,$/GAL
2025-09-15,SNY,NEW YORK,EPMR,Regular Gasoline,PTE,Retail Sales,EMM_EPMR_PTE_SNY_DPG,New York Regular All Formulations Retail Gasoline Prices (Dollars per Gallon),3.161,$/GAL
2025-09-15,SMN,MINNESOTA,EPMR,Regular Gasoline,PTE,Retail Sales,EMM_EPMR_PTE_SMN_DPG,Minnesota Regular All Formulations Retail Gasoline Prices (Dollars per Gallon),2.977,$/GAL
2025-09-15,SMA,MASSACHUSETTS,EPMR,Regular Gasoline,PTE,Retail Sales,EMM_EPMR_PTE_SMA_DPG,Massachusetts Regular All Formulations Retail Gasoline Prices (Dollars per Gallon),3.08,$/GAL
2025-09-15,SFL,FLORIDA,EPMR,Regular Gasoline,PTE,Retail Sales,EMM_EPMR_PTE_SFL_DPG,Florida Regular All Formulations Retail Gasoline Prices (Dollars per Gallon),2.964,$/GAL
2025-09-15,SCO,COLORADO,EPMR,Regular Gasoline,PTE,Retail Sales,EMM_EPMR_PTE_SCO_DPG,Colorado Regular All Formulations Retail Gasoline Prices (Dollars per Gallon),3.078,$/GAL
2025-09-15,SCA,CALIFORNIA,EPMR,Regular Gasoline,PTE,Retail Sales,EMM_EPMR_PTE_SCA_DPG,California Regular All Formulations Retail Gasoline Prices (Dollars per Gallon),4.468,$/GAL
2025-09-15,R5XCA,PADD 5 EXCEPT CALIFORNIA,EPMR,Regular Gasoline,PTE,Retail Sales,EMM_EPMR_PTE_R5XCA_DPG,West Coast (PADD 5) Except California Regular All Formulations Retail Gasoline Prices (Dollars per Gallon),4.063,$/GAL
2025-09-15,R50,PADD 5,EPMR,Regular Gasoline,PTE,Retail Sales,EMM_EPMR_PTE_R50_DPG,West Coast Regular All Formulations Retail Gasoline Prices (Dollars per Gallon),4.273,$/GAL
2025-09-15,R40,PADD 4,EPMR,Regular Gasoline,PTE,Retail Sales,EMM_EPMR_PTE_R40_DPG,Rocky Mountain Regular All Formulations Retail Gasoline Prices (Dollars per Gallon),3.18,$/GAL
2025-09-15,R30,PADD 3,EPMR,Regular Gasoline,PTE,Retail Sales,EMM_EPMR_PTE_R30_DPG,Gulf Coast Regular All Formulations Retail Gasoline Prices (Dollars per Gallon),2.774,$/GAL
2025-09-15,R20,PADD 2,EPMR,Regular Gasoline,PTE,Retail Sales,EMM_EPMR_PTE_R20_DPG,Midwest Regular All Formulations Retail Gasoline Prices (Dollars per Gallon),2.981,$/GAL
2025-09-15,R1Z,PADD 1C,EPMR,Regular Gasoline,PTE,Retail Sales,EMM_EPMR_PTE_R1Z_DPG,Lower Atlantic (PADD 1C) Regular All Formulations Retail Gasoline Prices (Dollars per Gallon),2.889,$/GAL
2025-09-15,R1Y,PADD 1B,EPMR,Regular Gasoline,PTE,Retail Sales,EMM_EPMR_PTE_R1Y_DPG,Central Atlantic (PADD 1B) Regular All Formulations Retail Gasoline Prices (Dollars per Gallon),3.187,$/GAL
2025-09-15,R1X,PADD 1A,EPMR,Regular Gasoline,PTE,Retail Sales,EMM_EPMR_PTE_R1X_DPG,New England (PADD 1A) Regular All Formulations Retail Gasoline Prices (Dollars per Gallon),3.096,$/GAL
2025-09-15,R10,PADD 1,EPMR,Regular Gasoline,PTE,Retail Sales,EMM_EPMR_PTE_R10_DPG,East Coast Regular All Formulations Retail Gasoline Prices (Dollars per Gallon),3.016,$/GAL
2025-09-08,NUS,U.S.,EPMR,Regular Gasoline,PTE,Retail Sales,EMM_EPMR_PTE_NUS_DPG,U.S. Regular All Formulations Retail Gasoline Prices (Dollars per Gallon),3.192,$/GAL
2025-09-08,YORD,CHICAGO,EPMR,Regular Gasoline,PTE,Retail Sales,EMM_EPMR_PTE_YORD_DPG,Chicago Regular All Formulations Retail Gasoline Prices (Dollars per Gallon),3.594,$/GAL
2025-09-08,YMIA,MIAMI,EPMR,Regular Gasoline,PTE,Retail Sales,EMM_EPMR_PTE_YMIA_DPG,"Miami, FL Regular All Formulations Retail Gasoline Prices (Dollars per Gallon)",3.038,$/GAL
2025-09-08,YDEN,DENVER,EPMR,Regular Gasoline,PTE,Retail Sales,EMM_EPMR_PTE_YDEN_DPG,Denver Regular All Formulations Retail Gasoline Prices (Dollars per Gallon),3.218,$/GAL
2025-09-08,YCLE,CLEVELAND,EPMR,Regular Gasoline,PTE,Retail Sales,EMM_EPMR_PTE_YCLE_DPG,"Cleveland, OH Regular All Formulations Retail Gasoline Prices (Dollars per Gallon)",3.09,$/GAL
2025-09-08,YBOS,BOSTON,EPMR,Regular Gasoline,PTE,Retail Sales,EMM_EPMR_PTE_YBOS_DPG,"Boston, MA Regular All Formulations Retail Gasoline Prices (Dollars per Gallon)",3.124,$/GAL
2025-09-08,Y48SE,SEATTLE,EPMR,Regular Gasoline,PTE,Retail Sales,EMM_EPMR_PTE_Y48SE_DPG,"Seattle, WA Regular All Formulations Retail Gasoline Prices (Dollars per Gallon)",4.497,$/GAL
2025-09-08,Y44HO,HOUSTON,EPMR,Regular Gasoline,PTE,Retail Sales,EMM_EPMR_PTE_Y44HO_DPG,Houston Regular All Formulations Retail Gasoline Prices (Dollars per Gallon),2.671,$/GAL
2025-09-08,Y35NY,NEW YORK CITY,EPMR,Regular Gasoline,PTE,Retail Sales,EMM_EPMR_PTE_Y35NY_DPG,New York City Regular All Formulations Retail Gasoline Prices (Dollars per Gallon),3.112,$/GAL
2025-09-08,Y05SF,SAN FRANCISCO,EPMR,Regular Gasoline,PTE,Retail Sales,EMM_EPMR_PTE_Y05SF_DPG,San Francisco Regular All Formulations Retail Gasoline Prices (Dollars per Gallon),4.397,$/GAL
2025-09-08,Y05LA,LOS ANGELES,EPMR,Regular Gasoline,PTE,Retail Sales,EMM_EPMR_PTE_Y05LA_DPG,Los Angeles Regular All Formulations Retail Gasoline Prices (Dollars per Gallon),4.418,$/GAL
2025-09-08,SWA,WASHINGTON,EPMR,Regular Gasoline,PTE,Retail Sales,EMM_EPMR_PTE_SWA_DPG,Washington Regular All Formulations Retail Gasoline Prices (Dollars per Gallon),4.365,$/GAL
2025-09-08,STX,TEXAS,EPMR,Regular Gasoline,PTE,Retail Sales,EMM_EPMR_PTE_STX_DPG,Texas Regular All Formulations Retail Gasoline Prices (Dollars per Gallon),2.694,$/GAL
2025-09-08,SOH,OHIO,EPMR,Regular Gasoline,PTE,Retail Sales,EMM_EPMR_PTE_SOH_DPG,Ohio Regular All Formulations Retail Gasoline Prices (Dollars per Gallon),2.993,$/GAL
2025-09-08,SNY,NEW YORK,EPMR,Regular Gasoline,PTE,Retail Sales,EMM_EPMR_PTE_SNY_DPG,New York Regular All Formulations Retail Gasoline Prices (Dollars per Gallon),3.156,$/GAL
2025-09-08,SMN,MINNESOTA,EPMR,Regular Gasoline,PTE,Retail Sales,EMM_EPMR_PTE_SMN_DPG,Minnesota Regular All Formulations Retail Gasoline Prices (Dollars per Gallon),3.113,$/GAL
2025-09-08,SMA,MASSACHUSETTS,EPMR,Regular Gasoline,PTE,Retail Sales,EMM_EPMR_PTE_SMA_DPG,Massachusetts Regular All Formulations Retail Gasoline Prices (Dollars per Gallon),3.108,$/GAL
2025-09-08,SFL,FLORIDA,EPMR,Regular Gasoline,PTE,Retail Sales,EMM_EPMR_PTE_SFL_DPG,Florida Regular All Formulations Retail Gasoline Prices (Dollars per Gallon),3.031,$/GAL
2025-09-08,SCO,COLORADO,EPMR,Regular Gasoline,PTE,Retail Sales,EMM_EPMR_PTE_SCO_DPG,Colorado Regular All Formulations Retail Gasoline Prices (Dollars per Gallon),3.2,$/GAL
2025-09-08,SCA,CALIFORNIA,EPMR,Regular Gasoline,PTE,Retail Sales,EMM_EPMR_PTE_SCA_DPG,California Regular All Formulations Retail Gasoline Prices (Dollars per Gallon),4.422,$/GAL
2025-09-08,R5XCA,PADD 5 EXCEPT CALIFORNIA,EPMR,Regular Gasoline,PTE,Retail Sales,EMM_EPMR_PTE_R5XCA_DPG,West Coast (PADD 5) Except California Regular All Formulations Retail Gasoline Prices (Dollars per Gallon),3.946,$/GAL
2025-09-08,R50,PADD 5,EPMR,Regular Gasoline,PTE,Retail Sales,EMM_EPMR_PTE_R50_DPG,West Coast Regular All Formulations Retail Gasoline Prices (Dollars per Gallon),4.194,$/GAL
2025-09-08,R40,PADD 4,EPMR,Regular Gasoline,PTE,Retail Sales,EMM_EPMR_PTE_R40_DPG,Rocky Mountain Regular All Formulations Retail Gasoline Prices (Dollars per Gallon),3.24,$/GAL
2025-09-08,R30,PADD 3,EPMR,Regular Gasoline,PTE,Retail Sales,EMM_EPMR_PTE_R30_DPG,Gulf Coast Regular All Formulations Retail Gasoline Prices (Dollars per Gallon),2.733,$/GAL
2025-09-08,R20,PADD 2,EPMR,Regular Gasoline,PTE,Retail Sales,EMM_EPMR_PTE_R20_DPG,Midwest Regular All Formulations Retail Gasoline Prices (Dollars per Gallon),3.055,$/GAL
2025-09-08,R1Z,PADD 1C,EPMR,Regular Gasoline,PTE,Retail Sales,EMM_EPMR_PTE_R1Z_DPG,Lower Atlantic (PADD 1C) Regular All Formulations Retail Gasoline Prices (Dollars per Gallon),2.949,$/GAL
2025-09-08,R1Y,PADD 1B,EPMR,Regular Gasoline,PTE,Retail Sales,EMM_EPMR_PTE_R1Y_DPG,Central Atlantic (PADD 1B) Regular All Formulations Retail Gasoline Prices (Dollars per Gallon),3.224,$/GAL
2025-09-08,R1X,PADD 1A,EPMR,Regular Gasoline,PTE,Retail Sales,EMM_EPMR_PTE_R1X_DPG,New England (PADD 1A) Regular All Formulations Retail Gasoline Prices (Dollars per Gallon),3.11,$/GAL
2025-09-08,R10,PADD 1,EPMR,Regular Gasoline,PTE,Retail Sales,EMM_EPMR_PTE_R10_DPG,East Coast Regular All Formulations Retail Gasoline Prices (Dollars per Gallon),3.063,$/GAL
2025-09-01,NUS,U.S.,EPMR,Regular Gasoline,PTE,Retail Sales,EMM_EPMR_PTE_NUS_DPG,U.S. Regular All Formulations Retail Gasoline Prices (Dollars per Gallon),3.177,$/GAL
2025-09-01,YORD,CHICAGO,EPMR,Regular Gasoline,PTE,Retail Sales,EMM_EPMR_PTE_YORD_DPG,Chicago Regular All Formulations Retail Gasoline Prices (Dollars per Gallon),3.657,$/GAL
2025-09-01,YMIA,MIAMI,EPMR,Regular Gasoline,PTE,Retail Sales,EMM_EPMR_PTE_YMIA_DPG,"Miami, FL Regular All Formulations Retail Gasoline Prices (Dollars per Gallon)",2.996,$/GAL
2025-09-01,YDEN,DENVER,EPMR,Regular Gasoline,PTE,Retail Sales,EMM_EPMR_PTE_YDEN_DPG,Denver Regular All Formulations Retail Gasoline Prices (Dollars per Gallon),3.104,$/GAL
2025-09-01,YCLE,CLEVELAND,EPMR,Regular Gasoline,PTE,Retail Sales,EMM_EPMR_PTE_YCLE_DPG,"Cleveland, OH Regular All Formulations Retail Gasoline Prices (Dollars per Gallon)",3.218,$/GAL
2025-09-01,YBOS,BOSTON,EPMR,Regular Gasoline,PTE,Retail Sales,EMM_EPMR_PTE_YBOS_DPG,"Boston, MA Regular All Formulations Retail Gasoline Prices (Dollars per Gallon)",3.089,$/GAL
2025-09-01,Y48SE,SEATTLE,EPMR,Regular Gasoline,PTE,Retail Sales,EMM_EPMR_PTE_Y48SE_DPG,"Seattle, WA Regular All Formulations Retail Gasoline Prices (Dollars per Gallon)",4.428,$/GAL
2025-09-01,Y44HO,HOUSTON,EPMR,Regular Gasoline,PTE,Retail Sales,EMM_EPMR_PTE_Y44HO_DPG,Houston Regular All Formulations Retail Gasoline Prices (Dollars per Gallon),2.68,$/GAL
2025-09-01,Y35NY,NEW YORK CITY,EPMR,Regular Gasoline,PTE,Retail Sales,EMM_EPMR_PTE_Y35NY_DPG,New York City Regular All Formulations Retail Gasoline Prices (Dollars per Gallon),3.038,$/GAL
2025-09-01,Y05SF,SAN FRANCISCO,EPMR,Regular Gasoline,PTE,Retail Sales,EMM_EPMR_PTE_Y05SF_DPG,San Francisco Regular All Formulations Retail Gasoline Prices (Dollars per Gallon),4.402,$/GAL
2025-09-01,Y05LA,LOS ANGELES,EPMR,Regular Gasoline,PTE,Retail Sales,EMM_EPMR_PTE_Y05LA_DPG,Los Angeles Regular All Formulations Retail Gasoline Prices (Dollars per Gallon),4.361,$/GAL
2025-09-01,SWA,WASHINGTON,EPMR,Regular Gasoline,PTE,Retail Sales,EMM_EPMR_PTE_SWA_DPG,Washington Regular All Formulations Retail Gasoline Prices (Dollars per Gallon),4.294,$/GAL
2025-09-01,STX,TEXAS,EPMR,Regular Gasoline,PTE,Retail Sales,EMM_EPMR_PTE_STX_DPG,Texas Regular All Formulations Retail Gasoline Prices (Dollars per Gallon),2.754,$/GAL
2025-09-01,SOH,OHIO,EPMR,Regular Gasoline,PTE,Retail Sales,EMM_EPMR_PTE_SOH_DPG,Ohio Regular All Formulations Retail Gasoline Prices (Dollars per Gallon),3.172,$/GAL
2025-09-01,SNY,NEW YORK,EPMR,Regular Gasoline,PTE,Retail Sales,EMM_EPMR_PTE_SNY_DPG,New York Regular All Formulations Retail Gasoline Prices (Dollars per Gallon),3.098,$/GAL
2025-09-01,SMN,MINNESOTA,EPMR,Regular Gasoline,PTE,Retail Sales,EMM_EPMR_PTE_SMN_DPG,Minnesota Regular All Formulations Retail Gasoline Prices (Dollars per Gallon),3.028,$/GAL
2025-09-01,SMA,MASSACHUSETTS,EPMR,Regular Gasoline,PTE,Retail Sales,EMM_EPMR_PTE_SMA_DPG,Massachusetts Regular All Formulations Retail Gasoline Prices (Dollars per Gallon),3.05,$/GAL
2025-09-01,SFL,FLORIDA,EPMR,Regular Gasoline,PTE,Retail Sales,EMM_EPMR_PTE_SFL_DPG,Florida Regular All Formulations Retail Gasoline Prices (Dollars per Gallon),2.976,$/GAL
2025-09-01,SCO,COLORADO,EPMR,Regular Gasoline,PTE,Retail Sales,EMM_EPMR_PTE_SCO_DPG,Colorado Regular All Formulations Retail Gasoline Prices (Dollars per Gallon),3.061,$/GAL
2025-09-01,SCA,CALIFORNIA,EPMR,Regular Gasoline,PTE,Retail Sales,EMM_EPMR_PTE_SCA_DPG,California Regular All Formulations Retail Gasoline Prices (Dollars per Gallon),4.397,$/GAL
2025-09-01,R5XCA,PADD 5 EXCEPT CALIFORNIA,EPMR,Regular Gasoline,PTE,Retail Sales,EMM_EPMR_PTE_R5XCA_DPG,West Coast (PADD 5) Except California Regular All Formulations Retail Gasoline Prices (Dollars per Gallon),3.877,$/GAL
2025-09-01,R50,PADD 5,EPMR,Regular Gasoline,PTE,Retail Sales,EMM_EPMR_PTE_R50_DPG,West Coast Regular All Formulations Retail Gasoline Prices (Dollars per Gallon),4.148,$/GAL
2025-09-01,R40,PADD 4,EPMR,Regular Gasoline,PTE,Retail Sales,EMM_EPMR_PTE_R40_DPG,Rocky Mountain Regular All Formulations Retail Gasoline Prices (Dollars per Gallon),3.183,$/GAL
2025-09-01,R30,PADD 3,EPMR,Regular Gasoline,PTE,Retail Sales,EMM_EPMR_PTE_R30_DPG,Gulf Coast Regular All Formulations Retail Gasoline Prices (Dollars per Gallon),2.765,$/GAL
2025-09-01,R20,PADD 2,EPMR,Regular Gasoline,PTE,Retail Sales,EMM_EPMR_PTE_R20_DPG,Midwest Regular All Formulations Retail Gasoline Prices (Dollars per Gallon),3.088,$/GAL
2025-09-01,R1Z,PADD 1C,EPMR,Regular Gasoline,PTE,Retail Sales,EMM_EPMR_PTE_R1Z_DPG,Lower Atlantic (PADD 1C) Regular All Formulations Retail Gasoline Prices (Dollars per Gallon),2.912,$/GAL
2025-09-01,R1Y,PADD 1B,EPMR,Regular Gasoline,PTE,Retail Sales,EMM_EPMR_PTE_R1Y_DPG,Central Atlantic (PADD 1B) Regular All Formulations Retail Gasoline Prices (Dollars per Gallon),3.15,$/GAL
2025-09-01,R1X,PADD 1A,EPMR,Regular Gasoline,PTE,Retail Sales,EMM_EPMR_PTE_R1X_DPG,New England (PADD 1A) Regular All Formulations Retail Gasoline Prices (Dollars per Gallon),3.07,$/GAL
2025-09-01,R10,PADD 1,EPMR,Regular Gasoline,PTE,Retail Sales,EMM_EPMR_PTE_R10_DPG,East Coast Regular All Formulations Retail Gasoline Prices (Dollars per Gallon),3.012,$/GAL
2025-08-25,NUS,U.S.,EPMR,Regular Gasoline,PTE,Retail Sales,EMM_EPMR_PTE_NUS_DPG,U.S. Regular All Formulations Retail Gasoline Prices (Dollars per Gallon),3.147,$/GAL
2025-08-25,YORD,CHICAGO,EPMR,Regular Gasoline,PTE,Retail Sales,EMM_EPMR_PTE_YORD_DPG,Chicago Regular All Formulations Retail Gasoline Prices (Dollars per Gallon),3.455,$/GAL
2025-08-25,YMIA,MIAMI,EPMR,Regular Gasoline,PTE,Retail Sales,EMM_EPMR_PTE_YMIA_DPG,"Miami, FL Regular All Formulations Retail Gasoline Prices (Dollars per Gallon)",2.893,$/GAL
2025-08-25,YDEN,DENVER,EPMR,Regular Gasoline,PTE,Retail Sales,EMM_EPMR_PTE_YDEN_DPG,Denver Regular All Formulations Retail Gasoline Prices (Dollars per Gallon),3.018,$/GAL
2025-08-25,YCLE,CLEVELAND,EPMR,Regular Gasoline,PTE,Retail Sales,EMM_EPMR_PTE_YCLE_DPG,"Cleveland, OH Regular All Formulations Retail Gasoline Prices (Dollars per Gallon)",3.285,$/GAL
2025-08-25,YBOS,BOSTON,EPMR,Regular Gasoline,PTE,Retail Sales,EMM_EPMR_PTE_YBOS_DPG,"Boston, MA Regular All Formulations Retail Gasoline Prices (Dollars per Gallon)",3.091,$/GAL
2025-08-25,Y48SE,SEATTLE,EPMR,Regular Gasoline,PTE,Retail Sales,EMM_EPMR_PTE_Y48SE_DPG,"Seattle, WA Regular All Formulations Retail Gasoline Prices (Dollars per Gallon)",4.421,$/GAL
2025-08-25,Y44HO,HOUSTON,EPMR,Regular Gasoline,PTE,Retail Sales,EMM_EPMR_PTE_Y44HO_DPG,Houston Regular All Formulations Retail Gasoline Prices (Dollars per Gallon),2.656,$/GAL
2025-08-25,Y35NY,NEW YORK CITY,EPMR,Regular Gasoline,PTE,Retail Sales,EMM_EPMR_PTE_Y35NY_DPG,New York City Regular All Formulations Retail Gasoline Prices (Dollars per Gallon),3.018,$/GAL
2025-08-25,Y05SF,SAN FRANCISCO,EPMR,Regular Gasoline,PTE,Retail Sales,EMM_EPMR_PTE_Y05SF_DPG,San Francisco Regular All Formulations Retail Gasoline Prices (Dollars per Gallon),4.385,$/GAL
2025-08-25,Y05LA,LOS ANGELES,EPMR,Regular Gasoline,PTE,Retail Sales,EMM_EPMR_PTE_Y05LA_DPG,Los Angeles Regular All Formulations Retail Gasoline Prices (Dollars per Gallon),4.309,$/GAL
2025-08-25,SWA,WASHINGTON,EPMR,Regular Gasoline,PTE,Retail Sales,EMM_EPMR_PTE_SWA_DPG,Washington Regular All Formulations Retail Gasoline Prices (Dollars per Gallon),4.291,$/GAL
2025-08-25,STX,TEXAS,EPMR,Regular Gasoline,PTE,Retail Sales,EMM_EPMR_PTE_STX_DPG,Texas Regular All Formulations Retail Gasoline Prices (Dollars per Gallon),2.68,$/GAL
2025-08-25,SOH,OHIO,EPMR,Regular Gasoline,PTE,Retail Sales,EMM_EPMR_PTE_SOH_DPG,Ohio Regular All Formulations Retail Gasoline Prices (Dollars per Gallon),3.414,$/GAL
2025-08-25,SNY,NEW YORK,EPMR,Regular Gasoline,PTE,Retail Sales,EMM_EPMR_PTE_SNY_DPG,New York Regular All Formulations Retail Gasoline Prices (Dollars per Gallon),3.056,$/GAL
2025-08-25,SMN,MINNESOTA,EPMR,Regular Gasoline,PTE,Retail Sales,EMM_EPMR_PTE_SMN_DPG,Minnesota Regular All Formulations Retail Gasoline Prices (Dollars per Gallon),2.949,$/GAL
2025-08-25,SMA,MASSACHUSETTS,EPMR,Regular Gasoline,PTE,Retail Sales,EMM_EPMR_PTE_SMA_DPG,Massachusetts Regular All Formulations Retail Gasoline Prices (Dollars per Gallon),3.044,$/GAL
2025-08-25,SFL,FLORIDA,EPMR,Regular Gasoline,PTE,Retail Sales,EMM_EPMR_PTE_SFL_DPG,Florida Regular All Formulations Retail Gasoline Prices (Dollars per Gallon),2.88,$/GAL
2025-08-25,SCO,COLORADO,EPMR,Regular Gasoline,PTE,Retail Sales,EMM_EPMR_PTE_SCO_DPG,Colorado Regular All Formulations Retail Gasoline Prices (Dollars per Gallon),2.983,$/GAL
2025-08-25,SCA,CALIFORNIA,EPMR,Regular Gasoline,PTE,Retail Sales,EMM_EPMR_PTE_SCA_DPG,California Regular All Formulations Retail Gasoline Prices (Dollars per Gallon),4.352,$/GAL
2025-08-25,R5XCA,PADD 5 EXCEPT CALIFORNIA,EPMR,Regular Gasoline,PTE,Retail Sales,EMM_EPMR_PTE_R5XCA_DPG,West Coast (PADD 5) Except California Regular All Formulations Retail Gasoline Prices (Dollars per Gallon),3.838,$/GAL
2025-08-25,R50,PADD 5,EPMR,Regular Gasoline,PTE,Retail Sales,EMM_EPMR_PTE_R50_DPG,West Coast Regular All Formulations Retail Gasoline Prices (Dollars per Gallon),4.106,$/GAL
2025-08-25,R40,PADD 4,EPMR,Regular Gasoline,PTE,Retail Sales,EMM_EPMR_PTE_R40_DPG,Rocky Mountain Regular All Formulations Retail Gasoline Prices (Dollars per Gallon),3.158,$/GAL
2025-08-25,R30,PADD 3,EPMR,Regular Gasoline,PTE,Retail Sales,EMM_EPMR_PTE_R30_DPG,Gulf Coast Regular All Formulations Retail Gasoline Prices (Dollars per Gallon),2.694,$/GAL
2025-08-25,R20,PADD 2,EPMR,Regular Gasoline,PTE,Retail Sales,EMM_EPMR_PTE_R20_DPG,Midwest Regular All Formulations Retail Gasoline Prices (Dollars per Gallon),3.077,$/GAL
2025-08-25,R1Z,PADD 1C,EPMR,Regular Gasoline,PTE,Retail Sales,EMM_EPMR_PTE_R1Z_DPG,Lower Atlantic (PADD 1C) Regular All Formulations Retail Gasoline Prices (Dollars per Gallon),2.882,$/GAL
2025-08-25,R1Y,PADD 1B,EPMR,Regular Gasoline,PTE,Retail Sales,EMM_EPMR_PTE_R1Y_DPG,Central Atlantic (PADD 1B) Regular All Formulations Retail Gasoline Prices (Dollars per Gallon),3.126,$/GAL
2025-08-25,R1X,PADD 1A,EPMR,Regular Gasoline,PTE,Retail Sales,EMM_EPMR_PTE_R1X_DPG,New England (PADD 1A) Regular All Formulations Retail Gasoline Prices (Dollars per Gallon),3.062,$/GAL
2025-08-25,R10,PADD 1,EPMR,Regular Gasoline,PTE,Retail Sales,EMM_EPMR_PTE_R10_DPG,East Coast Regular All Formulations Retail Gasoline Prices (Dollars per Gallon),2.987,$/GAL
2025-08-18,NUS,U.S.,EPMR,Regular Gasoline,PTE,Retail Sales,EMM_EPMR_PTE_NUS_DPG,U.S. Regular All Formulations Retail Gasoline Prices (Dollars per Gallon),3.125,$/GAL
2025-08-18,YORD,CHICAGO,EPMR,Regular Gasoline,PTE,Retail Sales,EMM_EPMR_PTE_YORD_DPG,Chicago Regular All Formulations Retail Gasoline Prices (Dollars per Gallon),3.494,$/GAL
2025-08-18,YMIA,MIAMI,EPMR,Regular Gasoline,PTE,Retail Sales,EMM_EPMR_PTE_YMIA_DPG,"Miami, FL Regular All Formulations Retail Gasoline Prices (Dollars per Gallon)",3.004,$/GAL
2025-08-18,YDEN,DENVER,EPMR,Regular Gasoline,PTE,Retail Sales,EMM_EPMR_PTE_YDEN_DPG,Denver Regular All Formulations Retail Gasoline Prices (Dollars per Gallon),3.017,$/GAL
2025-08-18,YCLE,CLEVELAND,EPMR,Regular Gasoline,PTE,Retail Sales,EMM_EPMR_PTE_YCLE_DPG,"Cleveland, OH Regular All Formulations Retail Gasoline Prices (Dollars per Gallon)",3.044,$/GAL
2025-08-18,YBOS,BOSTON,EPMR,Regular Gasoline,PTE,Retail Sales,EMM_EPMR_PTE_YBOS_DPG,"Boston, MA Regular All Formulations Retail Gasoline Prices (Dollars per Gallon)",3.078,$/GAL
2025-08-18,Y48SE,SEATTLE,EPMR,Regular Gasoline,PTE,Retail Sales,EMM_EPMR_PTE_Y48SE_DPG,"Seattle, WA Regular All Formulations Retail Gasoline Prices (Dollars per Gallon)",4.449,$/GAL
2025-08-18,Y44HO,HOUSTON,EPMR,Regular Gasoline,PTE,Retail Sales,EMM_EPMR_PTE_Y44HO_DPG,Houston Regular All Formulations Retail Gasoline Prices (Dollars per Gallon),2.687,$/GAL
2025-08-18,Y35NY,NEW YORK CITY,EPMR,Regular Gasoline,PTE,Retail Sales,EMM_EPMR_PTE_Y35NY_DPG,New York City Regular All Formulations Retail Gasoline Prices (Dollars per Gallon),3.007,$/GAL
2025-08-18,Y05SF,SAN FRANCISCO,EPMR,Regular Gasoline,PTE,Retail Sales,EMM_EPMR_PTE_Y05SF_DPG,San Francisco Regular All Formulations Retail Gasoline Prices (Dollars per Gallon),4.364,$/GAL
2025-08-18,Y05LA,LOS ANGELES,EPMR,Regular Gasoline,PTE,Retail Sales,EMM_EPMR_PTE_Y05LA_DPG,Los Angeles Regular All Formulations Retail Gasoline Prices (Dollars per Gallon),4.214,$/GAL
2025-08-18,SWA,WASHINGTON,EPMR,Regular Gasoline,PTE,Retail Sales,EMM_EPMR_PTE_SWA_DPG,Washington Regular All Formulations Retail Gasoline Prices (Dollars per Gallon),4.313,$/GAL
2025-08-18,STX,TEXAS,EPMR,Regular Gasoline,PTE,Retail Sales,EMM_EPMR_PTE_STX_DPG,Texas Regular All Formulations Retail Gasoline Prices (Dollars per Gallon),2.757,$/GAL
2025-08-18,SOH,OHIO,EPMR,Regular Gasoline,PTE,Retail Sales,EMM_EPMR_PTE_SOH_DPG,Ohio Regular All Formulations Retail Gasoline Prices (Dollars per Gallon),3.081,$/GAL
2025-08-18,SNY,NEW YORK,EPMR,Regular Gasoline,PTE,Retail Sales,EMM_EPMR_PTE_SNY_DPG,New York Regular All Formulations Retail Gasoline Prices (Dollars per Gallon),3.067,$/GAL
2025-08-18,SMN,MINNESOTA,EPMR,Regular Gasoline,PTE,Retail Sales,EMM_EPMR_PTE_SMN_DPG,Minnesota Regular All Formulations Retail Gasoline Prices (Dollars per Gallon),2.906,$/GAL
2025-08-18,SMA,MASSACHUSETTS,EPMR,Regular Gasoline,PTE,Retail Sales,EMM_EPMR_PTE_SMA_DPG,Massachusetts Regular All Formulations Retail Gasoline Prices (Dollars per Gallon),3.03,$/GAL
2025-08-18,SFL,FLORIDA,EPMR,Regular Gasoline,PTE,Retail Sales,EMM_EPMR_PTE_SFL_DPG,Florida Regular All Formulations Retail Gasoline Prices (Dollars per Gallon),3.01,$/GAL
2025-08-18,SCO,COLORADO,EPMR,Regular Gasoline,PTE,Retail Sales,EMM_EPMR_PTE_SCO_DPG,Colorado Regular All Formulations Retail Gasoline Prices (Dollars per Gallon),3.011,$/GAL
2025-08-18,SCA,CALIFORNIA,EPMR,Regular Gasoline,PTE,Retail Sales,EMM_EPMR_PTE_SCA_DPG,California Regular All Formulations Retail Gasoline Prices (Dollars per Gallon),4.271,$/GAL
2025-08-18,R5XCA,PADD 5 EXCEPT CALIFORNIA,EPMR,Regular Gasoline,PTE,Retail Sales,EMM_EPMR_PTE_R5XCA_DPG,West Coast (PADD 5) Except California Regular All Formulations Retail Gasoline Prices (Dollars per Gallon),3.796,$/GAL
2025-08-18,R50,PADD 5,EPMR,Regular Gasoline,PTE,Retail Sales,EMM_EPMR_PTE_R50_DPG,West Coast Regular All Formulations Retail Gasoline Prices (Dollars per Gallon),4.044,$/GAL
2025-08-18,R40,PADD 4,EPMR,Regular Gasoline,PTE,Retail Sales,EMM_EPMR_PTE_R40_DPG,Rocky Mountain Regular All Formulations Retail Gasoline Prices (Dollars per Gallon),3.164,$/GAL
2025-08-18,R30,PADD 3,EPMR,Regular Gasoline,PTE,Retail Sales,EMM_EPMR_PTE_R30_DPG,Gulf Coast Regular All Formulations Retail Gasoline Prices (Dollars per Gallon),2.745,$/GAL
2025-08-18,R20,PADD 2,EPMR,Regular Gasoline,PTE,Retail Sales,EMM_EPMR_PTE_R20_DPG,Midwest Regular All Formulations Retail Gasoline Prices (Dollars per Gallon),2.994,$/GAL
2025-08-18,R1Z,PADD 1C,EPMR,Regular Gasoline,PTE,Retail Sales,EMM_EPMR_PTE_R1Z_DPG,Lower Atlantic (PADD 1C) Regular All Formulations Retail Gasoline Prices (Dollars per Gallon),2.919,$/GAL
2025-08-18,R1Y,PADD 1B,EPMR,Regular Gasoline,PTE,Retail Sales,EMM_EPMR_PTE_R1Y_DPG,Central Atlantic (PADD 1B) Regular All Formulations Retail Gasoline Prices (Dollars per Gallon),3.103,$/GAL
2025-08-18,R1X,PADD 1A,EPMR,Regular Gasoline,PTE,Retail Sales,EMM_EPMR_PTE_R1X_DPG,New England (PADD 1A) Regular All Formulations Retail Gasoline Prices (Dollars per Gallon),3.039,$/GAL
2025-08-18,R10,PADD 1,EPMR,Regular Gasoline,PTE,Retail Sales,EMM_EPMR_PTE_R10_DPG,East Coast Regular All Formulations Retail Gasoline Prices (Dollars per Gallon),2.997,$/GAL
2025-08-11,NUS,U.S.,EPMR,Regular Gasoline,PTE,Retail Sales,EMM_EPMR_PTE_NUS_DPG,U.S. Regular All Formulations Retail Gasoline Prices (Dollars per Gallon),3.118,$/GAL
2025-08-11,YORD,CHICAGO,EPMR,Regular Gasoline,PTE,Retail Sales,EMM_EPMR_PTE_YORD_DPG,Chicago Regular All Formulations Retail Gasoline Prices (Dollars per Gallon),3.425,$/GAL
2025-08-11,YMIA,MIAMI,EPMR,Regular Gasoline,PTE,Retail Sales,EMM_EPMR_PTE_YMIA_DPG,"Miami, FL Regular All Formulations Retail Gasoline Prices (Dollars per Gallon)",2.954,$/GAL
2025-08-11,YDEN,DENVER,EPMR,Regular Gasoline,PTE,Retail Sales,EMM_EPMR_PTE_YDEN_DPG,Denver Regular All Formulations Retail Gasoline Prices (Dollars per Gallon),2.988,$/GAL
2025-08-11,YCLE,CLEVELAND,EPMR,Regular Gasoline,PTE,Retail Sales,EMM_EPMR_PTE_YCLE_DPG,"Cleveland, OH Regular All Formulations Retail Gasoline Prices (Dollars per Gallon)",3.03,$/GAL
2025-08-11,YBOS,BOSTON,EPMR,Regular Gasoline,PTE,Retail Sales,EMM_EPMR_PTE_YBOS_DPG,"Boston, MA Regular All Formulations Retail Gasoline Prices (Dollars per Gallon)",3.087,$/GAL
2025-08-11,Y48SE,SEATTLE,EPMR,Regular Gasoline,PTE,Retail Sales,EMM_EPMR_PTE_Y48SE_DPG,"Seattle, WA Regular All Formulations Retail Gasoline Prices (Dollars per Gallon)",4.458,$/GAL
2025-08-11,Y44HO,HOUSTON,EPMR,Regular Gasoline,PTE,Retail Sales,EMM_EPMR_PTE_Y44HO_DPG,Houston Regular All Formulations Retail Gasoline Prices (Dollars per Gallon),2.65,$/GAL
2025-08-11,Y35NY,NEW YORK CITY,EPMR,Regular Gasoline,PTE,Retail Sales,EMM_EPMR_PTE_Y35NY_DPG,New York City Regular All Formulations Retail Gasoline Prices (Dollars per Gallon),3.028,$/GAL
2025-08-11,Y05SF,SAN FRANCISCO,EPMR,Regular Gasoline,PTE,Retail Sales,EMM_EPMR_PTE_Y05SF_DPG,San Francisco Regular All Formulations Retail Gasoline Prices (Dollars per Gallon),4.372,$/GAL
2025-08-11,Y05LA,LOS ANGELES,EPMR,Regular Gasoline,PTE,Retail Sales,EMM_EPMR_PTE_Y05LA_DPG,Los Angeles Regular All Formulations Retail Gasoline Prices (Dollars per Gallon),4.184,$/GAL
2025-08-11,SWA,WASHINGTON,EPMR,Regular Gasoline,PTE,Retail Sales,EMM_EPMR_PTE_SWA_DPG,Washington Regular All Formulations Retail Gasoline Prices (Dollars per Gallon),4.314,$/GAL
2025-08-11,STX,TEXAS,EPMR,Regular Gasoline,PTE,Retail Sales,EMM_EPMR_PTE_STX_DPG,Texas Regular All Formulations Retail Gasoline Prices (Dollars per Gallon),2.651,$/GAL
2025-08-11,SOH,OHIO,EPMR,Regular Gasoline,PTE,Retail Sales,EMM_EPMR_PTE_SOH_DPG,Ohio Regular All Formulations Retail Gasoline Prices (Dollars per Gallon),2.918,$/GAL
2025-08-11,SNY,NEW YORK,EPMR,Regular Gasoline,PTE,Retail Sales,EMM_EPMR_PTE_SNY_DPG,New York Regular All Formulations Retail Gasoline Prices (Dollars per Gallon),3.074,$/GAL
2025-08-11,SMN,MINNESOTA,EPMR,Regular Gasoline,PTE,Retail Sales,EMM_EPMR_PTE_SMN_DPG,Minnesota Regular All Formulations Retail Gasoline Prices (Dollars per Gallon),2.918,$/GAL
2025-08-11,SMA,MASSACHUSETTS,EPMR,Regular Gasoline,PTE,Retail Sales,EMM_EPMR_PTE_SMA_DPG,Massachusetts Regular All Formulations Retail Gasoline Prices (Dollars per Gallon),3.044,$/GAL
2025-08-11,SFL,FLORIDA,EPMR,Regular Gasoline,PTE,Retail Sales,EMM_EPMR_PTE_SFL_DPG,Florida Regular All Formulations Retail Gasoline Prices (Dollars per Gallon),2.979,$/GAL
2025-08-11,SCO,COLORADO,EPMR,Regular Gasoline,PTE,Retail Sales,EMM_EPMR_PTE_SCO_DPG,Colorado Regular All Formulations Retail Gasoline Prices (Dollars per Gallon),2.965,$/GAL
2025-08-11,SCA,CALIFORNIA,EPMR,Regular Gasoline,PTE,Retail Sales,EMM_EPMR_PTE_SCA_DPG,California Regular All Formulations Retail Gasoline Prices (Dollars per Gallon),4.266,$/GAL
2025-08-11,R5XCA,PADD 5 EXCEPT CALIFORNIA,EPMR,Regular Gasoline,PTE,Retail Sales,EMM_EPMR_PTE_R5XCA_DPG,West Coast (PADD 5) Except California Regular All Formulations Retail Gasoline Prices (Dollars per Gallon),3.777,$/GAL
2025-08-11,R50,PADD 5,EPMR,Regular Gasoline,PTE,Retail Sales,EMM_EPMR_PTE_R50_DPG,West Coast Regular All Formulations Retail Gasoline Prices (Dollars per Gallon),4.032,$/GAL
2025-08-11,R40,PADD 4,EPMR,Regular Gasoline,PTE,Retail Sales,EMM_EPMR_PTE_R40_DPG,Rocky Mountain Regular All Formulations Retail Gasoline Prices (Dollars per Gallon),3.159,$/GAL
2025-08-11,R30,PADD 3,EPMR,Regular Gasoline,PTE,Retail Sales,EMM_EPMR_PTE_R30_DPG,Gulf Coast Regular All Formulations Retail Gasoline Prices (Dollars per Gallon),2.68,$/GAL
2025-08-11,R20,PADD 2,EPMR,Regular Gasoline,PTE,Retail Sales,EMM_EPMR_PTE_R20_DPG,Midwest Regular All Formulations Retail Gasoline Prices (Dollars per Gallon),2.997,$/GAL
2025-08-11,R1Z,PADD 1C,EPMR,Regular Gasoline,PTE,Retail Sales,EMM_EPMR_PTE_R1Z_DPG,Lower Atlantic (PADD 1C) Regular All Formulations Retail Gasoline Prices (Dollars per Gallon),2.919,$/GAL
2025-08-11,R1Y,PADD 1B,EPMR,Regular Gasoline,PTE,Retail Sales,EMM_EPMR_PTE_R1Y_DPG,Central Atlantic (PADD 1B) Regular All Formulations Retail Gasoline Prices (Dollars per Gallon),3.124,$/GAL
2025-08-11,R1X,PADD 1A,EPMR,Regular Gasoline,PTE,Retail Sales,EMM_EPMR_PTE_R1X_DPG,New England (PADD 1A) Regular All Formulations Retail Gasoline Prices (Dollars per Gallon),3.043,$/GAL
2025-08-11,R10,PADD 1,EPMR,Regular Gasoline,PTE,Retail Sales,EMM_EPMR_PTE_R10_DPG,East Coast Regular All Formulations Retail Gasoline Prices (Dollars per Gallon),3.005,$/GAL
2025-08-04,NUS,U.S.,EPMR,Regular Gasoline,PTE,Retail Sales,EMM_EPMR_PTE_NUS_DPG,U.S. Regular All Formulations Retail Gasoline Prices (Dollars per Gallon),3.14,$/GAL
2025-08-04,YORD,CHICAGO,EPMR,Regular Gasoline,PTE,Retail Sales,EMM_EPMR_PTE_YORD_DPG,Chicago Regular All Formulations Retail Gasoline Prices (Dollars per Gallon),3.524,$/GAL
2025-08-04,YMIA,MIAMI,EPMR,Regular Gasoline,PTE,Retail Sales,EMM_EPMR_PTE_YMIA_DPG,"Miami, FL Regular All Formulations Retail Gasoline Prices (Dollars per Gallon)",2.976,$/GAL
2025-08-04,YDEN,DENVER,EPMR,Regular Gasoline,PTE,Retail Sales,EMM_EPMR_PTE_YDEN_DPG,Denver Regular All Formulations Retail Gasoline Prices (Dollars per Gallon),2.943,$/GAL
2025-08-04,YCLE,CLEVELAND,EPMR,Regular Gasoline,PTE,Retail Sales,EMM_EPMR_PTE_YCLE_DPG,"Cleveland, OH Regular All Formulations Retail Gasoline Prices (Dollars per Gallon)",3.141,$/GAL
2025-08-04,YBOS,BOSTON,EPMR,Regular Gasoline,PTE,Retail Sales,EMM_EPMR_PTE_YBOS_DPG,"Boston, MA Regular All Formulations Retail Gasoline Prices (Dollars per Gallon)",3.095,$/GAL
2025-08-04,Y48SE,SEATTLE,EPMR,Regular Gasoline,PTE,Retail Sales,EMM_EPMR_PTE_Y48SE_DPG,"Seattle, WA Regular All Formulations Retail Gasoline Prices (Dollars per Gallon)",4.418,$/GAL
2025-08-04,Y44HO,HOUSTON,EPMR,Regular Gasoline,PTE,Retail Sales,EMM_EPMR_PTE_Y44HO_DPG,Houston Regular All Formulations Retail Gasoline Prices (Dollars per Gallon),2.684,$/GAL
2025-08-04,Y35NY,NEW YORK CITY,EPMR,Regular Gasoline,PTE,Retail Sales,EMM_EPMR_PTE_Y35NY_DPG,New York City Regular All Formulations Retail Gasoline Prices (Dollars per Gallon),3.054,$/GAL
2025-08-04,Y05SF,SAN FRANCISCO,EPMR,Regular Gasoline,PTE,Retail Sales,EMM_EPMR_PTE_Y05SF_DPG,San Francisco Regular All Formulations Retail Gasoline Prices (Dollars per Gallon),4.368,$/GAL
2025-08-04,Y05LA,LOS ANGELES,EPMR,Regular Gasoline,PTE,Retail Sales,EMM_EPMR_PTE_Y05LA_DPG,Los Angeles Regular All Formulations Retail Gasoline Prices (Dollars per Gallon),4.181,$/GAL
2025-08-04,SWA,WASHINGTON,EPMR,Regular Gasoline,PTE,Retail Sales,EMM_EPMR_PTE_SWA_DPG,Washington Regular All Formulations Retail Gasoline Prices (Dollars per Gallon),4.273,$/GAL
2025-08-04,STX,TEXAS,EPMR,Regular Gasoline,PTE,Retail Sales,EMM_EPMR_PTE_STX_DPG,Texas Regular All Formulations Retail Gasoline Prices (Dollars per Gallon),2.727,$/GAL
2025-08-04,SOH,OHIO,EPMR,Regular Gasoline,PTE,Retail Sales,EMM_EPMR_PTE_SOH_DPG,Ohio Regular All Formulations Retail Gasoline Prices (Dollars per Gallon),3.174,$/GAL
2025-08-04,SNY,NEW YORK,EPMR,Regular Gasoline,PTE,Retail Sales,EMM_EPMR_PTE_SNY_DPG,New York Regular All Formulations Retail Gasoline Prices (Dollars per Gallon),3.092,$/GAL
2025-08-04,SMN,MINNESOTA,EPMR,Regular Gasoline,PTE,Retail Sales,EMM_EPMR_PTE_SMN_DPG,Minnesota Regular All Formulations Retail Gasoline Prices (Dollars per Gallon),2.958,$/GAL
2025-08-04,SMA,MASSACHUSETTS,EPMR,Regular Gasoline,PTE,Retail Sales,EMM_EPMR_PTE_SMA_DPG,Massachusetts Regular All Formulations Retail Gasoline Prices (Dollars per Gallon),3.052,$/GAL
2025-08-04,SFL,FLORIDA,EPMR,Regular Gasoline,PTE,Retail Sales,EMM_EPMR_PTE_SFL_DPG,Florida Regular All Formulations Retail Gasoline Prices (Dollars per Gallon),2.95,$/GAL
2025-08-04,SCO,COLORADO,EPMR,Regular Gasoline,PTE,Retail Sales,EMM_EPMR_PTE_SCO_DPG,Colorado Regular All Formulations Retail Gasoline Prices (Dollars per Gallon),2.943,$/GAL
2025-08-04,SCA,CALIFORNIA,EPMR,Regular Gasoline,PTE,Retail Sales,EMM_EPMR_PTE_SCA_DPG,California Regular All Formulations Retail Gasoline Prices (Dollars per Gallon),4.27,$/GAL
2025-08-04,R5XCA,PADD 5 EXCEPT CALIFORNIA,EPMR,Regular Gasoline,PTE,Retail Sales,EMM_EPMR_PTE_R5XCA_DPG,West Coast (PADD 5) Except California Regular All Formulations Retail Gasoline Prices (Dollars per Gallon),3.754,$/GAL
2025-08-04,R50,PADD 5,EPMR,Regular Gasoline,PTE,Retail Sales,EMM_EPMR_PTE_R50_DPG,West Coast Regular All Formulations Retail Gasoline Prices (Dollars per Gallon),4.023,$/GAL
2025-08-04,R40,PADD 4,EPMR,Regular Gasoline,PTE,Retail Sales,EMM_EPMR_PTE_R40_DPG,Rocky Mountain Regular All Formulations Retail Gasoline Prices (Dollars per Gallon),3.127,$/GAL
2025-08-04,R30,PADD 3,EPMR,Regular Gasoline,PTE,Retail Sales,EMM_EPMR_PTE_R30_DPG,Gulf Coast Regular All Formulations Retail Gasoline Prices (Dollars per Gallon),2.731,$/GAL
2025-08-04,R20,PADD 2,EPMR,Regular Gasoline,PTE,Retail Sales,EMM_EPMR_PTE_R20_DPG,Midwest Regular All Formulations Retail Gasoline Prices (Dollars per Gallon),3.043,$/GAL
2025-08-04,R1Z,PADD 1C,EPMR,Regular Gasoline,PTE,Retail Sales,EMM_EPMR_PTE_R1Z_DPG,Lower Atlantic (PADD 1C) Regular All Formulations Retail Gasoline Prices (Dollars per Gallon),2.925,$/GAL
2025-08-04,R1Y,PADD 1B,EPMR,Regular Gasoline,PTE,Retail Sales,EMM_EPMR_PTE_R1Y_DPG,Central Atlantic (PADD 1B) Regular All Formulations Retail Gasoline Prices (Dollars per Gallon),3.145,$/GAL
2025-08-04,R1X,PADD 1A,EPMR,Regular Gasoline,PTE,Retail Sales,EMM_EPMR_PTE_R1X_DPG,New England (PADD 1A) Regular All Formulations Retail Gasoline Prices (Dollars per Gallon),3.053,$/GAL
2025-08-04,R10,PADD 1,EPMR,Regular Gasoline,PTE,Retail Sales,EMM_EPMR_PTE_R10_DPG,East Coast Regular All Formulations Retail Gasoline Prices (Dollars per Gallon),3.016,$/GAL
2025-07-28,NUS,U.S.,EPMR,Regular Gasoline,PTE,Retail Sales,EMM_EPMR_PTE_NUS_DPG,U.S. Regular All Formulations Retail Gasoline Prices (Dollars per Gallon),3.123,$/GAL
2025-07-28,YORD,CHICAGO,EPMR,Regular Gasoline,PTE,Retail Sales,EMM_EPMR_PTE_YORD_DPG,Chicago Regular All Formulations Retail Gasoline Prices (Dollars per Gallon),3.465,$/GAL
2025-07-28,YMIA,MIAMI,EPMR,Regular Gasoline,PTE,Retail Sales,EMM_EPMR_PTE_YMIA_DPG,"Miami, FL Regular All Formulations Retail Gasoline Prices (Dollars per Gallon)",3.056,$/GAL
2025-07-28,YDEN,DENVER,EPMR,Regular Gasoline,PTE,Retail Sales,EMM_EPMR_PTE_YDEN_DPG,Denver Regular All Formulations Retail Gasoline Prices (Dollars per Gallon),2.958,$/GAL
2025-07-28,YCLE,CLEVELAND,EPMR,Regular Gasoline,PTE,Retail Sales,EMM_EPMR_PTE_YCLE_DPG,"Cleveland, OH Regular All Formulations Retail Gasoline Prices (Dollars per Gallon)",3.096,$/GAL
2025-07-28,YBOS,BOSTON,EPMR,Regular Gasoline,PTE,Retail Sales,EMM_EPMR_PTE_YBOS_DPG,"Boston, MA Regular All Formulations Retail Gasoline Prices (Dollars per Gallon)",3.007,$/GAL
2025-07-28,Y48SE,SEATTLE,EPMR,Regular Gasoline,PTE,Retail Sales,EMM_EPMR_PTE_Y48SE_DPG,"Seattle, WA Regular All Formulations Retail Gasoline Prices (Dollars per Gallon)",4.425,$/GAL
2025-07-28,Y44HO,HOUSTON,EPMR,Regular Gasoline,PTE,Retail Sales,EMM_EPMR_PTE_Y44HO_DPG,Houston Regular All Formulations Retail Gasoline Prices (Dollars per Gallon),2.694,$/GAL
2025-07-28,Y35NY,NEW YORK CITY,EPMR,Regular Gasoline,PTE,Retail Sales,EMM_EPMR_PTE_Y35NY_DPG,New York City Regular All Formulations Retail Gasoline Prices (Dollars per Gallon),2.987,$/GAL
2025-07-28,Y05SF,SAN FRANCISCO,EPMR,Regular Gasoline,PTE,Retail Sales,EMM_EPMR_PTE_Y05SF_DPG,San Francisco Regular All Formulations Retail Gasoline Prices (Dollars per Gallon),4.307,$/GAL
2025-07-28,Y05LA,LOS ANGELES,EPMR,Regular Gasoline,PTE,Retail Sales,EMM_EPMR_PTE_Y05LA_DPG,Los Angeles Regular All Formulations Retail Gasoline Prices (Dollars per Gallon),4.173,$/GAL
2025-07-28,SWA,WASHINGTON,EPMR,Regular Gasoline,PTE,Retail Sales,EMM_EPMR_PTE_SWA_DPG,Washington Regular All Formulations Retail Gasoline Prices (Dollars per Gallon),4.245,$/GAL
2025-07-28,STX,TEXAS,EPMR,Regular Gasoline,PTE,Retail Sales,EMM_EPMR_PTE_STX_DPG,Texas Regular All Formulations Retail Gasoline Prices (Dollars per Gallon),2.743,$/GAL
2025-07-28,SOH,OHIO,EPMR,Regular Gasoline,PTE,Retail Sales,EMM_EPMR_PTE_SOH_DPG,Ohio Regular All Formulations Retail Gasoline Prices (Dollars per Gallon),3.094,$/GAL
2025-07-28,SNY,NEW YORK,EPMR,Regular Gasoline,PTE,Retail Sales,EMM_EPMR_PTE_SNY_DPG,New York Regular All Formulations Retail Gasoline Prices (Dollars per Gallon),3.06,$/GAL
2025-07-28,SMN,MINNESOTA,EPMR,Regular Gasoline,PTE,Retail Sales,EMM_EPMR_PTE_SMN_DPG,Minnesota Regular All Formulations Retail Gasoline Prices (Dollars per Gallon),2.926,$/GAL
2025-07-28,SMA,MASSACHUSETTS,EPMR,Regular Gasoline,PTE,Retail Sales,EMM_EPMR_PTE_SMA_DPG,Massachusetts Regular All Formulations Retail Gasoline Prices (Dollars per Gallon),3.003,$/GAL
2025-07-28,SFL,FLORIDA,EPMR,Regular Gasoline,PTE,Retail Sales,EMM_EPMR_PTE_SFL_DPG,Florida Regular All Formulations Retail Gasoline Prices (Dollars per Gallon),3.023,$/GAL
2025-07-28,SCO,COLORADO,EPMR,Regular Gasoline,PTE,Retail Sales,EMM_EPMR_PTE_SCO_DPG,Colorado Regular All Formulations Retail Gasoline Prices (Dollars per Gallon),2.962,$/GAL
2025-07-28,SCA,CALIFORNIA,EPMR,Regular Gasoline,PTE,Retail Sales,EMM_EPMR_PTE_SCA_DPG,California Regular All Formulations Retail Gasoline Prices (Dollars per Gallon),4.234,$/GAL
2025-07-28,R5XCA,PADD 5 EXCEPT CALIFORNIA,EPMR,Regular Gasoline,PTE,Retail Sales,EMM_EPMR_PTE_R5XCA_DPG,West Coast (PADD 5) Except California Regular All Formulations Retail Gasoline Prices (Dollars per Gallon),3.734,$/GAL
2025-07-28,R50,PADD 5,EPMR,Regular Gasoline,PTE,Retail Sales,EMM_EPMR_PTE_R50_DPG,West Coast Regular All Formulations Retail Gasoline Prices (Dollars per Gallon),3.995,$/GAL
2025-07-28,R40,PADD 4,EPMR,Regular Gasoline,PTE,Retail Sales,EMM_EPMR_PTE_R40_DPG,Rocky Mountain Regular All Formulations Retail Gasoline Prices (Dollars per Gallon),3.121,$/GAL
2025-07-28,R30,PADD 3,EPMR,Regular Gasoline,PTE,Retail Sales,EMM_EPMR_PTE_R30_DPG,Gulf Coast Regular All Formulations Retail Gasoline Prices (Dollars per Gallon),2.748,$/GAL
2025-07-28,R20,PADD 2,EPMR,Regular Gasoline,PTE,Retail Sales,EMM_EPMR_PTE_R20_DPG,Midwest Regular All Formulations Retail Gasoline Prices (Dollars per Gallon),3.014,$/GAL
2025-07-28,R1Z,PADD 1C,EPMR,Regular Gasoline,PTE,Retail Sales,EMM_EPMR_PTE_R1Z_DPG,Lower Atlantic (PADD 1C) Regular All Formulations Retail Gasoline Prices (Dollars per Gallon),2.935,$/GAL
2025-07-28,R1Y,PADD 1B,EPMR,Regular Gasoline,PTE,Retail Sales,EMM_EPMR_PTE_R1Y_DPG,Central Atlantic (PADD 1B) Regular All Formulations Retail Gasoline Prices (Dollars per Gallon),3.095,$/GAL
2025-07-28,R1X,PADD 1A,EPMR,Regular Gasoline,PTE,Retail Sales,EMM_EPMR_PTE_R1X_DPG,New England (PADD 1A) Regular All Formulations Retail Gasoline Prices (Dollars per Gallon),3.013,$/GAL
2025-07-28,R10,PADD 1,EPMR,Regular Gasoline,PTE,Retail Sales,EMM_EPMR_PTE_R10_DPG,East Coast Regular All Formulations Retail Gasoline Prices (Dollars per Gallon),2.999,$/GAL
2025-07-21,NUS,U.S.,EPMR,Regular Gasoline,PTE,Retail Sales,EMM_EPMR_PTE_NUS_DPG,U.S. Regular All Formulations Retail Gasoline Prices (Dollars per Gallon),3.121,$/GAL
2025-07-21,YORD,CHICAGO,EPMR,Regular Gasoline,PTE,Retail Sales,EMM_EPMR_PTE_YORD_DPG,Chicago Regular All Formulations Retail Gasoline Prices (Dollars per Gallon),3.536,$/GAL
2025-07-21,YMIA,MIAMI,EPMR,Regular Gasoline,PTE,Retail Sales,EMM_EPMR_PTE_YMIA_DPG,"Miami, FL Regular All Formulations Retail Gasoline Prices (Dollars per Gallon)",3.01,$/GAL
2025-07-21,YDEN,DENVER,EPMR,Regular Gasoline,PTE,Retail Sales,EMM_EPMR_PTE_YDEN_DPG,Denver Regular All Formulations Retail Gasoline Prices (Dollars per Gallon),2.962,$/GAL
2025-07-21,YCLE,CLEVELAND,EPMR,Regular Gasoline,PTE,Retail Sales,EMM_EPMR_PTE_YCLE_DPG,"Cleveland, OH Regular All Formulations Retail Gasoline Prices (Dollars per Gallon)",2.971,$/GAL
2025-07-21,YBOS,BOSTON,EPMR,Regular Gasoline,PTE,Retail Sales,EMM_EPMR_PTE_YBOS_DPG,"Boston, MA Regular All Formulations Retail Gasoline Prices (Dollars per Gallon)",3.022,$/GAL
2025-07-21,Y48SE,SEATTLE,EPMR,Regular Gasoline,PTE,Retail Sales,EMM_EPMR_PTE_Y48SE_DPG,"Seattle, WA Regular All Formulations Retail Gasoline Prices (Dollars per Gallon)",4.423,$/GAL
2025-07-21,Y44HO,HOUSTON,EPMR,Regular Gasoline,PTE,Retail Sales,EMM_EPMR_PTE_Y44HO_DPG,Houston Regular All Formulations Retail Gasoline Prices (Dollars per Gallon),2.684,$/GAL
2025-07-21,Y35NY,NEW YORK CITY,EPMR,Regular Gasoline,PTE,Retail Sales,EMM_EPMR_PTE_Y35NY_DPG,New York City Regular All Formulations Retail Gasoline Prices (Dollars per Gallon),3.012,$/GAL
2025-07-21,Y05SF,SAN FRANCISCO,EPMR,Regular Gasoline,PTE,Retail Sales,EMM_EPMR_PTE_Y05SF_DPG,San Francisco Regular All Formulations Retail Gasoline Prices (Dollars per Gallon),4.326,$/GAL
2025-07-21,Y05LA,LOS ANGELES,EPMR,Regular Gasoline,PTE,Retail Sales,EMM_EPMR_PTE_Y05LA_DPG,Los Angeles Regular All Formulations Retail Gasoline Prices (Dollars per Gallon),4.197,$/GAL
2025-07-21,SWA,WASHINGTON,EPMR,Regular Gasoline,PTE,Retail Sales,EMM_EPMR_PTE_SWA_DPG,Washington Regular All Formulations Retail Gasoline Prices (Dollars per Gallon),4.26,$/GAL
2025-07-21,STX,TEXAS,EPMR,Regular Gasoline,PTE,Retail Sales,EMM_EPMR_PTE_STX_DPG,Texas Regular All Formulations Retail Gasoline Prices (Dollars per Gallon),2.728,$/GAL
2025-07-21,SOH,OHIO,EPMR,Regular Gasoline,PTE,Retail Sales,EMM_EPMR_PTE_SOH_DPG,Ohio Regular All Formulations Retail Gasoline Prices (Dollars per Gallon),2.89,$/GAL
2025-07-21,SNY,NEW YORK,EPMR,Regular Gasoline,PTE,Retail Sales,EMM_EPMR_PTE_SNY_DPG,New York Regular All Formulations Retail Gasoline Prices (Dollars per Gallon),3.078,$/GAL
2025-07-21,SMN,MINNESOTA,EPMR,Regular Gasoline,PTE,Retail Sales,EMM_EPMR_PTE_SMN_DPG,Minnesota Regular All Formulations Retail Gasoline Prices (Dollars per Gallon),2.969,$/GAL
2025-07-21,SMA,MASSACHUSETTS,EPMR,Regular Gasoline,PTE,Retail Sales,EMM_EPMR_PTE_SMA_DPG,Massachusetts Regular All Formulations Retail Gasoline Prices (Dollars per Gallon),3.008,$/GAL
2025-07-21,SFL,FLORIDA,EPMR,Regular Gasoline,PTE,Retail Sales,EMM_EPMR_PTE_SFL_DPG,Florida Regular All Formulations Retail Gasoline Prices (Dollars per Gallon),2.985,$/GAL
2025-07-21,SCO,COLORADO,EPMR,Regular Gasoline,PTE,Retail Sales,EMM_EPMR_PTE_SCO_DPG,Colorado Regular All Formulations Retail Gasoline Prices (Dollars per Gallon),2.966,$/GAL
2025-07-21,SCA,CALIFORNIA,EPMR,Regular Gasoline,PTE,Retail Sales,EMM_EPMR_PTE_SCA_DPG,California Regular All Formulations Retail Gasoline Prices (Dollars per Gallon),4.257,$/GAL
2025-07-21,R5XCA,PADD 5 EXCEPT CALIFORNIA,EPMR,Regular Gasoline,PTE,Retail Sales,EMM_EPMR_PTE_R5XCA_DPG,West Coast (PADD 5) Except California Regular All Formulations Retail Gasoline Prices (Dollars per Gallon),3.765,$/GAL
2025-07-21,R50,PADD 5,EPMR,Regular Gasoline,PTE,Retail Sales,EMM_EPMR_PTE_R50_DPG,West Coast Regular All Formulations Retail Gasoline Prices (Dollars per Gallon),4.022,$/GAL
2025-07-21,R40,PADD 4,EPMR,Regular Gasoline,PTE,Retail Sales,EMM_EPMR_PTE_R40_DPG,Rocky Mountain Regular All Formulations Retail Gasoline Prices (Dollars per Gallon),3.137,$/GAL
2025-07-21,R30,PADD 3,EPMR,Regular Gasoline,PTE,Retail Sales,EMM_EPMR_PTE_R30_DPG,Gulf Coast Regular All Formulations Retail Gasoline Prices (Dollars per Gallon),2.739,$/GAL
2025-07-21,R20,PADD 2,EPMR,Regular Gasoline,PTE,Retail Sales,EMM_EPMR_PTE_R20_DPG,Midwest Regular All Formulations Retail Gasoline Prices (Dollars per Gallon),2.986,$/GAL
2025-07-21,R1Z,PADD 1C,EPMR,Regular Gasoline,PTE,Retail Sales,EMM_EPMR_PTE_R1Z_DPG,Lower Atlantic (PADD 1C) Regular All Formulations Retail Gasoline Prices (Dollars per Gallon),2.925,$/GAL
2025-07-21,R1Y,PADD 1B,EPMR,Regular Gasoline,PTE,Retail Sales,EMM_EPMR_PTE_R1Y_DPG,Central Atlantic (PADD 1B) Regular All Formulations Retail Gasoline Prices (Dollars per Gallon),3.126,$/GAL
2025-07-21,R1X,PADD 1A,EPMR,Regular Gasoline,PTE,Retail Sales,EMM_EPMR_PTE_R1X_DPG,New England (PADD 1A) Regular All Formulations Retail Gasoline Prices (Dollars per Gallon),3.036,$/GAL
2025-07-21,R10,PADD 1,EPMR,Regular Gasoline,PTE,Retail Sales,EMM_EPMR_PTE_R10_DPG,East Coast Regular All Formulations Retail Gasoline Prices (Dollars per Gallon),3.006,$/GAL
2025-07-14,NUS,U.S.,EPMR,Regular Gasoline,PTE,Retail Sales,EMM_EPMR_PTE_NUS_DPG,U.S. Regular All Formulations Retail Gasoline Prices (Dollars per Gallon),3.13,$/GAL
2025-07-14,YORD,CHICAGO,EPMR,Regular Gasoline,PTE,Retail Sales,EMM_EPMR_PTE_YORD_DPG,Chicago Regular All Formulations Retail Gasoline Prices (Dollars per Gallon),3.576,$/GAL
2025-07-14,YMIA,MIAMI,EPMR,Regular Gasoline,PTE,Retail Sales,EMM_EPMR_PTE_YMIA_DPG,"Miami, FL Regular All Formulations Retail Gasoline Prices (Dollars per Gallon)",2.863,$/GAL
2025-07-14,YDEN,DENVER,EPMR,Regular Gasoline,PTE,Retail Sales,EMM_EPMR_PTE_YDEN_DPG,Denver Regular All Formulations Retail Gasoline Prices (Dollars per Gallon),2.945,$/GAL
2025-07-14,YCLE,CLEVELAND,EPMR,Regular Gasoline,PTE,Retail Sales,EMM_EPMR_PTE_YCLE_DPG,"Cleveland, OH Regular All Formulations Retail Gasoline Prices (Dollars per Gallon)",3.023,$/GAL
2025-07-14,YBOS,BOSTON,EPMR,Regular Gasoline,PTE,Retail Sales,EMM_EPMR_PTE_YBOS_DPG,"Boston, MA Regular All Formulations Retail Gasoline Prices (Dollars per Gallon)",3.005,$/GAL
2025-07-14,Y48SE,SEATTLE,EPMR,Regular Gasoline,PTE,Retail Sales,EMM_EPMR_PTE_Y48SE_DPG,"Seattle, WA Regular All Formulations Retail Gasoline Prices (Dollars per Gallon)",4.443,$/GAL
2025-07-14,Y44HO,HOUSTON,EPMR,Regular Gasoline,PTE,Retail Sales,EMM_EPMR_PTE_Y44HO_DPG,Houston Regular All Formulations Retail Gasoline Prices (Dollars per Gallon),2.689,$/GAL
2025-07-14,Y35NY,NEW YORK CITY,EPMR,Regular Gasoline,PTE,Retail Sales,EMM_EPMR_PTE_Y35NY_DPG,New York City Regular All Formulations Retail Gasoline Prices (Dollars per Gallon),3.027,$/GAL
2025-07-14,Y05SF,SAN FRANCISCO,EPMR,Regular Gasoline,PTE,Retail Sales,EMM_EPMR_PTE_Y05SF_DPG,San Francisco Regular All Formulations Retail Gasoline Prices (Dollars per Gallon),4.356,$/GAL
2025-07-14,Y05LA,LOS ANGELES,EPMR,Regular Gasoline,PTE,Retail Sales,EMM_EPMR_PTE_Y05LA_DPG,Los Angeles Regular All Formulations Retail Gasoline Prices (Dollars per Gallon),4.233,$/GAL
2025-07-14,SWA,WASHINGTON,EPMR,Regular Gasoline,PTE,Retail Sales,EMM_EPMR_PTE_SWA_DPG,Washington Regular All Formulations Retail Gasoline Prices (Dollars per Gallon),4.26,$/GAL
2025-07-14,STX,TEXAS,EPMR,Regular Gasoline,PTE,Retail Sales,EMM_EPMR_PTE_STX_DPG,Texas Regular All Formulations Retail Gasoline Prices (Dollars per Gallon),2.741,$/GAL
2025-07-14,SOH,OHIO,EPMR,Regular Gasoline,PTE,Retail Sales,EMM_EPMR_PTE_SOH_DPG,Ohio Regular All Formulations Retail Gasoline Prices (Dollars per Gallon),3.051,$/GAL
2025-07-14,SNY,NEW YORK,EPMR,Regular Gasoline,PTE,Retail Sales,EMM_EPMR_PTE_SNY_DPG,New York Regular All Formulations Retail Gasoline Prices (Dollars per Gallon),3.081,$/GAL
2025-07-14,SMN,MINNESOTA,EPMR,Regular Gasoline,PTE,Retail Sales,EMM_EPMR_PTE_SMN_DPG,Minnesota Regular All Formulations Retail Gasoline Prices (Dollars per Gallon),2.983,$/GAL
2025-07-14,SMA,MASSACHUSETTS,EPMR,Regular Gasoline,PTE,Retail Sales,EMM_EPMR_PTE_SMA_DPG,Massachusetts Regular All Formulations Retail Gasoline Prices (Dollars per Gallon),2.998,$/GAL
2025-07-14,SFL,FLORIDA,EPMR,Regular Gasoline,PTE,Retail Sales,EMM_EPMR_PTE_SFL_DPG,Florida Regular All Formulations Retail Gasoline Prices (Dollars per Gallon),2.881,$/GAL
2025-07-14,SCO,COLORADO,EPMR,Regular Gasoline,PTE,Retail Sales,EMM_EPMR_PTE_SCO_DPG,Colorado Regular All Formulations Retail Gasoline Prices (Dollars per Gallon),2.931,$/GAL
2025-07-14,SCA,CALIFORNIA,EPMR,Regular Gasoline,PTE,Retail Sales,EMM_EPMR_PTE_SCA_DPG,California Regular All Formulations Retail Gasoline Prices (Dollars per Gallon),4.28,$/GAL
2025-07-14,R5XCA,PADD 5 EXCEPT CALIFORNIA,EPMR,Regular Gasoline,PTE,Retail Sales,EMM_EPMR_PTE_R5XCA_DPG,West Coast (PADD 5) Except California Regular All Formulations Retail Gasoline Prices (Dollars per Gallon),3.78,$/GAL
2025-07-14,R50,PADD 5,EPMR,Regular Gasoline,PTE,Retail Sales,EMM_EPMR_PTE_R50_DPG,West Coast Regular All Formulations Retail Gasoline Prices (Dollars per Gallon),4.041,$/GAL
2025-07-14,R40,PADD 4,EPMR,Regular Gasoline,PTE,Retail Sales,EMM_EPMR_PTE_R40_DPG,Rocky Mountain Regular All Formulations Retail Gasoline Prices (Dollars per Gallon),3.128,$/GAL
2025-07-14,R30,PADD 3,EPMR,Regular Gasoline,PTE,Retail Sales,EMM_EPMR_PTE_R30_DPG,Gulf Coast Regular All Formulations Retail Gasoline Prices (Dollars per Gallon),2.738,$/GAL
2025-07-14,R20,PADD 2,EPMR,Regular Gasoline,PTE,Retail Sales,EMM_EPMR_PTE_R20_DPG,Midwest Regular All Formulations Retail Gasoline Prices (Dollars per Gallon),3.033,$/GAL
2025-07-14,R1Z,PADD 1C,EPMR,Regular Gasoline,PTE,Retail Sales,EMM_EPMR_PTE_R1Z_DPG,Lower Atlantic (PADD 1C) Regular All Formulations Retail Gasoline Prices (Dollars per Gallon),2.882,$/GAL
2025-07-14,R1Y,PADD 1B,EPMR,Regular Gasoline,PTE,Retail Sales,EMM_EPMR_PTE_R1Y_DPG,Central Atlantic (PADD 1B) Regular All Formulations Retail Gasoline Prices (Dollars per Gallon),3.148,$/GAL
2025-07-14,R1X,PADD 1A,EPMR,Regular Gasoline,PTE,Retail Sales,EMM_EPMR_PTE_R1X_DPG,New England (PADD 1A) Regular All Formulations Retail Gasoline Prices (Dollars per Gallon),3.011,$/GAL
2025-07-14,R10,PADD 1,EPMR,Regular Gasoline,PTE,Retail Sales,EMM_EPMR_PTE_R10_DPG,East Coast Regular All Formulations Retail Gasoline Prices (Dollars per Gallon),2.987,$/GAL
2025-07-07,NUS,U.S.,EPMR,Regular Gasoline,PTE,Retail Sales,EMM_EPMR_PTE_NUS_DPG,U.S. Regular All Formulations Retail Gasoline Prices (Dollars per Gallon),3.125,$/GAL
2025-07-07,YORD,CHICAGO,EPMR,Regular Gasoline,PTE,Retail Sales,EMM_EPMR_PTE_YORD_DPG,Chicago Regular All Formulations Retail Gasoline Prices (Dollars per Gallon),3.495,$/GAL
2025-07-07,YMIA,MIAMI,EPMR,Regular Gasoline,PTE,Retail Sales,EMM_EPMR_PTE_YMIA_DPG,"Miami, FL Regular All Formulations Retail Gasoline Prices (Dollars per Gallon)",3.023,$/GAL
2025-07-07,YDEN,DENVER,EPMR,Regular Gasoline,PTE,Retail Sales,EMM_EPMR_PTE_YDEN_DPG,Denver Regular All Formulations Retail Gasoline Prices (Dollars per Gallon),2.993,$/GAL
2025-07-07,YCLE,CLEVELAND,EPMR,Regular Gasoline,PTE,Retail Sales,EMM_EPMR_PTE_YCLE_DPG,"Cleveland, OH Regular All Formulations Retail Gasoline Prices (Dollars per Gallon)",2.901,$/GAL
2025-07-07,YBOS,BOSTON,EPMR,Regular Gasoline,PTE,Retail Sales,EMM_EPMR_PTE_YBOS_DPG,"Boston, MA Regular All Formulations Retail Gasoline Prices (Dollars per Gallon)",3.009,$/GAL
2025-07-07,Y48SE,SEATTLE,EPMR,Regular Gasoline,PTE,Retail Sales,EMM_EPMR_PTE_Y48SE_DPG,"Seattle, WA Regular All Formulations Retail Gasoline Prices (Dollars per Gallon)",4.474,$/GAL
2025-07-07,Y44HO,HOUSTON,EPMR,Regular Gasoline,PTE,Retail Sales,EMM_EPMR_PTE_Y44HO_DPG,Houston Regular All Formulations Retail Gasoline Prices (Dollars per Gallon),2.673,$/GAL
2025-07-07,Y35NY,NEW YORK CITY,EPMR,Regular Gasoline,PTE,Retail Sales,EMM_EPMR_PTE_Y35NY_DPG,New York City Regular All Formulations Retail Gasoline Prices (Dollars per Gallon),3.048,$/GAL
2025-07-07,Y05SF,SAN FRANCISCO,EPMR,Regular Gasoline,PTE,Retail Sales,EMM_EPMR_PTE_Y05SF_DPG,San Francisco Regular All Formulations Retail Gasoline Prices (Dollars per Gallon),4.419,$/GAL
2025-07-07,Y05LA,LOS ANGELES,EPMR,Regular Gasoline,PTE,Retail Sales,EMM_EPMR_PTE_Y05LA_DPG,Los Angeles Regular All Formulations Retail Gasoline Prices (Dollars per Gallon),4.292,$/GAL
2025-07-07,SWA,WASHINGTON,EPMR,Regular Gasoline,PTE,Retail Sales,EMM_EPMR_PTE_SWA_DPG,Washington Regular All Formulations Retail Gasoline Prices (Dollars per Gallon),4.274,$/GAL
2025-07-07,STX,TEXAS,EPMR,Regular Gasoline,PTE,Retail Sales,EMM_EPMR_PTE_STX_DPG,Texas Regular All Formulations Retail Gasoline Prices (Dollars per Gallon),2.664,$/GAL
2025-07-07,SOH,OHIO,EPMR,Regular Gasoline,PTE,Retail Sales,EMM_EPMR_PTE_SOH_DPG,Ohio Regular All Formulations Retail Gasoline Prices (Dollars per Gallon),2.852,$/GAL
2025-07-07,SNY,NEW YORK,EPMR,Regular Gasoline,PTE,Retail Sales,EMM_EPMR_PTE_SNY_DPG,New York Regular All Formulations Retail Gasoline Prices (Dollars per Gallon),3.095,$/GAL
2025-07-07,SMN,MINNESOTA,EPMR,Regular Gasoline,PTE,Retail Sales,EMM_EPMR_PTE_SMN_DPG,Minnesota Regular All Formulations Retail Gasoline Prices (Dollars per Gallon),2.977,$/GAL
2025-07-07,SMA,MASSACHUSETTS,EPMR,Regular Gasoline,PTE,Retail Sales,EMM_EPMR_PTE_SMA_DPG,Massachusetts Regular All Formulations Retail Gasoline Prices (Dollars per Gallon),3.007,$/GAL
2025-07-07,SFL,FLORIDA,EPMR,Regular Gasoline,PTE,Retail Sales,EMM_EPMR_PTE_SFL_DPG,Florida Regular All Formulations Retail Gasoline Prices (Dollars per Gallon),2.988,$/GAL
2025-07-07,SCO,COLORADO,EPMR,Regular Gasoline,PTE,Retail Sales,EMM_EPMR_PTE_SCO_DPG,Colorado Regular All Formulations Retail Gasoline Prices (Dollars per Gallon),2.955,$/GAL
2025-07-07,SCA,CALIFORNIA,EPMR,Regular Gasoline,PTE,Retail Sales,EMM_EPMR_PTE_SCA_DPG,California Regular All Formulations Retail Gasoline Prices (Dollars per Gallon),4.328,$/GAL
2025-07-07,R5XCA,PADD 5 EXCEPT CALIFORNIA,EPMR,Regular Gasoline,PTE,Retail Sales,EMM_EPMR_PTE_R5XCA_DPG,West Coast (PADD 5) Except California Regular All Formulations Retail Gasoline Prices (Dollars per Gallon),3.798,$/GAL
2025-07-07,R50,PADD 5,EPMR,Regular Gasoline,PTE,Retail Sales,EMM_EPMR_PTE_R50_DPG,West Coast Regular All Formulations Retail Gasoline Prices (Dollars per Gallon),4.075,$/GAL
2025-07-07,R40,PADD 4,EPMR,Regular Gasoline,PTE,Retail Sales,EMM_EPMR_PTE_R40_DPG,Rocky Mountain Regular All Formulations Retail Gasoline Prices (Dollars per Gallon),3.133,$/GAL
2025-07-07,R30,PADD 3,EPMR,Regular Gasoline,PTE,Retail Sales,EMM_EPMR_PTE_R30_DPG,Gulf Coast Regular All Formulations Retail Gasoline Prices (Dollars per Gallon),2.685,$/GAL
2025-07-07,R20,PADD 2,EPMR,Regular Gasoline,PTE,Retail Sales,EMM_EPMR_PTE_R20_DPG,Midwest Regular All Formulations Retail Gasoline Prices (Dollars per Gallon),2.981,$/GAL
2025-07-07,R1Z,PADD 1C,EPMR,Regular Gasoline,PTE,Retail Sales,EMM_EPMR_PTE_R1Z_DPG,Lower Atlantic (PADD 1C) Regular All Formulations Retail Gasoline Prices (Dollars per Gallon),2.921,$/GAL
2025-07-07,R1Y,PADD 1B,EPMR,Regular Gasoline,PTE,Retail Sales,EMM_EPMR_PTE_R1Y_DPG,Central Atlantic (PADD 1B) Regular All Formulations Retail Gasoline Prices (Dollars per Gallon),3.178,$/GAL
2025-07-07,R1X,PADD 1A,EPMR,Regular Gasoline,PTE,Retail Sales,EMM_EPMR_PTE_R1X_DPG,New England (PADD 1A) Regular All Formulations Retail Gasoline Prices (Dollars per Gallon),3.023,$/GAL
2025-07-07,R10,PADD 1,EPMR,Regular Gasoline,PTE,Retail Sales,EMM_EPMR_PTE_R10_DPG,East Coast Regular All Formulations Retail Gasoline Prices (Dollars per Gallon),3.02,$/GAL
2025-06-30,NUS,U.S.,EPMR,Regular Gasoline,PTE,Retail Sales,EMM_EPMR_PTE_NUS_DPG,U.S. Regular All Formulations Retail Gasoline Prices (Dollars per Gallon),3.164,$/GAL
2025-06-30,YORD,CHICAGO,EPMR,Regular Gasoline,PTE,Retail Sales,EMM_EPMR_PTE_YORD_DPG,Chicago Regular All Formulations Retail Gasoline Prices (Dollars per Gallon),3.551,$/GAL
2025-06-30,YMIA,MIAMI,EPMR,Regular Gasoline,PTE,Retail Sales,EMM_EPMR_PTE_YMIA_DPG,"Miami, FL Regular All Formulations Retail Gasoline Prices (Dollars per Gallon)",2.909,$/GAL
2025-06-30,YDEN,DENVER,EPMR,Regular Gasoline,PTE,Retail Sales,EMM_EPMR_PTE_YDEN_DPG,Denver Regular All Formulations Retail Gasoline Prices (Dollars per Gallon),3.081,$/GAL
2025-06-30,YCLE,CLEVELAND,EPMR,Regular Gasoline,PTE,Retail Sales,EMM_EPMR_PTE_YCLE_DPG,"Cleveland, OH Regular All Formulations Retail Gasoline Prices (Dollars per Gallon)",3.01,$/GAL
2025-06-30,YBOS,BOSTON,EPMR,Regular Gasoline,PTE,Retail Sales,EMM_EPMR_PTE_YBOS_DPG,"Boston, MA Regular All Formulations Retail Gasoline Prices (Dollars per Gallon)",3.036,$/GAL
2025-06-30,Y48SE,SEATTLE,EPMR,Regular Gasoline,PTE,Retail Sales,EMM_EPMR_PTE_Y48SE_DPG,"Seattle, WA Regular All Formulations Retail Gasoline Prices (Dollars per Gallon)",4.518,$/GAL
2025-06-30,Y44HO,HOUSTON,EPMR,Regular Gasoline,PTE,Retail Sales,EMM_EPMR_PTE_Y44HO_DPG,Houston Regular All Formulations Retail Gasoline Prices (Dollars per Gallon),2.693,$/GAL
2025-06-30,Y35NY,NEW YORK CITY,EPMR,Regular Gasoline,PTE,Retail Sales,EMM_EPMR_PTE_Y35NY_DPG,New York City Regular All Formulations Retail Gasoline Prices (Dollars per Gallon),3.094,$/GAL
2025-06-30,Y05SF,SAN FRANCISCO,EPMR,Regular Gasoline,PTE,Retail Sales,EMM_EPMR_PTE_Y05SF_DPG,San Francisco Regular All Formulations Retail Gasoline Prices (Dollars per Gallon),4.447,$/GAL
2025-06-30,Y05LA,LOS ANGELES,EPMR,Regular Gasoline,PTE,Retail Sales,EMM_EPMR_PTE_Y05LA_DPG,Los Angeles Regular All Formulations Retail Gasoline Prices (Dollars per Gallon),4.312,$/GAL
2025-06-30,SWA,WASHINGTON,EPMR,Regular Gasoline,PTE,Retail Sales,EMM_EPMR_PTE_SWA_DPG,Washington Regular All Formulations Retail Gasoline Prices (Dollars per Gallon),4.301,$/GAL
2025-06-30,STX,TEXAS,EPMR,Regular Gasoline,PTE,Retail Sales,EMM_EPMR_PTE_STX_DPG,Texas Regular All Formulations Retail Gasoline Prices (Dollars per Gallon),2.727,$/GAL
2025-06-30,SOH,OHIO,EPMR,Regular Gasoline,PTE,Retail Sales,EMM_EPMR_PTE_SOH_DPG,Ohio Regular All Formulations Retail Gasoline Prices (Dollars per Gallon),2.99,$/GAL
2025-06-30,SNY,NEW YORK,EPMR,Regular Gasoline,PTE,Retail Sales,EMM_EPMR_PTE_SNY_DPG,New York Regular All Formulations Retail Gasoline Prices (Dollars per Gallon),3.123,$/GAL
2025-06-30,SMN,MINNESOTA,EPMR,Regular Gasoline,PTE,Retail Sales,EMM_EPMR_PTE_SMN_DPG,Minnesota Regular All Formulations Retail Gasoline Prices (Dollars per Gallon),3.043,$/GAL
2025-06-30,SMA,MASSACHUSETTS,EPMR,Regular Gasoline,PTE,Retail Sales,EMM_EPMR_PTE_SMA_DPG,Massachusetts Regular All Formulations Retail Gasoline Prices (Dollars per Gallon),3.022,$/GAL
2025-06-30,SFL,FLORIDA,EPMR,Regular Gasoline,PTE,Retail Sales,EMM_EPMR_PTE_SFL_DPG,Florida Regular All Formulations Retail Gasoline Prices (Dollars per Gallon),2.869,$/GAL
2025-06-30,SCO,COLORADO,EPMR,Regular Gasoline,PTE,Retail Sales,EMM_EPMR_PTE_SCO_DPG,Colorado Regular All Formulations Retail Gasoline Prices (Dollars per Gallon),3.075,$/GAL
2025-06-30,SCA,CALIFORNIA,EPMR,Regular Gasoline,PTE,Retail Sales,EMM_EPMR_PTE_SCA_DPG,California Regular All Formulations Retail Gasoline Prices (Dollars per Gallon),4.36,$/GAL
2025-06-30,R5XCA,PADD 5 EXCEPT CALIFORNIA,EPMR,Regular Gasoline,PTE,Retail Sales,EMM_EPMR_PTE_R5XCA_DPG,West Coast (PADD 5) Except California Regular All Formulations Retail Gasoline Prices (Dollars per Gallon),3.835,$/GAL
2025-06-30,R50,PADD 5,EPMR,Regular Gasoline,PTE,Retail Sales,EMM_EPMR_PTE_R50_DPG,West Coast Regular All Formulations Retail Gasoline Prices (Dollars per Gallon),4.109,$/GAL
2025-06-30,R40,PADD 4,EPMR,Regular Gasoline,PTE,Retail Sales,EMM_EPMR_PTE_R40_DPG,Rocky Mountain Regular All Formulations Retail Gasoline Prices (Dollars per Gallon),3.175,$/GAL
2025-06-30,R30,PADD 3,EPMR,Regular Gasoline,PTE,Retail Sales,EMM_EPMR_PTE_R30_DPG,Gulf Coast Regular All Formulations Retail Gasoline Prices (Dollars per Gallon),2.739,$/GAL
2025-06-30,R20,PADD 2,EPMR,Regular Gasoline,PTE,Retail Sales,EMM_EPMR_PTE_R20_DPG,Midwest Regular All Formulations Retail Gasoline Prices (Dollars per Gallon),3.051,$/GAL
2025-06-30,R1Z,PADD 1C,EPMR,Regular Gasoline,PTE,Retail Sales,EMM_EPMR_PTE_R1Z_DPG,Lower Atlantic (PADD 1C) Regular All Formulations Retail Gasoline Prices (Dollars per Gallon),2.911,$/GAL
2025-06-30,R1Y,PADD 1B,EPMR,Regular Gasoline,PTE,Retail Sales,EMM_EPMR_PTE_R1Y_DPG,Central Atlantic (PADD 1B) Regular All Formulations Retail Gasoline Prices (Dollars per Gallon),3.217,$/GAL
2025-06-30,R1X,PADD 1A,EPMR,Regular Gasoline,PTE,Retail Sales,EMM_EPMR_PTE_R1X_DPG,New England (PADD 1A) Regular All Formulations Retail Gasoline Prices (Dollars per Gallon),3.05,$/GAL
2025-06-30,R10,PADD 1,EPMR,Regular Gasoline,PTE,Retail Sales,EMM_EPMR_PTE_R10_DPG,East Coast Regular All Formulations Retail Gasoline Prices (Dollars per Gallon),3.031,$/GAL
2025-06-23,NUS,U.S.,EPMR,Regular Gasoline,PTE,Retail Sales,EMM_EPMR_PTE_NUS_DPG,U.S. Regular All Formulations Retail Gasoline Prices (Dollars per Gallon),3.213,$/GAL
2025-06-23,YORD,CHICAGO,EPMR,Regular Gasoline,PTE,Retail Sales,EMM_EPMR_PTE_YORD_DPG,Chicago Regular All Formulations Retail Gasoline Prices (Dollars per Gallon),3.558,$/GAL
2025-06-23,YMIA,MIAMI,EPMR,Regular Gasoline,PTE,Retail Sales,EMM_EPMR_PTE_YMIA_DPG,"Miami, FL Regular All Formulations Retail Gasoline Prices (Dollars per Gallon)",3.063,$/GAL
2025-06-23,YDEN,DENVER,EPMR,Regular Gasoline,PTE,Retail Sales,EMM_EPMR_PTE_YDEN_DPG,Denver Regular All Formulations Retail Gasoline Prices (Dollars per Gallon),3.072,$/GAL
2025-06-23,YCLE,CLEVELAND,EPMR,Regular Gasoline,PTE,Retail Sales,EMM_EPMR_PTE_YCLE_DPG,"Cleveland, OH Regular All Formulations Retail Gasoline Prices (Dollars per Gallon)",3.162,$/GAL
2025-06-23,YBOS,BOSTON,EPMR,Regular Gasoline,PTE,Retail Sales,EMM_EPMR_PTE_YBOS_DPG,"Boston, MA Regular All Formulations Retail Gasoline Prices (Dollars per Gallon)",3.078,$/GAL
2025-06-23,Y48SE,SEATTLE,EPMR,Regular Gasoline,PTE,Retail Sales,EMM_EPMR_PTE_Y48SE_DPG,"Seattle, WA Regular All Formulations Retail Gasoline Prices (Dollars per Gallon)",4.484,$/GAL
2025-06-23,Y44HO,HOUSTON,EPMR,Regular Gasoline,PTE,Retail Sales,EMM_EPMR_PTE_Y44HO_DPG,Houston Regular All Formulations Retail Gasoline Prices (Dollars per Gallon),2.751,$/GAL
2025-06-23,Y35NY,NEW YORK CITY,EPMR,Regular Gasoline,PTE,Retail Sales,EMM_EPMR_PTE_Y35NY_DPG,New York City Regular All Formulations Retail Gasoline Prices (Dollars per Gallon),3.091,$/GAL
2025-06-23,Y05SF,SAN FRANCISCO,EPMR,Regular Gasoline,PTE,Retail Sales,EMM_EPMR_PTE_Y05SF_DPG,San Francisco Regular All Formulations Retail Gasoline Prices (Dollars per Gallon),4.581,$/GAL
2025-06-23,Y05LA,LOS ANGELES,EPMR,Regular Gasoline,PTE,Retail Sales,EMM_EPMR_PTE_Y05LA_DPG,Los Angeles Regular All Formulations Retail Gasoline Prices (Dollars per Gallon),4.36,$/GAL
2025-06-23,SWA,WASHINGTON,EPMR,Regular Gasoline,PTE,Retail Sales,EMM_EPMR_PTE_SWA_DPG,Washington Regular All Formulations Retail Gasoline Prices (Dollars per Gallon),4.29,$/GAL
2025-06-23,STX,TEXAS,EPMR,Regular Gasoline,PTE,Retail Sales,EMM_EPMR_PTE_STX_DPG,Texas Regular All Formulations Retail Gasoline Prices (Dollars per Gallon),2.861,$/GAL
2025-06-23,SOH,OHIO,EPMR,Regular Gasoline,PTE,Retail Sales,EMM_EPMR_PTE_SOH_DPG,Ohio Regular All Formulations Retail Gasoline Prices (Dollars per Gallon),3.161,$/GAL
2025-06-23,SNY,NEW YORK,EPMR,Regular Gasoline,PTE,Retail Sales,EMM_EPMR_PTE_SNY_DPG,New York Regular All Formulations Retail Gasoline Prices (Dollars per Gallon),3.134,$/GAL
2025-06-23,SMN,MINNESOTA,EPMR,Regular Gasoline,PTE,Retail Sales,EMM_EPMR_PTE_SMN_DPG,Minnesota Regular All Formulations Retail Gasoline Prices (Dollars per Gallon),3.057,$/GAL
2025-06-23,SMA,MASSACHUSETTS,EPMR,Regular Gasoline,PTE,Retail Sales,EMM_EPMR_PTE_SMA_DPG,Massachusetts Regular All Formulations Retail Gasoline Prices (Dollars per Gallon),3.067,$/GAL
2025-06-23,SFL,FLORIDA,EPMR,Regular Gasoline,PTE,Retail Sales,EMM_EPMR_PTE_SFL_DPG,Florida Regular All Formulations Retail Gasoline Prices (Dollars per Gallon),3.039,$/GAL
2025-06-23,SCO,COLORADO,EPMR,Regular Gasoline,PTE,Retail Sales,EMM_EPMR_PTE_SCO_DPG,Colorado Regular All Formulations Retail Gasoline Prices (Dollars per Gallon),3.041,$/GAL
2025-06-23,SCA,CALIFORNIA,EPMR,Regular Gasoline,PTE,Retail Sales,EMM_EPMR_PTE_SCA_DPG,California Regular All Formulations Retail Gasoline Prices (Dollars per Gallon),4.444,$/GAL
2025-06-23,R5XCA,PADD 5 EXCEPT CALIFORNIA,EPMR,Regular Gasoline,PTE,Retail Sales,EMM_EPMR_PTE_R5XCA_DPG,West Coast (PADD 5) Except California Regular All Formulations Retail Gasoline Prices (Dollars per Gallon),3.855,$/GAL
2025-06-23,R50,PADD 5,EPMR,Regular Gasoline,PTE,Retail Sales,EMM_EPMR_PTE_R50_DPG,West Coast Regular All Formulations Retail Gasoline Prices (Dollars per Gallon),4.162,$/GAL
2025-06-23,R40,PADD 4,EPMR,Regular Gasoline,PTE,Retail Sales,EMM_EPMR_PTE_R40_DPG,Rocky Mountain Regular All Formulations Retail Gasoline Prices (Dollars per Gallon),3.177,$/GAL
2025-06-23,R30,PADD 3,EPMR,Regular Gasoline,PTE,Retail Sales,EMM_EPMR_PTE_R30_DPG,Gulf Coast Regular All Formulations Retail Gasoline Prices (Dollars per Gallon),2.844,$/GAL
2025-06-23,R20,PADD 2,EPMR,Regular Gasoline,PTE,Retail Sales,EMM_EPMR_PTE_R20_DPG,Midwest Regular All Formulations Retail Gasoline Prices (Dollars per Gallon),3.087,$/GAL
2025-06-23,R1Z,PADD 1C,EPMR,Regular Gasoline,PTE,Retail Sales,EMM_EPMR_PTE_R1Z_DPG,Lower Atlantic (PADD 1C) Regular All Formulations Retail Gasoline Prices (Dollars per Gallon),2.983,$/GAL
2025-06-23,R1Y,PADD 1B,EPMR,Regular Gasoline,PTE,Retail Sales,EMM_EPMR_PTE_R1Y_DPG,Central Atlantic (PADD 1B) Regular All Formulations Retail Gasoline Prices (Dollars per Gallon),3.212,$/GAL
2025-06-23,R1X,PADD 1A,EPMR,Regular Gasoline,PTE,Retail Sales,EMM_EPMR_PTE_R1X_DPG,New England (PADD 1A) Regular All Formulations Retail Gasoline Prices (Dollars per Gallon),3.079,$/GAL
2025-06-23,R10,PADD 1,EPMR,Regular Gasoline,PTE,Retail Sales,EMM_EPMR_PTE_R10_DPG,East Coast Regular All Formulations Retail Gasoline Prices (Dollars per Gallon),3.072,$/GAL
2025-06-16,NUS,U.S.,EPMR,Regular Gasoline,PTE,Retail Sales,EMM_EPMR_PTE_NUS_DPG,U.S. Regular All Formulations Retail Gasoline Prices (Dollars per Gallon),3.139,$/GAL
2025-06-16,YORD,CHICAGO,EPMR,Regular Gasoline,PTE,Retail Sales,EMM_EPMR_PTE_YORD_DPG,Chicago Regular All Formulations Retail Gasoline Prices (Dollars per Gallon),3.587,$/GAL
2025-06-16,YMIA,MIAMI,EPMR,Regular Gasoline,PTE,Retail Sales,EMM_EPMR_PTE_YMIA_DPG,"Miami, FL Regular All Formulations Retail Gasoline Prices (Dollars per Gallon)",2.99,$/GAL
2025-06-16,YDEN,DENVER,EPMR,Regular Gasoline,PTE,Retail Sales,EMM_EPMR_PTE_YDEN_DPG,Denver Regular All Formulations Retail Gasoline Prices (Dollars per Gallon),2.982,$/GAL
2025-06-16,YCLE,CLEVELAND,EPMR,Regular Gasoline,PTE,Retail Sales,EMM_EPMR_PTE_YCLE_DPG,"Cleveland, OH Regular All Formulations Retail Gasoline Prices (Dollars per Gallon)",3.081,$/GAL
2025-06-16,YBOS,BOSTON,EPMR,Regular Gasoline,PTE,Retail Sales,EMM_EPMR_PTE_YBOS_DPG,"Boston, MA Regular All Formulations Retail Gasoline Prices (Dollars per Gallon)",2.951,$/GAL
2025-06-16,Y48SE,SEATTLE,EPMR,Regular Gasoline,PTE,Retail Sales,EMM_EPMR_PTE_Y48SE_DPG,"Seattle, WA Regular All Formulations Retail Gasoline Prices (Dollars per Gallon)",4.439,$/GAL
2025-06-16,Y44HO,HOUSTON,EPMR,Regular Gasoline,PTE,Retail Sales,EMM_EPMR_PTE_Y44HO_DPG,Houston Regular All Formulations Retail Gasoline Prices (Dollars per Gallon),2.677,$/GAL
2025-06-16,Y35NY,NEW YORK CITY,EPMR,Regular Gasoline,PTE,Retail Sales,EMM_EPMR_PTE_Y35NY_DPG,New York City Regular All Formulations Retail Gasoline Prices (Dollars per Gallon),2.986,$/GAL
2025-06-16,Y05SF,SAN FRANCISCO,EPMR,Regular Gasoline,PTE,Retail Sales,EMM_EPMR_PTE_Y05SF_DPG,San Francisco Regular All Formulations Retail Gasoline Prices (Dollars per Gallon),4.588,$/GAL
2025-06-16,Y05LA,LOS ANGELES,EPMR,Regular Gasoline,PTE,Retail Sales,EMM_EPMR_PTE_Y05LA_DPG,Los Angeles Regular All Formulations Retail Gasoline Prices (Dollars per Gallon),4.356,$/GAL
2025-06-16,SWA,WASHINGTON,EPMR,Regular Gasoline,PTE,Retail Sales,EMM_EPMR_PTE_SWA_DPG,Washington Regular All Formulations Retail Gasoline Prices (Dollars per Gallon),4.219,$/GAL
2025-06-16,STX,TEXAS,EPMR,Regular Gasoline,PTE,Retail Sales,EMM_EPMR_PTE_STX_DPG,Texas Regular All Formulations Retail Gasoline Prices (Dollars per Gallon),2.728,$/GAL
2025-06-16,SOH,OHIO,EPMR,Regular Gasoline,PTE,Retail Sales,EMM_EPMR_PTE_SOH_DPG,Ohio Regular All Formulations Retail Gasoline Prices (Dollars per Gallon),3.066,$/GAL
2025-06-16,SNY,NEW YORK,EPMR,Regular Gasoline,PTE,Retail Sales,EMM_EPMR_PTE_SNY_DPG,New York Regular All Formulations Retail Gasoline Prices (Dollars per Gallon),3.039,$/GAL
2025-06-16,SMN,MINNESOTA,EPMR,Regular Gasoline,PTE,Retail Sales,EMM_EPMR_PTE_SMN_DPG,Minnesota Regular All Formulations Retail Gasoline Prices (Dollars per Gallon),2.956,$/GAL
2025-06-16,SMA,MASSACHUSETTS,EPMR,Regular Gasoline,PTE,Retail Sales,EMM_EPMR_PTE_SMA_DPG,Massachusetts Regular All Formulations Retail Gasoline Prices (Dollars per Gallon),2.942,$/GAL
2025-06-16,SFL,FLORIDA,EPMR,Regular Gasoline,PTE,Retail Sales,EMM_EPMR_PTE_SFL_DPG,Florida Regular All Formulations Retail Gasoline Prices (Dollars per Gallon),2.962,$/GAL
2025-06-16,SCO,COLORADO,EPMR,Regular Gasoline,PTE,Retail Sales,EMM_EPMR_PTE_SCO_DPG,Colorado Regular All Formulations Retail Gasoline Prices (Dollars per Gallon),2.967,$/GAL
2025-06-16,SCA,CALIFORNIA,EPMR,Regular Gasoline,PTE,Retail Sales,EMM_EPMR_PTE_SCA_DPG,California Regular All Formulations Retail Gasoline Prices (Dollars per Gallon),4.427,$/GAL
2025-06-16,R5XCA,PADD 5 EXCEPT CALIFORNIA,EPMR,Regular Gasoline,PTE,Retail Sales,EMM_EPMR_PTE_R5XCA_DPG,West Coast (PADD 5) Except California Regular All Formulations Retail Gasoline Prices (Dollars per Gallon),3.8,$/GAL
2025-06-16,R50,PADD 5,EPMR,Regular Gasoline,PTE,Retail Sales,EMM_EPMR_PTE_R50_DPG,West Coast Regular All Formulations Retail Gasoline Prices (Dollars per Gallon),4.127,$/GAL
2025-06-16,R40,PADD 4,EPMR,Regular Gasoline,PTE,Retail Sales,EMM_EPMR_PTE_R40_DPG,Rocky Mountain Regular All Formulations Retail Gasoline Prices (Dollars per Gallon),3.114,$/GAL
2025-06-16,R30,PADD 3,EPMR,Regular Gasoline,PTE,Retail Sales,EMM_EPMR_PTE_R30_DPG,Gulf Coast Regular All Formulations Retail Gasoline Prices (Dollars per Gallon),2.735,$/GAL
2025-06-16,R20,PADD 2,EPMR,Regular Gasoline,PTE,Retail Sales,EMM_EPMR_PTE_R20_DPG,Midwest Regular All Formulations Retail Gasoline Prices (Dollars per Gallon),3.026,$/GAL
2025-06-16,R1Z,PADD 1C,EPMR,Regular Gasoline,PTE,Retail Sales,EMM_EPMR_PTE_R1Z_DPG,Lower Atlantic (PADD 1C) Regular All Formulations Retail Gasoline Prices (Dollars per Gallon),2.912,$/GAL
2025-06-16,R1Y,PADD 1B,EPMR,Regular Gasoline,PTE,Retail Sales,EMM_EPMR_PTE_R1Y_DPG,Central Atlantic (PADD 1B) Regular All Formulations Retail Gasoline Prices (Dollars per Gallon),3.106,$/GAL
2025-06-16,R1X,PADD 1A,EPMR,Regular Gasoline,PTE,Retail Sales,EMM_EPMR_PTE_R1X_DPG,New England (PADD 1A) Regular All Formulations Retail Gasoline Prices (Dollars per Gallon),2.956,$/GAL
2025-06-16,R10,PADD 1,EPMR,Regular Gasoline,PTE,Retail Sales,EMM_EPMR_PTE_R10_DPG,East Coast Regular All Formulations Retail Gasoline Prices (Dollars per Gallon),2.983,$/GAL
2025-06-09,NUS,U.S.,EPMR,Regular Gasoline,PTE,Retail Sales,EMM_EPMR_PTE_NUS_DPG,U.S. Regular All Formulations Retail Gasoline Prices (Dollars per Gallon),3.108,$/GAL
2025-06-09,YORD,CHICAGO,EPMR,Regular Gasoline,PTE,Retail Sales,EMM_EPMR_PTE_YORD_DPG,Chicago Regular All Formulations Retail Gasoline Prices (Dollars per Gallon),3.398,$/GAL
2025-06-09,YMIA,MIAMI,EPMR,Regular Gasoline,PTE,Retail Sales,EMM_EPMR_PTE_YMIA_DPG,"Miami, FL Regular All Formulations Retail Gasoline Prices (Dollars per Gallon)",2.99,$/GAL
2025-06-09,YDEN,DENVER,EPMR,Regular Gasoline,PTE,Retail Sales,EMM_EPMR_PTE_YDEN_DPG,Denver Regular All Formulations Retail Gasoline Prices (Dollars per Gallon),2.916,$/GAL
2025-06-09,YCLE,CLEVELAND,EPMR,Regular Gasoline,PTE,Retail Sales,EMM_EPMR_PTE_YCLE_DPG,"Cleveland, OH Regular All Formulations Retail Gasoline Prices (Dollars per Gallon)",3.046,$/GAL
2025-06-09,YBOS,BOSTON,EPMR,Regular Gasoline,PTE,Retail Sales,EMM_EPMR_PTE_YBOS_DPG,"Boston, MA Regular All Formulations Retail Gasoline Prices (Dollars per Gallon)",2.936,$/GAL
2025-06-09,Y48SE,SEATTLE,EPMR,Regular Gasoline,PTE,Retail Sales,EMM_EPMR_PTE_Y48SE_DPG,"Seattle, WA Regular All Formulations Retail Gasoline Prices (Dollars per Gallon)",4.432,$/GAL
2025-06-09,Y44HO,HOUSTON,EPMR,Regular Gasoline,PTE,Retail Sales,EMM_EPMR_PTE_Y44HO_DPG,Houston Regular All Formulations Retail Gasoline Prices (Dollars per Gallon),2.636,$/GAL
2025-06-09,Y35NY,NEW YORK CITY,EPMR,Regular Gasoline,PTE,Retail Sales,EMM_EPMR_PTE_Y35NY_DPG,New York City Regular All Formulations Retail Gasoline Prices (Dollars per Gallon),2.934,$/GAL
2025-06-09,Y05SF,SAN FRANCISCO,EPMR,Regular Gasoline,PTE,Retail Sales,EMM_EPMR_PTE_Y05SF_DPG,San Francisco Regular All Formulations Retail Gasoline Prices (Dollars per Gallon),4.691,$/GAL
2025-06-09,Y05LA,LOS ANGELES,EPMR,Regular Gasoline,PTE,Retail Sales,EMM_EPMR_PTE_Y05LA_DPG,Los Angeles Regular All Formulations Retail Gasoline Prices (Dollars per Gallon),4.4,$/GAL
2025-06-09,SWA,WASHINGTON,EPMR,Regular Gasoline,PTE,Retail Sales,EMM_EPMR_PTE_SWA_DPG,Washington Regular All Formulations Retail Gasoline Prices (Dollars per Gallon),4.2,$/GAL
2025-06-09,STX,TEXAS,EPMR,Regular Gasoline,PTE,Retail Sales,EMM_EPMR_PTE_STX_DPG,Texas Regular All Formulations Retail Gasoline Prices (Dollars per Gallon),2.734,$/GAL
2025-06-09,SOH,OHIO,EPMR,Regular Gasoline,PTE,Retail Sales,EMM_EPMR_PTE_SOH_DPG,Ohio Regular All Formulations Retail Gasoline Prices (Dollars per Gallon),3.033,$/GAL
2025-06-09,SNY,NEW YORK,EPMR,Regular Gasoline,PTE,Retail Sales,EMM_EPMR_PTE_SNY_DPG,New York Regular All Formulations Retail Gasoline Prices (Dollars per Gallon),3.002,$/GAL
2025-06-09,SMN,MINNESOTA,EPMR,Regular Gasoline,PTE,Retail Sales,EMM_EPMR_PTE_SMN_DPG,Minnesota Regular All Formulations Retail Gasoline Prices (Dollars per Gallon),2.953,$/GAL
2025-06-09,SMA,MASSACHUSETTS,EPMR,Regular Gasoline,PTE,Retail Sales,EMM_EPMR_PTE_SMA_DPG,Massachusetts Regular All Formulations Retail Gasoline Prices (Dollars per Gallon),2.937,$/GAL
2025-06-09,SFL,FLORIDA,EPMR,Regular Gasoline,PTE,Retail Sales,EMM_EPMR_PTE_SFL_DPG,Florida Regular All Formulations Retail Gasoline Prices (Dollars per Gallon),2.987,$/GAL
2025-06-09,SCO,COLORADO,EPMR,Regular Gasoline,PTE,Retail Sales,EMM_EPMR_PTE_SCO_DPG,Colorado Regular All Formulations Retail Gasoline Prices (Dollars per Gallon),2.941,$/GAL
2025-06-09,SCA,CALIFORNIA,EPMR,Regular Gasoline,PTE,Retail Sales,EMM_EPMR_PTE_SCA_DPG,California Regular All Formulations Retail Gasoline Prices (Dollars per Gallon),4.479,$/GAL
2025-06-09,R5XCA,PADD 5 EXCEPT CALIFORNIA,EPMR,Regular Gasoline,PTE,Retail Sales,EMM_EPMR_PTE_R5XCA_DPG,West Coast (PADD 5) Except California Regular All Formulations Retail Gasoline Prices (Dollars per Gallon),3.8,$/GAL
2025-06-09,R50,PADD 5,EPMR,Regular Gasoline,PTE,Retail Sales,EMM_EPMR_PTE_R50_DPG,West Coast Regular All Formulations Retail Gasoline Prices (Dollars per Gallon),4.154,$/GAL
2025-06-09,R40,PADD 4,EPMR,Regular Gasoline,PTE,Retail Sales,EMM_EPMR_PTE_R40_DPG,Rocky Mountain Regular All Formulations Retail Gasoline Prices (Dollars per Gallon),3.085,$/GAL
2025-06-09,R30,PADD 3,EPMR,Regular Gasoline,PTE,Retail Sales,EMM_EPMR_PTE_R30_DPG,Gulf Coast Regular All Formulations Retail Gasoline Prices (Dollars per Gallon),2.716,$/GAL
2025-06-09,R20,PADD 2,EPMR,Regular Gasoline,PTE,Retail Sales,EMM_EPMR_PTE_R20_DPG,Midwest Regular All Formulations Retail Gasoline Prices (Dollars per Gallon),2.966,$/GAL
2025-06-09,R1Z,PADD 1C,EPMR,Regular Gasoline,PTE,Retail Sales,EMM_EPMR_PTE_R1Z_DPG,Lower Atlantic (PADD 1C) Regular All Formulations Retail Gasoline Prices (Dollars per Gallon),2.885,$/GAL
2025-06-09,R1Y,PADD 1B,EPMR,Regular Gasoline,PTE,Retail Sales,EMM_EPMR_PTE_R1Y_DPG,Central Atlantic (PADD 1B) Regular All Formulations Retail Gasoline Prices (Dollars per Gallon),3.051,$/GAL
2025-06-09,R1X,PADD 1A,EPMR,Regular Gasoline,PTE,Retail Sales,EMM_EPMR_PTE_R1X_DPG,New England (PADD 1A) Regular All Formulations Retail Gasoline Prices (Dollars per Gallon),2.947,$/GAL
2025-06-09,R10,PADD 1,EPMR,Regular Gasoline,PTE,Retail Sales,EMM_EPMR_PTE_R10_DPG,East Coast Regular All Formulations Retail Gasoline Prices (Dollars per Gallon),2.949,$/GAL
2025-06-02,NUS,U.S.,EPMR,Regular Gasoline,PTE,Retail Sales,EMM_EPMR_PTE_NUS_DPG,U.S. Regular All Formulations Retail Gasoline Prices (Dollars per Gallon),3.127,$/GAL
2025-06-02,YORD,CHICAGO,EPMR,Regular Gasoline,PTE,Retail Sales,EMM_EPMR_PTE_YORD_DPG,Chicago Regular All Formulations Retail Gasoline Prices (Dollars per Gallon),3.422,$/GAL
2025-06-02,YMIA,MIAMI,EPMR,Regular Gasoline,PTE,Retail Sales,EMM_EPMR_PTE_YMIA_DPG,"Miami, FL Regular All Formulations Retail Gasoline Prices (Dollars per Gallon)",3.011,$/GAL
2025-06-02,YDEN,DENVER,EPMR,Regular Gasoline,PTE,Retail Sales,EMM_EPMR_PTE_YDEN_DPG,Denver Regular All Formulations Retail Gasoline Prices (Dollars per Gallon),3.033,$/GAL
2025-06-02,YCLE,CLEVELAND,EPMR,Regular Gasoline,PTE,Retail Sales,EMM_EPMR_PTE_YCLE_DPG,"Cleveland, OH Regular All Formulations Retail Gasoline Prices (Dollars per Gallon)",2.989,$/GAL
2025-06-02,YBOS,BOSTON,EPMR,Regular Gasoline,PTE,Retail Sales,EMM_EPMR_PTE_YBOS_DPG,"Boston, MA Regular All Formulations Retail Gasoline Prices (Dollars per Gallon)",2.954,$/GAL
2025-06-02,Y48SE,SEATTLE,EPMR,Regular Gasoline,PTE,Retail Sales,EMM_EPMR_PTE_Y48SE_DPG,"Seattle, WA Regular All Formulations Retail Gasoline Prices (Dollars per Gallon)",4.445,$/GAL
2025-06-02,Y44HO,HOUSTON,EPMR,Regular Gasoline,PTE,Retail Sales,EMM_EPMR_PTE_Y44HO_DPG,Houston Regular All Formulations Retail Gasoline Prices (Dollars per Gallon),2.626,$/GAL
2025-06-02,Y35NY,NEW YORK CITY,EPMR,Regular Gasoline,PTE,Retail Sales,EMM_EPMR_PTE_Y35NY_DPG,New York City Regular All Formulations Retail Gasoline Prices (Dollars per Gallon),2.972,$/GAL
2025-06-02,Y05SF,SAN FRANCISCO,EPMR,Regular Gasoline,PTE,Retail Sales,EMM_EPMR_PTE_Y05SF_DPG,San Francisco Regular All Formulations Retail Gasoline Prices (Dollars per Gallon),4.773,$/GAL
2025-06-02,Y05LA,LOS ANGELES,EPMR,Regular Gasoline,PTE,Retail Sales,EMM_EPMR_PTE_Y05LA_DPG,Los Angeles Regular All Formulations Retail Gasoline Prices (Dollars per Gallon),4.456,$/GAL
2025-06-02,SWA,WASHINGTON,EPMR,Regular Gasoline,PTE,Retail Sales,EMM_EPMR_PTE_SWA_DPG,Washington Regular All Formulations Retail Gasoline Prices (Dollars per Gallon),4.232,$/GAL
2025-06-02,STX,TEXAS,EPMR,Regular Gasoline,PTE,Retail Sales,EMM_EPMR_PTE_STX_DPG,Texas Regular All Formulations Retail Gasoline Prices (Dollars per Gallon),2.688,$/GAL
2025-06-02,SOH,OHIO,EPMR,Regular Gasoline,PTE,Retail Sales,EMM_EPMR_PTE_SOH_DPG,Ohio Regular All Formulations Retail Gasoline Prices (Dollars per Gallon),2.879,$/GAL
2025-06-02,SNY,NEW YORK,EPMR,Regular Gasoline,PTE,Retail Sales,EMM_EPMR_PTE_SNY_DPG,New York Regular All Formulations Retail Gasoline Prices (Dollars per Gallon),3.026,$/GAL
2025-06-02,SMN,MINNESOTA,EPMR,Regular Gasoline,PTE,Retail Sales,EMM_EPMR_PTE_SMN_DPG,Minnesota Regular All Formulations Retail Gasoline Prices (Dollars per Gallon),2.982,$/GAL
2025-06-02,SMA,MASSACHUSETTS,EPMR,Regular Gasoline,PTE,Retail Sales,EMM_EPMR_PTE_SMA_DPG,Massachusetts Regular All Formulations Retail Gasoline Prices (Dollars per Gallon),2.952,$/GAL
2025-06-02,SFL,FLORIDA,EPMR,Regular Gasoline,PTE,Retail Sales,EMM_EPMR_PTE_SFL_DPG,Florida Regular All Formulations Retail Gasoline Prices (Dollars per Gallon),3.01,$/GAL
2025-06-02,SCO,COLORADO,EPMR,Regular Gasoline,PTE,Retail Sales,EMM_EPMR_PTE_SCO_DPG,Colorado Regular All Formulations Retail Gasoline Prices (Dollars per Gallon),3.073,$/GAL
2025-06-02,SCA,CALIFORNIA,EPMR,Regular Gasoline,PTE,Retail Sales,EMM_EPMR_PTE_SCA_DPG,California Regular All Formulations Retail Gasoline Prices (Dollars per Gallon),4.549,$/GAL
2025-06-02,R5XCA,PADD 5 EXCEPT CALIFORNIA,EPMR,Regular Gasoline,PTE,Retail Sales,EMM_EPMR_PTE_R5XCA_DPG,West Coast (PADD 5) Except California Regular All Formulations Retail Gasoline Prices (Dollars per Gallon),3.833,$/GAL
2025-06-02,R50,PADD 5,EPMR,Regular Gasoline,PTE,Retail Sales,EMM_EPMR_PTE_R50_DPG,West Coast Regular All Formulations Retail Gasoline Prices (Dollars per Gallon),4.207,$/GAL
2025-06-02,R40,PADD 4,EPMR,Regular Gasoline,PTE,Retail Sales,EMM_EPMR_PTE_R40_DPG,Rocky Mountain Regular All Formulations Retail Gasoline Prices (Dollars per Gallon),3.14,$/GAL
2025-06-02,R30,PADD 3,EPMR,Regular Gasoline,PTE,Retail Sales,EMM_EPMR_PTE_R30_DPG,Gulf Coast Regular All Formulations Retail Gasoline Prices (Dollars per Gallon),2.702,$/GAL
2025-06-02,R20,PADD 2,EPMR,Regular Gasoline,PTE,Retail Sales,EMM_EPMR_PTE_R20_DPG,Midwest Regular All Formulations Retail Gasoline Prices (Dollars per Gallon),2.967,$/GAL
2025-06-02,R1Z,PADD 1C,EPMR,Regular Gasoline,PTE,Retail Sales,EMM_EPMR_PTE_R1Z_DPG,Lower Atlantic (PADD 1C) Regular All Formulations Retail Gasoline Prices (Dollars per Gallon),2.905,$/GAL
2025-06-02,R1Y,PADD 1B,EPMR,Regular Gasoline,PTE,Retail Sales,EMM_EPMR_PTE_R1Y_DPG,Central Atlantic (PADD 1B) Regular All Formulations Retail Gasoline Prices (Dollars per Gallon),3.089,$/GAL
2025-06-02,R1X,PADD 1A,EPMR,Regular Gasoline,PTE,Retail Sales,EMM_EPMR_PTE_R1X_DPG,New England (PADD 1A) Regular All Formulations Retail Gasoline Prices (Dollars per Gallon),2.972,$/GAL
2025-06-02,R10,PADD 1,EPMR,Regular Gasoline,PTE,Retail Sales,EMM_EPMR_PTE_R10_DPG,East Coast Regular All Formulations Retail Gasoline Prices (Dollars per Gallon),2.976,$/GAL
2025-05-26,NUS,U.S.,EPMR,Regular Gasoline,PTE,Retail Sales,EMM_EPMR_PTE_NUS_DPG,U.S. Regular All Formulations Retail Gasoline Prices (Dollars per Gallon),3.16,$/GAL
2025-05-26,YORD,CHICAGO,EPMR,Regular Gasoline,PTE,Retail Sales,EMM_EPMR_PTE_YORD_DPG,Chicago Regular All Formulations Retail Gasoline Prices (Dollars per Gallon),3.477,$/GAL
2025-05-26,YMIA,MIAMI,EPMR,Regular Gasoline,PTE,Retail Sales,EMM_EPMR_PTE_YMIA_DPG,"Miami, FL Regular All Formulations Retail Gasoline Prices (Dollars per Gallon)",2.97,$/GAL
2025-05-26,YDEN,DENVER,EPMR,Regular Gasoline,PTE,Retail Sales,EMM_EPMR_PTE_YDEN_DPG,Denver Regular All Formulations Retail Gasoline Prices (Dollars per Gallon),3.039,$/GAL
2025-05-26,YCLE,CLEVELAND,EPMR,Regular Gasoline,PTE,Retail Sales,EMM_EPMR_PTE_YCLE_DPG,"Cleveland, OH Regular All Formulations Retail Gasoline Prices (Dollars per Gallon)",3.102,$/GAL
2025-05-26,YBOS,BOSTON,EPMR,Regular Gasoline,PTE,Retail Sales,EMM_EPMR_PTE_YBOS_DPG,"Boston, MA Regular All Formulations Retail Gasoline Prices (Dollars per Gallon)",2.958,$/GAL
2025-05-26,Y48SE,SEATTLE,EPMR,Regular Gasoline,PTE,Retail Sales,EMM_EPMR_PTE_Y48SE_DPG,"Seattle, WA Regular All Formulations Retail Gasoline Prices (Dollars per Gallon)",4.443,$/GAL
2025-05-26,Y44HO,HOUSTON,EPMR,Regular Gasoline,PTE,Retail Sales,EMM_EPMR_PTE_Y44HO_DPG,Houston Regular All Formulations Retail Gasoline Prices (Dollars per Gallon),2.662,$/GAL
2025-05-26,Y35NY,NEW YORK CITY,EPMR,Regular Gasoline,PTE,Retail Sales,EMM_EPMR_PTE_Y35NY_DPG,New York City Regular All Formulations Retail Gasoline Prices (Dollars per Gallon),3.006,$/GAL
2025-05-26,Y05SF,SAN FRANCISCO,EPMR,Regular Gasoline,PTE,Retail Sales,EMM_EPMR_PTE_Y05SF_DPG,San Francisco Regular All Formulations Retail Gasoline Prices (Dollars per Gallon),4.85,$/GAL
2025-05-26,Y05LA,LOS ANGELES,EPMR,Regular Gasoline,PTE,Retail Sales,EMM_EPMR_PTE_Y05LA_DPG,Los Angeles Regular All Formulations Retail Gasoline Prices (Dollars per Gallon),4.528,$/GAL
2025-05-26,SWA,WASHINGTON,EPMR,Regular Gasoline,PTE,Retail Sales,EMM_EPMR_PTE_SWA_DPG,Washington Regular All Formulations Retail Gasoline Prices (Dollars per Gallon),4.246,$/GAL
2025-05-26,STX,TEXAS,EPMR,Regular Gasoline,PTE,Retail Sales,EMM_EPMR_PTE_STX_DPG,Texas Regular All Formulations Retail Gasoline Prices (Dollars per Gallon),2.735,$/GAL
2025-05-26,SOH,OHIO,EPMR,Regular Gasoline,PTE,Retail Sales,EMM_EPMR_PTE_SOH_DPG,Ohio Regular All Formulations Retail Gasoline Prices (Dollars per Gallon),3.004,$/GAL
2025-05-26,SNY,NEW YORK,EPMR,Regular Gasoline,PTE,Retail Sales,EMM_EPMR_PTE_SNY_DPG,New York Regular All Formulations Retail Gasoline Prices (Dollars per Gallon),3.051,$/GAL
2025-05-26,SMN,MINNESOTA,EPMR,Regular Gasoline,PTE,Retail Sales,EMM_EPMR_PTE_SMN_DPG,Minnesota Regular All Formulations Retail Gasoline Prices (Dollars per Gallon),3.016,$/GAL
2025-05-26,SMA,MASSACHUSETTS,EPMR,Regular Gasoline,PTE,Retail Sales,EMM_EPMR_PTE_SMA_DPG,Massachusetts Regular All Formulations Retail Gasoline Prices (Dollars per Gallon),2.968,$/GAL
2025-05-26,SFL,FLORIDA,EPMR,Regular Gasoline,PTE,Retail Sales,EMM_EPMR_PTE_SFL_DPG,Florida Regular All Formulations Retail Gasoline Prices (Dollars per Gallon),2.968,$/GAL
2025-05-26,SCO,COLORADO,EPMR,Regular Gasoline,PTE,Retail Sales,EMM_EPMR_PTE_SCO_DPG,Colorado Regular All Formulations Retail Gasoline Prices (Dollars per Gallon),3.029,$/GAL
2025-05-26,SCA,CALIFORNIA,EPMR,Regular Gasoline,PTE,Retail Sales,EMM_EPMR_PTE_SCA_DPG,California Regular All Formulations Retail Gasoline Prices (Dollars per Gallon),4.626,$/GAL
2025-05-26,R5XCA,PADD 5 EXCEPT CALIFORNIA,EPMR,Regular Gasoline,PTE,Retail Sales,EMM_EPMR_PTE_R5XCA_DPG,West Coast (PADD 5) Except California Regular All Formulations Retail Gasoline Prices (Dollars per Gallon),3.857,$/GAL
2025-05-26,R50,PADD 5,EPMR,Regular Gasoline,PTE,Retail Sales,EMM_EPMR_PTE_R50_DPG,West Coast Regular All Formulations Retail Gasoline Prices (Dollars per Gallon),4.258,$/GAL
2025-05-26,R40,PADD 4,EPMR,Regular Gasoline,PTE,Retail Sales,EMM_EPMR_PTE_R40_DPG,Rocky Mountain Regular All Formulations Retail Gasoline Prices (Dollars per Gallon),3.118,$/GAL
2025-05-26,R30,PADD 3,EPMR,Regular Gasoline,PTE,Retail Sales,EMM_EPMR_PTE_R30_DPG,Gulf Coast Regular All Formulations Retail Gasoline Prices (Dollars per Gallon),2.726,$/GAL
2025-05-26,R20,PADD 2,EPMR,Regular Gasoline,PTE,Retail Sales,EMM_EPMR_PTE_R20_DPG,Midwest Regular All Formulations Retail Gasoline Prices (Dollars per Gallon),3.018,$/GAL
2025-05-26,R1Z,PADD 1C,EPMR,Regular Gasoline,PTE,Retail Sales,EMM_EPMR_PTE_R1Z_DPG,Lower Atlantic (PADD 1C) Regular All Formulations Retail Gasoline Prices (Dollars per Gallon),2.921,$/GAL
2025-05-26,R1Y,PADD 1B,EPMR,Regular Gasoline,PTE,Retail Sales,EMM_EPMR_PTE_R1Y_DPG,Central Atlantic (PADD 1B) Regular All Formulations Retail Gasoline Prices (Dollars per Gallon),3.118,$/GAL
2025-05-26,R1X,PADD 1A,EPMR,Regular Gasoline,PTE,Retail Sales,EMM_EPMR_PTE_R1X_DPG,New England (PADD 1A) Regular All Formulations Retail Gasoline Prices (Dollars per Gallon),2.987,$/GAL
2025-05-26,R10,PADD 1,EPMR,Regular Gasoline,PTE,Retail Sales,EMM_EPMR_PTE_R10_DPG,East Coast Regular All Formulations Retail Gasoline Prices (Dollars per Gallon),2.995,$/GAL
2025-05-19,NUS,U.S.,EPMR,Regular Gasoline,PTE,Retail Sales,EMM_EPMR_PTE_NUS_DPG,U.S. Regular All Formulations Retail Gasoline Prices (Dollars per Gallon),3.173,$/GAL
2025-05-19,YORD,CHICAGO,EPMR,Regular Gasoline,PTE,Retail Sales,EMM_EPMR_PTE_YORD_DPG,Chicago Regular All Formulations Retail Gasoline Prices (Dollars per Gallon),3.386,$/GAL
2025-05-19,YMIA,MIAMI,EPMR,Regular Gasoline,PTE,Retail Sales,EMM_EPMR_PTE_YMIA_DPG,"Miami, FL Regular All Formulations Retail Gasoline Prices (Dollars per Gallon)",2.968,$/GAL
2025-05-19,YDEN,DENVER,EPMR,Regular Gasoline,PTE,Retail Sales,EMM_EPMR_PTE_YDEN_DPG,Denver Regular All Formulations Retail Gasoline Prices (Dollars per Gallon),3.048,$/GAL
2025-05-19,YCLE,CLEVELAND,EPMR,Regular Gasoline,PTE,Retail Sales,EMM_EPMR_PTE_YCLE_DPG,"Cleveland, OH Regular All Formulations Retail Gasoline Prices (Dollars per Gallon)",3.076,$/GAL
2025-05-19,YBOS,BOSTON,EPMR,Regular Gasoline,PTE,Retail Sales,EMM_EPMR_PTE_YBOS_DPG,"Boston, MA Regular All Formulations Retail Gasoline Prices (Dollars per Gallon)",2.968,$/GAL
2025-05-19,Y48SE,SEATTLE,EPMR,Regular Gasoline,PTE,Retail Sales,EMM_EPMR_PTE_Y48SE_DPG,"Seattle, WA Regular All Formulations Retail Gasoline Prices (Dollars per Gallon)",4.387,$/GAL
2025-05-19,Y44HO,HOUSTON,EPMR,Regular Gasoline,PTE,Retail Sales,EMM_EPMR_PTE_Y44HO_DPG,Houston Regular All Formulations Retail Gasoline Prices (Dollars per Gallon),2.696,$/GAL
2025-05-19,Y35NY,NEW YORK CITY,EPMR,Regular Gasoline,PTE,Retail Sales,EMM_EPMR_PTE_Y35NY_DPG,New York City Regular All Formulations Retail Gasoline Prices (Dollars per Gallon),3.005,$/GAL
2025-05-19,Y05SF,SAN FRANCISCO,EPMR,Regular Gasoline,PTE,Retail Sales,EMM_EPMR_PTE_Y05SF_DPG,San Francisco Regular All Formulations Retail Gasoline Prices (Dollars per Gallon),4.97,$/GAL
2025-05-19,Y05LA,LOS ANGELES,EPMR,Regular Gasoline,PTE,Retail Sales,EMM_EPMR_PTE_Y05LA_DPG,Los Angeles Regular All Formulations Retail Gasoline Prices (Dollars per Gallon),4.562,$/GAL
2025-05-19,SWA,WASHINGTON,EPMR,Regular Gasoline,PTE,Retail Sales,EMM_EPMR_PTE_SWA_DPG,Washington Regular All Formulations Retail Gasoline Prices (Dollars per Gallon),4.177,$/GAL
2025-05-19,STX,TEXAS,EPMR,Regular Gasoline,PTE,Retail Sales,EMM_EPMR_PTE_STX_DPG,Texas Regular All Formulations Retail Gasoline Prices (Dollars per Gallon),2.807,$/GAL
2025-05-19,SOH,OHIO,EPMR,Regular Gasoline,PTE,Retail Sales,EMM_EPMR_PTE_SOH_DPG,Ohio Regular All Formulations Retail Gasoline Prices (Dollars per Gallon),3,$/GAL
2025-05-19,SNY,NEW YORK,EPMR,Regular Gasoline,PTE,Retail Sales,EMM_EPMR_PTE_SNY_DPG,New York Regular All Formulations Retail Gasoline Prices (Dollars per Gallon),3.062,$/GAL
2025-05-19,SMN,MINNESOTA,EPMR,Regular Gasoline,PTE,Retail Sales,EMM_EPMR_PTE_SMN_DPG,Minnesota Regular All Formulations Retail Gasoline Prices (Dollars per Gallon),3.001,$/GAL
2025-05-19,SMA,MASSACHUSETTS,EPMR,Regular Gasoline,PTE,Retail Sales,EMM_EPMR_PTE_SMA_DPG,Massachusetts Regular All Formulations Retail Gasoline Prices (Dollars per Gallon),2.97,$/GAL
2025-05-19,SFL,FLORIDA,EPMR,Regular Gasoline,PTE,Retail Sales,EMM_EPMR_PTE_SFL_DPG,Florida Regular All Formulations Retail Gasoline Prices (Dollars per Gallon),2.963,$/GAL
2025-05-19,SCO,COLORADO,EPMR,Regular Gasoline,PTE,Retail Sales,EMM_EPMR_PTE_SCO_DPG,Colorado Regular All Formulations Retail Gasoline Prices (Dollars per Gallon),3.042,$/GAL
2025-05-19,SCA,CALIFORNIA,EPMR,Regular Gasoline,PTE,Retail Sales,EMM_EPMR_PTE_SCA_DPG,California Regular All Formulations Retail Gasoline Prices (Dollars per Gallon),4.691,$/GAL
2025-05-19,R5XCA,PADD 5 EXCEPT CALIFORNIA,EPMR,Regular Gasoline,PTE,Retail Sales,EMM_EPMR_PTE_R5XCA_DPG,West Coast (PADD 5) Except California Regular All Formulations Retail Gasoline Prices (Dollars per Gallon),3.846,$/GAL
2025-05-19,R50,PADD 5,EPMR,Regular Gasoline,PTE,Retail Sales,EMM_EPMR_PTE_R50_DPG,West Coast Regular All Formulations Retail Gasoline Prices (Dollars per Gallon),4.287,$/GAL
2025-05-19,R40,PADD 4,EPMR,Regular Gasoline,PTE,Retail Sales,EMM_EPMR_PTE_R40_DPG,Rocky Mountain Regular All Formulations Retail Gasoline Prices (Dollars per Gallon),3.131,$/GAL
2025-05-19,R30,PADD 3,EPMR,Regular Gasoline,PTE,Retail Sales,EMM_EPMR_PTE_R30_DPG,Gulf Coast Regular All Formulations Retail Gasoline Prices (Dollars per Gallon),2.786,$/GAL
2025-05-19,R20,PADD 2,EPMR,Regular Gasoline,PTE,Retail Sales,EMM_EPMR_PTE_R20_DPG,Midwest Regular All Formulations Retail Gasoline Prices (Dollars per Gallon),3.027,$/GAL
2025-05-19,R1Z,PADD 1C,EPMR,Regular Gasoline,PTE,Retail Sales,EMM_EPMR_PTE_R1Z_DPG,Lower Atlantic (PADD 1C) Regular All Formulations Retail Gasoline Prices (Dollars per Gallon),2.913,$/GAL
2025-05-19,R1Y,PADD 1B,EPMR,Regular Gasoline,PTE,Retail Sales,EMM_EPMR_PTE_R1Y_DPG,Central Atlantic (PADD 1B) Regular All Formulations Retail Gasoline Prices (Dollars per Gallon),3.111,$/GAL
2025-05-19,R1X,PADD 1A,EPMR,Regular Gasoline,PTE,Retail Sales,EMM_EPMR_PTE_R1X_DPG,New England (PADD 1A) Regular All Formulations Retail Gasoline Prices (Dollars per Gallon),2.995,$/GAL
2025-05-19,R10,PADD 1,EPMR,Regular Gasoline,PTE,Retail Sales,EMM_EPMR_PTE_R10_DPG,East Coast Regular All Formulations Retail Gasoline Prices (Dollars per Gallon),2.99,$/GAL
2025-05-12,NUS,U.S.,EPMR,Regular Gasoline,PTE,Retail Sales,EMM_EPMR_PTE_NUS_DPG,U.S. Regular All Formulations Retail Gasoline Prices (Dollars per Gallon),3.12,$/GAL
2025-05-12,YORD,CHICAGO,EPMR,Regular Gasoline,PTE,Retail Sales,EMM_EPMR_PTE_YORD_DPG,Chicago Regular All Formulations Retail Gasoline Prices (Dollars per Gallon),3.446,$/GAL
2025-05-12,YMIA,MIAMI,EPMR,Regular Gasoline,PTE,Retail Sales,EMM_EPMR_PTE_YMIA_DPG,"Miami, FL Regular All Formulations Retail Gasoline Prices (Dollars per Gallon)",2.858,$/GAL
2025-05-12,YDEN,DENVER,EPMR,Regular Gasoline,PTE,Retail Sales,EMM_EPMR_PTE_YDEN_DPG,Denver Regular All Formulations Retail Gasoline Prices (Dollars per Gallon),3.041,$/GAL
2025-05-12,YCLE,CLEVELAND,EPMR,Regular Gasoline,PTE,Retail Sales,EMM_EPMR_PTE_YCLE_DPG,"Cleveland, OH Regular All Formulations Retail Gasoline Prices (Dollars per Gallon)",3.066,$/GAL
2025-05-12,YBOS,BOSTON,EPMR,Regular Gasoline,PTE,Retail Sales,EMM_EPMR_PTE_YBOS_DPG,"Boston, MA Regular All Formulations Retail Gasoline Prices (Dollars per Gallon)",2.923,$/GAL
2025-05-12,Y48SE,SEATTLE,EPMR,Regular Gasoline,PTE,Retail Sales,EMM_EPMR_PTE_Y48SE_DPG,"Seattle, WA Regular All Formulations Retail Gasoline Prices (Dollars per Gallon)",4.333,$/GAL
2025-05-12,Y44HO,HOUSTON,EPMR,Regular Gasoline,PTE,Retail Sales,EMM_EPMR_PTE_Y44HO_DPG,Houston Regular All Formulations Retail Gasoline Prices (Dollars per Gallon),2.653,$/GAL
2025-05-12,Y35NY,NEW YORK CITY,EPMR,Regular Gasoline,PTE,Retail Sales,EMM_EPMR_PTE_Y35NY_DPG,New York City Regular All Formulations Retail Gasoline Prices (Dollars per Gallon),2.953,$/GAL
2025-05-12,Y05SF,SAN FRANCISCO,EPMR,Regular Gasoline,PTE,Retail Sales,EMM_EPMR_PTE_Y05SF_DPG,San Francisco Regular All Formulations Retail Gasoline Prices (Dollars per Gallon),4.927,$/GAL
2025-05-12,Y05LA,LOS ANGELES,EPMR,Regular Gasoline,PTE,Retail Sales,EMM_EPMR_PTE_Y05LA_DPG,Los Angeles Regular All Formulations Retail Gasoline Prices (Dollars per Gallon),4.52,$/GAL
2025-05-12,SWA,WASHINGTON,EPMR,Regular Gasoline,PTE,Retail Sales,EMM_EPMR_PTE_SWA_DPG,Washington Regular All Formulations Retail Gasoline Prices (Dollars per Gallon),4.118,$/GAL
2025-05-12,STX,TEXAS,EPMR,Regular Gasoline,PTE,Retail Sales,EMM_EPMR_PTE_STX_DPG,Texas Regular All Formulations Retail Gasoline Prices (Dollars per Gallon),2.703,$/GAL
2025-05-12,SOH,OHIO,EPMR,Regular Gasoline,PTE,Retail Sales,EMM_EPMR_PTE_SOH_DPG,Ohio Regular All Formulations Retail Gasoline Prices (Dollars per Gallon),2.942,$/GAL
2025-05-12,SNY,NEW YORK,EPMR,Regular Gasoline,PTE,Retail Sales,EMM_EPMR_PTE_SNY_DPG,New York Regular All Formulations Retail Gasoline Prices (Dollars per Gallon),3.023,$/GAL
2025-05-12,SMN,MINNESOTA,EPMR,Regular Gasoline,PTE,Retail Sales,EMM_EPMR_PTE_SMN_DPG,Minnesota Regular All Formulations Retail Gasoline Prices (Dollars per Gallon),2.959,$/GAL
2025-05-12,SMA,MASSACHUSETTS,EPMR,Regular Gasoline,PTE,Retail Sales,EMM_EPMR_PTE_SMA_DPG,Massachusetts Regular All Formulations Retail Gasoline Prices (Dollars per Gallon),2.915,$/GAL
2025-05-12,SFL,FLORIDA,EPMR,Regular Gasoline,PTE,Retail Sales,EMM_EPMR_PTE_SFL_DPG,Florida Regular All Formulations Retail Gasoline Prices (Dollars per Gallon),2.852,$/GAL
2025-05-12,SCO,COLORADO,EPMR,Regular Gasoline,PTE,Retail Sales,EMM_EPMR_PTE_SCO_DPG,Colorado Regular All Formulations Retail Gasoline Prices (Dollars per Gallon),3.042,$/GAL
2025-05-12,SCA,CALIFORNIA,EPMR,Regular Gasoline,PTE,Retail Sales,EMM_EPMR_PTE_SCA_DPG,California Regular All Formulations Retail Gasoline Prices (Dollars per Gallon),4.648,$/GAL
2025-05-12,R5XCA,PADD 5 EXCEPT CALIFORNIA,EPMR,Regular Gasoline,PTE,Retail Sales,EMM_EPMR_PTE_R5XCA_DPG,West Coast (PADD 5) Except California Regular All Formulations Retail Gasoline Prices (Dollars per Gallon),3.76,$/GAL
2025-05-12,R50,PADD 5,EPMR,Regular Gasoline,PTE,Retail Sales,EMM_EPMR_PTE_R50_DPG,West Coast Regular All Formulations Retail Gasoline Prices (Dollars per Gallon),4.224,$/GAL
2025-05-12,R40,PADD 4,EPMR,Regular Gasoline,PTE,Retail Sales,EMM_EPMR_PTE_R40_DPG,Rocky Mountain Regular All Formulations Retail Gasoline Prices (Dollars per Gallon),3.137,$/GAL
2025-05-12,R30,PADD 3,EPMR,Regular Gasoline,PTE,Retail Sales,EMM_EPMR_PTE_R30_DPG,Gulf Coast Regular All Formulations Retail Gasoline Prices (Dollars per Gallon),2.692,$/GAL
2025-05-12,R20,PADD 2,EPMR,Regular Gasoline,PTE,Retail Sales,EMM_EPMR_PTE_R20_DPG,Midwest Regular All Formulations Retail Gasoline Prices (Dollars per Gallon),2.978,$/GAL
2025-05-12,R1Z,PADD 1C,EPMR,Regular Gasoline,PTE,Retail Sales,EMM_EPMR_PTE_R1Z_DPG,Lower Atlantic (PADD 1C) Regular All Formulations Retail Gasoline Prices (Dollars per Gallon),2.856,$/GAL
2025-05-12,R1Y,PADD 1B,EPMR,Regular Gasoline,PTE,Retail Sales,EMM_EPMR_PTE_R1Y_DPG,Central Atlantic (PADD 1B) Regular All Formulations Retail Gasoline Prices (Dollars per Gallon),3.09,$/GAL
2025-05-12,R1X,PADD 1A,EPMR,Regular Gasoline,PTE,Retail Sales,EMM_EPMR_PTE_R1X_DPG,New England (PADD 1A) Regular All Formulations Retail Gasoline Prices (Dollars per Gallon),2.953,$/GAL
2025-05-12,R10,PADD 1,EPMR,Regular Gasoline,PTE,Retail Sales,EMM_EPMR_PTE_R10_DPG,East Coast Regular All Formulations Retail Gasoline Prices (Dollars per Gallon),2.947,$/GAL
2025-05-05,NUS,U.S.,EPMR,Regular Gasoline,PTE,Retail Sales,EMM_EPMR_PTE_NUS_DPG,U.S. Regular All Formulations Retail Gasoline Prices (Dollars per Gallon),3.147,$/GAL
2025-05-05,YORD,CHICAGO,EPMR,Regular Gasoline,PTE,Retail Sales,EMM_EPMR_PTE_YORD_DPG,Chicago Regular All Formulations Retail Gasoline Prices (Dollars per Gallon),3.367,$/GAL
2025-05-05,YMIA,MIAMI,EPMR,Regular Gasoline,PTE,Retail Sales,EMM_EPMR_PTE_YMIA_DPG,"Miami, FL Regular All Formulations Retail Gasoline Prices (Dollars per Gallon)",2.984,$/GAL
2025-05-05,YDEN,DENVER,EPMR,Regular Gasoline,PTE,Retail Sales,EMM_EPMR_PTE_YDEN_DPG,Denver Regular All Formulations Retail Gasoline Prices (Dollars per Gallon),2.955,$/GAL
2025-05-05,YCLE,CLEVELAND,EPMR,Regular Gasoline,PTE,Retail Sales,EMM_EPMR_PTE_YCLE_DPG,"Cleveland, OH Regular All Formulations Retail Gasoline Prices (Dollars per Gallon)",3.181,$/GAL
2025-05-05,YBOS,BOSTON,EPMR,Regular Gasoline,PTE,Retail Sales,EMM_EPMR_PTE_YBOS_DPG,"Boston, MA Regular All Formulations Retail Gasoline Prices (Dollars per Gallon)",2.927,$/GAL
2025-05-05,Y48SE,SEATTLE,EPMR,Regular Gasoline,PTE,Retail Sales,EMM_EPMR_PTE_Y48SE_DPG,"Seattle, WA Regular All Formulations Retail Gasoline Prices (Dollars per Gallon)",4.329,$/GAL
2025-05-05,Y44HO,HOUSTON,EPMR,Regular Gasoline,PTE,Retail Sales,EMM_EPMR_PTE_Y44HO_DPG,Houston Regular All Formulations Retail Gasoline Prices (Dollars per Gallon),2.677,$/GAL
2025-05-05,Y35NY,NEW YORK CITY,EPMR,Regular Gasoline,PTE,Retail Sales,EMM_EPMR_PTE_Y35NY_DPG,New York City Regular All Formulations Retail Gasoline Prices (Dollars per Gallon),2.968,$/GAL
2025-05-05,Y05SF,SAN FRANCISCO,EPMR,Regular Gasoline,PTE,Retail Sales,EMM_EPMR_PTE_Y05SF_DPG,San Francisco Regular All Formulations Retail Gasoline Prices (Dollars per Gallon),4.752,$/GAL
2025-05-05,Y05LA,LOS ANGELES,EPMR,Regular Gasoline,PTE,Retail Sales,EMM_EPMR_PTE_Y05LA_DPG,Los Angeles Regular All Formulations Retail Gasoline Prices (Dollars per Gallon),4.469,$/GAL
2025-05-05,SWA,WASHINGTON,EPMR,Regular Gasoline,PTE,Retail Sales,EMM_EPMR_PTE_SWA_DPG,Washington Regular All Formulations Retail Gasoline Prices (Dollars per Gallon),4.092,$/GAL
2025-05-05,STX,TEXAS,EPMR,Regular Gasoline,PTE,Retail Sales,EMM_EPMR_PTE_STX_DPG,Texas Regular All Formulations Retail Gasoline Prices (Dollars per Gallon),2.725,$/GAL
2025-05-05,SOH,OHIO,EPMR,Regular Gasoline,PTE,Retail Sales,EMM_EPMR_PTE_SOH_DPG,Ohio Regular All Formulations Retail Gasoline Prices (Dollars per Gallon),3.113,$/GAL
2025-05-05,SNY,NEW YORK,EPMR,Regular Gasoline,PTE,Retail Sales,EMM_EPMR_PTE_SNY_DPG,New York Regular All Formulations Retail Gasoline Prices (Dollars per Gallon),3.032,$/GAL
2025-05-05,SMN,MINNESOTA,EPMR,Regular Gasoline,PTE,Retail Sales,EMM_EPMR_PTE_SMN_DPG,Minnesota Regular All Formulations Retail Gasoline Prices (Dollars per Gallon),2.995,$/GAL
2025-05-05,SMA,MASSACHUSETTS,EPMR,Regular Gasoline,PTE,Retail Sales,EMM_EPMR_PTE_SMA_DPG,Massachusetts Regular All Formulations Retail Gasoline Prices (Dollars per Gallon),2.924,$/GAL
2025-05-05,SFL,FLORIDA,EPMR,Regular Gasoline,PTE,Retail Sales,EMM_EPMR_PTE_SFL_DPG,Florida Regular All Formulations Retail Gasoline Prices (Dollars per Gallon),2.988,$/GAL
2025-05-05,SCO,COLORADO,EPMR,Regular Gasoline,PTE,Retail Sales,EMM_EPMR_PTE_SCO_DPG,Colorado Regular All Formulations Retail Gasoline Prices (Dollars per Gallon),2.987,$/GAL
2025-05-05,SCA,CALIFORNIA,EPMR,Regular Gasoline,PTE,Retail Sales,EMM_EPMR_PTE_SCA_DPG,California Regular All Formulations Retail Gasoline Prices (Dollars per Gallon),4.552,$/GAL
2025-05-05,R5XCA,PADD 5 EXCEPT CALIFORNIA,EPMR,Regular Gasoline,PTE,Retail Sales,EMM_EPMR_PTE_R5XCA_DPG,West Coast (PADD 5) Except California Regular All Formulations Retail Gasoline Prices (Dollars per Gallon),3.721,$/GAL
2025-05-05,R50,PADD 5,EPMR,Regular Gasoline,PTE,Retail Sales,EMM_EPMR_PTE_R50_DPG,West Coast Regular All Formulations Retail Gasoline Prices (Dollars per Gallon),4.156,$/GAL
2025-05-05,R40,PADD 4,EPMR,Regular Gasoline,PTE,Retail Sales,EMM_EPMR_PTE_R40_DPG,Rocky Mountain Regular All Formulations Retail Gasoline Prices (Dollars per Gallon),3.118,$/GAL
2025-05-05,R30,PADD 3,EPMR,Regular Gasoline,PTE,Retail Sales,EMM_EPMR_PTE_R30_DPG,Gulf Coast Regular All Formulations Retail Gasoline Prices (Dollars per Gallon),2.722,$/GAL
2025-05-05,R20,PADD 2,EPMR,Regular Gasoline,PTE,Retail Sales,EMM_EPMR_PTE_R20_DPG,Midwest Regular All Formulations Retail Gasoline Prices (Dollars per Gallon),3.027,$/GAL
2025-05-05,R1Z,PADD 1C,EPMR,Regular Gasoline,PTE,Retail Sales,EMM_EPMR_PTE_R1Z_DPG,Lower Atlantic (PADD 1C) Regular All Formulations Retail Gasoline Prices (Dollars per Gallon),2.935,$/GAL
2025-05-05,R1Y,PADD 1B,EPMR,Regular Gasoline,PTE,Retail Sales,EMM_EPMR_PTE_R1Y_DPG,Central Atlantic (PADD 1B) Regular All Formulations Retail Gasoline Prices (Dollars per Gallon),3.113,$/GAL
2025-05-05,R1X,PADD 1A,EPMR,Regular Gasoline,PTE,Retail Sales,EMM_EPMR_PTE_R1X_DPG,New England (PADD 1A) Regular All Formulations Retail Gasoline Prices (Dollars per Gallon),2.959,$/GAL
2025-05-05,R10,PADD 1,EPMR,Regular Gasoline,PTE,Retail Sales,EMM_EPMR_PTE_R10_DPG,East Coast Regular All Formulations Retail Gasoline Prices (Dollars per Gallon),2.998,$/GAL
2025-04-28,NUS,U.S.,EPMR,Regular Gasoline,PTE,Retail Sales,EMM_EPMR_PTE_NUS_DPG,U.S. Regular All Formulations Retail Gasoline Prices (Dollars per Gallon),3.133,$/GAL
2025-04-28,YORD,CHICAGO,EPMR,Regular Gasoline,PTE,Retail Sales,EMM_EPMR_PTE_YORD_DPG,Chicago Regular All Formulations Retail Gasoline Prices (Dollars per Gallon),3.406,$/GAL
2025-04-28,YMIA,MIAMI,EPMR,Regular Gasoline,PTE,Retail Sales,EMM_EPMR_PTE_YMIA_DPG,"Miami, FL Regular All Formulations Retail Gasoline Prices (Dollars per Gallon)",2.947,$/GAL
2025-04-28,YDEN,DENVER,EPMR,Regular Gasoline,PTE,Retail Sales,EMM_EPMR_PTE_YDEN_DPG,Denver Regular All Formulations Retail Gasoline Prices (Dollars per Gallon),3.022,$/GAL
2025-04-28,YCLE,CLEVELAND,EPMR,Regular Gasoline,PTE,Retail Sales,EMM_EPMR_PTE_YCLE_DPG,"Cleveland, OH Regular All Formulations Retail Gasoline Prices (Dollars per Gallon)",3.102,$/GAL
2025-04-28,YBOS,BOSTON,EPMR,Regular Gasoline,PTE,Retail Sales,EMM_EPMR_PTE_YBOS_DPG,"Boston, MA Regular All Formulations Retail Gasoline Prices (Dollars per Gallon)",2.919,$/GAL
2025-04-28,Y48SE,SEATTLE,EPMR,Regular Gasoline,PTE,Retail Sales,EMM_EPMR_PTE_Y48SE_DPG,"Seattle, WA Regular All Formulations Retail Gasoline Prices (Dollars per Gallon)",4.334,$/GAL
2025-04-28,Y44HO,HOUSTON,EPMR,Regular Gasoline,PTE,Retail Sales,EMM_EPMR_PTE_Y44HO_DPG,Houston Regular All Formulations Retail Gasoline Prices (Dollars per Gallon),2.655,$/GAL
2025-04-28,Y35NY,NEW YORK CITY,EPMR,Regular Gasoline,PTE,Retail Sales,EMM_EPMR_PTE_Y35NY_DPG,New York City Regular All Formulations Retail Gasoline Prices (Dollars per Gallon),2.947,$/GAL
2025-04-28,Y05SF,SAN FRANCISCO,EPMR,Regular Gasoline,PTE,Retail Sales,EMM_EPMR_PTE_Y05SF_DPG,San Francisco Regular All Formulations Retail Gasoline Prices (Dollars per Gallon),4.739,$/GAL
2025-04-28,Y05LA,LOS ANGELES,EPMR,Regular Gasoline,PTE,Retail Sales,EMM_EPMR_PTE_Y05LA_DPG,Los Angeles Regular All Formulations Retail Gasoline Prices (Dollars per Gallon),4.537,$/GAL
2025-04-28,SWA,WASHINGTON,EPMR,Regular Gasoline,PTE,Retail Sales,EMM_EPMR_PTE_SWA_DPG,Washington Regular All Formulations Retail Gasoline Prices (Dollars per Gallon),4.098,$/GAL
2025-04-28,STX,TEXAS,EPMR,Regular Gasoline,PTE,Retail Sales,EMM_EPMR_PTE_STX_DPG,Texas Regular All Formulations Retail Gasoline Prices (Dollars per Gallon),2.665,$/GAL
2025-04-28,SOH,OHIO,EPMR,Regular Gasoline,PTE,Retail Sales,EMM_EPMR_PTE_SOH_DPG,Ohio Regular All Formulations Retail Gasoline Prices (Dollars per Gallon),2.976,$/GAL
2025-04-28,SNY,NEW YORK,EPMR,Regular Gasoline,PTE,Retail Sales,EMM_EPMR_PTE_SNY_DPG,New York Regular All Formulations Retail Gasoline Prices (Dollars per Gallon),3.025,$/GAL
2025-04-28,SMN,MINNESOTA,EPMR,Regular Gasoline,PTE,Retail Sales,EMM_EPMR_PTE_SMN_DPG,Minnesota Regular All Formulations Retail Gasoline Prices (Dollars per Gallon),3.018,$/GAL
2025-04-28,SMA,MASSACHUSETTS,EPMR,Regular Gasoline,PTE,Retail Sales,EMM_EPMR_PTE_SMA_DPG,Massachusetts Regular All Formulations Retail Gasoline Prices (Dollars per Gallon),2.917,$/GAL
2025-04-28,SFL,FLORIDA,EPMR,Regular Gasoline,PTE,Retail Sales,EMM_EPMR_PTE_SFL_DPG,Florida Regular All Formulations Retail Gasoline Prices (Dollars per Gallon),2.959,$/GAL
2025-04-28,SCO,COLORADO,EPMR,Regular Gasoline,PTE,Retail Sales,EMM_EPMR_PTE_SCO_DPG,Colorado Regular All Formulations Retail Gasoline Prices (Dollars per Gallon),3.046,$/GAL
2025-04-28,SCA,CALIFORNIA,EPMR,Regular Gasoline,PTE,Retail Sales,EMM_EPMR_PTE_SCA_DPG,California Regular All Formulations Retail Gasoline Prices (Dollars per Gallon),4.588,$/GAL
2025-04-28,R5XCA,PADD 5 EXCEPT CALIFORNIA,EPMR,Regular Gasoline,PTE,Retail Sales,EMM_EPMR_PTE_R5XCA_DPG,West Coast (PADD 5) Except California Regular All Formulations Retail Gasoline Prices (Dollars per Gallon),3.757,$/GAL
2025-04-28,R50,PADD 5,EPMR,Regular Gasoline,PTE,Retail Sales,EMM_EPMR_PTE_R50_DPG,West Coast Regular All Formulations Retail Gasoline Prices (Dollars per Gallon),4.192,$/GAL
2025-04-28,R40,PADD 4,EPMR,Regular Gasoline,PTE,Retail Sales,EMM_EPMR_PTE_R40_DPG,Rocky Mountain Regular All Formulations Retail Gasoline Prices (Dollars per Gallon),3.134,$/GAL
2025-04-28,R30,PADD 3,EPMR,Regular Gasoline,PTE,Retail Sales,EMM_EPMR_PTE_R30_DPG,Gulf Coast Regular All Formulations Retail Gasoline Prices (Dollars per Gallon),2.686,$/GAL
2025-04-28,R20,PADD 2,EPMR,Regular Gasoline,PTE,Retail Sales,EMM_EPMR_PTE_R20_DPG,Midwest Regular All Formulations Retail Gasoline Prices (Dollars per Gallon),2.992,$/GAL
2025-04-28,R1Z,PADD 1C,EPMR,Regular Gasoline,PTE,Retail Sales,EMM_EPMR_PTE_R1Z_DPG,Lower Atlantic (PADD 1C) Regular All Formulations Retail Gasoline Prices (Dollars per Gallon),2.918,$/GAL
2025-04-28,R1Y,PADD 1B,EPMR,Regular Gasoline,PTE,Retail Sales,EMM_EPMR_PTE_R1Y_DPG,Central Atlantic (PADD 1B) Regular All Formulations Retail Gasoline Prices (Dollars per Gallon),3.112,$/GAL
2025-04-28,R1X,PADD 1A,EPMR,Regular Gasoline,PTE,Retail Sales,EMM_EPMR_PTE_R1X_DPG,New England (PADD 1A) Regular All Formulations Retail Gasoline Prices (Dollars per Gallon),2.948,$/GAL
2025-04-28,R10,PADD 1,EPMR,Regular Gasoline,PTE,Retail Sales,EMM_EPMR_PTE_R10_DPG,East Coast Regular All Formulations Retail Gasoline Prices (Dollars per Gallon),2.987,$/GAL
2025-04-21,NUS,U.S.,EPMR,Regular Gasoline,PTE,Retail Sales,EMM_EPMR_PTE_NUS_DPG,U.S. Regular All Formulations Retail Gasoline Prices (Dollars per Gallon),3.141,$/GAL
2025-04-21,YORD,CHICAGO,EPMR,Regular Gasoline,PTE,Retail Sales,EMM_EPMR_PTE_YORD_DPG,Chicago Regular All Formulations Retail Gasoline Prices (Dollars per Gallon),3.4,$/GAL
2025-04-21,YMIA,MIAMI,EPMR,Regular Gasoline,PTE,Retail Sales,EMM_EPMR_PTE_YMIA_DPG,"Miami, FL Regular All Formulations Retail Gasoline Prices (Dollars per Gallon)",2.953,$/GAL
2025-04-21,YDEN,DENVER,EPMR,Regular Gasoline,PTE,Retail Sales,EMM_EPMR_PTE_YDEN_DPG,Denver Regular All Formulations Retail Gasoline Prices (Dollars per Gallon),3.019,$/GAL
2025-04-21,YCLE,CLEVELAND,EPMR,Regular Gasoline,PTE,Retail Sales,EMM_EPMR_PTE_YCLE_DPG,"Cleveland, OH Regular All Formulations Retail Gasoline Prices (Dollars per Gallon)",3.166,$/GAL
2025-04-21,YBOS,BOSTON,EPMR,Regular Gasoline,PTE,Retail Sales,EMM_EPMR_PTE_YBOS_DPG,"Boston, MA Regular All Formulations Retail Gasoline Prices (Dollars per Gallon)",2.902,$/GAL
2025-04-21,Y48SE,SEATTLE,EPMR,Regular Gasoline,PTE,Retail Sales,EMM_EPMR_PTE_Y48SE_DPG,"Seattle, WA Regular All Formulations Retail Gasoline Prices (Dollars per Gallon)",4.359,$/GAL
2025-04-21,Y44HO,HOUSTON,EPMR,Regular Gasoline,PTE,Retail Sales,EMM_EPMR_PTE_Y44HO_DPG,Houston Regular All Formulations Retail Gasoline Prices (Dollars per Gallon),2.655,$/GAL
2025-04-21,Y35NY,NEW YORK CITY,EPMR,Regular Gasoline,PTE,Retail Sales,EMM_EPMR_PTE_Y35NY_DPG,New York City Regular All Formulations Retail Gasoline Prices (Dollars per Gallon),2.949,$/GAL
2025-04-21,Y05SF,SAN FRANCISCO,EPMR,Regular Gasoline,PTE,Retail Sales,EMM_EPMR_PTE_Y05SF_DPG,San Francisco Regular All Formulations Retail Gasoline Prices (Dollars per Gallon),4.763,$/GAL
2025-04-21,Y05LA,LOS ANGELES,EPMR,Regular Gasoline,PTE,Retail Sales,EMM_EPMR_PTE_Y05LA_DPG,Los Angeles Regular All Formulations Retail Gasoline Prices (Dollars per Gallon),4.557,$/GAL
2025-04-21,SWA,WASHINGTON,EPMR,Regular Gasoline,PTE,Retail Sales,EMM_EPMR_PTE_SWA_DPG,Washington Regular All Formulations Retail Gasoline Prices (Dollars per Gallon),4.141,$/GAL
2025-04-21,STX,TEXAS,EPMR,Regular Gasoline,PTE,Retail Sales,EMM_EPMR_PTE_STX_DPG,Texas Regular All Formulations Retail Gasoline Prices (Dollars per Gallon),2.664,$/GAL
2025-04-21,SOH,OHIO,EPMR,Regular Gasoline,PTE,Retail Sales,EMM_EPMR_PTE_SOH_DPG,Ohio Regular All Formulations Retail Gasoline Prices (Dollars per Gallon),3.122,$/GAL
2025-04-21,SNY,NEW YORK,EPMR,Regular Gasoline,PTE,Retail Sales,EMM_EPMR_PTE_SNY_DPG,New York Regular All Formulations Retail Gasoline Prices (Dollars per Gallon),3.022,$/GAL
2025-04-21,SMN,MINNESOTA,EPMR,Regular Gasoline,PTE,Retail Sales,EMM_EPMR_PTE_SMN_DPG,Minnesota Regular All Formulations Retail Gasoline Prices (Dollars per Gallon),3.045,$/GAL
2025-04-21,SMA,MASSACHUSETTS,EPMR,Regular Gasoline,PTE,Retail Sales,EMM_EPMR_PTE_SMA_DPG,Massachusetts Regular All Formulations Retail Gasoline Prices (Dollars per Gallon),2.902,$/GAL
2025-04-21,SFL,FLORIDA,EPMR,Regular Gasoline,PTE,Retail Sales,EMM_EPMR_PTE_SFL_DPG,Florida Regular All Formulations Retail Gasoline Prices (Dollars per Gallon),2.927,$/GAL
2025-04-21,SCO,COLORADO,EPMR,Regular Gasoline,PTE,Retail Sales,EMM_EPMR_PTE_SCO_DPG,Colorado Regular All Formulations Retail Gasoline Prices (Dollars per Gallon),3.011,$/GAL
2025-04-21,SCA,CALIFORNIA,EPMR,Regular Gasoline,PTE,Retail Sales,EMM_EPMR_PTE_SCA_DPG,California Regular All Formulations Retail Gasoline Prices (Dollars per Gallon),4.614,$/GAL
2025-04-21,R5XCA,PADD 5 EXCEPT CALIFORNIA,EPMR,Regular Gasoline,PTE,Retail Sales,EMM_EPMR_PTE_R5XCA_DPG,West Coast (PADD 5) Except California Regular All Formulations Retail Gasoline Prices (Dollars per Gallon),3.787,$/GAL
2025-04-21,R50,PADD 5,EPMR,Regular Gasoline,PTE,Retail Sales,EMM_EPMR_PTE_R50_DPG,West Coast Regular All Formulations Retail Gasoline Prices (Dollars per Gallon),4.22,$/GAL
2025-04-21,R40,PADD 4,EPMR,Regular Gasoline,PTE,Retail Sales,EMM_EPMR_PTE_R40_DPG,Rocky Mountain Regular All Formulations Retail Gasoline Prices (Dollars per Gallon),3.13,$/GAL
2025-04-21,R30,PADD 3,EPMR,Regular Gasoline,PTE,Retail Sales,EMM_EPMR_PTE_R30_DPG,Gulf Coast Regular All Formulations Retail Gasoline Prices (Dollars per Gallon),2.684,$/GAL
2025-04-21,R20,PADD 2,EPMR,Regular Gasoline,PTE,Retail Sales,EMM_EPMR_PTE_R20_DPG,Midwest Regular All Formulations Retail Gasoline Prices (Dollars per Gallon),3.012,$/GAL
2025-04-21,R1Z,PADD 1C,EPMR,Regular Gasoline,PTE,Retail Sales,EMM_EPMR_PTE_R1Z_DPG,Lower Atlantic (PADD 1C) Regular All Formulations Retail Gasoline Prices (Dollars per Gallon),2.909,$/GAL
2025-04-21,R1Y,PADD 1B,EPMR,Regular Gasoline,PTE,Retail Sales,EMM_EPMR_PTE_R1Y_DPG,Central Atlantic (PADD 1B) Regular All Formulations Retail Gasoline Prices (Dollars per Gallon),3.124,$/GAL
2025-04-21,R1X,PADD 1A,EPMR,Regular Gasoline,PTE,Retail Sales,EMM_EPMR_PTE_R1X_DPG,New England (PADD 1A) Regular All Formulations Retail Gasoline Prices (Dollars per Gallon),2.924,$/GAL
2025-04-21,R10,PADD 1,EPMR,Regular Gasoline,PTE,Retail Sales,EMM_EPMR_PTE_R10_DPG,East Coast Regular All Formulations Retail Gasoline Prices (Dollars per Gallon),2.983,$/GAL
2025-04-14,NUS,U.S.,EPMR,Regular Gasoline,PTE,Retail Sales,EMM_EPMR_PTE_NUS_DPG,U.S. Regular All Formulations Retail Gasoline Prices (Dollars per Gallon),3.168,$/GAL
2025-04-14,YORD,CHICAGO,EPMR,Regular Gasoline,PTE,Retail Sales,EMM_EPMR_PTE_YORD_DPG,Chicago Regular All Formulations Retail Gasoline Prices (Dollars per Gallon),3.426,$/GAL
2025-04-14,YMIA,MIAMI,EPMR,Regular Gasoline,PTE,Retail Sales,EMM_EPMR_PTE_YMIA_DPG,"Miami, FL Regular All Formulations Retail Gasoline Prices (Dollars per Gallon)",3.003,$/GAL
2025-04-14,YDEN,DENVER,EPMR,Regular Gasoline,PTE,Retail Sales,EMM_EPMR_PTE_YDEN_DPG,Denver Regular All Formulations Retail Gasoline Prices (Dollars per Gallon),2.909,$/GAL
2025-04-14,YCLE,CLEVELAND,EPMR,Regular Gasoline,PTE,Retail Sales,EMM_EPMR_PTE_YCLE_DPG,"Cleveland, OH Regular All Formulations Retail Gasoline Prices (Dollars per Gallon)",2.997,$/GAL
2025-04-14,YBOS,BOSTON,EPMR,Regular Gasoline,PTE,Retail Sales,EMM_EPMR_PTE_YBOS_DPG,"Boston, MA Regular All Formulations Retail Gasoline Prices (Dollars per Gallon)",2.865,$/GAL
2025-04-14,Y48SE,SEATTLE,EPMR,Regular Gasoline,PTE,Retail Sales,EMM_EPMR_PTE_Y48SE_DPG,"Seattle, WA Regular All Formulations Retail Gasoline Prices (Dollars per Gallon)",4.42,$/GAL
2025-04-14,Y44HO,HOUSTON,EPMR,Regular Gasoline,PTE,Retail Sales,EMM_EPMR_PTE_Y44HO_DPG,Houston Regular All Formulations Retail Gasoline Prices (Dollars per Gallon),2.674,$/GAL
2025-04-14,Y35NY,NEW YORK CITY,EPMR,Regular Gasoline,PTE,Retail Sales,EMM_EPMR_PTE_Y35NY_DPG,New York City Regular All Formulations Retail Gasoline Prices (Dollars per Gallon),2.941,$/GAL
2025-04-14,Y05SF,SAN FRANCISCO,EPMR,Regular Gasoline,PTE,Retail Sales,EMM_EPMR_PTE_Y05SF_DPG,San Francisco Regular All Formulations Retail Gasoline Prices (Dollars per Gallon),4.817,$/GAL
2025-04-14,Y05LA,LOS ANGELES,EPMR,Regular Gasoline,PTE,Retail Sales,EMM_EPMR_PTE_Y05LA_DPG,Los Angeles Regular All Formulations Retail Gasoline Prices (Dollars per Gallon),4.591,$/GAL
2025-04-14,SWA,WASHINGTON,EPMR,Regular Gasoline,PTE,Retail Sales,EMM_EPMR_PTE_SWA_DPG,Washington Regular All Formulations Retail Gasoline Prices (Dollars per Gallon),4.195,$/GAL
2025-04-14,STX,TEXAS,EPMR,Regular Gasoline,PTE,Retail Sales,EMM_EPMR_PTE_STX_DPG,Texas Regular All Formulations Retail Gasoline Prices (Dollars per Gallon),2.74,$/GAL
2025-04-14,SOH,OHIO,EPMR,Regular Gasoline,PTE,Retail Sales,EMM_EPMR_PTE_SOH_DPG,Ohio Regular All Formulations Retail Gasoline Prices (Dollars per Gallon),2.945,$/GAL
2025-04-14,SNY,NEW YORK,EPMR,Regular Gasoline,PTE,Retail Sales,EMM_EPMR_PTE_SNY_DPG,New York Regular All Formulations Retail Gasoline Prices (Dollars per Gallon),3.016,$/GAL
2025-04-14,SMN,MINNESOTA,EPMR,Regular Gasoline,PTE,Retail Sales,EMM_EPMR_PTE_SMN_DPG,Minnesota Regular All Formulations Retail Gasoline Prices (Dollars per Gallon),3.14,$/GAL
2025-04-14,SMA,MASSACHUSETTS,EPMR,Regular Gasoline,PTE,Retail Sales,EMM_EPMR_PTE_SMA_DPG,Massachusetts Regular All Formulations Retail Gasoline Prices (Dollars per Gallon),2.881,$/GAL
2025-04-14,SFL,FLORIDA,EPMR,Regular Gasoline,PTE,Retail Sales,EMM_EPMR_PTE_SFL_DPG,Florida Regular All Formulations Retail Gasoline Prices (Dollars per Gallon),3.007,$/GAL
2025-04-14,SCO,COLORADO,EPMR,Regular Gasoline,PTE,Retail Sales,EMM_EPMR_PTE_SCO_DPG,Colorado Regular All Formulations Retail Gasoline Prices (Dollars per Gallon),2.917,$/GAL
2025-04-14,SCA,CALIFORNIA,EPMR,Regular Gasoline,PTE,Retail Sales,EMM_EPMR_PTE_SCA_DPG,California Regular All Formulations Retail Gasoline Prices (Dollars per Gallon),4.666,$/GAL
2025-04-14,R5XCA,PADD 5 EXCEPT CALIFORNIA,EPMR,Regular Gasoline,PTE,Retail Sales,EMM_EPMR_PTE_R5XCA_DPG,West Coast (PADD 5) Except California Regular All Formulations Retail Gasoline Prices (Dollars per Gallon),3.83,$/GAL
2025-04-14,R50,PADD 5,EPMR,Regular Gasoline,PTE,Retail Sales,EMM_EPMR_PTE_R50_DPG,West Coast Regular All Formulations Retail Gasoline Prices (Dollars per Gallon),4.267,$/GAL
2025-04-14,R40,PADD 4,EPMR,Regular Gasoline,PTE,Retail Sales,EMM_EPMR_PTE_R40_DPG,Rocky Mountain Regular All Formulations Retail Gasoline Prices (Dollars per Gallon),3.098,$/GAL
2025-04-14,R30,PADD 3,EPMR,Regular Gasoline,PTE,Retail Sales,EMM_EPMR_PTE_R30_DPG,Gulf Coast Regular All Formulations Retail Gasoline Prices (Dollars per Gallon),2.747,$/GAL
2025-04-14,R20,PADD 2,EPMR,Regular Gasoline,PTE,Retail Sales,EMM_EPMR_PTE_R20_DPG,Midwest Regular All Formulations Retail Gasoline Prices (Dollars per Gallon),3.008,$/GAL
2025-04-14,R1Z,PADD 1C,EPMR,Regular Gasoline,PTE,Retail Sales,EMM_EPMR_PTE_R1Z_DPG,Lower Atlantic (PADD 1C) Regular All Formulations Retail Gasoline Prices (Dollars per Gallon),2.963,$/GAL
2025-04-14,R1Y,PADD 1B,EPMR,Regular Gasoline,PTE,Retail Sales,EMM_EPMR_PTE_R1Y_DPG,Central Atlantic (PADD 1B) Regular All Formulations Retail Gasoline Prices (Dollars per Gallon),3.137,$/GAL
2025-04-14,R1X,PADD 1A,EPMR,Regular Gasoline,PTE,Retail Sales,EMM_EPMR_PTE_R1X_DPG,New England (PADD 1A) Regular All Formulations Retail Gasoline Prices (Dollars per Gallon),2.919,$/GAL
2025-04-14,R10,PADD 1,EPMR,Regular Gasoline,PTE,Retail Sales,EMM_EPMR_PTE_R10_DPG,East Coast Regular All Formulations Retail Gasoline Prices (Dollars per Gallon),3.016,$/GAL
2025-04-07,NUS,U.S.,EPMR,Regular Gasoline,PTE,Retail Sales,EMM_EPMR_PTE_NUS_DPG,U.S. Regular All Formulations Retail Gasoline Prices (Dollars per Gallon),3.243,$/GAL
2025-04-07,YORD,CHICAGO,EPMR,Regular Gasoline,PTE,Retail Sales,EMM_EPMR_PTE_YORD_DPG,Chicago Regular All Formulations Retail Gasoline Prices (Dollars per Gallon),3.546,$/GAL
2025-04-07,YMIA,MIAMI,EPMR,Regular Gasoline,PTE,Retail Sales,EMM_EPMR_PTE_YMIA_DPG,"Miami, FL Regular All Formulations Retail Gasoline Prices (Dollars per Gallon)",3.107,$/GAL
2025-04-07,YDEN,DENVER,EPMR,Regular Gasoline,PTE,Retail Sales,EMM_EPMR_PTE_YDEN_DPG,Denver Regular All Formulations Retail Gasoline Prices (Dollars per Gallon),3.058,$/GAL
2025-04-07,YCLE,CLEVELAND,EPMR,Regular Gasoline,PTE,Retail Sales,EMM_EPMR_PTE_YCLE_DPG,"Cleveland, OH Regular All Formulations Retail Gasoline Prices (Dollars per Gallon)",3.106,$/GAL
2025-04-07,YBOS,BOSTON,EPMR,Regular Gasoline,PTE,Retail Sales,EMM_EPMR_PTE_YBOS_DPG,"Boston, MA Regular All Formulations Retail Gasoline Prices (Dollars per Gallon)",2.924,$/GAL
2025-04-07,Y48SE,SEATTLE,EPMR,Regular Gasoline,PTE,Retail Sales,EMM_EPMR_PTE_Y48SE_DPG,"Seattle, WA Regular All Formulations Retail Gasoline Prices (Dollars per Gallon)",4.415,$/GAL
2025-04-07,Y44HO,HOUSTON,EPMR,Regular Gasoline,PTE,Retail Sales,EMM_EPMR_PTE_Y44HO_DPG,Houston Regular All Formulations Retail Gasoline Prices (Dollars per Gallon),2.726,$/GAL
2025-04-07,Y35NY,NEW YORK CITY,EPMR,Regular Gasoline,PTE,Retail Sales,EMM_EPMR_PTE_Y35NY_DPG,New York City Regular All Formulations Retail Gasoline Prices (Dollars per Gallon),3.01,$/GAL
2025-04-07,Y05SF,SAN FRANCISCO,EPMR,Regular Gasoline,PTE,Retail Sales,EMM_EPMR_PTE_Y05SF_DPG,San Francisco Regular All Formulations Retail Gasoline Prices (Dollars per Gallon),4.912,$/GAL
2025-04-07,Y05LA,LOS ANGELES,EPMR,Regular Gasoline,PTE,Retail Sales,EMM_EPMR_PTE_Y05LA_DPG,Los Angeles Regular All Formulations Retail Gasoline Prices (Dollars per Gallon),4.635,$/GAL
2025-04-07,SWA,WASHINGTON,EPMR,Regular Gasoline,PTE,Retail Sales,EMM_EPMR_PTE_SWA_DPG,Washington Regular All Formulations Retail Gasoline Prices (Dollars per Gallon),4.225,$/GAL
2025-04-07,STX,TEXAS,EPMR,Regular Gasoline,PTE,Retail Sales,EMM_EPMR_PTE_STX_DPG,Texas Regular All Formulations Retail Gasoline Prices (Dollars per Gallon),2.842,$/GAL
2025-04-07,SOH,OHIO,EPMR,Regular Gasoline,PTE,Retail Sales,EMM_EPMR_PTE_SOH_DPG,Ohio Regular All Formulations Retail Gasoline Prices (Dollars per Gallon),3.125,$/GAL
2025-04-07,SNY,NEW YORK,EPMR,Regular Gasoline,PTE,Retail Sales,EMM_EPMR_PTE_SNY_DPG,New York Regular All Formulations Retail Gasoline Prices (Dollars per Gallon),3.069,$/GAL
2025-04-07,SMN,MINNESOTA,EPMR,Regular Gasoline,PTE,Retail Sales,EMM_EPMR_PTE_SMN_DPG,Minnesota Regular All Formulations Retail Gasoline Prices (Dollars per Gallon),3.14,$/GAL
2025-04-07,SMA,MASSACHUSETTS,EPMR,Regular Gasoline,PTE,Retail Sales,EMM_EPMR_PTE_SMA_DPG,Massachusetts Regular All Formulations Retail Gasoline Prices (Dollars per Gallon),2.925,$/GAL
2025-04-07,SFL,FLORIDA,EPMR,Regular Gasoline,PTE,Retail Sales,EMM_EPMR_PTE_SFL_DPG,Florida Regular All Formulations Retail Gasoline Prices (Dollars per Gallon),3.107,$/GAL
2025-04-07,SCO,COLORADO,EPMR,Regular Gasoline,PTE,Retail Sales,EMM_EPMR_PTE_SCO_DPG,Colorado Regular All Formulations Retail Gasoline Prices (Dollars per Gallon),3.072,$/GAL
2025-04-07,SCA,CALIFORNIA,EPMR,Regular Gasoline,PTE,Retail Sales,EMM_EPMR_PTE_SCA_DPG,California Regular All Formulations Retail Gasoline Prices (Dollars per Gallon),4.731,$/GAL
2025-04-07,R5XCA,PADD 5 EXCEPT CALIFORNIA,EPMR,Regular Gasoline,PTE,Retail Sales,EMM_EPMR_PTE_R5XCA_DPG,West Coast (PADD 5) Except California Regular All Formulations Retail Gasoline Prices (Dollars per Gallon),3.869,$/GAL
2025-04-07,R50,PADD 5,EPMR,Regular Gasoline,PTE,Retail Sales,EMM_EPMR_PTE_R50_DPG,West Coast Regular All Formulations Retail Gasoline Prices (Dollars per Gallon),4.32,$/GAL
2025-04-07,R40,PADD 4,EPMR,Regular Gasoline,PTE,Retail Sales,EMM_EPMR_PTE_R40_DPG,Rocky Mountain Regular All Formulations Retail Gasoline Prices (Dollars per Gallon),3.165,$/GAL
2025-04-07,R30,PADD 3,EPMR,Regular Gasoline,PTE,Retail Sales,EMM_EPMR_PTE_R30_DPG,Gulf Coast Regular All Formulations Retail Gasoline Prices (Dollars per Gallon),2.841,$/GAL
2025-04-07,R20,PADD 2,EPMR,Regular Gasoline,PTE,Retail Sales,EMM_EPMR_PTE_R20_DPG,Midwest Regular All Formulations Retail Gasoline Prices (Dollars per Gallon),3.103,$/GAL
2025-04-07,R1Z,PADD 1C,EPMR,Regular Gasoline,PTE,Retail Sales,EMM_EPMR_PTE_R1Z_DPG,Lower Atlantic (PADD 1C) Regular All Formulations Retail Gasoline Prices (Dollars per Gallon),3.039,$/GAL
2025-04-07,R1Y,PADD 1B,EPMR,Regular Gasoline,PTE,Retail Sales,EMM_EPMR_PTE_R1Y_DPG,Central Atlantic (PADD 1B) Regular All Formulations Retail Gasoline Prices (Dollars per Gallon),3.184,$/GAL
2025-04-07,R1X,PADD 1A,EPMR,Regular Gasoline,PTE,Retail Sales,EMM_EPMR_PTE_R1X_DPG,New England (PADD 1A) Regular All Formulations Retail Gasoline Prices (Dollars per Gallon),2.967,$/GAL
2025-04-07,R10,PADD 1,EPMR,Regular Gasoline,PTE,Retail Sales,EMM_EPMR_PTE_R10_DPG,East Coast Regular All Formulations Retail Gasoline Prices (Dollars per Gallon),3.079,$/GAL
2025-03-31,NUS,U.S.,EPMR,Regular Gasoline,PTE,Retail Sales,EMM_EPMR_PTE_NUS_DPG,U.S. Regular All Formulations Retail Gasoline Prices (Dollars per Gallon),3.162,$/GAL
2025-03-31,YORD,CHICAGO,EPMR,Regular Gasoline,PTE,Retail Sales,EMM_EPMR_PTE_YORD_DPG,Chicago Regular All Formulations Retail Gasoline Prices (Dollars per Gallon),3.558,$/GAL
2025-03-31,YMIA,MIAMI,EPMR,Regular Gasoline,PTE,Retail Sales,EMM_EPMR_PTE_YMIA_DPG,"Miami, FL Regular All Formulations Retail Gasoline Prices (Dollars per Gallon)",3.036,$/GAL
2025-03-31,YDEN,DENVER,EPMR,Regular Gasoline,PTE,Retail Sales,EMM_EPMR_PTE_YDEN_DPG,Denver Regular All Formulations Retail Gasoline Prices (Dollars per Gallon),2.97,$/GAL
2025-03-31,YCLE,CLEVELAND,EPMR,Regular Gasoline,PTE,Retail Sales,EMM_EPMR_PTE_YCLE_DPG,"Cleveland, OH Regular All Formulations Retail Gasoline Prices (Dollars per Gallon)",3.136,$/GAL
2025-03-31,YBOS,BOSTON,EPMR,Regular Gasoline,PTE,Retail Sales,EMM_EPMR_PTE_YBOS_DPG,"Boston, MA Regular All Formulations Retail Gasoline Prices (Dollars per Gallon)",2.921,$/GAL
2025-03-31,Y48SE,SEATTLE,EPMR,Regular Gasoline,PTE,Retail Sales,EMM_EPMR_PTE_Y48SE_DPG,"Seattle, WA Regular All Formulations Retail Gasoline Prices (Dollars per Gallon)",4.271,$/GAL
2025-03-31,Y44HO,HOUSTON,EPMR,Regular Gasoline,PTE,Retail Sales,EMM_EPMR_PTE_Y44HO_DPG,Houston Regular All Formulations Retail Gasoline Prices (Dollars per Gallon),2.683,$/GAL
2025-03-31,Y35NY,NEW YORK CITY,EPMR,Regular Gasoline,PTE,Retail Sales,EMM_EPMR_PTE_Y35NY_DPG,New York City Regular All Formulations Retail Gasoline Prices (Dollars per Gallon),2.941,$/GAL
2025-03-31,Y05SF,SAN FRANCISCO,EPMR,Regular Gasoline,PTE,Retail Sales,EMM_EPMR_PTE_Y05SF_DPG,San Francisco Regular All Formulations Retail Gasoline Prices (Dollars per Gallon),4.703,$/GAL
2025-03-31,Y05LA,LOS ANGELES,EPMR,Regular Gasoline,PTE,Retail Sales,EMM_EPMR_PTE_Y05LA_DPG,Los Angeles Regular All Formulations Retail Gasoline Prices (Dollars per Gallon),4.524,$/GAL
2025-03-31,SWA,WASHINGTON,EPMR,Regular Gasoline,PTE,Retail Sales,EMM_EPMR_PTE_SWA_DPG,Washington Regular All Formulations Retail Gasoline Prices (Dollars per Gallon),4.037,$/GAL
2025-03-31,STX,TEXAS,EPMR,Regular Gasoline,PTE,Retail Sales,EMM_EPMR_PTE_STX_DPG,Texas Regular All Formulations Retail Gasoline Prices (Dollars per Gallon),2.703,$/GAL
2025-03-31,SOH,OHIO,EPMR,Regular Gasoline,PTE,Retail Sales,EMM_EPMR_PTE_SOH_DPG,Ohio Regular All Formulations Retail Gasoline Prices (Dollars per Gallon),3.087,$/GAL
2025-03-31,SNY,NEW YORK,EPMR,Regular Gasoline,PTE,Retail Sales,EMM_EPMR_PTE_SNY_DPG,New York Regular All Formulations Retail Gasoline Prices (Dollars per Gallon),3.033,$/GAL
2025-03-31,SMN,MINNESOTA,EPMR,Regular Gasoline,PTE,Retail Sales,EMM_EPMR_PTE_SMN_DPG,Minnesota Regular All Formulations Retail Gasoline Prices (Dollars per Gallon),3.077,$/GAL
2025-03-31,SMA,MASSACHUSETTS,EPMR,Regular Gasoline,PTE,Retail Sales,EMM_EPMR_PTE_SMA_DPG,Massachusetts Regular All Formulations Retail Gasoline Prices (Dollars per Gallon),2.913,$/GAL
2025-03-31,SFL,FLORIDA,EPMR,Regular Gasoline,PTE,Retail Sales,EMM_EPMR_PTE_SFL_DPG,Florida Regular All Formulations Retail Gasoline Prices (Dollars per Gallon),3.027,$/GAL
2025-03-31,SCO,COLORADO,EPMR,Regular Gasoline,PTE,Retail Sales,EMM_EPMR_PTE_SCO_DPG,Colorado Regular All Formulations Retail Gasoline Prices (Dollars per Gallon),2.968,$/GAL
2025-03-31,SCA,CALIFORNIA,EPMR,Regular Gasoline,PTE,Retail Sales,EMM_EPMR_PTE_SCA_DPG,California Regular All Formulations Retail Gasoline Prices (Dollars per Gallon),4.585,$/GAL
2025-03-31,R5XCA,PADD 5 EXCEPT CALIFORNIA,EPMR,Regular Gasoline,PTE,Retail Sales,EMM_EPMR_PTE_R5XCA_DPG,West Coast (PADD 5) Except California Regular All Formulations Retail Gasoline Prices (Dollars per Gallon),3.738,$/GAL
2025-03-31,R50,PADD 5,EPMR,Regular Gasoline,PTE,Retail Sales,EMM_EPMR_PTE_R50_DPG,West Coast Regular All Formulations Retail Gasoline Prices (Dollars per Gallon),4.181,$/GAL
2025-03-31,R40,PADD 4,EPMR,Regular Gasoline,PTE,Retail Sales,EMM_EPMR_PTE_R40_DPG,Rocky Mountain Regular All Formulations Retail Gasoline Prices (Dollars per Gallon),3.111,$/GAL
2025-03-31,R30,PADD 3,EPMR,Regular Gasoline,PTE,Retail Sales,EMM_EPMR_PTE_R30_DPG,Gulf Coast Regular All Formulations Retail Gasoline Prices (Dollars per Gallon),2.73,$/GAL
2025-03-31,R20,PADD 2,EPMR,Regular Gasoline,PTE,Retail Sales,EMM_EPMR_PTE_R20_DPG,Midwest Regular All Formulations Retail Gasoline Prices (Dollars per Gallon),3.074,$/GAL
2025-03-31,R1Z,PADD 1C,EPMR,Regular Gasoline,PTE,Retail Sales,EMM_EPMR_PTE_R1Z_DPG,Lower Atlantic (PADD 1C) Regular All Formulations Retail Gasoline Prices (Dollars per Gallon),2.934,$/GAL
2025-03-31,R1Y,PADD 1B,EPMR,Regular Gasoline,PTE,Retail Sales,EMM_EPMR_PTE_R1Y_DPG,Central Atlantic (PADD 1B) Regular All Formulations Retail Gasoline Prices (Dollars per Gallon),3.101,$/GAL
2025-03-31,R1X,PADD 1A,EPMR,Regular Gasoline,PTE,Retail Sales,EMM_EPMR_PTE_R1X_DPG,New England (PADD 1A) Regular All Formulations Retail Gasoline Prices (Dollars per Gallon),2.944,$/GAL
2025-03-31,R10,PADD 1,EPMR,Regular Gasoline,PTE,Retail Sales,EMM_EPMR_PTE_R10_DPG,East Coast Regular All Formulations Retail Gasoline Prices (Dollars per Gallon),2.992,$/GAL
2025-03-24,NUS,U.S.,EPMR,Regular Gasoline,PTE,Retail Sales,EMM_EPMR_PTE_NUS_DPG,U.S. Regular All Formulations Retail Gasoline Prices (Dollars per Gallon),3.115,$/GAL
2025-03-24,YORD,CHICAGO,EPMR,Regular Gasoline,PTE,Retail Sales,EMM_EPMR_PTE_YORD_DPG,Chicago Regular All Formulations Retail Gasoline Prices (Dollars per Gallon),3.523,$/GAL
2025-03-24,YMIA,MIAMI,EPMR,Regular Gasoline,PTE,Retail Sales,EMM_EPMR_PTE_YMIA_DPG,"Miami, FL Regular All Formulations Retail Gasoline Prices (Dollars per Gallon)",3.013,$/GAL
2025-03-24,YDEN,DENVER,EPMR,Regular Gasoline,PTE,Retail Sales,EMM_EPMR_PTE_YDEN_DPG,Denver Regular All Formulations Retail Gasoline Prices (Dollars per Gallon),2.879,$/GAL
2025-03-24,YCLE,CLEVELAND,EPMR,Regular Gasoline,PTE,Retail Sales,EMM_EPMR_PTE_YCLE_DPG,"Cleveland, OH Regular All Formulations Retail Gasoline Prices (Dollars per Gallon)",3.109,$/GAL
2025-03-24,YBOS,BOSTON,EPMR,Regular Gasoline,PTE,Retail Sales,EMM_EPMR_PTE_YBOS_DPG,"Boston, MA Regular All Formulations Retail Gasoline Prices (Dollars per Gallon)",2.914,$/GAL
2025-03-24,Y48SE,SEATTLE,EPMR,Regular Gasoline,PTE,Retail Sales,EMM_EPMR_PTE_Y48SE_DPG,"Seattle, WA Regular All Formulations Retail Gasoline Prices (Dollars per Gallon)",4.162,$/GAL
2025-03-24,Y44HO,HOUSTON,EPMR,Regular Gasoline,PTE,Retail Sales,EMM_EPMR_PTE_Y44HO_DPG,Houston Regular All Formulations Retail Gasoline Prices (Dollars per Gallon),2.667,$/GAL
2025-03-24,Y35NY,NEW YORK CITY,EPMR,Regular Gasoline,PTE,Retail Sales,EMM_EPMR_PTE_Y35NY_DPG,New York City Regular All Formulations Retail Gasoline Prices (Dollars per Gallon),2.916,$/GAL
2025-03-24,Y05SF,SAN FRANCISCO,EPMR,Regular Gasoline,PTE,Retail Sales,EMM_EPMR_PTE_Y05SF_DPG,San Francisco Regular All Formulations Retail Gasoline Prices (Dollars per Gallon),4.538,$/GAL
2025-03-24,Y05LA,LOS ANGELES,EPMR,Regular Gasoline,PTE,Retail Sales,EMM_EPMR_PTE_Y05LA_DPG,Los Angeles Regular All Formulations Retail Gasoline Prices (Dollars per Gallon),4.373,$/GAL
2025-03-24,SWA,WASHINGTON,EPMR,Regular Gasoline,PTE,Retail Sales,EMM_EPMR_PTE_SWA_DPG,Washington Regular All Formulations Retail Gasoline Prices (Dollars per Gallon),3.934,$/GAL
2025-03-24,STX,TEXAS,EPMR,Regular Gasoline,PTE,Retail Sales,EMM_EPMR_PTE_STX_DPG,Texas Regular All Formulations Retail Gasoline Prices (Dollars per Gallon),2.739,$/GAL
2025-03-24,SOH,OHIO,EPMR,Regular Gasoline,PTE,Retail Sales,EMM_EPMR_PTE_SOH_DPG,Ohio Regular All Formulations Retail Gasoline Prices (Dollars per Gallon),3.105,$/GAL
2025-03-24,SNY,NEW YORK,EPMR,Regular Gasoline,PTE,Retail Sales,EMM_EPMR_PTE_SNY_DPG,New York Regular All Formulations Retail Gasoline Prices (Dollars per Gallon),3.008,$/GAL
2025-03-24,SMN,MINNESOTA,EPMR,Regular Gasoline,PTE,Retail Sales,EMM_EPMR_PTE_SMN_DPG,Minnesota Regular All Formulations Retail Gasoline Prices (Dollars per Gallon),3.02,$/GAL
2025-03-24,SMA,MASSACHUSETTS,EPMR,Regular Gasoline,PTE,Retail Sales,EMM_EPMR_PTE_SMA_DPG,Massachusetts Regular All Formulations Retail Gasoline Prices (Dollars per Gallon),2.911,$/GAL
2025-03-24,SFL,FLORIDA,EPMR,Regular Gasoline,PTE,Retail Sales,EMM_EPMR_PTE_SFL_DPG,Florida Regular All Formulations Retail Gasoline Prices (Dollars per Gallon),2.944,$/GAL
2025-03-24,SCO,COLORADO,EPMR,Regular Gasoline,PTE,Retail Sales,EMM_EPMR_PTE_SCO_DPG,Colorado Regular All Formulations Retail Gasoline Prices (Dollars per Gallon),2.905,$/GAL
2025-03-24,SCA,CALIFORNIA,EPMR,Regular Gasoline,PTE,Retail Sales,EMM_EPMR_PTE_SCA_DPG,California Regular All Formulations Retail Gasoline Prices (Dollars per Gallon),4.418,$/GAL
2025-03-24,R5XCA,PADD 5 EXCEPT CALIFORNIA,EPMR,Regular Gasoline,PTE,Retail Sales,EMM_EPMR_PTE_R5XCA_DPG,West Coast (PADD 5) Except California Regular All Formulations Retail Gasoline Prices (Dollars per Gallon),3.658,$/GAL
2025-03-24,R50,PADD 5,EPMR,Regular Gasoline,PTE,Retail Sales,EMM_EPMR_PTE_R50_DPG,West Coast Regular All Formulations Retail Gasoline Prices (Dollars per Gallon),4.055,$/GAL
2025-03-24,R40,PADD 4,EPMR,Regular Gasoline,PTE,Retail Sales,EMM_EPMR_PTE_R40_DPG,Rocky Mountain Regular All Formulations Retail Gasoline Prices (Dollars per Gallon),3.043,$/GAL
2025-03-24,R30,PADD 3,EPMR,Regular Gasoline,PTE,Retail Sales,EMM_EPMR_PTE_R30_DPG,Gulf Coast Regular All Formulations Retail Gasoline Prices (Dollars per Gallon),2.74,$/GAL
2025-03-24,R20,PADD 2,EPMR,Regular Gasoline,PTE,Retail Sales,EMM_EPMR_PTE_R20_DPG,Midwest Regular All Formulations Retail Gasoline Prices (Dollars per Gallon),3.02,$/GAL
2025-03-24,R1Z,PADD 1C,EPMR,Regular Gasoline,PTE,Retail Sales,EMM_EPMR_PTE_R1Z_DPG,Lower Atlantic (PADD 1C) Regular All Formulations Retail Gasoline Prices (Dollars per Gallon),2.897,$/GAL
2025-03-24,R1Y,PADD 1B,EPMR,Regular Gasoline,PTE,Retail Sales,EMM_EPMR_PTE_R1Y_DPG,Central Atlantic (PADD 1B) Regular All Formulations Retail Gasoline Prices (Dollars per Gallon),3.075,$/GAL
2025-03-24,R1X,PADD 1A,EPMR,Regular Gasoline,PTE,Retail Sales,EMM_EPMR_PTE_R1X_DPG,New England (PADD 1A) Regular All Formulations Retail Gasoline Prices (Dollars per Gallon),2.933,$/GAL
2025-03-24,R10,PADD 1,EPMR,Regular Gasoline,PTE,Retail Sales,EMM_EPMR_PTE_R10_DPG,East Coast Regular All Formulations Retail Gasoline Prices (Dollars per Gallon),2.961,$/GAL
2025-03-17,NUS,U.S.,EPMR,Regular Gasoline,PTE,Retail Sales,EMM_EPMR_PTE_NUS_DPG,U.S. Regular All Formulations Retail Gasoline Prices (Dollars per Gallon),3.058,$/GAL
2025-03-17,YORD,CHICAGO,EPMR,Regular Gasoline,PTE,Retail Sales,EMM_EPMR_PTE_YORD_DPG,Chicago Regular All Formulations Retail Gasoline Prices (Dollars per Gallon),3.295,$/GAL
2025-03-17,YMIA,MIAMI,EPMR,Regular Gasoline,PTE,Retail Sales,EMM_EPMR_PTE_YMIA_DPG,"Miami, FL Regular All Formulations Retail Gasoline Prices (Dollars per Gallon)",3.038,$/GAL
2025-03-17,YDEN,DENVER,EPMR,Regular Gasoline,PTE,Retail Sales,EMM_EPMR_PTE_YDEN_DPG,Denver Regular All Formulations Retail Gasoline Prices (Dollars per Gallon),2.843,$/GAL
2025-03-17,YCLE,CLEVELAND,EPMR,Regular Gasoline,PTE,Retail Sales,EMM_EPMR_PTE_YCLE_DPG,"Cleveland, OH Regular All Formulations Retail Gasoline Prices (Dollars per Gallon)",2.889,$/GAL
2025-03-17,YBOS,BOSTON,EPMR,Regular Gasoline,PTE,Retail Sales,EMM_EPMR_PTE_YBOS_DPG,"Boston, MA Regular All Formulations Retail Gasoline Prices (Dollars per Gallon)",2.906,$/GAL
2025-03-17,Y48SE,SEATTLE,EPMR,Regular Gasoline,PTE,Retail Sales,EMM_EPMR_PTE_Y48SE_DPG,"Seattle, WA Regular All Formulations Retail Gasoline Prices (Dollars per Gallon)",4.17,$/GAL
2025-03-17,Y44HO,HOUSTON,EPMR,Regular Gasoline,PTE,Retail Sales,EMM_EPMR_PTE_Y44HO_DPG,Houston Regular All Formulations Retail Gasoline Prices (Dollars per Gallon),2.608,$/GAL
2025-03-17,Y35NY,NEW YORK CITY,EPMR,Regular Gasoline,PTE,Retail Sales,EMM_EPMR_PTE_Y35NY_DPG,New York City Regular All Formulations Retail Gasoline Prices (Dollars per Gallon),2.88,$/GAL
2025-03-17,Y05SF,SAN FRANCISCO,EPMR,Regular Gasoline,PTE,Retail Sales,EMM_EPMR_PTE_Y05SF_DPG,San Francisco Regular All Formulations Retail Gasoline Prices (Dollars per Gallon),4.541,$/GAL
2025-03-17,Y05LA,LOS ANGELES,EPMR,Regular Gasoline,PTE,Retail Sales,EMM_EPMR_PTE_Y05LA_DPG,Los Angeles Regular All Formulations Retail Gasoline Prices (Dollars per Gallon),4.368,$/GAL
2025-03-17,SWA,WASHINGTON,EPMR,Regular Gasoline,PTE,Retail Sales,EMM_EPMR_PTE_SWA_DPG,Washington Regular All Formulations Retail Gasoline Prices (Dollars per Gallon),3.92,$/GAL
2025-03-17,STX,TEXAS,EPMR,Regular Gasoline,PTE,Retail Sales,EMM_EPMR_PTE_STX_DPG,Texas Regular All Formulations Retail Gasoline Prices (Dollars per Gallon),2.595,$/GAL
2025-03-17,SOH,OHIO,EPMR,Regular Gasoline,PTE,Retail Sales,EMM_EPMR_PTE_SOH_DPG,Ohio Regular All Formulations Retail Gasoline Prices (Dollars per Gallon),2.886,$/GAL
2025-03-17,SNY,NEW YORK,EPMR,Regular Gasoline,PTE,Retail Sales,EMM_EPMR_PTE_SNY_DPG,New York Regular All Formulations Retail Gasoline Prices (Dollars per Gallon),3,$/GAL
2025-03-17,SMN,MINNESOTA,EPMR,Regular Gasoline,PTE,Retail Sales,EMM_EPMR_PTE_SMN_DPG,Minnesota Regular All Formulations Retail Gasoline Prices (Dollars per Gallon),2.956,$/GAL
2025-03-17,SMA,MASSACHUSETTS,EPMR,Regular Gasoline,PTE,Retail Sales,EMM_EPMR_PTE_SMA_DPG,Massachusetts Regular All Formulations Retail Gasoline Prices (Dollars per Gallon),2.894,$/GAL
2025-03-17,SFL,FLORIDA,EPMR,Regular Gasoline,PTE,Retail Sales,EMM_EPMR_PTE_SFL_DPG,Florida Regular All Formulations Retail Gasoline Prices (Dollars per Gallon),3.033,$/GAL
2025-03-17,SCO,COLORADO,EPMR,Regular Gasoline,PTE,Retail Sales,EMM_EPMR_PTE_SCO_DPG,Colorado Regular All Formulations Retail Gasoline Prices (Dollars per Gallon),2.845,$/GAL
2025-03-17,SCA,CALIFORNIA,EPMR,Regular Gasoline,PTE,Retail Sales,EMM_EPMR_PTE_SCA_DPG,California Regular All Formulations Retail Gasoline Prices (Dollars per Gallon),4.432,$/GAL
2025-03-17,R5XCA,PADD 5 EXCEPT CALIFORNIA,EPMR,Regular Gasoline,PTE,Retail Sales,EMM_EPMR_PTE_R5XCA_DPG,West Coast (PADD 5) Except California Regular All Formulations Retail Gasoline Prices (Dollars per Gallon),3.655,$/GAL
2025-03-17,R50,PADD 5,EPMR,Regular Gasoline,PTE,Retail Sales,EMM_EPMR_PTE_R50_DPG,West Coast Regular All Formulations Retail Gasoline Prices (Dollars per Gallon),4.061,$/GAL
2025-03-17,R40,PADD 4,EPMR,Regular Gasoline,PTE,Retail Sales,EMM_EPMR_PTE_R40_DPG,Rocky Mountain Regular All Formulations Retail Gasoline Prices (Dollars per Gallon),2.998,$/GAL
2025-03-17,R30,PADD 3,EPMR,Regular Gasoline,PTE,Retail Sales,EMM_EPMR_PTE_R30_DPG,Gulf Coast Regular All Formulations Retail Gasoline Prices (Dollars per Gallon),2.629,$/GAL
2025-03-17,R20,PADD 2,EPMR,Regular Gasoline,PTE,Retail Sales,EMM_EPMR_PTE_R20_DPG,Midwest Regular All Formulations Retail Gasoline Prices (Dollars per Gallon),2.894,$/GAL
2025-03-17,R1Z,PADD 1C,EPMR,Regular Gasoline,PTE,Retail Sales,EMM_EPMR_PTE_R1Z_DPG,Lower Atlantic (PADD 1C) Regular All Formulations Retail Gasoline Prices (Dollars per Gallon),2.889,$/GAL
2025-03-17,R1Y,PADD 1B,EPMR,Regular Gasoline,PTE,Retail Sales,EMM_EPMR_PTE_R1Y_DPG,Central Atlantic (PADD 1B) Regular All Formulations Retail Gasoline Prices (Dollars per Gallon),3.054,$/GAL
2025-03-17,R1X,PADD 1A,EPMR,Regular Gasoline,PTE,Retail Sales,EMM_EPMR_PTE_R1X_DPG,New England (PADD 1A) Regular All Formulations Retail Gasoline Prices (Dollars per Gallon),2.924,$/GAL
2025-03-17,R10,PADD 1,EPMR,Regular Gasoline,PTE,Retail Sales,EMM_EPMR_PTE_R10_DPG,East Coast Regular All Formulations Retail Gasoline Prices (Dollars per Gallon),2.949,$/GAL
2025-03-10,NUS,U.S.,EPMR,Regular Gasoline,PTE,Retail Sales,EMM_EPMR_PTE_NUS_DPG,U.S. Regular All Formulations Retail Gasoline Prices (Dollars per Gallon),3.069,$/GAL
2025-03-10,YORD,CHICAGO,EPMR,Regular Gasoline,PTE,Retail Sales,EMM_EPMR_PTE_YORD_DPG,Chicago Regular All Formulations Retail Gasoline Prices (Dollars per Gallon),3.293,$/GAL
2025-03-10,YMIA,MIAMI,EPMR,Regular Gasoline,PTE,Retail Sales,EMM_EPMR_PTE_YMIA_DPG,"Miami, FL Regular All Formulations Retail Gasoline Prices (Dollars per Gallon)",2.972,$/GAL
2025-03-10,YDEN,DENVER,EPMR,Regular Gasoline,PTE,Retail Sales,EMM_EPMR_PTE_YDEN_DPG,Denver Regular All Formulations Retail Gasoline Prices (Dollars per Gallon),2.824,$/GAL
2025-03-10,YCLE,CLEVELAND,EPMR,Regular Gasoline,PTE,Retail Sales,EMM_EPMR_PTE_YCLE_DPG,"Cleveland, OH Regular All Formulations Retail Gasoline Prices (Dollars per Gallon)",2.897,$/GAL
2025-03-10,YBOS,BOSTON,EPMR,Regular Gasoline,PTE,Retail Sales,EMM_EPMR_PTE_YBOS_DPG,"Boston, MA Regular All Formulations Retail Gasoline Prices (Dollars per Gallon)",2.957,$/GAL
2025-03-10,Y48SE,SEATTLE,EPMR,Regular Gasoline,PTE,Retail Sales,EMM_EPMR_PTE_Y48SE_DPG,"Seattle, WA Regular All Formulations Retail Gasoline Prices (Dollars per Gallon)",4.177,$/GAL
2025-03-10,Y44HO,HOUSTON,EPMR,Regular Gasoline,PTE,Retail Sales,EMM_EPMR_PTE_Y44HO_DPG,Houston Regular All Formulations Retail Gasoline Prices (Dollars per Gallon),2.61,$/GAL
2025-03-10,Y35NY,NEW YORK CITY,EPMR,Regular Gasoline,PTE,Retail Sales,EMM_EPMR_PTE_Y35NY_DPG,New York City Regular All Formulations Retail Gasoline Prices (Dollars per Gallon),2.913,$/GAL
2025-03-10,Y05SF,SAN FRANCISCO,EPMR,Regular Gasoline,PTE,Retail Sales,EMM_EPMR_PTE_Y05SF_DPG,San Francisco Regular All Formulations Retail Gasoline Prices (Dollars per Gallon),4.611,$/GAL
2025-03-10,Y05LA,LOS ANGELES,EPMR,Regular Gasoline,PTE,Retail Sales,EMM_EPMR_PTE_Y05LA_DPG,Los Angeles Regular All Formulations Retail Gasoline Prices (Dollars per Gallon),4.422,$/GAL
2025-03-10,SWA,WASHINGTON,EPMR,Regular Gasoline,PTE,Retail Sales,EMM_EPMR_PTE_SWA_DPG,Washington Regular All Formulations Retail Gasoline Prices (Dollars per Gallon),3.944,$/GAL
2025-03-10,STX,TEXAS,EPMR,Regular Gasoline,PTE,Retail Sales,EMM_EPMR_PTE_STX_DPG,Texas Regular All Formulations Retail Gasoline Prices (Dollars per Gallon),2.665,$/GAL
2025-03-10,SOH,OHIO,EPMR,Regular Gasoline,PTE,Retail Sales,EMM_EPMR_PTE_SOH_DPG,Ohio Regular All Formulations Retail Gasoline Prices (Dollars per Gallon),2.777,$/GAL
2025-03-10,SNY,NEW YORK,EPMR,Regular Gasoline,PTE,Retail Sales,EMM_EPMR_PTE_SNY_DPG,New York Regular All Formulations Retail Gasoline Prices (Dollars per Gallon),3.02,$/GAL
2025-03-10,SMN,MINNESOTA,EPMR,Regular Gasoline,PTE,Retail Sales,EMM_EPMR_PTE_SMN_DPG,Minnesota Regular All Formulations Retail Gasoline Prices (Dollars per Gallon),3.004,$/GAL
2025-03-10,SMA,MASSACHUSETTS,EPMR,Regular Gasoline,PTE,Retail Sales,EMM_EPMR_PTE_SMA_DPG,Massachusetts Regular All Formulations Retail Gasoline Prices (Dollars per Gallon),2.933,$/GAL
2025-03-10,SFL,FLORIDA,EPMR,Regular Gasoline,PTE,Retail Sales,EMM_EPMR_PTE_SFL_DPG,Florida Regular All Formulations Retail Gasoline Prices (Dollars per Gallon),2.994,$/GAL
2025-03-10,SCO,COLORADO,EPMR,Regular Gasoline,PTE,Retail Sales,EMM_EPMR_PTE_SCO_DPG,Colorado Regular All Formulations Retail Gasoline Prices (Dollars per Gallon),2.848,$/GAL
2025-03-10,SCA,CALIFORNIA,EPMR,Regular Gasoline,PTE,Retail Sales,EMM_EPMR_PTE_SCA_DPG,California Regular All Formulations Retail Gasoline Prices (Dollars per Gallon),4.481,$/GAL
2025-03-10,R5XCA,PADD 5 EXCEPT CALIFORNIA,EPMR,Regular Gasoline,PTE,Retail Sales,EMM_EPMR_PTE_R5XCA_DPG,West Coast (PADD 5) Except California Regular All Formulations Retail Gasoline Prices (Dollars per Gallon),3.68,$/GAL
2025-03-10,R50,PADD 5,EPMR,Regular Gasoline,PTE,Retail Sales,EMM_EPMR_PTE_R50_DPG,West Coast Regular All Formulations Retail Gasoline Prices (Dollars per Gallon),4.099,$/GAL
2025-03-10,R40,PADD 4,EPMR,Regular Gasoline,PTE,Retail Sales,EMM_EPMR_PTE_R40_DPG,Rocky Mountain Regular All Formulations Retail Gasoline Prices (Dollars per Gallon),2.96,$/GAL
2025-03-10,R30,PADD 3,EPMR,Regular Gasoline,PTE,Retail Sales,EMM_EPMR_PTE_R30_DPG,Gulf Coast Regular All Formulations Retail Gasoline Prices (Dollars per Gallon),2.68,$/GAL
2025-03-10,R20,PADD 2,EPMR,Regular Gasoline,PTE,Retail Sales,EMM_EPMR_PTE_R20_DPG,Midwest Regular All Formulations Retail Gasoline Prices (Dollars per Gallon),2.899,$/GAL
2025-03-10,R1Z,PADD 1C,EPMR,Regular Gasoline,PTE,Retail Sales,EMM_EPMR_PTE_R1Z_DPG,Lower Atlantic (PADD 1C) Regular All Formulations Retail Gasoline Prices (Dollars per Gallon),2.863,$/GAL
2025-03-10,R1Y,PADD 1B,EPMR,Regular Gasoline,PTE,Retail Sales,EMM_EPMR_PTE_R1Y_DPG,Central Atlantic (PADD 1B) Regular All Formulations Retail Gasoline Prices (Dollars per Gallon),3.071,$/GAL
2025-03-10,R1X,PADD 1A,EPMR,Regular Gasoline,PTE,Retail Sales,EMM_EPMR_PTE_R1X_DPG,New England (PADD 1A) Regular All Formulations Retail Gasoline Prices (Dollars per Gallon),2.961,$/GAL
2025-03-10,R10,PADD 1,EPMR,Regular Gasoline,PTE,Retail Sales,EMM_EPMR_PTE_R10_DPG,East Coast Regular All Formulations Retail Gasoline Prices (Dollars per Gallon),2.945,$/GAL
2025-03-03,NUS,U.S.,EPMR,Regular Gasoline,PTE,Retail Sales,EMM_EPMR_PTE_NUS_DPG,U.S. Regular All Formulations Retail Gasoline Prices (Dollars per Gallon),3.078,$/GAL
2025-03-03,YORD,CHICAGO,EPMR,Regular Gasoline,PTE,Retail Sales,EMM_EPMR_PTE_YORD_DPG,Chicago Regular All Formulations Retail Gasoline Prices (Dollars per Gallon),3.252,$/GAL
2025-03-03,YMIA,MIAMI,EPMR,Regular Gasoline,PTE,Retail Sales,EMM_EPMR_PTE_YMIA_DPG,"Miami, FL Regular All Formulations Retail Gasoline Prices (Dollars per Gallon)",2.966,$/GAL
2025-03-03,YDEN,DENVER,EPMR,Regular Gasoline,PTE,Retail Sales,EMM_EPMR_PTE_YDEN_DPG,Denver Regular All Formulations Retail Gasoline Prices (Dollars per Gallon),2.877,$/GAL
2025-03-03,YCLE,CLEVELAND,EPMR,Regular Gasoline,PTE,Retail Sales,EMM_EPMR_PTE_YCLE_DPG,"Cleveland, OH Regular All Formulations Retail Gasoline Prices (Dollars per Gallon)",2.896,$/GAL
2025-03-03,YBOS,BOSTON,EPMR,Regular Gasoline,PTE,Retail Sales,EMM_EPMR_PTE_YBOS_DPG,"Boston, MA Regular All Formulations Retail Gasoline Prices (Dollars per Gallon)",2.971,$/GAL
2025-03-03,Y48SE,SEATTLE,EPMR,Regular Gasoline,PTE,Retail Sales,EMM_EPMR_PTE_Y48SE_DPG,"Seattle, WA Regular All Formulations Retail Gasoline Prices (Dollars per Gallon)",4.216,$/GAL
2025-03-03,Y44HO,HOUSTON,EPMR,Regular Gasoline,PTE,Retail Sales,EMM_EPMR_PTE_Y44HO_DPG,Houston Regular All Formulations Retail Gasoline Prices (Dollars per Gallon),2.609,$/GAL
2025-03-03,Y35NY,NEW YORK CITY,EPMR,Regular Gasoline,PTE,Retail Sales,EMM_EPMR_PTE_Y35NY_DPG,New York City Regular All Formulations Retail Gasoline Prices (Dollars per Gallon),2.963,$/GAL
2025-03-03,Y05SF,SAN FRANCISCO,EPMR,Regular Gasoline,PTE,Retail Sales,EMM_EPMR_PTE_Y05SF_DPG,San Francisco Regular All Formulations Retail Gasoline Prices (Dollars per Gallon),4.733,$/GAL
2025-03-03,Y05LA,LOS ANGELES,EPMR,Regular Gasoline,PTE,Retail Sales,EMM_EPMR_PTE_Y05LA_DPG,Los Angeles Regular All Formulations Retail Gasoline Prices (Dollars per Gallon),4.441,$/GAL
2025-03-03,SWA,WASHINGTON,EPMR,Regular Gasoline,PTE,Retail Sales,EMM_EPMR_PTE_SWA_DPG,Washington Regular All Formulations Retail Gasoline Prices (Dollars per Gallon),3.998,$/GAL
2025-03-03,STX,TEXAS,EPMR,Regular Gasoline,PTE,Retail Sales,EMM_EPMR_PTE_STX_DPG,Texas Regular All Formulations Retail Gasoline Prices (Dollars per Gallon),2.581,$/GAL
2025-03-03,SOH,OHIO,EPMR,Regular Gasoline,PTE,Retail Sales,EMM_EPMR_PTE_SOH_DPG,Ohio Regular All Formulations Retail Gasoline Prices (Dollars per Gallon),2.747,$/GAL
2025-03-03,SNY,NEW YORK,EPMR,Regular Gasoline,PTE,Retail Sales,EMM_EPMR_PTE_SNY_DPG,New York Regular All Formulations Retail Gasoline Prices (Dollars per Gallon),3.051,$/GAL
2025-03-03,SMN,MINNESOTA,EPMR,Regular Gasoline,PTE,Retail Sales,EMM_EPMR_PTE_SMN_DPG,Minnesota Regular All Formulations Retail Gasoline Prices (Dollars per Gallon),2.952,$/GAL
2025-03-03,SMA,MASSACHUSETTS,EPMR,Regular Gasoline,PTE,Retail Sales,EMM_EPMR_PTE_SMA_DPG,Massachusetts Regular All Formulations Retail Gasoline Prices (Dollars per Gallon),2.953,$/GAL
2025-03-03,SFL,FLORIDA,EPMR,Regular Gasoline,PTE,Retail Sales,EMM_EPMR_PTE_SFL_DPG,Florida Regular All Formulations Retail Gasoline Prices (Dollars per Gallon),2.99,$/GAL
2025-03-03,SCO,COLORADO,EPMR,Regular Gasoline,PTE,Retail Sales,EMM_EPMR_PTE_SCO_DPG,Colorado Regular All Formulations Retail Gasoline Prices (Dollars per Gallon),2.882,$/GAL
2025-03-03,SCA,CALIFORNIA,EPMR,Regular Gasoline,PTE,Retail Sales,EMM_EPMR_PTE_SCA_DPG,California Regular All Formulations Retail Gasoline Prices (Dollars per Gallon),4.533,$/GAL
2025-03-03,R5XCA,PADD 5 EXCEPT CALIFORNIA,EPMR,Regular Gasoline,PTE,Retail Sales,EMM_EPMR_PTE_R5XCA_DPG,West Coast (PADD 5) Except California Regular All Formulations Retail Gasoline Prices (Dollars per Gallon),3.711,$/GAL
2025-03-03,R50,PADD 5,EPMR,Regular Gasoline,PTE,Retail Sales,EMM_EPMR_PTE_R50_DPG,West Coast Regular All Formulations Retail Gasoline Prices (Dollars per Gallon),4.141,$/GAL
2025-03-03,R40,PADD 4,EPMR,Regular Gasoline,PTE,Retail Sales,EMM_EPMR_PTE_R40_DPG,Rocky Mountain Regular All Formulations Retail Gasoline Prices (Dollars per Gallon),2.964,$/GAL
2025-03-03,R30,PADD 3,EPMR,Regular Gasoline,PTE,Retail Sales,EMM_EPMR_PTE_R30_DPG,Gulf Coast Regular All Formulations Retail Gasoline Prices (Dollars per Gallon),2.636,$/GAL
2025-03-03,R20,PADD 2,EPMR,Regular Gasoline,PTE,Retail Sales,EMM_EPMR_PTE_R20_DPG,Midwest Regular All Formulations Retail Gasoline Prices (Dollars per Gallon),2.882,$/GAL
2025-03-03,R1Z,PADD 1C,EPMR,Regular Gasoline,PTE,Retail Sales,EMM_EPMR_PTE_R1Z_DPG,Lower Atlantic (PADD 1C) Regular All Formulations Retail Gasoline Prices (Dollars per Gallon),2.889,$/GAL
2025-03-03,R1Y,PADD 1B,EPMR,Regular Gasoline,PTE,Retail Sales,EMM_EPMR_PTE_R1Y_DPG,Central Atlantic (PADD 1B) Regular All Formulations Retail Gasoline Prices (Dollars per Gallon),3.118,$/GAL
2025-03-03,R1X,PADD 1A,EPMR,Regular Gasoline,PTE,Retail Sales,EMM_EPMR_PTE_R1X_DPG,New England (PADD 1A) Regular All Formulations Retail Gasoline Prices (Dollars per Gallon),2.977,$/GAL
2025-03-03,R10,PADD 1,EPMR,Regular Gasoline,PTE,Retail Sales,EMM_EPMR_PTE_R10_DPG,East Coast Regular All Formulations Retail Gasoline Prices (Dollars per Gallon),2.977,$/GAL
2025-02-24,NUS,U.S.,EPMR,Regular Gasoline,PTE,Retail Sales,EMM_EPMR_PTE_NUS_DPG,U.S. Regular All Formulations Retail Gasoline Prices (Dollars per Gallon),3.125,$/GAL
2025-02-24,YORD,CHICAGO,EPMR,Regular Gasoline,PTE,Retail Sales,EMM_EPMR_PTE_YORD_DPG,Chicago Regular All Formulations Retail Gasoline Prices (Dollars per Gallon),3.311,$/GAL
2025-02-24,YMIA,MIAMI,EPMR,Regular Gasoline,PTE,Retail Sales,EMM_EPMR_PTE_YMIA_DPG,"Miami, FL Regular All Formulations Retail Gasoline Prices (Dollars per Gallon)",3.036,$/GAL
2025-02-24,YDEN,DENVER,EPMR,Regular Gasoline,PTE,Retail Sales,EMM_EPMR_PTE_YDEN_DPG,Denver Regular All Formulations Retail Gasoline Prices (Dollars per Gallon),2.959,$/GAL
2025-02-24,YCLE,CLEVELAND,EPMR,Regular Gasoline,PTE,Retail Sales,EMM_EPMR_PTE_YCLE_DPG,"Cleveland, OH Regular All Formulations Retail Gasoline Prices (Dollars per Gallon)",3.034,$/GAL
2025-02-24,YBOS,BOSTON,EPMR,Regular Gasoline,PTE,Retail Sales,EMM_EPMR_PTE_YBOS_DPG,"Boston, MA Regular All Formulations Retail Gasoline Prices (Dollars per Gallon)",3.01,$/GAL
2025-02-24,Y48SE,SEATTLE,EPMR,Regular Gasoline,PTE,Retail Sales,EMM_EPMR_PTE_Y48SE_DPG,"Seattle, WA Regular All Formulations Retail Gasoline Prices (Dollars per Gallon)",4.243,$/GAL
2025-02-24,Y44HO,HOUSTON,EPMR,Regular Gasoline,PTE,Retail Sales,EMM_EPMR_PTE_Y44HO_DPG,Houston Regular All Formulations Retail Gasoline Prices (Dollars per Gallon),2.649,$/GAL
2025-02-24,Y35NY,NEW YORK CITY,EPMR,Regular Gasoline,PTE,Retail Sales,EMM_EPMR_PTE_Y35NY_DPG,New York City Regular All Formulations Retail Gasoline Prices (Dollars per Gallon),2.99,$/GAL
2025-02-24,Y05SF,SAN FRANCISCO,EPMR,Regular Gasoline,PTE,Retail Sales,EMM_EPMR_PTE_Y05SF_DPG,San Francisco Regular All Formulations Retail Gasoline Prices (Dollars per Gallon),4.875,$/GAL
2025-02-24,Y05LA,LOS ANGELES,EPMR,Regular Gasoline,PTE,Retail Sales,EMM_EPMR_PTE_Y05LA_DPG,Los Angeles Regular All Formulations Retail Gasoline Prices (Dollars per Gallon),4.477,$/GAL
2025-02-24,SWA,WASHINGTON,EPMR,Regular Gasoline,PTE,Retail Sales,EMM_EPMR_PTE_SWA_DPG,Washington Regular All Formulations Retail Gasoline Prices (Dollars per Gallon),4.01,$/GAL
2025-02-24,STX,TEXAS,EPMR,Regular Gasoline,PTE,Retail Sales,EMM_EPMR_PTE_STX_DPG,Texas Regular All Formulations Retail Gasoline Prices (Dollars per Gallon),2.671,$/GAL
2025-02-24,SOH,OHIO,EPMR,Regular Gasoline,PTE,Retail Sales,EMM_EPMR_PTE_SOH_DPG,Ohio Regular All Formulations Retail Gasoline Prices (Dollars per Gallon),2.87,$/GAL
2025-02-24,SNY,NEW YORK,EPMR,Regular Gasoline,PTE,Retail Sales,EMM_EPMR_PTE_SNY_DPG,New York Regular All Formulations Retail Gasoline Prices (Dollars per Gallon),3.083,$/GAL
2025-02-24,SMN,MINNESOTA,EPMR,Regular Gasoline,PTE,Retail Sales,EMM_EPMR_PTE_SMN_DPG,Minnesota Regular All Formulations Retail Gasoline Prices (Dollars per Gallon),2.993,$/GAL
2025-02-24,SMA,MASSACHUSETTS,EPMR,Regular Gasoline,PTE,Retail Sales,EMM_EPMR_PTE_SMA_DPG,Massachusetts Regular All Formulations Retail Gasoline Prices (Dollars per Gallon),2.99,$/GAL
2025-02-24,SFL,FLORIDA,EPMR,Regular Gasoline,PTE,Retail Sales,EMM_EPMR_PTE_SFL_DPG,Florida Regular All Formulations Retail Gasoline Prices (Dollars per Gallon),3.016,$/GAL
2025-02-24,SCO,COLORADO,EPMR,Regular Gasoline,PTE,Retail Sales,EMM_EPMR_PTE_SCO_DPG,Colorado Regular All Formulations Retail Gasoline Prices (Dollars per Gallon),2.962,$/GAL
2025-02-24,SCA,CALIFORNIA,EPMR,Regular Gasoline,PTE,Retail Sales,EMM_EPMR_PTE_SCA_DPG,California Regular All Formulations Retail Gasoline Prices (Dollars per Gallon),4.606,$/GAL
2025-02-24,R5XCA,PADD 5 EXCEPT CALIFORNIA,EPMR,Regular Gasoline,PTE,Retail Sales,EMM_EPMR_PTE_R5XCA_DPG,West Coast (PADD 5) Except California Regular All Formulations Retail Gasoline Prices (Dollars per Gallon),3.73,$/GAL
2025-02-24,R50,PADD 5,EPMR,Regular Gasoline,PTE,Retail Sales,EMM_EPMR_PTE_R50_DPG,West Coast Regular All Formulations Retail Gasoline Prices (Dollars per Gallon),4.188,$/GAL
2025-02-24,R40,PADD 4,EPMR,Regular Gasoline,PTE,Retail Sales,EMM_EPMR_PTE_R40_DPG,Rocky Mountain Regular All Formulations Retail Gasoline Prices (Dollars per Gallon),3.019,$/GAL
2025-02-24,R30,PADD 3,EPMR,Regular Gasoline,PTE,Retail Sales,EMM_EPMR_PTE_R30_DPG,Gulf Coast Regular All Formulations Retail Gasoline Prices (Dollars per Gallon),2.704,$/GAL
2025-02-24,R20,PADD 2,EPMR,Regular Gasoline,PTE,Retail Sales,EMM_EPMR_PTE_R20_DPG,Midwest Regular All Formulations Retail Gasoline Prices (Dollars per Gallon),2.938,$/GAL
2025-02-24,R1Z,PADD 1C,EPMR,Regular Gasoline,PTE,Retail Sales,EMM_EPMR_PTE_R1Z_DPG,Lower Atlantic (PADD 1C) Regular All Formulations Retail Gasoline Prices (Dollars per Gallon),2.931,$/GAL
2025-02-24,R1Y,PADD 1B,EPMR,Regular Gasoline,PTE,Retail Sales,EMM_EPMR_PTE_R1Y_DPG,Central Atlantic (PADD 1B) Regular All Formulations Retail Gasoline Prices (Dollars per Gallon),3.143,$/GAL
2025-02-24,R1X,PADD 1A,EPMR,Regular Gasoline,PTE,Retail Sales,EMM_EPMR_PTE_R1X_DPG,New England (PADD 1A) Regular All Formulations Retail Gasoline Prices (Dollars per Gallon),3.005,$/GAL
2025-02-24,R10,PADD 1,EPMR,Regular Gasoline,PTE,Retail Sales,EMM_EPMR_PTE_R10_DPG,East Coast Regular All Formulations Retail Gasoline Prices (Dollars per Gallon),3.011,$/GAL
2025-02-17,NUS,U.S.,EPMR,Regular Gasoline,PTE,Retail Sales,EMM_EPMR_PTE_NUS_DPG,U.S. Regular All Formulations Retail Gasoline Prices (Dollars per Gallon),3.148,$/GAL
2025-02-17,YORD,CHICAGO,EPMR,Regular Gasoline,PTE,Retail Sales,EMM_EPMR_PTE_YORD_DPG,Chicago Regular All Formulations Retail Gasoline Prices (Dollars per Gallon),3.356,$/GAL
2025-02-17,YMIA,MIAMI,EPMR,Regular Gasoline,PTE,Retail Sales,EMM_EPMR_PTE_YMIA_DPG,"Miami, FL Regular All Formulations Retail Gasoline Prices (Dollars per Gallon)",3.003,$/GAL
2025-02-17,YDEN,DENVER,EPMR,Regular Gasoline,PTE,Retail Sales,EMM_EPMR_PTE_YDEN_DPG,Denver Regular All Formulations Retail Gasoline Prices (Dollars per Gallon),2.989,$/GAL
2025-02-17,YCLE,CLEVELAND,EPMR,Regular Gasoline,PTE,Retail Sales,EMM_EPMR_PTE_YCLE_DPG,"Cleveland, OH Regular All Formulations Retail Gasoline Prices (Dollars per Gallon)",3.159,$/GAL
2025-02-17,YBOS,BOSTON,EPMR,Regular Gasoline,PTE,Retail Sales,EMM_EPMR_PTE_YBOS_DPG,"Boston, MA Regular All Formulations Retail Gasoline Prices (Dollars per Gallon)",3.005,$/GAL
2025-02-17,Y48SE,SEATTLE,EPMR,Regular Gasoline,PTE,Retail Sales,EMM_EPMR_PTE_Y48SE_DPG,"Seattle, WA Regular All Formulations Retail Gasoline Prices (Dollars per Gallon)",4.231,$/GAL
2025-02-17,Y44HO,HOUSTON,EPMR,Regular Gasoline,PTE,Retail Sales,EMM_EPMR_PTE_Y44HO_DPG,Houston Regular All Formulations Retail Gasoline Prices (Dollars per Gallon),2.648,$/GAL
2025-02-17,Y35NY,NEW YORK CITY,EPMR,Regular Gasoline,PTE,Retail Sales,EMM_EPMR_PTE_Y35NY_DPG,New York City Regular All Formulations Retail Gasoline Prices (Dollars per Gallon),3.008,$/GAL
2025-02-17,Y05SF,SAN FRANCISCO,EPMR,Regular Gasoline,PTE,Retail Sales,EMM_EPMR_PTE_Y05SF_DPG,San Francisco Regular All Formulations Retail Gasoline Prices (Dollars per Gallon),4.889,$/GAL
2025-02-17,Y05LA,LOS ANGELES,EPMR,Regular Gasoline,PTE,Retail Sales,EMM_EPMR_PTE_Y05LA_DPG,Los Angeles Regular All Formulations Retail Gasoline Prices (Dollars per Gallon),4.464,$/GAL
2025-02-17,SWA,WASHINGTON,EPMR,Regular Gasoline,PTE,Retail Sales,EMM_EPMR_PTE_SWA_DPG,Washington Regular All Formulations Retail Gasoline Prices (Dollars per Gallon),4.017,$/GAL
2025-02-17,STX,TEXAS,EPMR,Regular Gasoline,PTE,Retail Sales,EMM_EPMR_PTE_STX_DPG,Texas Regular All Formulations Retail Gasoline Prices (Dollars per Gallon),2.704,$/GAL
2025-02-17,SOH,OHIO,EPMR,Regular Gasoline,PTE,Retail Sales,EMM_EPMR_PTE_SOH_DPG,Ohio Regular All Formulations Retail Gasoline Prices (Dollars per Gallon),2.998,$/GAL
2025-02-17,SNY,NEW YORK,EPMR,Regular Gasoline,PTE,Retail Sales,EMM_EPMR_PTE_SNY_DPG,New York Regular All Formulations Retail Gasoline Prices (Dollars per Gallon),3.09,$/GAL
2025-02-17,SMN,MINNESOTA,EPMR,Regular Gasoline,PTE,Retail Sales,EMM_EPMR_PTE_SMN_DPG,Minnesota Regular All Formulations Retail Gasoline Prices (Dollars per Gallon),3.079,$/GAL
2025-02-17,SMA,MASSACHUSETTS,EPMR,Regular Gasoline,PTE,Retail Sales,EMM_EPMR_PTE_SMA_DPG,Massachusetts Regular All Formulations Retail Gasoline Prices (Dollars per Gallon),2.986,$/GAL
2025-02-17,SFL,FLORIDA,EPMR,Regular Gasoline,PTE,Retail Sales,EMM_EPMR_PTE_SFL_DPG,Florida Regular All Formulations Retail Gasoline Prices (Dollars per Gallon),2.981,$/GAL
2025-02-17,SCO,COLORADO,EPMR,Regular Gasoline,PTE,Retail Sales,EMM_EPMR_PTE_SCO_DPG,Colorado Regular All Formulations Retail Gasoline Prices (Dollars per Gallon),2.998,$/GAL
2025-02-17,SCA,CALIFORNIA,EPMR,Regular Gasoline,PTE,Retail Sales,EMM_EPMR_PTE_SCA_DPG,California Regular All Formulations Retail Gasoline Prices (Dollars per Gallon),4.603,$/GAL
2025-02-17,R5XCA,PADD 5 EXCEPT CALIFORNIA,EPMR,Regular Gasoline,PTE,Retail Sales,EMM_EPMR_PTE_R5XCA_DPG,West Coast (PADD 5) Except California Regular All Formulations Retail Gasoline Prices (Dollars per Gallon),3.729,$/GAL
2025-02-17,R50,PADD 5,EPMR,Regular Gasoline,PTE,Retail Sales,EMM_EPMR_PTE_R50_DPG,West Coast Regular All Formulations Retail Gasoline Prices (Dollars per Gallon),4.187,$/GAL
2025-02-17,R40,PADD 4,EPMR,Regular Gasoline,PTE,Retail Sales,EMM_EPMR_PTE_R40_DPG,Rocky Mountain Regular All Formulations Retail Gasoline Prices (Dollars per Gallon),3.046,$/GAL
2025-02-17,R30,PADD 3,EPMR,Regular Gasoline,PTE,Retail Sales,EMM_EPMR_PTE_R30_DPG,Gulf Coast Regular All Formulations Retail Gasoline Prices (Dollars per Gallon),2.74,$/GAL
2025-02-17,R20,PADD 2,EPMR,Regular Gasoline,PTE,Retail Sales,EMM_EPMR_PTE_R20_DPG,Midwest Regular All Formulations Retail Gasoline Prices (Dollars per Gallon),2.982,$/GAL
2025-02-17,R1Z,PADD 1C,EPMR,Regular Gasoline,PTE,Retail Sales,EMM_EPMR_PTE_R1Z_DPG,Lower Atlantic (PADD 1C) Regular All Formulations Retail Gasoline Prices (Dollars per Gallon),2.936,$/GAL
2025-02-17,R1Y,PADD 1B,EPMR,Regular Gasoline,PTE,Retail Sales,EMM_EPMR_PTE_R1Y_DPG,Central Atlantic (PADD 1B) Regular All Formulations Retail Gasoline Prices (Dollars per Gallon),3.167,$/GAL
2025-02-17,R1X,PADD 1A,EPMR,Regular Gasoline,PTE,Retail Sales,EMM_EPMR_PTE_R1X_DPG,New England (PADD 1A) Regular All Formulations Retail Gasoline Prices (Dollars per Gallon),3.008,$/GAL
2025-02-17,R10,PADD 1,EPMR,Regular Gasoline,PTE,Retail Sales,EMM_EPMR_PTE_R10_DPG,East Coast Regular All Formulations Retail Gasoline Prices (Dollars per Gallon),3.024,$/GAL
2025-02-10,NUS,U.S.,EPMR,Regular Gasoline,PTE,Retail Sales,EMM_EPMR_PTE_NUS_DPG,U.S. Regular All Formulations Retail Gasoline Prices (Dollars per Gallon),3.128,$/GAL
2025-02-10,YORD,CHICAGO,EPMR,Regular Gasoline,PTE,Retail Sales,EMM_EPMR_PTE_YORD_DPG,Chicago Regular All Formulations Retail Gasoline Prices (Dollars per Gallon),3.329,$/GAL
2025-02-10,YMIA,MIAMI,EPMR,Regular Gasoline,PTE,Retail Sales,EMM_EPMR_PTE_YMIA_DPG,"Miami, FL Regular All Formulations Retail Gasoline Prices (Dollars per Gallon)",3.092,$/GAL
2025-02-10,YDEN,DENVER,EPMR,Regular Gasoline,PTE,Retail Sales,EMM_EPMR_PTE_YDEN_DPG,Denver Regular All Formulations Retail Gasoline Prices (Dollars per Gallon),2.966,$/GAL
2025-02-10,YCLE,CLEVELAND,EPMR,Regular Gasoline,PTE,Retail Sales,EMM_EPMR_PTE_YCLE_DPG,"Cleveland, OH Regular All Formulations Retail Gasoline Prices (Dollars per Gallon)",3.101,$/GAL
2025-02-10,YBOS,BOSTON,EPMR,Regular Gasoline,PTE,Retail Sales,EMM_EPMR_PTE_YBOS_DPG,"Boston, MA Regular All Formulations Retail Gasoline Prices (Dollars per Gallon)",2.996,$/GAL
2025-02-10,Y48SE,SEATTLE,EPMR,Regular Gasoline,PTE,Retail Sales,EMM_EPMR_PTE_Y48SE_DPG,"Seattle, WA Regular All Formulations Retail Gasoline Prices (Dollars per Gallon)",4.141,$/GAL
2025-02-10,Y44HO,HOUSTON,EPMR,Regular Gasoline,PTE,Retail Sales,EMM_EPMR_PTE_Y44HO_DPG,Houston Regular All Formulations Retail Gasoline Prices (Dollars per Gallon),2.619,$/GAL
2025-02-10,Y35NY,NEW YORK CITY,EPMR,Regular Gasoline,PTE,Retail Sales,EMM_EPMR_PTE_Y35NY_DPG,New York City Regular All Formulations Retail Gasoline Prices (Dollars per Gallon),3.012,$/GAL
2025-02-10,Y05SF,SAN FRANCISCO,EPMR,Regular Gasoline,PTE,Retail Sales,EMM_EPMR_PTE_Y05SF_DPG,San Francisco Regular All Formulations Retail Gasoline Prices (Dollars per Gallon),4.479,$/GAL
2025-02-10,Y05LA,LOS ANGELES,EPMR,Regular Gasoline,PTE,Retail Sales,EMM_EPMR_PTE_Y05LA_DPG,Los Angeles Regular All Formulations Retail Gasoline Prices (Dollars per Gallon),4.346,$/GAL
2025-02-10,SWA,WASHINGTON,EPMR,Regular Gasoline,PTE,Retail Sales,EMM_EPMR_PTE_SWA_DPG,Washington Regular All Formulations Retail Gasoline Prices (Dollars per Gallon),3.91,$/GAL
2025-02-10,STX,TEXAS,EPMR,Regular Gasoline,PTE,Retail Sales,EMM_EPMR_PTE_STX_DPG,Texas Regular All Formulations Retail Gasoline Prices (Dollars per Gallon),2.64,$/GAL
2025-02-10,SOH,OHIO,EPMR,Regular Gasoline,PTE,Retail Sales,EMM_EPMR_PTE_SOH_DPG,Ohio Regular All Formulations Retail Gasoline Prices (Dollars per Gallon),3.046,$/GAL
2025-02-10,SNY,NEW YORK,EPMR,Regular Gasoline,PTE,Retail Sales,EMM_EPMR_PTE_SNY_DPG,New York Regular All Formulations Retail Gasoline Prices (Dollars per Gallon),3.095,$/GAL
2025-02-10,SMN,MINNESOTA,EPMR,Regular Gasoline,PTE,Retail Sales,EMM_EPMR_PTE_SMN_DPG,Minnesota Regular All Formulations Retail Gasoline Prices (Dollars per Gallon),3.015,$/GAL
2025-02-10,SMA,MASSACHUSETTS,EPMR,Regular Gasoline,PTE,Retail Sales,EMM_EPMR_PTE_SMA_DPG,Massachusetts Regular All Formulations Retail Gasoline Prices (Dollars per Gallon),2.978,$/GAL
2025-02-10,SFL,FLORIDA,EPMR,Regular Gasoline,PTE,Retail Sales,EMM_EPMR_PTE_SFL_DPG,Florida Regular All Formulations Retail Gasoline Prices (Dollars per Gallon),3.09,$/GAL
2025-02-10,SCO,COLORADO,EPMR,Regular Gasoline,PTE,Retail Sales,EMM_EPMR_PTE_SCO_DPG,Colorado Regular All Formulations Retail Gasoline Prices (Dollars per Gallon),2.961,$/GAL
2025-02-10,SCA,CALIFORNIA,EPMR,Regular Gasoline,PTE,Retail Sales,EMM_EPMR_PTE_SCA_DPG,California Regular All Formulations Retail Gasoline Prices (Dollars per Gallon),4.392,$/GAL
2025-02-10,R5XCA,PADD 5 EXCEPT CALIFORNIA,EPMR,Regular Gasoline,PTE,Retail Sales,EMM_EPMR_PTE_R5XCA_DPG,West Coast (PADD 5) Except California Regular All Formulations Retail Gasoline Prices (Dollars per Gallon),3.634,$/GAL
2025-02-10,R50,PADD 5,EPMR,Regular Gasoline,PTE,Retail Sales,EMM_EPMR_PTE_R50_DPG,West Coast Regular All Formulations Retail Gasoline Prices (Dollars per Gallon),4.031,$/GAL
2025-02-10,R40,PADD 4,EPMR,Regular Gasoline,PTE,Retail Sales,EMM_EPMR_PTE_R40_DPG,Rocky Mountain Regular All Formulations Retail Gasoline Prices (Dollars per Gallon),3.02,$/GAL
2025-02-10,R30,PADD 3,EPMR,Regular Gasoline,PTE,Retail Sales,EMM_EPMR_PTE_R30_DPG,Gulf Coast Regular All Formulations Retail Gasoline Prices (Dollars per Gallon),2.692,$/GAL
2025-02-10,R20,PADD 2,EPMR,Regular Gasoline,PTE,Retail Sales,EMM_EPMR_PTE_R20_DPG,Midwest Regular All Formulations Retail Gasoline Prices (Dollars per Gallon),2.985,$/GAL
2025-02-10,R1Z,PADD 1C,EPMR,Regular Gasoline,PTE,Retail Sales,EMM_EPMR_PTE_R1Z_DPG,Lower Atlantic (PADD 1C) Regular All Formulations Retail Gasoline Prices (Dollars per Gallon),2.983,$/GAL
2025-02-10,R1Y,PADD 1B,EPMR,Regular Gasoline,PTE,Retail Sales,EMM_EPMR_PTE_R1Y_DPG,Central Atlantic (PADD 1B) Regular All Formulations Retail Gasoline Prices (Dollars per Gallon),3.178,$/GAL
2025-02-10,R1X,PADD 1A,EPMR,Regular Gasoline,PTE,Retail Sales,EMM_EPMR_PTE_R1X_DPG,New England (PADD 1A) Regular All Formulations Retail Gasoline Prices (Dollars per Gallon),2.987,$/GAL
2025-02-10,R10,PADD 1,EPMR,Regular Gasoline,PTE,Retail Sales,EMM_EPMR_PTE_R10_DPG,East Coast Regular All Formulations Retail Gasoline Prices (Dollars per Gallon),3.05,$/GAL
2025-02-03,NUS,U.S.,EPMR,Regular Gasoline,PTE,Retail Sales,EMM_EPMR_PTE_NUS_DPG,U.S. Regular All Formulations Retail Gasoline Prices (Dollars per Gallon),3.082,$/GAL
2025-02-03,YORD,CHICAGO,EPMR,Regular Gasoline,PTE,Retail Sales,EMM_EPMR_PTE_YORD_DPG,Chicago Regular All Formulations Retail Gasoline Prices (Dollars per Gallon),3.303,$/GAL
2025-02-03,YMIA,MIAMI,EPMR,Regular Gasoline,PTE,Retail Sales,EMM_EPMR_PTE_YMIA_DPG,"Miami, FL Regular All Formulations Retail Gasoline Prices (Dollars per Gallon)",2.982,$/GAL
2025-02-03,YDEN,DENVER,EPMR,Regular Gasoline,PTE,Retail Sales,EMM_EPMR_PTE_YDEN_DPG,Denver Regular All Formulations Retail Gasoline Prices (Dollars per Gallon),2.875,$/GAL
2025-02-03,YCLE,CLEVELAND,EPMR,Regular Gasoline,PTE,Retail Sales,EMM_EPMR_PTE_YCLE_DPG,"Cleveland, OH Regular All Formulations Retail Gasoline Prices (Dollars per Gallon)",2.906,$/GAL
2025-02-03,YBOS,BOSTON,EPMR,Regular Gasoline,PTE,Retail Sales,EMM_EPMR_PTE_YBOS_DPG,"Boston, MA Regular All Formulations Retail Gasoline Prices (Dollars per Gallon)",2.992,$/GAL
2025-02-03,Y48SE,SEATTLE,EPMR,Regular Gasoline,PTE,Retail Sales,EMM_EPMR_PTE_Y48SE_DPG,"Seattle, WA Regular All Formulations Retail Gasoline Prices (Dollars per Gallon)",4.092,$/GAL
2025-02-03,Y44HO,HOUSTON,EPMR,Regular Gasoline,PTE,Retail Sales,EMM_EPMR_PTE_Y44HO_DPG,Houston Regular All Formulations Retail Gasoline Prices (Dollars per Gallon),2.619,$/GAL
2025-02-03,Y35NY,NEW YORK CITY,EPMR,Regular Gasoline,PTE,Retail Sales,EMM_EPMR_PTE_Y35NY_DPG,New York City Regular All Formulations Retail Gasoline Prices (Dollars per Gallon),3.023,$/GAL
2025-02-03,Y05SF,SAN FRANCISCO,EPMR,Regular Gasoline,PTE,Retail Sales,EMM_EPMR_PTE_Y05SF_DPG,San Francisco Regular All Formulations Retail Gasoline Prices (Dollars per Gallon),4.289,$/GAL
2025-02-03,Y05LA,LOS ANGELES,EPMR,Regular Gasoline,PTE,Retail Sales,EMM_EPMR_PTE_Y05LA_DPG,Los Angeles Regular All Formulations Retail Gasoline Prices (Dollars per Gallon),4.237,$/GAL
2025-02-03,SWA,WASHINGTON,EPMR,Regular Gasoline,PTE,Retail Sales,EMM_EPMR_PTE_SWA_DPG,Washington Regular All Formulations Retail Gasoline Prices (Dollars per Gallon),3.851,$/GAL
2025-02-03,STX,TEXAS,EPMR,Regular Gasoline,PTE,Retail Sales,EMM_EPMR_PTE_STX_DPG,Texas Regular All Formulations Retail Gasoline Prices (Dollars per Gallon),2.668,$/GAL
2025-02-03,SOH,OHIO,EPMR,Regular Gasoline,PTE,Retail Sales,EMM_EPMR_PTE_SOH_DPG,Ohio Regular All Formulations Retail Gasoline Prices (Dollars per Gallon),2.821,$/GAL
2025-02-03,SNY,NEW YORK,EPMR,Regular Gasoline,PTE,Retail Sales,EMM_EPMR_PTE_SNY_DPG,New York Regular All Formulations Retail Gasoline Prices (Dollars per Gallon),3.088,$/GAL
2025-02-03,SMN,MINNESOTA,EPMR,Regular Gasoline,PTE,Retail Sales,EMM_EPMR_PTE_SMN_DPG,Minnesota Regular All Formulations Retail Gasoline Prices (Dollars per Gallon),2.921,$/GAL
2025-02-03,SMA,MASSACHUSETTS,EPMR,Regular Gasoline,PTE,Retail Sales,EMM_EPMR_PTE_SMA_DPG,Massachusetts Regular All Formulations Retail Gasoline Prices (Dollars per Gallon),2.977,$/GAL
2025-02-03,SFL,FLORIDA,EPMR,Regular Gasoline,PTE,Retail Sales,EMM_EPMR_PTE_SFL_DPG,Florida Regular All Formulations Retail Gasoline Prices (Dollars per Gallon),2.986,$/GAL
2025-02-03,SCO,COLORADO,EPMR,Regular Gasoline,PTE,Retail Sales,EMM_EPMR_PTE_SCO_DPG,Colorado Regular All Formulations Retail Gasoline Prices (Dollars per Gallon),2.892,$/GAL
2025-02-03,SCA,CALIFORNIA,EPMR,Regular Gasoline,PTE,Retail Sales,EMM_EPMR_PTE_SCA_DPG,California Regular All Formulations Retail Gasoline Prices (Dollars per Gallon),4.253,$/GAL
2025-02-03,R5XCA,PADD 5 EXCEPT CALIFORNIA,EPMR,Regular Gasoline,PTE,Retail Sales,EMM_EPMR_PTE_R5XCA_DPG,West Coast (PADD 5) Except California Regular All Formulations Retail Gasoline Prices (Dollars per Gallon),3.565,$/GAL
2025-02-03,R50,PADD 5,EPMR,Regular Gasoline,PTE,Retail Sales,EMM_EPMR_PTE_R50_DPG,West Coast Regular All Formulations Retail Gasoline Prices (Dollars per Gallon),3.924,$/GAL
2025-02-03,R40,PADD 4,EPMR,Regular Gasoline,PTE,Retail Sales,EMM_EPMR_PTE_R40_DPG,Rocky Mountain Regular All Formulations Retail Gasoline Prices (Dollars per Gallon),2.967,$/GAL
2025-02-03,R30,PADD 3,EPMR,Regular Gasoline,PTE,Retail Sales,EMM_EPMR_PTE_R30_DPG,Gulf Coast Regular All Formulations Retail Gasoline Prices (Dollars per Gallon),2.709,$/GAL
2025-02-03,R20,PADD 2,EPMR,Regular Gasoline,PTE,Retail Sales,EMM_EPMR_PTE_R20_DPG,Midwest Regular All Formulations Retail Gasoline Prices (Dollars per Gallon),2.919,$/GAL
2025-02-03,R1Z,PADD 1C,EPMR,Regular Gasoline,PTE,Retail Sales,EMM_EPMR_PTE_R1Z_DPG,Lower Atlantic (PADD 1C) Regular All Formulations Retail Gasoline Prices (Dollars per Gallon),2.927,$/GAL
2025-02-03,R1Y,PADD 1B,EPMR,Regular Gasoline,PTE,Retail Sales,EMM_EPMR_PTE_R1Y_DPG,Central Atlantic (PADD 1B) Regular All Formulations Retail Gasoline Prices (Dollars per Gallon),3.173,$/GAL
2025-02-03,R1X,PADD 1A,EPMR,Regular Gasoline,PTE,Retail Sales,EMM_EPMR_PTE_R1X_DPG,New England (PADD 1A) Regular All Formulations Retail Gasoline Prices (Dollars per Gallon),2.996,$/GAL
2025-02-03,R10,PADD 1,EPMR,Regular Gasoline,PTE,Retail Sales,EMM_EPMR_PTE_R10_DPG,East Coast Regular All Formulations Retail Gasoline Prices (Dollars per Gallon),3.019,$/GAL
2025-01-27,NUS,U.S.,EPMR,Regular Gasoline,PTE,Retail Sales,EMM_EPMR_PTE_NUS_DPG,U.S. Regular All Formulations Retail Gasoline Prices (Dollars per Gallon),3.103,$/GAL
2025-01-27,YORD,CHICAGO,EPMR,Regular Gasoline,PTE,Retail Sales,EMM_EPMR_PTE_YORD_DPG,Chicago Regular All Formulations Retail Gasoline Prices (Dollars per Gallon),3.361,$/GAL
2025-01-27,YMIA,MIAMI,EPMR,Regular Gasoline,PTE,Retail Sales,EMM_EPMR_PTE_YMIA_DPG,"Miami, FL Regular All Formulations Retail Gasoline Prices (Dollars per Gallon)",3.167,$/GAL
2025-01-27,YDEN,DENVER,EPMR,Regular Gasoline,PTE,Retail Sales,EMM_EPMR_PTE_YDEN_DPG,Denver Regular All Formulations Retail Gasoline Prices (Dollars per Gallon),2.888,$/GAL
2025-01-27,YCLE,CLEVELAND,EPMR,Regular Gasoline,PTE,Retail Sales,EMM_EPMR_PTE_YCLE_DPG,"Cleveland, OH Regular All Formulations Retail Gasoline Prices (Dollars per Gallon)",3.014,$/GAL
2025-01-27,YBOS,BOSTON,EPMR,Regular Gasoline,PTE,Retail Sales,EMM_EPMR_PTE_YBOS_DPG,"Boston, MA Regular All Formulations Retail Gasoline Prices (Dollars per Gallon)",3.031,$/GAL
2025-01-27,Y48SE,SEATTLE,EPMR,Regular Gasoline,PTE,Retail Sales,EMM_EPMR_PTE_Y48SE_DPG,"Seattle, WA Regular All Formulations Retail Gasoline Prices (Dollars per Gallon)",4.06,$/GAL
2025-01-27,Y44HO,HOUSTON,EPMR,Regular Gasoline,PTE,Retail Sales,EMM_EPMR_PTE_Y44HO_DPG,Houston Regular All Formulations Retail Gasoline Prices (Dollars per Gallon),2.648,$/GAL
2025-01-27,Y35NY,NEW YORK CITY,EPMR,Regular Gasoline,PTE,Retail Sales,EMM_EPMR_PTE_Y35NY_DPG,New York City Regular All Formulations Retail Gasoline Prices (Dollars per Gallon),3.043,$/GAL
2025-01-27,Y05SF,SAN FRANCISCO,EPMR,Regular Gasoline,PTE,Retail Sales,EMM_EPMR_PTE_Y05SF_DPG,San Francisco Regular All Formulations Retail Gasoline Prices (Dollars per Gallon),4.275,$/GAL
2025-01-27,Y05LA,LOS ANGELES,EPMR,Regular Gasoline,PTE,Retail Sales,EMM_EPMR_PTE_Y05LA_DPG,Los Angeles Regular All Formulations Retail Gasoline Prices (Dollars per Gallon),4.189,$/GAL
2025-01-27,SWA,WASHINGTON,EPMR,Regular Gasoline,PTE,Retail Sales,EMM_EPMR_PTE_SWA_DPG,Washington Regular All Formulations Retail Gasoline Prices (Dollars per Gallon),3.823,$/GAL
2025-01-27,STX,TEXAS,EPMR,Regular Gasoline,PTE,Retail Sales,EMM_EPMR_PTE_STX_DPG,Texas Regular All Formulations Retail Gasoline Prices (Dollars per Gallon),2.657,$/GAL
2025-01-27,SOH,OHIO,EPMR,Regular Gasoline,PTE,Retail Sales,EMM_EPMR_PTE_SOH_DPG,Ohio Regular All Formulations Retail Gasoline Prices (Dollars per Gallon),2.949,$/GAL
2025-01-27,SNY,NEW YORK,EPMR,Regular Gasoline,PTE,Retail Sales,EMM_EPMR_PTE_SNY_DPG,New York Regular All Formulations Retail Gasoline Prices (Dollars per Gallon),3.105,$/GAL
2025-01-27,SMN,MINNESOTA,EPMR,Regular Gasoline,PTE,Retail Sales,EMM_EPMR_PTE_SMN_DPG,Minnesota Regular All Formulations Retail Gasoline Prices (Dollars per Gallon),2.976,$/GAL
2025-01-27,SMA,MASSACHUSETTS,EPMR,Regular Gasoline,PTE,Retail Sales,EMM_EPMR_PTE_SMA_DPG,Massachusetts Regular All Formulations Retail Gasoline Prices (Dollars per Gallon),3.011,$/GAL
2025-01-27,SFL,FLORIDA,EPMR,Regular Gasoline,PTE,Retail Sales,EMM_EPMR_PTE_SFL_DPG,Florida Regular All Formulations Retail Gasoline Prices (Dollars per Gallon),3.144,$/GAL
2025-01-27,SCO,COLORADO,EPMR,Regular Gasoline,PTE,Retail Sales,EMM_EPMR_PTE_SCO_DPG,Colorado Regular All Formulations Retail Gasoline Prices (Dollars per Gallon),2.888,$/GAL
2025-01-27,SCA,CALIFORNIA,EPMR,Regular Gasoline,PTE,Retail Sales,EMM_EPMR_PTE_SCA_DPG,California Regular All Formulations Retail Gasoline Prices (Dollars per Gallon),4.221,$/GAL
2025-01-27,R5XCA,PADD 5 EXCEPT CALIFORNIA,EPMR,Regular Gasoline,PTE,Retail Sales,EMM_EPMR_PTE_R5XCA_DPG,West Coast (PADD 5) Except California Regular All Formulations Retail Gasoline Prices (Dollars per Gallon),3.511,$/GAL
2025-01-27,R50,PADD 5,EPMR,Regular Gasoline,PTE,Retail Sales,EMM_EPMR_PTE_R50_DPG,West Coast Regular All Formulations Retail Gasoline Prices (Dollars per Gallon),3.881,$/GAL
2025-01-27,R40,PADD 4,EPMR,Regular Gasoline,PTE,Retail Sales,EMM_EPMR_PTE_R40_DPG,Rocky Mountain Regular All Formulations Retail Gasoline Prices (Dollars per Gallon),2.92,$/GAL
2025-01-27,R30,PADD 3,EPMR,Regular Gasoline,PTE,Retail Sales,EMM_EPMR_PTE_R30_DPG,Gulf Coast Regular All Formulations Retail Gasoline Prices (Dollars per Gallon),2.696,$/GAL
2025-01-27,R20,PADD 2,EPMR,Regular Gasoline,PTE,Retail Sales,EMM_EPMR_PTE_R20_DPG,Midwest Regular All Formulations Retail Gasoline Prices (Dollars per Gallon),2.946,$/GAL
2025-01-27,R1Z,PADD 1C,EPMR,Regular Gasoline,PTE,Retail Sales,EMM_EPMR_PTE_R1Z_DPG,Lower Atlantic (PADD 1C) Regular All Formulations Retail Gasoline Prices (Dollars per Gallon),3.007,$/GAL
2025-01-27,R1Y,PADD 1B,EPMR,Regular Gasoline,PTE,Retail Sales,EMM_EPMR_PTE_R1Y_DPG,Central Atlantic (PADD 1B) Regular All Formulations Retail Gasoline Prices (Dollars per Gallon),3.206,$/GAL
2025-01-27,R1X,PADD 1A,EPMR,Regular Gasoline,PTE,Retail Sales,EMM_EPMR_PTE_R1X_DPG,New England (PADD 1A) Regular All Formulations Retail Gasoline Prices (Dollars per Gallon),3.019,$/GAL
2025-01-27,R10,PADD 1,EPMR,Regular Gasoline,PTE,Retail Sales,EMM_EPMR_PTE_R10_DPG,East Coast Regular All Formulations Retail Gasoline Prices (Dollars per Gallon),3.076,$/GAL
2025-01-20,NUS,U.S.,EPMR,Regular Gasoline,PTE,Retail Sales,EMM_EPMR_PTE_NUS_DPG,U.S. Regular All Formulations Retail Gasoline Prices (Dollars per Gallon),3.109,$/GAL
2025-01-20,YORD,CHICAGO,EPMR,Regular Gasoline,PTE,Retail Sales,EMM_EPMR_PTE_YORD_DPG,Chicago Regular All Formulations Retail Gasoline Prices (Dollars per Gallon),3.36,$/GAL
2025-01-20,YMIA,MIAMI,EPMR,Regular Gasoline,PTE,Retail Sales,EMM_EPMR_PTE_YMIA_DPG,"Miami, FL Regular All Formulations Retail Gasoline Prices (Dollars per Gallon)",3.096,$/GAL
2025-01-20,YDEN,DENVER,EPMR,Regular Gasoline,PTE,Retail Sales,EMM_EPMR_PTE_YDEN_DPG,Denver Regular All Formulations Retail Gasoline Prices (Dollars per Gallon),2.848,$/GAL
2025-01-20,YCLE,CLEVELAND,EPMR,Regular Gasoline,PTE,Retail Sales,EMM_EPMR_PTE_YCLE_DPG,"Cleveland, OH Regular All Formulations Retail Gasoline Prices (Dollars per Gallon)",3.125,$/GAL
2025-01-20,YBOS,BOSTON,EPMR,Regular Gasoline,PTE,Retail Sales,EMM_EPMR_PTE_YBOS_DPG,"Boston, MA Regular All Formulations Retail Gasoline Prices (Dollars per Gallon)",3.041,$/GAL
2025-01-20,Y48SE,SEATTLE,EPMR,Regular Gasoline,PTE,Retail Sales,EMM_EPMR_PTE_Y48SE_DPG,"Seattle, WA Regular All Formulations Retail Gasoline Prices (Dollars per Gallon)",4.064,$/GAL
2025-01-20,Y44HO,HOUSTON,EPMR,Regular Gasoline,PTE,Retail Sales,EMM_EPMR_PTE_Y44HO_DPG,Houston Regular All Formulations Retail Gasoline Prices (Dollars per Gallon),2.631,$/GAL
2025-01-20,Y35NY,NEW YORK CITY,EPMR,Regular Gasoline,PTE,Retail Sales,EMM_EPMR_PTE_Y35NY_DPG,New York City Regular All Formulations Retail Gasoline Prices (Dollars per Gallon),3.041,$/GAL
2025-01-20,Y05SF,SAN FRANCISCO,EPMR,Regular Gasoline,PTE,Retail Sales,EMM_EPMR_PTE_Y05SF_DPG,San Francisco Regular All Formulations Retail Gasoline Prices (Dollars per Gallon),4.232,$/GAL
2025-01-20,Y05LA,LOS ANGELES,EPMR,Regular Gasoline,PTE,Retail Sales,EMM_EPMR_PTE_Y05LA_DPG,Los Angeles Regular All Formulations Retail Gasoline Prices (Dollars per Gallon),4.185,$/GAL
2025-01-20,SWA,WASHINGTON,EPMR,Regular Gasoline,PTE,Retail Sales,EMM_EPMR_PTE_SWA_DPG,Washington Regular All Formulations Retail Gasoline Prices (Dollars per Gallon),3.791,$/GAL
2025-01-20,STX,TEXAS,EPMR,Regular Gasoline,PTE,Retail Sales,EMM_EPMR_PTE_STX_DPG,Texas Regular All Formulations Retail Gasoline Prices (Dollars per Gallon),2.65,$/GAL
2025-01-20,SOH,OHIO,EPMR,Regular Gasoline,PTE,Retail Sales,EMM_EPMR_PTE_SOH_DPG,Ohio Regular All Formulations Retail Gasoline Prices (Dollars per Gallon),3.078,$/GAL
2025-01-20,SNY,NEW YORK,EPMR,Regular Gasoline,PTE,Retail Sales,EMM_EPMR_PTE_SNY_DPG,New York Regular All Formulations Retail Gasoline Prices (Dollars per Gallon),3.097,$/GAL
2025-01-20,SMN,MINNESOTA,EPMR,Regular Gasoline,PTE,Retail Sales,EMM_EPMR_PTE_SMN_DPG,Minnesota Regular All Formulations Retail Gasoline Prices (Dollars per Gallon),2.977,$/GAL
2025-01-20,SMA,MASSACHUSETTS,EPMR,Regular Gasoline,PTE,Retail Sales,EMM_EPMR_PTE_SMA_DPG,Massachusetts Regular All Formulations Retail Gasoline Prices (Dollars per Gallon),3.015,$/GAL
2025-01-20,SFL,FLORIDA,EPMR,Regular Gasoline,PTE,Retail Sales,EMM_EPMR_PTE_SFL_DPG,Florida Regular All Formulations Retail Gasoline Prices (Dollars per Gallon),3.107,$/GAL
2025-01-20,SCO,COLORADO,EPMR,Regular Gasoline,PTE,Retail Sales,EMM_EPMR_PTE_SCO_DPG,Colorado Regular All Formulations Retail Gasoline Prices (Dollars per Gallon),2.843,$/GAL
2025-01-20,SCA,CALIFORNIA,EPMR,Regular Gasoline,PTE,Retail Sales,EMM_EPMR_PTE_SCA_DPG,California Regular All Formulations Retail Gasoline Prices (Dollars per Gallon),4.212,$/GAL
2025-01-20,R5XCA,PADD 5 EXCEPT CALIFORNIA,EPMR,Regular Gasoline,PTE,Retail Sales,EMM_EPMR_PTE_R5XCA_DPG,West Coast (PADD 5) Except California Regular All Formulations Retail Gasoline Prices (Dollars per Gallon),3.5,$/GAL
2025-01-20,R50,PADD 5,EPMR,Regular Gasoline,PTE,Retail Sales,EMM_EPMR_PTE_R50_DPG,West Coast Regular All Formulations Retail Gasoline Prices (Dollars per Gallon),3.871,$/GAL
2025-01-20,R40,PADD 4,EPMR,Regular Gasoline,PTE,Retail Sales,EMM_EPMR_PTE_R40_DPG,Rocky Mountain Regular All Formulations Retail Gasoline Prices (Dollars per Gallon),2.911,$/GAL
2025-01-20,R30,PADD 3,EPMR,Regular Gasoline,PTE,Retail Sales,EMM_EPMR_PTE_R30_DPG,Gulf Coast Regular All Formulations Retail Gasoline Prices (Dollars per Gallon),2.691,$/GAL
2025-01-20,R20,PADD 2,EPMR,Regular Gasoline,PTE,Retail Sales,EMM_EPMR_PTE_R20_DPG,Midwest Regular All Formulations Retail Gasoline Prices (Dollars per Gallon),2.985,$/GAL
2025-01-20,R1Z,PADD 1C,EPMR,Regular Gasoline,PTE,Retail Sales,EMM_EPMR_PTE_R1Z_DPG,Lower Atlantic (PADD 1C) Regular All Formulations Retail Gasoline Prices (Dollars per Gallon),2.993,$/GAL
2025-01-20,R1Y,PADD 1B,EPMR,Regular Gasoline,PTE,Retail Sales,EMM_EPMR_PTE_R1Y_DPG,Central Atlantic (PADD 1B) Regular All Formulations Retail Gasoline Prices (Dollars per Gallon),3.206,$/GAL
2025-01-20,R1X,PADD 1A,EPMR,Regular Gasoline,PTE,Retail Sales,EMM_EPMR_PTE_R1X_DPG,New England (PADD 1A) Regular All Formulations Retail Gasoline Prices (Dollars per Gallon),3.021,$/GAL
2025-01-20,R10,PADD 1,EPMR,Regular Gasoline,PTE,Retail Sales,EMM_EPMR_PTE_R10_DPG,East Coast Regular All Formulations Retail Gasoline Prices (Dollars per Gallon),3.069,$/GAL
2025-01-13,NUS,U.S.,EPMR,Regular Gasoline,PTE,Retail Sales,EMM_EPMR_PTE_NUS_DPG,U.S. Regular All Formulations Retail Gasoline Prices (Dollars per Gallon),3.043,$/GAL
2025-01-13,YORD,CHICAGO,EPMR,Regular Gasoline,PTE,Retail Sales,EMM_EPMR_PTE_YORD_DPG,Chicago Regular All Formulations Retail Gasoline Prices (Dollars per Gallon),3.324,$/GAL
2025-01-13,YMIA,MIAMI,EPMR,Regular Gasoline,PTE,Retail Sales,EMM_EPMR_PTE_YMIA_DPG,"Miami, FL Regular All Formulations Retail Gasoline Prices (Dollars per Gallon)",3.07,$/GAL
2025-01-13,YDEN,DENVER,EPMR,Regular Gasoline,PTE,Retail Sales,EMM_EPMR_PTE_YDEN_DPG,Denver Regular All Formulations Retail Gasoline Prices (Dollars per Gallon),2.758,$/GAL
2025-01-13,YCLE,CLEVELAND,EPMR,Regular Gasoline,PTE,Retail Sales,EMM_EPMR_PTE_YCLE_DPG,"Cleveland, OH Regular All Formulations Retail Gasoline Prices (Dollars per Gallon)",2.959,$/GAL
2025-01-13,YBOS,BOSTON,EPMR,Regular Gasoline,PTE,Retail Sales,EMM_EPMR_PTE_YBOS_DPG,"Boston, MA Regular All Formulations Retail Gasoline Prices (Dollars per Gallon)",2.971,$/GAL
2025-01-13,Y48SE,SEATTLE,EPMR,Regular Gasoline,PTE,Retail Sales,EMM_EPMR_PTE_Y48SE_DPG,"Seattle, WA Regular All Formulations Retail Gasoline Prices (Dollars per Gallon)",4.014,$/GAL
2025-01-13,Y44HO,HOUSTON,EPMR,Regular Gasoline,PTE,Retail Sales,EMM_EPMR_PTE_Y44HO_DPG,Houston Regular All Formulations Retail Gasoline Prices (Dollars per Gallon),2.571,$/GAL
2025-01-13,Y35NY,NEW YORK CITY,EPMR,Regular Gasoline,PTE,Retail Sales,EMM_EPMR_PTE_Y35NY_DPG,New York City Regular All Formulations Retail Gasoline Prices (Dollars per Gallon),2.956,$/GAL
2025-01-13,Y05SF,SAN FRANCISCO,EPMR,Regular Gasoline,PTE,Retail Sales,EMM_EPMR_PTE_Y05SF_DPG,San Francisco Regular All Formulations Retail Gasoline Prices (Dollars per Gallon),4.196,$/GAL
2025-01-13,Y05LA,LOS ANGELES,EPMR,Regular Gasoline,PTE,Retail Sales,EMM_EPMR_PTE_Y05LA_DPG,Los Angeles Regular All Formulations Retail Gasoline Prices (Dollars per Gallon),4.136,$/GAL
2025-01-13,SWA,WASHINGTON,EPMR,Regular Gasoline,PTE,Retail Sales,EMM_EPMR_PTE_SWA_DPG,Washington Regular All Formulations Retail Gasoline Prices (Dollars per Gallon),3.756,$/GAL
2025-01-13,STX,TEXAS,EPMR,Regular Gasoline,PTE,Retail Sales,EMM_EPMR_PTE_STX_DPG,Texas Regular All Formulations Retail Gasoline Prices (Dollars per Gallon),2.638,$/GAL
2025-01-13,SOH,OHIO,EPMR,Regular Gasoline,PTE,Retail Sales,EMM_EPMR_PTE_SOH_DPG,Ohio Regular All Formulations Retail Gasoline Prices (Dollars per Gallon),2.905,$/GAL
2025-01-13,SNY,NEW YORK,EPMR,Regular Gasoline,PTE,Retail Sales,EMM_EPMR_PTE_SNY_DPG,New York Regular All Formulations Retail Gasoline Prices (Dollars per Gallon),3.06,$/GAL
2025-01-13,SMN,MINNESOTA,EPMR,Regular Gasoline,PTE,Retail Sales,EMM_EPMR_PTE_SMN_DPG,Minnesota Regular All Formulations Retail Gasoline Prices (Dollars per Gallon),2.942,$/GAL
2025-01-13,SMA,MASSACHUSETTS,EPMR,Regular Gasoline,PTE,Retail Sales,EMM_EPMR_PTE_SMA_DPG,Massachusetts Regular All Formulations Retail Gasoline Prices (Dollars per Gallon),2.948,$/GAL
2025-01-13,SFL,FLORIDA,EPMR,Regular Gasoline,PTE,Retail Sales,EMM_EPMR_PTE_SFL_DPG,Florida Regular All Formulations Retail Gasoline Prices (Dollars per Gallon),3.04,$/GAL
2025-01-13,SCO,COLORADO,EPMR,Regular Gasoline,PTE,Retail Sales,EMM_EPMR_PTE_SCO_DPG,Colorado Regular All Formulations Retail Gasoline Prices (Dollars per Gallon),2.783,$/GAL
2025-01-13,SCA,CALIFORNIA,EPMR,Regular Gasoline,PTE,Retail Sales,EMM_EPMR_PTE_SCA_DPG,California Regular All Formulations Retail Gasoline Prices (Dollars per Gallon),4.161,$/GAL
2025-01-13,R5XCA,PADD 5 EXCEPT CALIFORNIA,EPMR,Regular Gasoline,PTE,Retail Sales,EMM_EPMR_PTE_R5XCA_DPG,West Coast (PADD 5) Except California Regular All Formulations Retail Gasoline Prices (Dollars per Gallon),3.428,$/GAL
2025-01-13,R50,PADD 5,EPMR,Regular Gasoline,PTE,Retail Sales,EMM_EPMR_PTE_R50_DPG,West Coast Regular All Formulations Retail Gasoline Prices (Dollars per Gallon),3.81,$/GAL
2025-01-13,R40,PADD 4,EPMR,Regular Gasoline,PTE,Retail Sales,EMM_EPMR_PTE_R40_DPG,Rocky Mountain Regular All Formulations Retail Gasoline Prices (Dollars per Gallon),2.879,$/GAL
2025-01-13,R30,PADD 3,EPMR,Regular Gasoline,PTE,Retail Sales,EMM_EPMR_PTE_R30_DPG,Gulf Coast Regular All Formulations Retail Gasoline Prices (Dollars per Gallon),2.665,$/GAL
2025-01-13,R20,PADD 2,EPMR,Regular Gasoline,PTE,Retail Sales,EMM_EPMR_PTE_R20_DPG,Midwest Regular All Formulations Retail Gasoline Prices (Dollars per Gallon),2.899,$/GAL
2025-01-13,R1Z,PADD 1C,EPMR,Regular Gasoline,PTE,Retail Sales,EMM_EPMR_PTE_R1Z_DPG,Lower Atlantic (PADD 1C) Regular All Formulations Retail Gasoline Prices (Dollars per Gallon),2.932,$/GAL
2025-01-13,R1Y,PADD 1B,EPMR,Regular Gasoline,PTE,Retail Sales,EMM_EPMR_PTE_R1Y_DPG,Central Atlantic (PADD 1B) Regular All Formulations Retail Gasoline Prices (Dollars per Gallon),3.117,$/GAL
2025-01-13,R1X,PADD 1A,EPMR,Regular Gasoline,PTE,Retail Sales,EMM_EPMR_PTE_R1X_DPG,New England (PADD 1A) Regular All Formulations Retail Gasoline Prices (Dollars per Gallon),2.959,$/GAL
2025-01-13,R10,PADD 1,EPMR,Regular Gasoline,PTE,Retail Sales,EMM_EPMR_PTE_R10_DPG,East Coast Regular All Formulations Retail Gasoline Prices (Dollars per Gallon),2.998,$/GAL
2025-01-06,NUS,U.S.,EPMR,Regular Gasoline,PTE,Retail Sales,EMM_EPMR_PTE_NUS_DPG,U.S. Regular All Formulations Retail Gasoline Prices (Dollars per Gallon),3.047,$/GAL
2025-01-06,YORD,CHICAGO,EPMR,Regular Gasoline,PTE,Retail Sales,EMM_EPMR_PTE_YORD_DPG,Chicago Regular All Formulations Retail Gasoline Prices (Dollars per Gallon),3.289,$/GAL
2025-01-06,YMIA,MIAMI,EPMR,Regular Gasoline,PTE,Retail Sales,EMM_EPMR_PTE_YMIA_DPG,"Miami, FL Regular All Formulations Retail Gasoline Prices (Dollars per Gallon)",3.064,$/GAL
2025-01-06,YDEN,DENVER,EPMR,Regular Gasoline,PTE,Retail Sales,EMM_EPMR_PTE_YDEN_DPG,Denver Regular All Formulations Retail Gasoline Prices (Dollars per Gallon),2.821,$/GAL
2025-01-06,YCLE,CLEVELAND,EPMR,Regular Gasoline,PTE,Retail Sales,EMM_EPMR_PTE_YCLE_DPG,"Cleveland, OH Regular All Formulations Retail Gasoline Prices (Dollars per Gallon)",3.073,$/GAL
2025-01-06,YBOS,BOSTON,EPMR,Regular Gasoline,PTE,Retail Sales,EMM_EPMR_PTE_YBOS_DPG,"Boston, MA Regular All Formulations Retail Gasoline Prices (Dollars per Gallon)",2.979,$/GAL
2025-01-06,Y48SE,SEATTLE,EPMR,Regular Gasoline,PTE,Retail Sales,EMM_EPMR_PTE_Y48SE_DPG,"Seattle, WA Regular All Formulations Retail Gasoline Prices (Dollars per Gallon)",4.001,$/GAL
2025-01-06,Y44HO,HOUSTON,EPMR,Regular Gasoline,PTE,Retail Sales,EMM_EPMR_PTE_Y44HO_DPG,Houston Regular All Formulations Retail Gasoline Prices (Dollars per Gallon),2.565,$/GAL
2025-01-06,Y35NY,NEW YORK CITY,EPMR,Regular Gasoline,PTE,Retail Sales,EMM_EPMR_PTE_Y35NY_DPG,New York City Regular All Formulations Retail Gasoline Prices (Dollars per Gallon),2.939,$/GAL
2025-01-06,Y05SF,SAN FRANCISCO,EPMR,Regular Gasoline,PTE,Retail Sales,EMM_EPMR_PTE_Y05SF_DPG,San Francisco Regular All Formulations Retail Gasoline Prices (Dollars per Gallon),4.177,$/GAL
2025-01-06,Y05LA,LOS ANGELES,EPMR,Regular Gasoline,PTE,Retail Sales,EMM_EPMR_PTE_Y05LA_DPG,Los Angeles Regular All Formulations Retail Gasoline Prices (Dollars per Gallon),4.141,$/GAL
2025-01-06,SWA,WASHINGTON,EPMR,Regular Gasoline,PTE,Retail Sales,EMM_EPMR_PTE_SWA_DPG,Washington Regular All Formulations Retail Gasoline Prices (Dollars per Gallon),3.751,$/GAL
2025-01-06,STX,TEXAS,EPMR,Regular Gasoline,PTE,Retail Sales,EMM_EPMR_PTE_STX_DPG,Texas Regular All Formulations Retail Gasoline Prices (Dollars per Gallon),2.626,$/GAL
2025-01-06,SOH,OHIO,EPMR,Regular Gasoline,PTE,Retail Sales,EMM_EPMR_PTE_SOH_DPG,Ohio Regular All Formulations Retail Gasoline Prices (Dollars per Gallon),3.056,$/GAL
2025-01-06,SNY,NEW YORK,EPMR,Regular Gasoline,PTE,Retail Sales,EMM_EPMR_PTE_SNY_DPG,New York Regular All Formulations Retail Gasoline Prices (Dollars per Gallon),3.055,$/GAL
2025-01-06,SMN,MINNESOTA,EPMR,Regular Gasoline,PTE,Retail Sales,EMM_EPMR_PTE_SMN_DPG,Minnesota Regular All Formulations Retail Gasoline Prices (Dollars per Gallon),2.944,$/GAL
2025-01-06,SMA,MASSACHUSETTS,EPMR,Regular Gasoline,PTE,Retail Sales,EMM_EPMR_PTE_SMA_DPG,Massachusetts Regular All Formulations Retail Gasoline Prices (Dollars per Gallon),2.952,$/GAL
2025-01-06,SFL,FLORIDA,EPMR,Regular Gasoline,PTE,Retail Sales,EMM_EPMR_PTE_SFL_DPG,Florida Regular All Formulations Retail Gasoline Prices (Dollars per Gallon),3.025,$/GAL
2025-01-06,SCO,COLORADO,EPMR,Regular Gasoline,PTE,Retail Sales,EMM_EPMR_PTE_SCO_DPG,Colorado Regular All Formulations Retail Gasoline Prices (Dollars per Gallon),2.847,$/GAL
2025-01-06,SCA,CALIFORNIA,EPMR,Regular Gasoline,PTE,Retail Sales,EMM_EPMR_PTE_SCA_DPG,California Regular All Formulations Retail Gasoline Prices (Dollars per Gallon),4.154,$/GAL
2025-01-06,R5XCA,PADD 5 EXCEPT CALIFORNIA,EPMR,Regular Gasoline,PTE,Retail Sales,EMM_EPMR_PTE_R5XCA_DPG,West Coast (PADD 5) Except California Regular All Formulations Retail Gasoline Prices (Dollars per Gallon),3.399,$/GAL
2025-01-06,R50,PADD 5,EPMR,Regular Gasoline,PTE,Retail Sales,EMM_EPMR_PTE_R50_DPG,West Coast Regular All Formulations Retail Gasoline Prices (Dollars per Gallon),3.793,$/GAL
2025-01-06,R40,PADD 4,EPMR,Regular Gasoline,PTE,Retail Sales,EMM_EPMR_PTE_R40_DPG,Rocky Mountain Regular All Formulations Retail Gasoline Prices (Dollars per Gallon),2.899,$/GAL
2025-01-06,R30,PADD 3,EPMR,Regular Gasoline,PTE,Retail Sales,EMM_EPMR_PTE_R30_DPG,Gulf Coast Regular All Formulations Retail Gasoline Prices (Dollars per Gallon),2.655,$/GAL
2025-01-06,R20,PADD 2,EPMR,Regular Gasoline,PTE,Retail Sales,EMM_EPMR_PTE_R20_DPG,Midwest Regular All Formulations Retail Gasoline Prices (Dollars per Gallon),2.938,$/GAL
2025-01-06,R1Z,PADD 1C,EPMR,Regular Gasoline,PTE,Retail Sales,EMM_EPMR_PTE_R1Z_DPG,Lower Atlantic (PADD 1C) Regular All Formulations Retail Gasoline Prices (Dollars per Gallon),2.912,$/GAL
2025-01-06,R1Y,PADD 1B,EPMR,Regular Gasoline,PTE,Retail Sales,EMM_EPMR_PTE_R1Y_DPG,Central Atlantic (PADD 1B) Regular All Formulations Retail Gasoline Prices (Dollars per Gallon),3.122,$/GAL
2025-01-06,R1X,PADD 1A,EPMR,Regular Gasoline,PTE,Retail Sales,EMM_EPMR_PTE_R1X_DPG,New England (PADD 1A) Regular All Formulations Retail Gasoline Prices (Dollars per Gallon),2.966,$/GAL
2025-01-06,R10,PADD 1,EPMR,Regular Gasoline,PTE,Retail Sales,EMM_EPMR_PTE_R10_DPG,East Coast Regular All Formulations Retail Gasoline Prices (Dollars per Gallon),2.99,$/GAL
2024-12-30,NUS,U.S.,EPMR,Regular Gasoline,PTE,Retail Sales,EMM_EPMR_PTE_NUS_DPG,U.S. Regular All Formulations Retail Gasoline Prices (Dollars per Gallon),3.006,$/GAL
2024-12-30,YORD,CHICAGO,EPMR,Regular Gasoline,PTE,Retail Sales,EMM_EPMR_PTE_YORD_DPG,Chicago Regular All Formulations Retail Gasoline Prices (Dollars per Gallon),3.322,$/GAL
2024-12-30,YMIA,MIAMI,EPMR,Regular Gasoline,PTE,Retail Sales,EMM_EPMR_PTE_YMIA_DPG,"Miami, FL Regular All Formulations Retail Gasoline Prices (Dollars per Gallon)",3.044,$/GAL
2024-12-30,YDEN,DENVER,EPMR,Regular Gasoline,PTE,Retail Sales,EMM_EPMR_PTE_YDEN_DPG,Denver Regular All Formulations Retail Gasoline Prices (Dollars per Gallon),2.813,$/GAL
2024-12-30,YCLE,CLEVELAND,EPMR,Regular Gasoline,PTE,Retail Sales,EMM_EPMR_PTE_YCLE_DPG,"Cleveland, OH Regular All Formulations Retail Gasoline Prices (Dollars per Gallon)",3,$/GAL
2024-12-30,YBOS,BOSTON,EPMR,Regular Gasoline,PTE,Retail Sales,EMM_EPMR_PTE_YBOS_DPG,"Boston, MA Regular All Formulations Retail Gasoline Prices (Dollars per Gallon)",2.967,$/GAL
2024-12-30,Y48SE,SEATTLE,EPMR,Regular Gasoline,PTE,Retail Sales,EMM_EPMR_PTE_Y48SE_DPG,"Seattle, WA Regular All Formulations Retail Gasoline Prices (Dollars per Gallon)",4.009,$/GAL
2024-12-30,Y44HO,HOUSTON,EPMR,Regular Gasoline,PTE,Retail Sales,EMM_EPMR_PTE_Y44HO_DPG,Houston Regular All Formulations Retail Gasoline Prices (Dollars per Gallon),2.527,$/GAL
2024-12-30,Y35NY,NEW YORK CITY,EPMR,Regular Gasoline,PTE,Retail Sales,EMM_EPMR_PTE_Y35NY_DPG,New York City Regular All Formulations Retail Gasoline Prices (Dollars per Gallon),2.904,$/GAL
2024-12-30,Y05SF,SAN FRANCISCO,EPMR,Regular Gasoline,PTE,Retail Sales,EMM_EPMR_PTE_Y05SF_DPG,San Francisco Regular All Formulations Retail Gasoline Prices (Dollars per Gallon),4.151,$/GAL
2024-12-30,Y05LA,LOS ANGELES,EPMR,Regular Gasoline,PTE,Retail Sales,EMM_EPMR_PTE_Y05LA_DPG,Los Angeles Regular All Formulations Retail Gasoline Prices (Dollars per Gallon),4.082,$/GAL
2024-12-30,SWA,WASHINGTON,EPMR,Regular Gasoline,PTE,Retail Sales,EMM_EPMR_PTE_SWA_DPG,Washington Regular All Formulations Retail Gasoline Prices (Dollars per Gallon),3.747,$/GAL
2024-12-30,STX,TEXAS,EPMR,Regular Gasoline,PTE,Retail Sales,EMM_EPMR_PTE_STX_DPG,Texas Regular All Formulations Retail Gasoline Prices (Dollars per Gallon),2.576,$/GAL
2024-12-30,SOH,OHIO,EPMR,Regular Gasoline,PTE,Retail Sales,EMM_EPMR_PTE_SOH_DPG,Ohio Regular All Formulations Retail Gasoline Prices (Dollars per Gallon),2.955,$/GAL
2024-12-30,SNY,NEW YORK,EPMR,Regular Gasoline,PTE,Retail Sales,EMM_EPMR_PTE_SNY_DPG,New York Regular All Formulations Retail Gasoline Prices (Dollars per Gallon),3.045,$/GAL
2024-12-30,SMN,MINNESOTA,EPMR,Regular Gasoline,PTE,Retail Sales,EMM_EPMR_PTE_SMN_DPG,Minnesota Regular All Formulations Retail Gasoline Prices (Dollars per Gallon),2.866,$/GAL
2024-12-30,SMA,MASSACHUSETTS,EPMR,Regular Gasoline,PTE,Retail Sales,EMM_EPMR_PTE_SMA_DPG,Massachusetts Regular All Formulations Retail Gasoline Prices (Dollars per Gallon),2.975,$/GAL
2024-12-30,SFL,FLORIDA,EPMR,Regular Gasoline,PTE,Retail Sales,EMM_EPMR_PTE_SFL_DPG,Florida Regular All Formulations Retail Gasoline Prices (Dollars per Gallon),3.001,$/GAL
2024-12-30,SCO,COLORADO,EPMR,Regular Gasoline,PTE,Retail Sales,EMM_EPMR_PTE_SCO_DPG,Colorado Regular All Formulations Retail Gasoline Prices (Dollars per Gallon),2.846,$/GAL
2024-12-30,SCA,CALIFORNIA,EPMR,Regular Gasoline,PTE,Retail Sales,EMM_EPMR_PTE_SCA_DPG,California Regular All Formulations Retail Gasoline Prices (Dollars per Gallon),4.105,$/GAL
2024-12-30,R5XCA,PADD 5 EXCEPT CALIFORNIA,EPMR,Regular Gasoline,PTE,Retail Sales,EMM_EPMR_PTE_R5XCA_DPG,West Coast (PADD 5) Except California Regular All Formulations Retail Gasoline Prices (Dollars per Gallon),3.405,$/GAL
2024-12-30,R50,PADD 5,EPMR,Regular Gasoline,PTE,Retail Sales,EMM_EPMR_PTE_R50_DPG,West Coast Regular All Formulations Retail Gasoline Prices (Dollars per Gallon),3.77,$/GAL
2024-12-30,R40,PADD 4,EPMR,Regular Gasoline,PTE,Retail Sales,EMM_EPMR_PTE_R40_DPG,Rocky Mountain Regular All Formulations Retail Gasoline Prices (Dollars per Gallon),2.881,$/GAL
2024-12-30,R30,PADD 3,EPMR,Regular Gasoline,PTE,Retail Sales,EMM_EPMR_PTE_R30_DPG,Gulf Coast Regular All Formulations Retail Gasoline Prices (Dollars per Gallon),2.613,$/GAL
2024-12-30,R20,PADD 2,EPMR,Regular Gasoline,PTE,Retail Sales,EMM_EPMR_PTE_R20_DPG,Midwest Regular All Formulations Retail Gasoline Prices (Dollars per Gallon),2.875,$/GAL
2024-12-30,R1Z,PADD 1C,EPMR,Regular Gasoline,PTE,Retail Sales,EMM_EPMR_PTE_R1Z_DPG,Lower Atlantic (PADD 1C) Regular All Formulations Retail Gasoline Prices (Dollars per Gallon),2.881,$/GAL
2024-12-30,R1Y,PADD 1B,EPMR,Regular Gasoline,PTE,Retail Sales,EMM_EPMR_PTE_R1Y_DPG,Central Atlantic (PADD 1B) Regular All Formulations Retail Gasoline Prices (Dollars per Gallon),3.066,$/GAL
2024-12-30,R1X,PADD 1A,EPMR,Regular Gasoline,PTE,Retail Sales,EMM_EPMR_PTE_R1X_DPG,New England (PADD 1A) Regular All Formulations Retail Gasoline Prices (Dollars per Gallon),2.978,$/GAL
2024-12-30,R10,PADD 1,EPMR,Regular Gasoline,PTE,Retail Sales,EMM_EPMR_PTE_R10_DPG,East Coast Regular All Formulations Retail Gasoline Prices (Dollars per Gallon),2.956,$/GAL
2024-12-23,NUS,U.S.,EPMR,Regular Gasoline,PTE,Retail Sales,EMM_EPMR_PTE_NUS_DPG,U.S. Regular All Formulations Retail Gasoline Prices (Dollars per Gallon),3.024,$/GAL
2024-12-23,YORD,CHICAGO,EPMR,Regular Gasoline,PTE,Retail Sales,EMM_EPMR_PTE_YORD_DPG,Chicago Regular All Formulations Retail Gasoline Prices (Dollars per Gallon),3.38,$/GAL
2024-12-23,YMIA,MIAMI,EPMR,Regular Gasoline,PTE,Retail Sales,EMM_EPMR_PTE_YMIA_DPG,"Miami, FL Regular All Formulations Retail Gasoline Prices (Dollars per Gallon)",2.954,$/GAL
2024-12-23,YDEN,DENVER,EPMR,Regular Gasoline,PTE,Retail Sales,EMM_EPMR_PTE_YDEN_DPG,Denver Regular All Formulations Retail Gasoline Prices (Dollars per Gallon),2.879,$/GAL
2024-12-23,YCLE,CLEVELAND,EPMR,Regular Gasoline,PTE,Retail Sales,EMM_EPMR_PTE_YCLE_DPG,"Cleveland, OH Regular All Formulations Retail Gasoline Prices (Dollars per Gallon)",3.067,$/GAL
2024-12-23,YBOS,BOSTON,EPMR,Regular Gasoline,PTE,Retail Sales,EMM_EPMR_PTE_YBOS_DPG,"Boston, MA Regular All Formulations Retail Gasoline Prices (Dollars per Gallon)",2.973,$/GAL
2024-12-23,Y48SE,SEATTLE,EPMR,Regular Gasoline,PTE,Retail Sales,EMM_EPMR_PTE_Y48SE_DPG,"Seattle, WA Regular All Formulations Retail Gasoline Prices (Dollars per Gallon)",4.012,$/GAL
2024-12-23,Y44HO,HOUSTON,EPMR,Regular Gasoline,PTE,Retail Sales,EMM_EPMR_PTE_Y44HO_DPG,Houston Regular All Formulations Retail Gasoline Prices (Dollars per Gallon),2.547,$/GAL
2024-12-23,Y35NY,NEW YORK CITY,EPMR,Regular Gasoline,PTE,Retail Sales,EMM_EPMR_PTE_Y35NY_DPG,New York City Regular All Formulations Retail Gasoline Prices (Dollars per Gallon),2.914,$/GAL
2024-12-23,Y05SF,SAN FRANCISCO,EPMR,Regular Gasoline,PTE,Retail Sales,EMM_EPMR_PTE_Y05SF_DPG,San Francisco Regular All Formulations Retail Gasoline Prices (Dollars per Gallon),4.114,$/GAL
2024-12-23,Y05LA,LOS ANGELES,EPMR,Regular Gasoline,PTE,Retail Sales,EMM_EPMR_PTE_Y05LA_DPG,Los Angeles Regular All Formulations Retail Gasoline Prices (Dollars per Gallon),4.082,$/GAL
2024-12-23,SWA,WASHINGTON,EPMR,Regular Gasoline,PTE,Retail Sales,EMM_EPMR_PTE_SWA_DPG,Washington Regular All Formulations Retail Gasoline Prices (Dollars per Gallon),3.763,$/GAL
2024-12-23,STX,TEXAS,EPMR,Regular Gasoline,PTE,Retail Sales,EMM_EPMR_PTE_STX_DPG,Texas Regular All Formulations Retail Gasoline Prices (Dollars per Gallon),2.618,$/GAL
2024-12-23,SOH,OHIO,EPMR,Regular Gasoline,PTE,Retail Sales,EMM_EPMR_PTE_SOH_DPG,Ohio Regular All Formulations Retail Gasoline Prices (Dollars per Gallon),3.132,$/GAL
2024-12-23,SNY,NEW YORK,EPMR,Regular Gasoline,PTE,Retail Sales,EMM_EPMR_PTE_SNY_DPG,New York Regular All Formulations Retail Gasoline Prices (Dollars per Gallon),3.059,$/GAL
2024-12-23,SMN,MINNESOTA,EPMR,Regular Gasoline,PTE,Retail Sales,EMM_EPMR_PTE_SMN_DPG,Minnesota Regular All Formulations Retail Gasoline Prices (Dollars per Gallon),2.91,$/GAL
2024-12-23,SMA,MASSACHUSETTS,EPMR,Regular Gasoline,PTE,Retail Sales,EMM_EPMR_PTE_SMA_DPG,Massachusetts Regular All Formulations Retail Gasoline Prices (Dollars per Gallon),2.973,$/GAL
2024-12-23,SFL,FLORIDA,EPMR,Regular Gasoline,PTE,Retail Sales,EMM_EPMR_PTE_SFL_DPG,Florida Regular All Formulations Retail Gasoline Prices (Dollars per Gallon),2.93,$/GAL
2024-12-23,SCO,COLORADO,EPMR,Regular Gasoline,PTE,Retail Sales,EMM_EPMR_PTE_SCO_DPG,Colorado Regular All Formulations Retail Gasoline Prices (Dollars per Gallon),2.884,$/GAL
2024-12-23,SCA,CALIFORNIA,EPMR,Regular Gasoline,PTE,Retail Sales,EMM_EPMR_PTE_SCA_DPG,California Regular All Formulations Retail Gasoline Prices (Dollars per Gallon),4.094,$/GAL
2024-12-23,R5XCA,PADD 5 EXCEPT CALIFORNIA,EPMR,Regular Gasoline,PTE,Retail Sales,EMM_EPMR_PTE_R5XCA_DPG,West Coast (PADD 5) Except California Regular All Formulations Retail Gasoline Prices (Dollars per Gallon),3.427,$/GAL
2024-12-23,R50,PADD 5,EPMR,Regular Gasoline,PTE,Retail Sales,EMM_EPMR_PTE_R50_DPG,West Coast Regular All Formulations Retail Gasoline Prices (Dollars per Gallon),3.775,$/GAL
2024-12-23,R40,PADD 4,EPMR,Regular Gasoline,PTE,Retail Sales,EMM_EPMR_PTE_R40_DPG,Rocky Mountain Regular All Formulations Retail Gasoline Prices (Dollars per Gallon),2.887,$/GAL
2024-12-23,R30,PADD 3,EPMR,Regular Gasoline,PTE,Retail Sales,EMM_EPMR_PTE_R30_DPG,Gulf Coast Regular All Formulations Retail Gasoline Prices (Dollars per Gallon),2.647,$/GAL
2024-12-23,R20,PADD 2,EPMR,Regular Gasoline,PTE,Retail Sales,EMM_EPMR_PTE_R20_DPG,Midwest Regular All Formulations Retail Gasoline Prices (Dollars per Gallon),2.935,$/GAL
2024-12-23,R1Z,PADD 1C,EPMR,Regular Gasoline,PTE,Retail Sales,EMM_EPMR_PTE_R1Z_DPG,Lower Atlantic (PADD 1C) Regular All Formulations Retail Gasoline Prices (Dollars per Gallon),2.859,$/GAL
2024-12-23,R1Y,PADD 1B,EPMR,Regular Gasoline,PTE,Retail Sales,EMM_EPMR_PTE_R1Y_DPG,Central Atlantic (PADD 1B) Regular All Formulations Retail Gasoline Prices (Dollars per Gallon),3.071,$/GAL
2024-12-23,R1X,PADD 1A,EPMR,Regular Gasoline,PTE,Retail Sales,EMM_EPMR_PTE_R1X_DPG,New England (PADD 1A) Regular All Formulations Retail Gasoline Prices (Dollars per Gallon),2.978,$/GAL
2024-12-23,R10,PADD 1,EPMR,Regular Gasoline,PTE,Retail Sales,EMM_EPMR_PTE_R10_DPG,East Coast Regular All Formulations Retail Gasoline Prices (Dollars per Gallon),2.945,$/GAL
2024-12-16,NUS,U.S.,EPMR,Regular Gasoline,PTE,Retail Sales,EMM_EPMR_PTE_NUS_DPG,U.S. Regular All Formulations Retail Gasoline Prices (Dollars per Gallon),3.016,$/GAL
2024-12-16,YORD,CHICAGO,EPMR,Regular Gasoline,PTE,Retail Sales,EMM_EPMR_PTE_YORD_DPG,Chicago Regular All Formulations Retail Gasoline Prices (Dollars per Gallon),3.297,$/GAL
2024-12-16,YMIA,MIAMI,EPMR,Regular Gasoline,PTE,Retail Sales,EMM_EPMR_PTE_YMIA_DPG,"Miami, FL Regular All Formulations Retail Gasoline Prices (Dollars per Gallon)",3.118,$/GAL
2024-12-16,YDEN,DENVER,EPMR,Regular Gasoline,PTE,Retail Sales,EMM_EPMR_PTE_YDEN_DPG,Denver Regular All Formulations Retail Gasoline Prices (Dollars per Gallon),2.788,$/GAL
2024-12-16,YCLE,CLEVELAND,EPMR,Regular Gasoline,PTE,Retail Sales,EMM_EPMR_PTE_YCLE_DPG,"Cleveland, OH Regular All Formulations Retail Gasoline Prices (Dollars per Gallon)",3.021,$/GAL
2024-12-16,YBOS,BOSTON,EPMR,Regular Gasoline,PTE,Retail Sales,EMM_EPMR_PTE_YBOS_DPG,"Boston, MA Regular All Formulations Retail Gasoline Prices (Dollars per Gallon)",2.987,$/GAL
2024-12-16,Y48SE,SEATTLE,EPMR,Regular Gasoline,PTE,Retail Sales,EMM_EPMR_PTE_Y48SE_DPG,"Seattle, WA Regular All Formulations Retail Gasoline Prices (Dollars per Gallon)",4.04,$/GAL
2024-12-16,Y44HO,HOUSTON,EPMR,Regular Gasoline,PTE,Retail Sales,EMM_EPMR_PTE_Y44HO_DPG,Houston Regular All Formulations Retail Gasoline Prices (Dollars per Gallon),2.531,$/GAL
2024-12-16,Y35NY,NEW YORK CITY,EPMR,Regular Gasoline,PTE,Retail Sales,EMM_EPMR_PTE_Y35NY_DPG,New York City Regular All Formulations Retail Gasoline Prices (Dollars per Gallon),2.928,$/GAL
2024-12-16,Y05SF,SAN FRANCISCO,EPMR,Regular Gasoline,PTE,Retail Sales,EMM_EPMR_PTE_Y05SF_DPG,San Francisco Regular All Formulations Retail Gasoline Prices (Dollars per Gallon),4.105,$/GAL
2024-12-16,Y05LA,LOS ANGELES,EPMR,Regular Gasoline,PTE,Retail Sales,EMM_EPMR_PTE_Y05LA_DPG,Los Angeles Regular All Formulations Retail Gasoline Prices (Dollars per Gallon),4.065,$/GAL
2024-12-16,SWA,WASHINGTON,EPMR,Regular Gasoline,PTE,Retail Sales,EMM_EPMR_PTE_SWA_DPG,Washington Regular All Formulations Retail Gasoline Prices (Dollars per Gallon),3.776,$/GAL
2024-12-16,STX,TEXAS,EPMR,Regular Gasoline,PTE,Retail Sales,EMM_EPMR_PTE_STX_DPG,Texas Regular All Formulations Retail Gasoline Prices (Dollars per Gallon),2.508,$/GAL
2024-12-16,SOH,OHIO,EPMR,Regular Gasoline,PTE,Retail Sales,EMM_EPMR_PTE_SOH_DPG,Ohio Regular All Formulations Retail Gasoline Prices (Dollars per Gallon),3.053,$/GAL
2024-12-16,SNY,NEW YORK,EPMR,Regular Gasoline,PTE,Retail Sales,EMM_EPMR_PTE_SNY_DPG,New York Regular All Formulations Retail Gasoline Prices (Dollars per Gallon),3.068,$/GAL
2024-12-16,SMN,MINNESOTA,EPMR,Regular Gasoline,PTE,Retail Sales,EMM_EPMR_PTE_SMN_DPG,Minnesota Regular All Formulations Retail Gasoline Prices (Dollars per Gallon),2.859,$/GAL
2024-12-16,SMA,MASSACHUSETTS,EPMR,Regular Gasoline,PTE,Retail Sales,EMM_EPMR_PTE_SMA_DPG,Massachusetts Regular All Formulations Retail Gasoline Prices (Dollars per Gallon),2.972,$/GAL
2024-12-16,SFL,FLORIDA,EPMR,Regular Gasoline,PTE,Retail Sales,EMM_EPMR_PTE_SFL_DPG,Florida Regular All Formulations Retail Gasoline Prices (Dollars per Gallon),3.092,$/GAL
2024-12-16,SCO,COLORADO,EPMR,Regular Gasoline,PTE,Retail Sales,EMM_EPMR_PTE_SCO_DPG,Colorado Regular All Formulations Retail Gasoline Prices (Dollars per Gallon),2.803,$/GAL
2024-12-16,SCA,CALIFORNIA,EPMR,Regular Gasoline,PTE,Retail Sales,EMM_EPMR_PTE_SCA_DPG,California Regular All Formulations Retail Gasoline Prices (Dollars per Gallon),4.096,$/GAL
2024-12-16,R5XCA,PADD 5 EXCEPT CALIFORNIA,EPMR,Regular Gasoline,PTE,Retail Sales,EMM_EPMR_PTE_R5XCA_DPG,West Coast (PADD 5) Except California Regular All Formulations Retail Gasoline Prices (Dollars per Gallon),3.445,$/GAL
2024-12-16,R50,PADD 5,EPMR,Regular Gasoline,PTE,Retail Sales,EMM_EPMR_PTE_R50_DPG,West Coast Regular All Formulations Retail Gasoline Prices (Dollars per Gallon),3.785,$/GAL
2024-12-16,R40,PADD 4,EPMR,Regular Gasoline,PTE,Retail Sales,EMM_EPMR_PTE_R40_DPG,Rocky Mountain Regular All Formulations Retail Gasoline Prices (Dollars per Gallon),2.839,$/GAL
2024-12-16,R30,PADD 3,EPMR,Regular Gasoline,PTE,Retail Sales,EMM_EPMR_PTE_R30_DPG,Gulf Coast Regular All Formulations Retail Gasoline Prices (Dollars per Gallon),2.562,$/GAL
2024-12-16,R20,PADD 2,EPMR,Regular Gasoline,PTE,Retail Sales,EMM_EPMR_PTE_R20_DPG,Midwest Regular All Formulations Retail Gasoline Prices (Dollars per Gallon),2.884,$/GAL
2024-12-16,R1Z,PADD 1C,EPMR,Regular Gasoline,PTE,Retail Sales,EMM_EPMR_PTE_R1Z_DPG,Lower Atlantic (PADD 1C) Regular All Formulations Retail Gasoline Prices (Dollars per Gallon),2.933,$/GAL
2024-12-16,R1Y,PADD 1B,EPMR,Regular Gasoline,PTE,Retail Sales,EMM_EPMR_PTE_R1Y_DPG,Central Atlantic (PADD 1B) Regular All Formulations Retail Gasoline Prices (Dollars per Gallon),3.088,$/GAL
2024-12-16,R1X,PADD 1A,EPMR,Regular Gasoline,PTE,Retail Sales,EMM_EPMR_PTE_R1X_DPG,New England (PADD 1A) Regular All Formulations Retail Gasoline Prices (Dollars per Gallon),2.981,$/GAL
2024-12-16,R10,PADD 1,EPMR,Regular Gasoline,PTE,Retail Sales,EMM_EPMR_PTE_R10_DPG,East Coast Regular All Formulations Retail Gasoline Prices (Dollars per Gallon),2.991,$/GAL
2024-12-09,NUS,U.S.,EPMR,Regular Gasoline,PTE,Retail Sales,EMM_EPMR_PTE_NUS_DPG,U.S. Regular All Formulations Retail Gasoline Prices (Dollars per Gallon),3.008,$/GAL
2024-12-09,YORD,CHICAGO,EPMR,Regular Gasoline,PTE,Retail Sales,EMM_EPMR_PTE_YORD_DPG,Chicago Regular All Formulations Retail Gasoline Prices (Dollars per Gallon),3.219,$/GAL
2024-12-09,YMIA,MIAMI,EPMR,Regular Gasoline,PTE,Retail Sales,EMM_EPMR_PTE_YMIA_DPG,"Miami, FL Regular All Formulations Retail Gasoline Prices (Dollars per Gallon)",3.099,$/GAL
2024-12-09,YDEN,DENVER,EPMR,Regular Gasoline,PTE,Retail Sales,EMM_EPMR_PTE_YDEN_DPG,Denver Regular All Formulations Retail Gasoline Prices (Dollars per Gallon),2.67,$/GAL
2024-12-09,YCLE,CLEVELAND,EPMR,Regular Gasoline,PTE,Retail Sales,EMM_EPMR_PTE_YCLE_DPG,"Cleveland, OH Regular All Formulations Retail Gasoline Prices (Dollars per Gallon)",2.843,$/GAL
2024-12-09,YBOS,BOSTON,EPMR,Regular Gasoline,PTE,Retail Sales,EMM_EPMR_PTE_YBOS_DPG,"Boston, MA Regular All Formulations Retail Gasoline Prices (Dollars per Gallon)",2.983,$/GAL
2024-12-09,Y48SE,SEATTLE,EPMR,Regular Gasoline,PTE,Retail Sales,EMM_EPMR_PTE_Y48SE_DPG,"Seattle, WA Regular All Formulations Retail Gasoline Prices (Dollars per Gallon)",4.058,$/GAL
2024-12-09,Y44HO,HOUSTON,EPMR,Regular Gasoline,PTE,Retail Sales,EMM_EPMR_PTE_Y44HO_DPG,Houston Regular All Formulations Retail Gasoline Prices (Dollars per Gallon),2.55,$/GAL
2024-12-09,Y35NY,NEW YORK CITY,EPMR,Regular Gasoline,PTE,Retail Sales,EMM_EPMR_PTE_Y35NY_DPG,New York City Regular All Formulations Retail Gasoline Prices (Dollars per Gallon),2.938,$/GAL
2024-12-09,Y05SF,SAN FRANCISCO,EPMR,Regular Gasoline,PTE,Retail Sales,EMM_EPMR_PTE_Y05SF_DPG,San Francisco Regular All Formulations Retail Gasoline Prices (Dollars per Gallon),4.158,$/GAL
2024-12-09,Y05LA,LOS ANGELES,EPMR,Regular Gasoline,PTE,Retail Sales,EMM_EPMR_PTE_Y05LA_DPG,Los Angeles Regular All Formulations Retail Gasoline Prices (Dollars per Gallon),4.099,$/GAL
2024-12-09,SWA,WASHINGTON,EPMR,Regular Gasoline,PTE,Retail Sales,EMM_EPMR_PTE_SWA_DPG,Washington Regular All Formulations Retail Gasoline Prices (Dollars per Gallon),3.825,$/GAL
2024-12-09,STX,TEXAS,EPMR,Regular Gasoline,PTE,Retail Sales,EMM_EPMR_PTE_STX_DPG,Texas Regular All Formulations Retail Gasoline Prices (Dollars per Gallon),2.56,$/GAL
2024-12-09,SOH,OHIO,EPMR,Regular Gasoline,PTE,Retail Sales,EMM_EPMR_PTE_SOH_DPG,Ohio Regular All Formulations Retail Gasoline Prices (Dollars per Gallon),2.791,$/GAL
2024-12-09,SNY,NEW YORK,EPMR,Regular Gasoline,PTE,Retail Sales,EMM_EPMR_PTE_SNY_DPG,New York Regular All Formulations Retail Gasoline Prices (Dollars per Gallon),3.087,$/GAL
2024-12-09,SMN,MINNESOTA,EPMR,Regular Gasoline,PTE,Retail Sales,EMM_EPMR_PTE_SMN_DPG,Minnesota Regular All Formulations Retail Gasoline Prices (Dollars per Gallon),2.852,$/GAL
2024-12-09,SMA,MASSACHUSETTS,EPMR,Regular Gasoline,PTE,Retail Sales,EMM_EPMR_PTE_SMA_DPG,Massachusetts Regular All Formulations Retail Gasoline Prices (Dollars per Gallon),2.983,$/GAL
2024-12-09,SFL,FLORIDA,EPMR,Regular Gasoline,PTE,Retail Sales,EMM_EPMR_PTE_SFL_DPG,Florida Regular All Formulations Retail Gasoline Prices (Dollars per Gallon),3.088,$/GAL
2024-12-09,SCO,COLORADO,EPMR,Regular Gasoline,PTE,Retail Sales,EMM_EPMR_PTE_SCO_DPG,Colorado Regular All Formulations Retail Gasoline Prices (Dollars per Gallon),2.732,$/GAL
2024-12-09,SCA,CALIFORNIA,EPMR,Regular Gasoline,PTE,Retail Sales,EMM_EPMR_PTE_SCA_DPG,California Regular All Formulations Retail Gasoline Prices (Dollars per Gallon),4.141,$/GAL
2024-12-09,R5XCA,PADD 5 EXCEPT CALIFORNIA,EPMR,Regular Gasoline,PTE,Retail Sales,EMM_EPMR_PTE_R5XCA_DPG,West Coast (PADD 5) Except California Regular All Formulations Retail Gasoline Prices (Dollars per Gallon),3.484,$/GAL
2024-12-09,R50,PADD 5,EPMR,Regular Gasoline,PTE,Retail Sales,EMM_EPMR_PTE_R50_DPG,West Coast Regular All Formulations Retail Gasoline Prices (Dollars per Gallon),3.827,$/GAL
2024-12-09,R40,PADD 4,EPMR,Regular Gasoline,PTE,Retail Sales,EMM_EPMR_PTE_R40_DPG,Rocky Mountain Regular All Formulations Retail Gasoline Prices (Dollars per Gallon),2.786,$/GAL
2024-12-09,R30,PADD 3,EPMR,Regular Gasoline,PTE,Retail Sales,EMM_EPMR_PTE_R30_DPG,Gulf Coast Regular All Formulations Retail Gasoline Prices (Dollars per Gallon),2.603,$/GAL
2024-12-09,R20,PADD 2,EPMR,Regular Gasoline,PTE,Retail Sales,EMM_EPMR_PTE_R20_DPG,Midwest Regular All Formulations Retail Gasoline Prices (Dollars per Gallon),2.808,$/GAL
2024-12-09,R1Z,PADD 1C,EPMR,Regular Gasoline,PTE,Retail Sales,EMM_EPMR_PTE_R1Z_DPG,Lower Atlantic (PADD 1C) Regular All Formulations Retail Gasoline Prices (Dollars per Gallon),2.925,$/GAL
2024-12-09,R1Y,PADD 1B,EPMR,Regular Gasoline,PTE,Retail Sales,EMM_EPMR_PTE_R1Y_DPG,Central Atlantic (PADD 1B) Regular All Formulations Retail Gasoline Prices (Dollars per Gallon),3.116,$/GAL
2024-12-09,R1X,PADD 1A,EPMR,Regular Gasoline,PTE,Retail Sales,EMM_EPMR_PTE_R1X_DPG,New England (PADD 1A) Regular All Formulations Retail Gasoline Prices (Dollars per Gallon),2.99,$/GAL
2024-12-09,R10,PADD 1,EPMR,Regular Gasoline,PTE,Retail Sales,EMM_EPMR_PTE_R10_DPG,East Coast Regular All Formulations Retail Gasoline Prices (Dollars per Gallon),2.999,$/GAL
2024-12-02,NUS,U.S.,EPMR,Regular Gasoline,PTE,Retail Sales,EMM_EPMR_PTE_NUS_DPG,U.S. Regular All Formulations Retail Gasoline Prices (Dollars per Gallon),3.034,$/GAL
2024-12-02,YORD,CHICAGO,EPMR,Regular Gasoline,PTE,Retail Sales,EMM_EPMR_PTE_YORD_DPG,Chicago Regular All Formulations Retail Gasoline Prices (Dollars per Gallon),3.346,$/GAL
2024-12-02,YMIA,MIAMI,EPMR,Regular Gasoline,PTE,Retail Sales,EMM_EPMR_PTE_YMIA_DPG,"Miami, FL Regular All Formulations Retail Gasoline Prices (Dollars per Gallon)",3.061,$/GAL
2024-12-02,YDEN,DENVER,EPMR,Regular Gasoline,PTE,Retail Sales,EMM_EPMR_PTE_YDEN_DPG,Denver Regular All Formulations Retail Gasoline Prices (Dollars per Gallon),2.719,$/GAL
2024-12-02,YCLE,CLEVELAND,EPMR,Regular Gasoline,PTE,Retail Sales,EMM_EPMR_PTE_YCLE_DPG,"Cleveland, OH Regular All Formulations Retail Gasoline Prices (Dollars per Gallon)",2.944,$/GAL
2024-12-02,YBOS,BOSTON,EPMR,Regular Gasoline,PTE,Retail Sales,EMM_EPMR_PTE_YBOS_DPG,"Boston, MA Regular All Formulations Retail Gasoline Prices (Dollars per Gallon)",3.013,$/GAL
2024-12-02,Y48SE,SEATTLE,EPMR,Regular Gasoline,PTE,Retail Sales,EMM_EPMR_PTE_Y48SE_DPG,"Seattle, WA Regular All Formulations Retail Gasoline Prices (Dollars per Gallon)",4.1,$/GAL
2024-12-02,Y44HO,HOUSTON,EPMR,Regular Gasoline,PTE,Retail Sales,EMM_EPMR_PTE_Y44HO_DPG,Houston Regular All Formulations Retail Gasoline Prices (Dollars per Gallon),2.547,$/GAL
2024-12-02,Y35NY,NEW YORK CITY,EPMR,Regular Gasoline,PTE,Retail Sales,EMM_EPMR_PTE_Y35NY_DPG,New York City Regular All Formulations Retail Gasoline Prices (Dollars per Gallon),2.948,$/GAL
2024-12-02,Y05SF,SAN FRANCISCO,EPMR,Regular Gasoline,PTE,Retail Sales,EMM_EPMR_PTE_Y05SF_DPG,San Francisco Regular All Formulations Retail Gasoline Prices (Dollars per Gallon),4.26,$/GAL
2024-12-02,Y05LA,LOS ANGELES,EPMR,Regular Gasoline,PTE,Retail Sales,EMM_EPMR_PTE_Y05LA_DPG,Los Angeles Regular All Formulations Retail Gasoline Prices (Dollars per Gallon),4.124,$/GAL
2024-12-02,SWA,WASHINGTON,EPMR,Regular Gasoline,PTE,Retail Sales,EMM_EPMR_PTE_SWA_DPG,Washington Regular All Formulations Retail Gasoline Prices (Dollars per Gallon),3.872,$/GAL
2024-12-02,STX,TEXAS,EPMR,Regular Gasoline,PTE,Retail Sales,EMM_EPMR_PTE_STX_DPG,Texas Regular All Formulations Retail Gasoline Prices (Dollars per Gallon),2.521,$/GAL
2024-12-02,SOH,OHIO,EPMR,Regular Gasoline,PTE,Retail Sales,EMM_EPMR_PTE_SOH_DPG,Ohio Regular All Formulations Retail Gasoline Prices (Dollars per Gallon),3.002,$/GAL
2024-12-02,SNY,NEW YORK,EPMR,Regular Gasoline,PTE,Retail Sales,EMM_EPMR_PTE_SNY_DPG,New York Regular All Formulations Retail Gasoline Prices (Dollars per Gallon),3.091,$/GAL
2024-12-02,SMN,MINNESOTA,EPMR,Regular Gasoline,PTE,Retail Sales,EMM_EPMR_PTE_SMN_DPG,Minnesota Regular All Formulations Retail Gasoline Prices (Dollars per Gallon),2.856,$/GAL
2024-12-02,SMA,MASSACHUSETTS,EPMR,Regular Gasoline,PTE,Retail Sales,EMM_EPMR_PTE_SMA_DPG,Massachusetts Regular All Formulations Retail Gasoline Prices (Dollars per Gallon),3.001,$/GAL
2024-12-02,SFL,FLORIDA,EPMR,Regular Gasoline,PTE,Retail Sales,EMM_EPMR_PTE_SFL_DPG,Florida Regular All Formulations Retail Gasoline Prices (Dollars per Gallon),3.03,$/GAL
2024-12-02,SCO,COLORADO,EPMR,Regular Gasoline,PTE,Retail Sales,EMM_EPMR_PTE_SCO_DPG,Colorado Regular All Formulations Retail Gasoline Prices (Dollars per Gallon),2.78,$/GAL
2024-12-02,SCA,CALIFORNIA,EPMR,Regular Gasoline,PTE,Retail Sales,EMM_EPMR_PTE_SCA_DPG,California Regular All Formulations Retail Gasoline Prices (Dollars per Gallon),4.177,$/GAL
2024-12-02,R5XCA,PADD 5 EXCEPT CALIFORNIA,EPMR,Regular Gasoline,PTE,Retail Sales,EMM_EPMR_PTE_R5XCA_DPG,West Coast (PADD 5) Except California Regular All Formulations Retail Gasoline Prices (Dollars per Gallon),3.521,$/GAL
2024-12-02,R50,PADD 5,EPMR,Regular Gasoline,PTE,Retail Sales,EMM_EPMR_PTE_R50_DPG,West Coast Regular All Formulations Retail Gasoline Prices (Dollars per Gallon),3.863,$/GAL
2024-12-02,R40,PADD 4,EPMR,Regular Gasoline,PTE,Retail Sales,EMM_EPMR_PTE_R40_DPG,Rocky Mountain Regular All Formulations Retail Gasoline Prices (Dollars per Gallon),2.787,$/GAL
2024-12-02,R30,PADD 3,EPMR,Regular Gasoline,PTE,Retail Sales,EMM_EPMR_PTE_R30_DPG,Gulf Coast Regular All Formulations Retail Gasoline Prices (Dollars per Gallon),2.581,$/GAL
2024-12-02,R20,PADD 2,EPMR,Regular Gasoline,PTE,Retail Sales,EMM_EPMR_PTE_R20_DPG,Midwest Regular All Formulations Retail Gasoline Prices (Dollars per Gallon),2.902,$/GAL
2024-12-02,R1Z,PADD 1C,EPMR,Regular Gasoline,PTE,Retail Sales,EMM_EPMR_PTE_R1Z_DPG,Lower Atlantic (PADD 1C) Regular All Formulations Retail Gasoline Prices (Dollars per Gallon),2.9,$/GAL
2024-12-02,R1Y,PADD 1B,EPMR,Regular Gasoline,PTE,Retail Sales,EMM_EPMR_PTE_R1Y_DPG,Central Atlantic (PADD 1B) Regular All Formulations Retail Gasoline Prices (Dollars per Gallon),3.12,$/GAL
2024-12-02,R1X,PADD 1A,EPMR,Regular Gasoline,PTE,Retail Sales,EMM_EPMR_PTE_R1X_DPG,New England (PADD 1A) Regular All Formulations Retail Gasoline Prices (Dollars per Gallon),3.012,$/GAL
2024-12-02,R10,PADD 1,EPMR,Regular Gasoline,PTE,Retail Sales,EMM_EPMR_PTE_R10_DPG,East Coast Regular All Formulations Retail Gasoline Prices (Dollars per Gallon),2.989,$/GAL
2024-11-25,NUS,U.S.,EPMR,Regular Gasoline,PTE,Retail Sales,EMM_EPMR_PTE_NUS_DPG,U.S. Regular All Formulations Retail Gasoline Prices (Dollars per Gallon),3.044,$/GAL
2024-11-25,YORD,CHICAGO,EPMR,Regular Gasoline,PTE,Retail Sales,EMM_EPMR_PTE_YORD_DPG,Chicago Regular All Formulations Retail Gasoline Prices (Dollars per Gallon),3.258,$/GAL
2024-11-25,YMIA,MIAMI,EPMR,Regular Gasoline,PTE,Retail Sales,EMM_EPMR_PTE_YMIA_DPG,"Miami, FL Regular All Formulations Retail Gasoline Prices (Dollars per Gallon)",3.091,$/GAL
2024-11-25,YDEN,DENVER,EPMR,Regular Gasoline,PTE,Retail Sales,EMM_EPMR_PTE_YDEN_DPG,Denver Regular All Formulations Retail Gasoline Prices (Dollars per Gallon),2.658,$/GAL
2024-11-25,YCLE,CLEVELAND,EPMR,Regular Gasoline,PTE,Retail Sales,EMM_EPMR_PTE_YCLE_DPG,"Cleveland, OH Regular All Formulations Retail Gasoline Prices (Dollars per Gallon)",2.855,$/GAL
2024-11-25,YBOS,BOSTON,EPMR,Regular Gasoline,PTE,Retail Sales,EMM_EPMR_PTE_YBOS_DPG,"Boston, MA Regular All Formulations Retail Gasoline Prices (Dollars per Gallon)",2.988,$/GAL
2024-11-25,Y48SE,SEATTLE,EPMR,Regular Gasoline,PTE,Retail Sales,EMM_EPMR_PTE_Y48SE_DPG,"Seattle, WA Regular All Formulations Retail Gasoline Prices (Dollars per Gallon)",4.104,$/GAL
2024-11-25,Y44HO,HOUSTON,EPMR,Regular Gasoline,PTE,Retail Sales,EMM_EPMR_PTE_Y44HO_DPG,Houston Regular All Formulations Retail Gasoline Prices (Dollars per Gallon),2.559,$/GAL
2024-11-25,Y35NY,NEW YORK CITY,EPMR,Regular Gasoline,PTE,Retail Sales,EMM_EPMR_PTE_Y35NY_DPG,New York City Regular All Formulations Retail Gasoline Prices (Dollars per Gallon),2.944,$/GAL
2024-11-25,Y05SF,SAN FRANCISCO,EPMR,Regular Gasoline,PTE,Retail Sales,EMM_EPMR_PTE_Y05SF_DPG,San Francisco Regular All Formulations Retail Gasoline Prices (Dollars per Gallon),4.276,$/GAL
2024-11-25,Y05LA,LOS ANGELES,EPMR,Regular Gasoline,PTE,Retail Sales,EMM_EPMR_PTE_Y05LA_DPG,Los Angeles Regular All Formulations Retail Gasoline Prices (Dollars per Gallon),4.156,$/GAL
2024-11-25,SWA,WASHINGTON,EPMR,Regular Gasoline,PTE,Retail Sales,EMM_EPMR_PTE_SWA_DPG,Washington Regular All Formulations Retail Gasoline Prices (Dollars per Gallon),3.834,$/GAL
2024-11-25,STX,TEXAS,EPMR,Regular Gasoline,PTE,Retail Sales,EMM_EPMR_PTE_STX_DPG,Texas Regular All Formulations Retail Gasoline Prices (Dollars per Gallon),2.596,$/GAL
2024-11-25,SOH,OHIO,EPMR,Regular Gasoline,PTE,Retail Sales,EMM_EPMR_PTE_SOH_DPG,Ohio Regular All Formulations Retail Gasoline Prices (Dollars per Gallon),2.786,$/GAL
2024-11-25,SNY,NEW YORK,EPMR,Regular Gasoline,PTE,Retail Sales,EMM_EPMR_PTE_SNY_DPG,New York Regular All Formulations Retail Gasoline Prices (Dollars per Gallon),3.087,$/GAL
2024-11-25,SMN,MINNESOTA,EPMR,Regular Gasoline,PTE,Retail Sales,EMM_EPMR_PTE_SMN_DPG,Minnesota Regular All Formulations Retail Gasoline Prices (Dollars per Gallon),2.893,$/GAL
2024-11-25,SMA,MASSACHUSETTS,EPMR,Regular Gasoline,PTE,Retail Sales,EMM_EPMR_PTE_SMA_DPG,Massachusetts Regular All Formulations Retail Gasoline Prices (Dollars per Gallon),2.962,$/GAL
2024-11-25,SFL,FLORIDA,EPMR,Regular Gasoline,PTE,Retail Sales,EMM_EPMR_PTE_SFL_DPG,Florida Regular All Formulations Retail Gasoline Prices (Dollars per Gallon),3.074,$/GAL
2024-11-25,SCO,COLORADO,EPMR,Regular Gasoline,PTE,Retail Sales,EMM_EPMR_PTE_SCO_DPG,Colorado Regular All Formulations Retail Gasoline Prices (Dollars per Gallon),2.762,$/GAL
2024-11-25,SCA,CALIFORNIA,EPMR,Regular Gasoline,PTE,Retail Sales,EMM_EPMR_PTE_SCA_DPG,California Regular All Formulations Retail Gasoline Prices (Dollars per Gallon),4.202,$/GAL
2024-11-25,R5XCA,PADD 5 EXCEPT CALIFORNIA,EPMR,Regular Gasoline,PTE,Retail Sales,EMM_EPMR_PTE_R5XCA_DPG,West Coast (PADD 5) Except California Regular All Formulations Retail Gasoline Prices (Dollars per Gallon),3.538,$/GAL
2024-11-25,R50,PADD 5,EPMR,Regular Gasoline,PTE,Retail Sales,EMM_EPMR_PTE_R50_DPG,West Coast Regular All Formulations Retail Gasoline Prices (Dollars per Gallon),3.884,$/GAL
2024-11-25,R40,PADD 4,EPMR,Regular Gasoline,PTE,Retail Sales,EMM_EPMR_PTE_R40_DPG,Rocky Mountain Regular All Formulations Retail Gasoline Prices (Dollars per Gallon),2.828,$/GAL
2024-11-25,R30,PADD 3,EPMR,Regular Gasoline,PTE,Retail Sales,EMM_EPMR_PTE_R30_DPG,Gulf Coast Regular All Formulations Retail Gasoline Prices (Dollars per Gallon),2.635,$/GAL
2024-11-25,R20,PADD 2,EPMR,Regular Gasoline,PTE,Retail Sales,EMM_EPMR_PTE_R20_DPG,Midwest Regular All Formulations Retail Gasoline Prices (Dollars per Gallon),2.866,$/GAL
2024-11-25,R1Z,PADD 1C,EPMR,Regular Gasoline,PTE,Retail Sales,EMM_EPMR_PTE_R1Z_DPG,Lower Atlantic (PADD 1C) Regular All Formulations Retail Gasoline Prices (Dollars per Gallon),2.937,$/GAL
2024-11-25,R1Y,PADD 1B,EPMR,Regular Gasoline,PTE,Retail Sales,EMM_EPMR_PTE_R1Y_DPG,Central Atlantic (PADD 1B) Regular All Formulations Retail Gasoline Prices (Dollars per Gallon),3.132,$/GAL
2024-11-25,R1X,PADD 1A,EPMR,Regular Gasoline,PTE,Retail Sales,EMM_EPMR_PTE_R1X_DPG,New England (PADD 1A) Regular All Formulations Retail Gasoline Prices (Dollars per Gallon),2.997,$/GAL
2024-11-25,R10,PADD 1,EPMR,Regular Gasoline,PTE,Retail Sales,EMM_EPMR_PTE_R10_DPG,East Coast Regular All Formulations Retail Gasoline Prices (Dollars per Gallon),3.011,$/GAL
2024-11-18,NUS,U.S.,EPMR,Regular Gasoline,PTE,Retail Sales,EMM_EPMR_PTE_NUS_DPG,U.S. Regular All Formulations Retail Gasoline Prices (Dollars per Gallon),3.046,$/GAL
2024-11-18,YORD,CHICAGO,EPMR,Regular Gasoline,PTE,Retail Sales,EMM_EPMR_PTE_YORD_DPG,Chicago Regular All Formulations Retail Gasoline Prices (Dollars per Gallon),3.28,$/GAL
2024-11-18,YMIA,MIAMI,EPMR,Regular Gasoline,PTE,Retail Sales,EMM_EPMR_PTE_YMIA_DPG,"Miami, FL Regular All Formulations Retail Gasoline Prices (Dollars per Gallon)",3.102,$/GAL
2024-11-18,YDEN,DENVER,EPMR,Regular Gasoline,PTE,Retail Sales,EMM_EPMR_PTE_YDEN_DPG,Denver Regular All Formulations Retail Gasoline Prices (Dollars per Gallon),2.802,$/GAL
2024-11-18,YCLE,CLEVELAND,EPMR,Regular Gasoline,PTE,Retail Sales,EMM_EPMR_PTE_YCLE_DPG,"Cleveland, OH Regular All Formulations Retail Gasoline Prices (Dollars per Gallon)",2.813,$/GAL
2024-11-18,YBOS,BOSTON,EPMR,Regular Gasoline,PTE,Retail Sales,EMM_EPMR_PTE_YBOS_DPG,"Boston, MA Regular All Formulations Retail Gasoline Prices (Dollars per Gallon)",2.977,$/GAL
2024-11-18,Y48SE,SEATTLE,EPMR,Regular Gasoline,PTE,Retail Sales,EMM_EPMR_PTE_Y48SE_DPG,"Seattle, WA Regular All Formulations Retail Gasoline Prices (Dollars per Gallon)",4.093,$/GAL
2024-11-18,Y44HO,HOUSTON,EPMR,Regular Gasoline,PTE,Retail Sales,EMM_EPMR_PTE_Y44HO_DPG,Houston Regular All Formulations Retail Gasoline Prices (Dollars per Gallon),2.567,$/GAL
2024-11-18,Y35NY,NEW YORK CITY,EPMR,Regular Gasoline,PTE,Retail Sales,EMM_EPMR_PTE_Y35NY_DPG,New York City Regular All Formulations Retail Gasoline Prices (Dollars per Gallon),2.906,$/GAL
2024-11-18,Y05SF,SAN FRANCISCO,EPMR,Regular Gasoline,PTE,Retail Sales,EMM_EPMR_PTE_Y05SF_DPG,San Francisco Regular All Formulations Retail Gasoline Prices (Dollars per Gallon),4.298,$/GAL
2024-11-18,Y05LA,LOS ANGELES,EPMR,Regular Gasoline,PTE,Retail Sales,EMM_EPMR_PTE_Y05LA_DPG,Los Angeles Regular All Formulations Retail Gasoline Prices (Dollars per Gallon),4.128,$/GAL
2024-11-18,SWA,WASHINGTON,EPMR,Regular Gasoline,PTE,Retail Sales,EMM_EPMR_PTE_SWA_DPG,Washington Regular All Formulations Retail Gasoline Prices (Dollars per Gallon),3.843,$/GAL
2024-11-18,STX,TEXAS,EPMR,Regular Gasoline,PTE,Retail Sales,EMM_EPMR_PTE_STX_DPG,Texas Regular All Formulations Retail Gasoline Prices (Dollars per Gallon),2.59,$/GAL
2024-11-18,SOH,OHIO,EPMR,Regular Gasoline,PTE,Retail Sales,EMM_EPMR_PTE_SOH_DPG,Ohio Regular All Formulations Retail Gasoline Prices (Dollars per Gallon),2.784,$/GAL
2024-11-18,SNY,NEW YORK,EPMR,Regular Gasoline,PTE,Retail Sales,EMM_EPMR_PTE_SNY_DPG,New York Regular All Formulations Retail Gasoline Prices (Dollars per Gallon),3.06,$/GAL
2024-11-18,SMN,MINNESOTA,EPMR,Regular Gasoline,PTE,Retail Sales,EMM_EPMR_PTE_SMN_DPG,Minnesota Regular All Formulations Retail Gasoline Prices (Dollars per Gallon),2.937,$/GAL
2024-11-18,SMA,MASSACHUSETTS,EPMR,Regular Gasoline,PTE,Retail Sales,EMM_EPMR_PTE_SMA_DPG,Massachusetts Regular All Formulations Retail Gasoline Prices (Dollars per Gallon),2.954,$/GAL
2024-11-18,SFL,FLORIDA,EPMR,Regular Gasoline,PTE,Retail Sales,EMM_EPMR_PTE_SFL_DPG,Florida Regular All Formulations Retail Gasoline Prices (Dollars per Gallon),3.062,$/GAL
2024-11-18,SCO,COLORADO,EPMR,Regular Gasoline,PTE,Retail Sales,EMM_EPMR_PTE_SCO_DPG,Colorado Regular All Formulations Retail Gasoline Prices (Dollars per Gallon),2.891,$/GAL
2024-11-18,SCA,CALIFORNIA,EPMR,Regular Gasoline,PTE,Retail Sales,EMM_EPMR_PTE_SCA_DPG,California Regular All Formulations Retail Gasoline Prices (Dollars per Gallon),4.196,$/GAL
2024-11-18,R5XCA,PADD 5 EXCEPT CALIFORNIA,EPMR,Regular Gasoline,PTE,Retail Sales,EMM_EPMR_PTE_R5XCA_DPG,West Coast (PADD 5) Except California Regular All Formulations Retail Gasoline Prices (Dollars per Gallon),3.526,$/GAL
2024-11-18,R50,PADD 5,EPMR,Regular Gasoline,PTE,Retail Sales,EMM_EPMR_PTE_R50_DPG,West Coast Regular All Formulations Retail Gasoline Prices (Dollars per Gallon),3.875,$/GAL
2024-11-18,R40,PADD 4,EPMR,Regular Gasoline,PTE,Retail Sales,EMM_EPMR_PTE_R40_DPG,Rocky Mountain Regular All Formulations Retail Gasoline Prices (Dollars per Gallon),2.917,$/GAL
2024-11-18,R30,PADD 3,EPMR,Regular Gasoline,PTE,Retail Sales,EMM_EPMR_PTE_R30_DPG,Gulf Coast Regular All Formulations Retail Gasoline Prices (Dollars per Gallon),2.629,$/GAL
2024-11-18,R20,PADD 2,EPMR,Regular Gasoline,PTE,Retail Sales,EMM_EPMR_PTE_R20_DPG,Midwest Regular All Formulations Retail Gasoline Prices (Dollars per Gallon),2.882,$/GAL
2024-11-18,R1Z,PADD 1C,EPMR,Regular Gasoline,PTE,Retail Sales,EMM_EPMR_PTE_R1Z_DPG,Lower Atlantic (PADD 1C) Regular All Formulations Retail Gasoline Prices (Dollars per Gallon),2.937,$/GAL
2024-11-18,R1Y,PADD 1B,EPMR,Regular Gasoline,PTE,Retail Sales,EMM_EPMR_PTE_R1Y_DPG,Central Atlantic (PADD 1B) Regular All Formulations Retail Gasoline Prices (Dollars per Gallon),3.115,$/GAL
2024-11-18,R1X,PADD 1A,EPMR,Regular Gasoline,PTE,Retail Sales,EMM_EPMR_PTE_R1X_DPG,New England (PADD 1A) Regular All Formulations Retail Gasoline Prices (Dollars per Gallon),2.983,$/GAL
2024-11-18,R10,PADD 1,EPMR,Regular Gasoline,PTE,Retail Sales,EMM_EPMR_PTE_R10_DPG,East Coast Regular All Formulations Retail Gasoline Prices (Dollars per Gallon),3.003,$/GAL
2024-11-11,NUS,U.S.,EPMR,Regular Gasoline,PTE,Retail Sales,EMM_EPMR_PTE_NUS_DPG,U.S. Regular All Formulations Retail Gasoline Prices (Dollars per Gallon),3.052,$/GAL
2024-11-11,YORD,CHICAGO,EPMR,Regular Gasoline,PTE,Retail Sales,EMM_EPMR_PTE_YORD_DPG,Chicago Regular All Formulations Retail Gasoline Prices (Dollars per Gallon),3.24,$/GAL
2024-11-11,YMIA,MIAMI,EPMR,Regular Gasoline,PTE,Retail Sales,EMM_EPMR_PTE_YMIA_DPG,"Miami, FL Regular All Formulations Retail Gasoline Prices (Dollars per Gallon)",3.097,$/GAL
2024-11-11,YDEN,DENVER,EPMR,Regular Gasoline,PTE,Retail Sales,EMM_EPMR_PTE_YDEN_DPG,Denver Regular All Formulations Retail Gasoline Prices (Dollars per Gallon),2.963,$/GAL
2024-11-11,YCLE,CLEVELAND,EPMR,Regular Gasoline,PTE,Retail Sales,EMM_EPMR_PTE_YCLE_DPG,"Cleveland, OH Regular All Formulations Retail Gasoline Prices (Dollars per Gallon)",2.851,$/GAL
2024-11-11,YBOS,BOSTON,EPMR,Regular Gasoline,PTE,Retail Sales,EMM_EPMR_PTE_YBOS_DPG,"Boston, MA Regular All Formulations Retail Gasoline Prices (Dollars per Gallon)",2.984,$/GAL
2024-11-11,Y48SE,SEATTLE,EPMR,Regular Gasoline,PTE,Retail Sales,EMM_EPMR_PTE_Y48SE_DPG,"Seattle, WA Regular All Formulations Retail Gasoline Prices (Dollars per Gallon)",4.126,$/GAL
2024-11-11,Y44HO,HOUSTON,EPMR,Regular Gasoline,PTE,Retail Sales,EMM_EPMR_PTE_Y44HO_DPG,Houston Regular All Formulations Retail Gasoline Prices (Dollars per Gallon),2.575,$/GAL
2024-11-11,Y35NY,NEW YORK CITY,EPMR,Regular Gasoline,PTE,Retail Sales,EMM_EPMR_PTE_Y35NY_DPG,New York City Regular All Formulations Retail Gasoline Prices (Dollars per Gallon),2.918,$/GAL
2024-11-11,Y05SF,SAN FRANCISCO,EPMR,Regular Gasoline,PTE,Retail Sales,EMM_EPMR_PTE_Y05SF_DPG,San Francisco Regular All Formulations Retail Gasoline Prices (Dollars per Gallon),4.337,$/GAL
2024-11-11,Y05LA,LOS ANGELES,EPMR,Regular Gasoline,PTE,Retail Sales,EMM_EPMR_PTE_Y05LA_DPG,Los Angeles Regular All Formulations Retail Gasoline Prices (Dollars per Gallon),4.185,$/GAL
2024-11-11,SWA,WASHINGTON,EPMR,Regular Gasoline,PTE,Retail Sales,EMM_EPMR_PTE_SWA_DPG,Washington Regular All Formulations Retail Gasoline Prices (Dollars per Gallon),3.864,$/GAL
2024-11-11,STX,TEXAS,EPMR,Regular Gasoline,PTE,Retail Sales,EMM_EPMR_PTE_STX_DPG,Texas Regular All Formulations Retail Gasoline Prices (Dollars per Gallon),2.552,$/GAL
2024-11-11,SOH,OHIO,EPMR,Regular Gasoline,PTE,Retail Sales,EMM_EPMR_PTE_SOH_DPG,Ohio Regular All Formulations Retail Gasoline Prices (Dollars per Gallon),2.774,$/GAL
2024-11-11,SNY,NEW YORK,EPMR,Regular Gasoline,PTE,Retail Sales,EMM_EPMR_PTE_SNY_DPG,New York Regular All Formulations Retail Gasoline Prices (Dollars per Gallon),3.073,$/GAL
2024-11-11,SMN,MINNESOTA,EPMR,Regular Gasoline,PTE,Retail Sales,EMM_EPMR_PTE_SMN_DPG,Minnesota Regular All Formulations Retail Gasoline Prices (Dollars per Gallon),2.98,$/GAL
2024-11-11,SMA,MASSACHUSETTS,EPMR,Regular Gasoline,PTE,Retail Sales,EMM_EPMR_PTE_SMA_DPG,Massachusetts Regular All Formulations Retail Gasoline Prices (Dollars per Gallon),2.966,$/GAL
2024-11-11,SFL,FLORIDA,EPMR,Regular Gasoline,PTE,Retail Sales,EMM_EPMR_PTE_SFL_DPG,Florida Regular All Formulations Retail Gasoline Prices (Dollars per Gallon),3.025,$/GAL
2024-11-11,SCO,COLORADO,EPMR,Regular Gasoline,PTE,Retail Sales,EMM_EPMR_PTE_SCO_DPG,Colorado Regular All Formulations Retail Gasoline Prices (Dollars per Gallon),3.042,$/GAL
2024-11-11,SCA,CALIFORNIA,EPMR,Regular Gasoline,PTE,Retail Sales,EMM_EPMR_PTE_SCA_DPG,California Regular All Formulations Retail Gasoline Prices (Dollars per Gallon),4.253,$/GAL
2024-11-11,R5XCA,PADD 5 EXCEPT CALIFORNIA,EPMR,Regular Gasoline,PTE,Retail Sales,EMM_EPMR_PTE_R5XCA_DPG,West Coast (PADD 5) Except California Regular All Formulations Retail Gasoline Prices (Dollars per Gallon),3.565,$/GAL
2024-11-11,R50,PADD 5,EPMR,Regular Gasoline,PTE,Retail Sales,EMM_EPMR_PTE_R50_DPG,West Coast Regular All Formulations Retail Gasoline Prices (Dollars per Gallon),3.924,$/GAL
2024-11-11,R40,PADD 4,EPMR,Regular Gasoline,PTE,Retail Sales,EMM_EPMR_PTE_R40_DPG,Rocky Mountain Regular All Formulations Retail Gasoline Prices (Dollars per Gallon),3.075,$/GAL
2024-11-11,R30,PADD 3,EPMR,Regular Gasoline,PTE,Retail Sales,EMM_EPMR_PTE_R30_DPG,Gulf Coast Regular All Formulations Retail Gasoline Prices (Dollars per Gallon),2.63,$/GAL
2024-11-11,R20,PADD 2,EPMR,Regular Gasoline,PTE,Retail Sales,EMM_EPMR_PTE_R20_DPG,Midwest Regular All Formulations Retail Gasoline Prices (Dollars per Gallon),2.866,$/GAL
2024-11-11,R1Z,PADD 1C,EPMR,Regular Gasoline,PTE,Retail Sales,EMM_EPMR_PTE_R1Z_DPG,Lower Atlantic (PADD 1C) Regular All Formulations Retail Gasoline Prices (Dollars per Gallon),2.932,$/GAL
2024-11-11,R1Y,PADD 1B,EPMR,Regular Gasoline,PTE,Retail Sales,EMM_EPMR_PTE_R1Y_DPG,Central Atlantic (PADD 1B) Regular All Formulations Retail Gasoline Prices (Dollars per Gallon),3.117,$/GAL
2024-11-11,R1X,PADD 1A,EPMR,Regular Gasoline,PTE,Retail Sales,EMM_EPMR_PTE_R1X_DPG,New England (PADD 1A) Regular All Formulations Retail Gasoline Prices (Dollars per Gallon),2.998,$/GAL
2024-11-11,R10,PADD 1,EPMR,Regular Gasoline,PTE,Retail Sales,EMM_EPMR_PTE_R10_DPG,East Coast Regular All Formulations Retail Gasoline Prices (Dollars per Gallon),3.002,$/GAL
2024-11-04,NUS,U.S.,EPMR,Regular Gasoline,PTE,Retail Sales,EMM_EPMR_PTE_NUS_DPG,U.S. Regular All Formulations Retail Gasoline Prices (Dollars per Gallon),3.069,$/GAL
2024-11-04,YORD,CHICAGO,EPMR,Regular Gasoline,PTE,Retail Sales,EMM_EPMR_PTE_YORD_DPG,Chicago Regular All Formulations Retail Gasoline Prices (Dollars per Gallon),3.34,$/GAL
2024-11-04,YMIA,MIAMI,EPMR,Regular Gasoline,PTE,Retail Sales,EMM_EPMR_PTE_YMIA_DPG,"Miami, FL Regular All Formulations Retail Gasoline Prices (Dollars per Gallon)",2.997,$/GAL
2024-11-04,YDEN,DENVER,EPMR,Regular Gasoline,PTE,Retail Sales,EMM_EPMR_PTE_YDEN_DPG,Denver Regular All Formulations Retail Gasoline Prices (Dollars per Gallon),2.891,$/GAL
2024-11-04,YCLE,CLEVELAND,EPMR,Regular Gasoline,PTE,Retail Sales,EMM_EPMR_PTE_YCLE_DPG,"Cleveland, OH Regular All Formulations Retail Gasoline Prices (Dollars per Gallon)",3.007,$/GAL
2024-11-04,YBOS,BOSTON,EPMR,Regular Gasoline,PTE,Retail Sales,EMM_EPMR_PTE_YBOS_DPG,"Boston, MA Regular All Formulations Retail Gasoline Prices (Dollars per Gallon)",2.99,$/GAL
2024-11-04,Y48SE,SEATTLE,EPMR,Regular Gasoline,PTE,Retail Sales,EMM_EPMR_PTE_Y48SE_DPG,"Seattle, WA Regular All Formulations Retail Gasoline Prices (Dollars per Gallon)",4.138,$/GAL
2024-11-04,Y44HO,HOUSTON,EPMR,Regular Gasoline,PTE,Retail Sales,EMM_EPMR_PTE_Y44HO_DPG,Houston Regular All Formulations Retail Gasoline Prices (Dollars per Gallon),2.6,$/GAL
2024-11-04,Y35NY,NEW YORK CITY,EPMR,Regular Gasoline,PTE,Retail Sales,EMM_EPMR_PTE_Y35NY_DPG,New York City Regular All Formulations Retail Gasoline Prices (Dollars per Gallon),2.925,$/GAL
2024-11-04,Y05SF,SAN FRANCISCO,EPMR,Regular Gasoline,PTE,Retail Sales,EMM_EPMR_PTE_Y05SF_DPG,San Francisco Regular All Formulations Retail Gasoline Prices (Dollars per Gallon),4.424,$/GAL
2024-11-04,Y05LA,LOS ANGELES,EPMR,Regular Gasoline,PTE,Retail Sales,EMM_EPMR_PTE_Y05LA_DPG,Los Angeles Regular All Formulations Retail Gasoline Prices (Dollars per Gallon),4.199,$/GAL
2024-11-04,SWA,WASHINGTON,EPMR,Regular Gasoline,PTE,Retail Sales,EMM_EPMR_PTE_SWA_DPG,Washington Regular All Formulations Retail Gasoline Prices (Dollars per Gallon),3.871,$/GAL
2024-11-04,STX,TEXAS,EPMR,Regular Gasoline,PTE,Retail Sales,EMM_EPMR_PTE_STX_DPG,Texas Regular All Formulations Retail Gasoline Prices (Dollars per Gallon),2.562,$/GAL
2024-11-04,SOH,OHIO,EPMR,Regular Gasoline,PTE,Retail Sales,EMM_EPMR_PTE_SOH_DPG,Ohio Regular All Formulations Retail Gasoline Prices (Dollars per Gallon),2.965,$/GAL
2024-11-04,SNY,NEW YORK,EPMR,Regular Gasoline,PTE,Retail Sales,EMM_EPMR_PTE_SNY_DPG,New York Regular All Formulations Retail Gasoline Prices (Dollars per Gallon),3.085,$/GAL
2024-11-04,SMN,MINNESOTA,EPMR,Regular Gasoline,PTE,Retail Sales,EMM_EPMR_PTE_SMN_DPG,Minnesota Regular All Formulations Retail Gasoline Prices (Dollars per Gallon),3.008,$/GAL
2024-11-04,SMA,MASSACHUSETTS,EPMR,Regular Gasoline,PTE,Retail Sales,EMM_EPMR_PTE_SMA_DPG,Massachusetts Regular All Formulations Retail Gasoline Prices (Dollars per Gallon),2.975,$/GAL
2024-11-04,SFL,FLORIDA,EPMR,Regular Gasoline,PTE,Retail Sales,EMM_EPMR_PTE_SFL_DPG,Florida Regular All Formulations Retail Gasoline Prices (Dollars per Gallon),2.933,$/GAL
2024-11-04,SCO,COLORADO,EPMR,Regular Gasoline,PTE,Retail Sales,EMM_EPMR_PTE_SCO_DPG,Colorado Regular All Formulations Retail Gasoline Prices (Dollars per Gallon),2.99,$/GAL
2024-11-04,SCA,CALIFORNIA,EPMR,Regular Gasoline,PTE,Retail Sales,EMM_EPMR_PTE_SCA_DPG,California Regular All Formulations Retail Gasoline Prices (Dollars per Gallon),4.292,$/GAL
2024-11-04,R5XCA,PADD 5 EXCEPT CALIFORNIA,EPMR,Regular Gasoline,PTE,Retail Sales,EMM_EPMR_PTE_R5XCA_DPG,West Coast (PADD 5) Except California Regular All Formulations Retail Gasoline Prices (Dollars per Gallon),3.577,$/GAL
2024-11-04,R50,PADD 5,EPMR,Regular Gasoline,PTE,Retail Sales,EMM_EPMR_PTE_R50_DPG,West Coast Regular All Formulations Retail Gasoline Prices (Dollars per Gallon),3.945,$/GAL
2024-11-04,R40,PADD 4,EPMR,Regular Gasoline,PTE,Retail Sales,EMM_EPMR_PTE_R40_DPG,Rocky Mountain Regular All Formulations Retail Gasoline Prices (Dollars per Gallon),3.103,$/GAL
2024-11-04,R30,PADD 3,EPMR,Regular Gasoline,PTE,Retail Sales,EMM_EPMR_PTE_R30_DPG,Gulf Coast Regular All Formulations Retail Gasoline Prices (Dollars per Gallon),2.619,$/GAL
2024-11-04,R20,PADD 2,EPMR,Regular Gasoline,PTE,Retail Sales,EMM_EPMR_PTE_R20_DPG,Midwest Regular All Formulations Retail Gasoline Prices (Dollars per Gallon),2.937,$/GAL
2024-11-04,R1Z,PADD 1C,EPMR,Regular Gasoline,PTE,Retail Sales,EMM_EPMR_PTE_R1Z_DPG,Lower Atlantic (PADD 1C) Regular All Formulations Retail Gasoline Prices (Dollars per Gallon),2.896,$/GAL
2024-11-04,R1Y,PADD 1B,EPMR,Regular Gasoline,PTE,Retail Sales,EMM_EPMR_PTE_R1Y_DPG,Central Atlantic (PADD 1B) Regular All Formulations Retail Gasoline Prices (Dollars per Gallon),3.135,$/GAL
2024-11-04,R1X,PADD 1A,EPMR,Regular Gasoline,PTE,Retail Sales,EMM_EPMR_PTE_R1X_DPG,New England (PADD 1A) Regular All Formulations Retail Gasoline Prices (Dollars per Gallon),3.012,$/GAL
2024-11-04,R10,PADD 1,EPMR,Regular Gasoline,PTE,Retail Sales,EMM_EPMR_PTE_R10_DPG,East Coast Regular All Formulations Retail Gasoline Prices (Dollars per Gallon),2.992,$/GAL
2024-10-28,NUS,U.S.,EPMR,Regular Gasoline,PTE,Retail Sales,EMM_EPMR_PTE_NUS_DPG,U.S. Regular All Formulations Retail Gasoline Prices (Dollars per Gallon),3.097,$/GAL
2024-10-28,YORD,CHICAGO,EPMR,Regular Gasoline,PTE,Retail Sales,EMM_EPMR_PTE_YORD_DPG,Chicago Regular All Formulations Retail Gasoline Prices (Dollars per Gallon),3.349,$/GAL
2024-10-28,YMIA,MIAMI,EPMR,Regular Gasoline,PTE,Retail Sales,EMM_EPMR_PTE_YMIA_DPG,"Miami, FL Regular All Formulations Retail Gasoline Prices (Dollars per Gallon)",3.114,$/GAL
2024-10-28,YDEN,DENVER,EPMR,Regular Gasoline,PTE,Retail Sales,EMM_EPMR_PTE_YDEN_DPG,Denver Regular All Formulations Retail Gasoline Prices (Dollars per Gallon),3.004,$/GAL
2024-10-28,YCLE,CLEVELAND,EPMR,Regular Gasoline,PTE,Retail Sales,EMM_EPMR_PTE_YCLE_DPG,"Cleveland, OH Regular All Formulations Retail Gasoline Prices (Dollars per Gallon)",2.862,$/GAL
2024-10-28,YBOS,BOSTON,EPMR,Regular Gasoline,PTE,Retail Sales,EMM_EPMR_PTE_YBOS_DPG,"Boston, MA Regular All Formulations Retail Gasoline Prices (Dollars per Gallon)",3.046,$/GAL
2024-10-28,Y48SE,SEATTLE,EPMR,Regular Gasoline,PTE,Retail Sales,EMM_EPMR_PTE_Y48SE_DPG,"Seattle, WA Regular All Formulations Retail Gasoline Prices (Dollars per Gallon)",4.161,$/GAL
2024-10-28,Y44HO,HOUSTON,EPMR,Regular Gasoline,PTE,Retail Sales,EMM_EPMR_PTE_Y44HO_DPG,Houston Regular All Formulations Retail Gasoline Prices (Dollars per Gallon),2.633,$/GAL
2024-10-28,Y35NY,NEW YORK CITY,EPMR,Regular Gasoline,PTE,Retail Sales,EMM_EPMR_PTE_Y35NY_DPG,New York City Regular All Formulations Retail Gasoline Prices (Dollars per Gallon),2.959,$/GAL
2024-10-28,Y05SF,SAN FRANCISCO,EPMR,Regular Gasoline,PTE,Retail Sales,EMM_EPMR_PTE_Y05SF_DPG,San Francisco Regular All Formulations Retail Gasoline Prices (Dollars per Gallon),4.466,$/GAL
2024-10-28,Y05LA,LOS ANGELES,EPMR,Regular Gasoline,PTE,Retail Sales,EMM_EPMR_PTE_Y05LA_DPG,Los Angeles Regular All Formulations Retail Gasoline Prices (Dollars per Gallon),4.229,$/GAL
2024-10-28,SWA,WASHINGTON,EPMR,Regular Gasoline,PTE,Retail Sales,EMM_EPMR_PTE_SWA_DPG,Washington Regular All Formulations Retail Gasoline Prices (Dollars per Gallon),3.897,$/GAL
2024-10-28,STX,TEXAS,EPMR,Regular Gasoline,PTE,Retail Sales,EMM_EPMR_PTE_STX_DPG,Texas Regular All Formulations Retail Gasoline Prices (Dollars per Gallon),2.578,$/GAL
2024-10-28,SOH,OHIO,EPMR,Regular Gasoline,PTE,Retail Sales,EMM_EPMR_PTE_SOH_DPG,Ohio Regular All Formulations Retail Gasoline Prices (Dollars per Gallon),2.782,$/GAL
2024-10-28,SNY,NEW YORK,EPMR,Regular Gasoline,PTE,Retail Sales,EMM_EPMR_PTE_SNY_DPG,New York Regular All Formulations Retail Gasoline Prices (Dollars per Gallon),3.116,$/GAL
2024-10-28,SMN,MINNESOTA,EPMR,Regular Gasoline,PTE,Retail Sales,EMM_EPMR_PTE_SMN_DPG,Minnesota Regular All Formulations Retail Gasoline Prices (Dollars per Gallon),3.037,$/GAL
2024-10-28,SMA,MASSACHUSETTS,EPMR,Regular Gasoline,PTE,Retail Sales,EMM_EPMR_PTE_SMA_DPG,Massachusetts Regular All Formulations Retail Gasoline Prices (Dollars per Gallon),3.026,$/GAL
2024-10-28,SFL,FLORIDA,EPMR,Regular Gasoline,PTE,Retail Sales,EMM_EPMR_PTE_SFL_DPG,Florida Regular All Formulations Retail Gasoline Prices (Dollars per Gallon),3.073,$/GAL
2024-10-28,SCO,COLORADO,EPMR,Regular Gasoline,PTE,Retail Sales,EMM_EPMR_PTE_SCO_DPG,Colorado Regular All Formulations Retail Gasoline Prices (Dollars per Gallon),3.11,$/GAL
2024-10-28,SCA,CALIFORNIA,EPMR,Regular Gasoline,PTE,Retail Sales,EMM_EPMR_PTE_SCA_DPG,California Regular All Formulations Retail Gasoline Prices (Dollars per Gallon),4.326,$/GAL
2024-10-28,R5XCA,PADD 5 EXCEPT CALIFORNIA,EPMR,Regular Gasoline,PTE,Retail Sales,EMM_EPMR_PTE_R5XCA_DPG,West Coast (PADD 5) Except California Regular All Formulations Retail Gasoline Prices (Dollars per Gallon),3.6,$/GAL
2024-10-28,R50,PADD 5,EPMR,Regular Gasoline,PTE,Retail Sales,EMM_EPMR_PTE_R50_DPG,West Coast Regular All Formulations Retail Gasoline Prices (Dollars per Gallon),3.973,$/GAL
2024-10-28,R40,PADD 4,EPMR,Regular Gasoline,PTE,Retail Sales,EMM_EPMR_PTE_R40_DPG,Rocky Mountain Regular All Formulations Retail Gasoline Prices (Dollars per Gallon),3.198,$/GAL
2024-10-28,R30,PADD 3,EPMR,Regular Gasoline,PTE,Retail Sales,EMM_EPMR_PTE_R30_DPG,Gulf Coast Regular All Formulations Retail Gasoline Prices (Dollars per Gallon),2.646,$/GAL
2024-10-28,R20,PADD 2,EPMR,Regular Gasoline,PTE,Retail Sales,EMM_EPMR_PTE_R20_DPG,Midwest Regular All Formulations Retail Gasoline Prices (Dollars per Gallon),2.923,$/GAL
2024-10-28,R1Z,PADD 1C,EPMR,Regular Gasoline,PTE,Retail Sales,EMM_EPMR_PTE_R1Z_DPG,Lower Atlantic (PADD 1C) Regular All Formulations Retail Gasoline Prices (Dollars per Gallon),2.966,$/GAL
2024-10-28,R1Y,PADD 1B,EPMR,Regular Gasoline,PTE,Retail Sales,EMM_EPMR_PTE_R1Y_DPG,Central Atlantic (PADD 1B) Regular All Formulations Retail Gasoline Prices (Dollars per Gallon),3.17,$/GAL
2024-10-28,R1X,PADD 1A,EPMR,Regular Gasoline,PTE,Retail Sales,EMM_EPMR_PTE_R1X_DPG,New England (PADD 1A) Regular All Formulations Retail Gasoline Prices (Dollars per Gallon),3.044,$/GAL
2024-10-28,R10,PADD 1,EPMR,Regular Gasoline,PTE,Retail Sales,EMM_EPMR_PTE_R10_DPG,East Coast Regular All Formulations Retail Gasoline Prices (Dollars per Gallon),3.045,$/GAL
2024-10-21,NUS,U.S.,EPMR,Regular Gasoline,PTE,Retail Sales,EMM_EPMR_PTE_NUS_DPG,U.S. Regular All Formulations Retail Gasoline Prices (Dollars per Gallon),3.144,$/GAL
2024-10-21,YORD,CHICAGO,EPMR,Regular Gasoline,PTE,Retail Sales,EMM_EPMR_PTE_YORD_DPG,Chicago Regular All Formulations Retail Gasoline Prices (Dollars per Gallon),3.47,$/GAL
2024-10-21,YMIA,MIAMI,EPMR,Regular Gasoline,PTE,Retail Sales,EMM_EPMR_PTE_YMIA_DPG,"Miami, FL Regular All Formulations Retail Gasoline Prices (Dollars per Gallon)",3.05,$/GAL
2024-10-21,YDEN,DENVER,EPMR,Regular Gasoline,PTE,Retail Sales,EMM_EPMR_PTE_YDEN_DPG,Denver Regular All Formulations Retail Gasoline Prices (Dollars per Gallon),2.973,$/GAL
2024-10-21,YCLE,CLEVELAND,EPMR,Regular Gasoline,PTE,Retail Sales,EMM_EPMR_PTE_YCLE_DPG,"Cleveland, OH Regular All Formulations Retail Gasoline Prices (Dollars per Gallon)",3.011,$/GAL
2024-10-21,YBOS,BOSTON,EPMR,Regular Gasoline,PTE,Retail Sales,EMM_EPMR_PTE_YBOS_DPG,"Boston, MA Regular All Formulations Retail Gasoline Prices (Dollars per Gallon)",3.047,$/GAL
2024-10-21,Y48SE,SEATTLE,EPMR,Regular Gasoline,PTE,Retail Sales,EMM_EPMR_PTE_Y48SE_DPG,"Seattle, WA Regular All Formulations Retail Gasoline Prices (Dollars per Gallon)",4.172,$/GAL
2024-10-21,Y44HO,HOUSTON,EPMR,Regular Gasoline,PTE,Retail Sales,EMM_EPMR_PTE_Y44HO_DPG,Houston Regular All Formulations Retail Gasoline Prices (Dollars per Gallon),2.669,$/GAL
2024-10-21,Y35NY,NEW YORK CITY,EPMR,Regular Gasoline,PTE,Retail Sales,EMM_EPMR_PTE_Y35NY_DPG,New York City Regular All Formulations Retail Gasoline Prices (Dollars per Gallon),2.983,$/GAL
2024-10-21,Y05SF,SAN FRANCISCO,EPMR,Regular Gasoline,PTE,Retail Sales,EMM_EPMR_PTE_Y05SF_DPG,San Francisco Regular All Formulations Retail Gasoline Prices (Dollars per Gallon),4.592,$/GAL
2024-10-21,Y05LA,LOS ANGELES,EPMR,Regular Gasoline,PTE,Retail Sales,EMM_EPMR_PTE_Y05LA_DPG,Los Angeles Regular All Formulations Retail Gasoline Prices (Dollars per Gallon),4.301,$/GAL
2024-10-21,SWA,WASHINGTON,EPMR,Regular Gasoline,PTE,Retail Sales,EMM_EPMR_PTE_SWA_DPG,Washington Regular All Formulations Retail Gasoline Prices (Dollars per Gallon),3.912,$/GAL
2024-10-21,STX,TEXAS,EPMR,Regular Gasoline,PTE,Retail Sales,EMM_EPMR_PTE_STX_DPG,Texas Regular All Formulations Retail Gasoline Prices (Dollars per Gallon),2.681,$/GAL
2024-10-21,SOH,OHIO,EPMR,Regular Gasoline,PTE,Retail Sales,EMM_EPMR_PTE_SOH_DPG,Ohio Regular All Formulations Retail Gasoline Prices (Dollars per Gallon),2.95,$/GAL
2024-10-21,SNY,NEW YORK,EPMR,Regular Gasoline,PTE,Retail Sales,EMM_EPMR_PTE_SNY_DPG,New York Regular All Formulations Retail Gasoline Prices (Dollars per Gallon),3.131,$/GAL
2024-10-21,SMN,MINNESOTA,EPMR,Regular Gasoline,PTE,Retail Sales,EMM_EPMR_PTE_SMN_DPG,Minnesota Regular All Formulations Retail Gasoline Prices (Dollars per Gallon),3.078,$/GAL
2024-10-21,SMA,MASSACHUSETTS,EPMR,Regular Gasoline,PTE,Retail Sales,EMM_EPMR_PTE_SMA_DPG,Massachusetts Regular All Formulations Retail Gasoline Prices (Dollars per Gallon),3.026,$/GAL
2024-10-21,SFL,FLORIDA,EPMR,Regular Gasoline,PTE,Retail Sales,EMM_EPMR_PTE_SFL_DPG,Florida Regular All Formulations Retail Gasoline Prices (Dollars per Gallon),3.025,$/GAL
2024-10-21,SCO,COLORADO,EPMR,Regular Gasoline,PTE,Retail Sales,EMM_EPMR_PTE_SCO_DPG,Colorado Regular All Formulations Retail Gasoline Prices (Dollars per Gallon),3.108,$/GAL
2024-10-21,SCA,CALIFORNIA,EPMR,Regular Gasoline,PTE,Retail Sales,EMM_EPMR_PTE_SCA_DPG,California Regular All Formulations Retail Gasoline Prices (Dollars per Gallon),4.406,$/GAL
2024-10-21,R5XCA,PADD 5 EXCEPT CALIFORNIA,EPMR,Regular Gasoline,PTE,Retail Sales,EMM_EPMR_PTE_R5XCA_DPG,West Coast (PADD 5) Except California Regular All Formulations Retail Gasoline Prices (Dollars per Gallon),3.641,$/GAL
2024-10-21,R50,PADD 5,EPMR,Regular Gasoline,PTE,Retail Sales,EMM_EPMR_PTE_R50_DPG,West Coast Regular All Formulations Retail Gasoline Prices (Dollars per Gallon),4.034,$/GAL
2024-10-21,R40,PADD 4,EPMR,Regular Gasoline,PTE,Retail Sales,EMM_EPMR_PTE_R40_DPG,Rocky Mountain Regular All Formulations Retail Gasoline Prices (Dollars per Gallon),3.221,$/GAL
2024-10-21,R30,PADD 3,EPMR,Regular Gasoline,PTE,Retail Sales,EMM_EPMR_PTE_R30_DPG,Gulf Coast Regular All Formulations Retail Gasoline Prices (Dollars per Gallon),2.72,$/GAL
2024-10-21,R20,PADD 2,EPMR,Regular Gasoline,PTE,Retail Sales,EMM_EPMR_PTE_R20_DPG,Midwest Regular All Formulations Retail Gasoline Prices (Dollars per Gallon),3.006,$/GAL
2024-10-21,R1Z,PADD 1C,EPMR,Regular Gasoline,PTE,Retail Sales,EMM_EPMR_PTE_R1Z_DPG,Lower Atlantic (PADD 1C) Regular All Formulations Retail Gasoline Prices (Dollars per Gallon),2.979,$/GAL
2024-10-21,R1Y,PADD 1B,EPMR,Regular Gasoline,PTE,Retail Sales,EMM_EPMR_PTE_R1Y_DPG,Central Atlantic (PADD 1B) Regular All Formulations Retail Gasoline Prices (Dollars per Gallon),3.177,$/GAL
2024-10-21,R1X,PADD 1A,EPMR,Regular Gasoline,PTE,Retail Sales,EMM_EPMR_PTE_R1X_DPG,New England (PADD 1A) Regular All Formulations Retail Gasoline Prices (Dollars per Gallon),3.039,$/GAL
2024-10-21,R10,PADD 1,EPMR,Regular Gasoline,PTE,Retail Sales,EMM_EPMR_PTE_R10_DPG,East Coast Regular All Formulations Retail Gasoline Prices (Dollars per Gallon),3.054,$/GAL
2024-10-14,NUS,U.S.,EPMR,Regular Gasoline,PTE,Retail Sales,EMM_EPMR_PTE_NUS_DPG,U.S. Regular All Formulations Retail Gasoline Prices (Dollars per Gallon),3.171,$/GAL
2024-10-14,YORD,CHICAGO,EPMR,Regular Gasoline,PTE,Retail Sales,EMM_EPMR_PTE_YORD_DPG,Chicago Regular All Formulations Retail Gasoline Prices (Dollars per Gallon),3.613,$/GAL
2024-10-14,YMIA,MIAMI,EPMR,Regular Gasoline,PTE,Retail Sales,EMM_EPMR_PTE_YMIA_DPG,"Miami, FL Regular All Formulations Retail Gasoline Prices (Dollars per Gallon)",3.058,$/GAL
2024-10-14,YDEN,DENVER,EPMR,Regular Gasoline,PTE,Retail Sales,EMM_EPMR_PTE_YDEN_DPG,Denver Regular All Formulations Retail Gasoline Prices (Dollars per Gallon),3.121,$/GAL
2024-10-14,YCLE,CLEVELAND,EPMR,Regular Gasoline,PTE,Retail Sales,EMM_EPMR_PTE_YCLE_DPG,"Cleveland, OH Regular All Formulations Retail Gasoline Prices (Dollars per Gallon)",3.173,$/GAL
2024-10-14,YBOS,BOSTON,EPMR,Regular Gasoline,PTE,Retail Sales,EMM_EPMR_PTE_YBOS_DPG,"Boston, MA Regular All Formulations Retail Gasoline Prices (Dollars per Gallon)",3.069,$/GAL
2024-10-14,Y48SE,SEATTLE,EPMR,Regular Gasoline,PTE,Retail Sales,EMM_EPMR_PTE_Y48SE_DPG,"Seattle, WA Regular All Formulations Retail Gasoline Prices (Dollars per Gallon)",4.16,$/GAL
2024-10-14,Y44HO,HOUSTON,EPMR,Regular Gasoline,PTE,Retail Sales,EMM_EPMR_PTE_Y44HO_DPG,Houston Regular All Formulations Retail Gasoline Prices (Dollars per Gallon),2.678,$/GAL
2024-10-14,Y35NY,NEW YORK CITY,EPMR,Regular Gasoline,PTE,Retail Sales,EMM_EPMR_PTE_Y35NY_DPG,New York City Regular All Formulations Retail Gasoline Prices (Dollars per Gallon),3.008,$/GAL
2024-10-14,Y05SF,SAN FRANCISCO,EPMR,Regular Gasoline,PTE,Retail Sales,EMM_EPMR_PTE_Y05SF_DPG,San Francisco Regular All Formulations Retail Gasoline Prices (Dollars per Gallon),4.659,$/GAL
2024-10-14,Y05LA,LOS ANGELES,EPMR,Regular Gasoline,PTE,Retail Sales,EMM_EPMR_PTE_Y05LA_DPG,Los Angeles Regular All Formulations Retail Gasoline Prices (Dollars per Gallon),4.322,$/GAL
2024-10-14,SWA,WASHINGTON,EPMR,Regular Gasoline,PTE,Retail Sales,EMM_EPMR_PTE_SWA_DPG,Washington Regular All Formulations Retail Gasoline Prices (Dollars per Gallon),3.917,$/GAL
2024-10-14,STX,TEXAS,EPMR,Regular Gasoline,PTE,Retail Sales,EMM_EPMR_PTE_STX_DPG,Texas Regular All Formulations Retail Gasoline Prices (Dollars per Gallon),2.692,$/GAL
2024-10-14,SOH,OHIO,EPMR,Regular Gasoline,PTE,Retail Sales,EMM_EPMR_PTE_SOH_DPG,Ohio Regular All Formulations Retail Gasoline Prices (Dollars per Gallon),3.174,$/GAL
2024-10-14,SNY,NEW YORK,EPMR,Regular Gasoline,PTE,Retail Sales,EMM_EPMR_PTE_SNY_DPG,New York Regular All Formulations Retail Gasoline Prices (Dollars per Gallon),3.154,$/GAL
2024-10-14,SMN,MINNESOTA,EPMR,Regular Gasoline,PTE,Retail Sales,EMM_EPMR_PTE_SMN_DPG,Minnesota Regular All Formulations Retail Gasoline Prices (Dollars per Gallon),3.11,$/GAL
2024-10-14,SMA,MASSACHUSETTS,EPMR,Regular Gasoline,PTE,Retail Sales,EMM_EPMR_PTE_SMA_DPG,Massachusetts Regular All Formulations Retail Gasoline Prices (Dollars per Gallon),3.045,$/GAL
2024-10-14,SFL,FLORIDA,EPMR,Regular Gasoline,PTE,Retail Sales,EMM_EPMR_PTE_SFL_DPG,Florida Regular All Formulations Retail Gasoline Prices (Dollars per Gallon),3.04,$/GAL
2024-10-14,SCO,COLORADO,EPMR,Regular Gasoline,PTE,Retail Sales,EMM_EPMR_PTE_SCO_DPG,Colorado Regular All Formulations Retail Gasoline Prices (Dollars per Gallon),3.213,$/GAL
2024-10-14,SCA,CALIFORNIA,EPMR,Regular Gasoline,PTE,Retail Sales,EMM_EPMR_PTE_SCA_DPG,California Regular All Formulations Retail Gasoline Prices (Dollars per Gallon),4.428,$/GAL
2024-10-14,R5XCA,PADD 5 EXCEPT CALIFORNIA,EPMR,Regular Gasoline,PTE,Retail Sales,EMM_EPMR_PTE_R5XCA_DPG,West Coast (PADD 5) Except California Regular All Formulations Retail Gasoline Prices (Dollars per Gallon),3.643,$/GAL
2024-10-14,R50,PADD 5,EPMR,Regular Gasoline,PTE,Retail Sales,EMM_EPMR_PTE_R50_DPG,West Coast Regular All Formulations Retail Gasoline Prices (Dollars per Gallon),4.047,$/GAL
2024-10-14,R40,PADD 4,EPMR,Regular Gasoline,PTE,Retail Sales,EMM_EPMR_PTE_R40_DPG,Rocky Mountain Regular All Formulations Retail Gasoline Prices (Dollars per Gallon),3.258,$/GAL
2024-10-14,R30,PADD 3,EPMR,Regular Gasoline,PTE,Retail Sales,EMM_EPMR_PTE_R30_DPG,Gulf Coast Regular All Formulations Retail Gasoline Prices (Dollars per Gallon),2.735,$/GAL
2024-10-14,R20,PADD 2,EPMR,Regular Gasoline,PTE,Retail Sales,EMM_EPMR_PTE_R20_DPG,Midwest Regular All Formulations Retail Gasoline Prices (Dollars per Gallon),3.1,$/GAL
2024-10-14,R1Z,PADD 1C,EPMR,Regular Gasoline,PTE,Retail Sales,EMM_EPMR_PTE_R1Z_DPG,Lower Atlantic (PADD 1C) Regular All Formulations Retail Gasoline Prices (Dollars per Gallon),2.931,$/GAL
2024-10-14,R1Y,PADD 1B,EPMR,Regular Gasoline,PTE,Retail Sales,EMM_EPMR_PTE_R1Y_DPG,Central Atlantic (PADD 1B) Regular All Formulations Retail Gasoline Prices (Dollars per Gallon),3.216,$/GAL
2024-10-14,R1X,PADD 1A,EPMR,Regular Gasoline,PTE,Retail Sales,EMM_EPMR_PTE_R1X_DPG,New England (PADD 1A) Regular All Formulations Retail Gasoline Prices (Dollars per Gallon),3.048,$/GAL
2024-10-14,R10,PADD 1,EPMR,Regular Gasoline,PTE,Retail Sales,EMM_EPMR_PTE_R10_DPG,East Coast Regular All Formulations Retail Gasoline Prices (Dollars per Gallon),3.042,$/GAL
2024-10-07,NUS,U.S.,EPMR,Regular Gasoline,PTE,Retail Sales,EMM_EPMR_PTE_NUS_DPG,U.S. Regular All Formulations Retail Gasoline Prices (Dollars per Gallon),3.136,$/GAL
2024-10-07,YORD,CHICAGO,EPMR,Regular Gasoline,PTE,Retail Sales,EMM_EPMR_PTE_YORD_DPG,Chicago Regular All Formulations Retail Gasoline Prices (Dollars per Gallon),3.558,$/GAL
2024-10-07,YMIA,MIAMI,EPMR,Regular Gasoline,PTE,Retail Sales,EMM_EPMR_PTE_YMIA_DPG,"Miami, FL Regular All Formulations Retail Gasoline Prices (Dollars per Gallon)",3.061,$/GAL
2024-10-07,YDEN,DENVER,EPMR,Regular Gasoline,PTE,Retail Sales,EMM_EPMR_PTE_YDEN_DPG,Denver Regular All Formulations Retail Gasoline Prices (Dollars per Gallon),3.196,$/GAL
2024-10-07,YCLE,CLEVELAND,EPMR,Regular Gasoline,PTE,Retail Sales,EMM_EPMR_PTE_YCLE_DPG,"Cleveland, OH Regular All Formulations Retail Gasoline Prices (Dollars per Gallon)",3.063,$/GAL
2024-10-07,YBOS,BOSTON,EPMR,Regular Gasoline,PTE,Retail Sales,EMM_EPMR_PTE_YBOS_DPG,"Boston, MA Regular All Formulations Retail Gasoline Prices (Dollars per Gallon)",3.038,$/GAL
2024-10-07,Y48SE,SEATTLE,EPMR,Regular Gasoline,PTE,Retail Sales,EMM_EPMR_PTE_Y48SE_DPG,"Seattle, WA Regular All Formulations Retail Gasoline Prices (Dollars per Gallon)",4.145,$/GAL
2024-10-07,Y44HO,HOUSTON,EPMR,Regular Gasoline,PTE,Retail Sales,EMM_EPMR_PTE_Y44HO_DPG,Houston Regular All Formulations Retail Gasoline Prices (Dollars per Gallon),2.68,$/GAL
2024-10-07,Y35NY,NEW YORK CITY,EPMR,Regular Gasoline,PTE,Retail Sales,EMM_EPMR_PTE_Y35NY_DPG,New York City Regular All Formulations Retail Gasoline Prices (Dollars per Gallon),2.964,$/GAL
2024-10-07,Y05SF,SAN FRANCISCO,EPMR,Regular Gasoline,PTE,Retail Sales,EMM_EPMR_PTE_Y05SF_DPG,San Francisco Regular All Formulations Retail Gasoline Prices (Dollars per Gallon),4.705,$/GAL
2024-10-07,Y05LA,LOS ANGELES,EPMR,Regular Gasoline,PTE,Retail Sales,EMM_EPMR_PTE_Y05LA_DPG,Los Angeles Regular All Formulations Retail Gasoline Prices (Dollars per Gallon),4.258,$/GAL
2024-10-07,SWA,WASHINGTON,EPMR,Regular Gasoline,PTE,Retail Sales,EMM_EPMR_PTE_SWA_DPG,Washington Regular All Formulations Retail Gasoline Prices (Dollars per Gallon),3.872,$/GAL
2024-10-07,STX,TEXAS,EPMR,Regular Gasoline,PTE,Retail Sales,EMM_EPMR_PTE_STX_DPG,Texas Regular All Formulations Retail Gasoline Prices (Dollars per Gallon),2.707,$/GAL
2024-10-07,SOH,OHIO,EPMR,Regular Gasoline,PTE,Retail Sales,EMM_EPMR_PTE_SOH_DPG,Ohio Regular All Formulations Retail Gasoline Prices (Dollars per Gallon),3.027,$/GAL
2024-10-07,SNY,NEW YORK,EPMR,Regular Gasoline,PTE,Retail Sales,EMM_EPMR_PTE_SNY_DPG,New York Regular All Formulations Retail Gasoline Prices (Dollars per Gallon),3.102,$/GAL
2024-10-07,SMN,MINNESOTA,EPMR,Regular Gasoline,PTE,Retail Sales,EMM_EPMR_PTE_SMN_DPG,Minnesota Regular All Formulations Retail Gasoline Prices (Dollars per Gallon),3.031,$/GAL
2024-10-07,SMA,MASSACHUSETTS,EPMR,Regular Gasoline,PTE,Retail Sales,EMM_EPMR_PTE_SMA_DPG,Massachusetts Regular All Formulations Retail Gasoline Prices (Dollars per Gallon),3.011,$/GAL
2024-10-07,SFL,FLORIDA,EPMR,Regular Gasoline,PTE,Retail Sales,EMM_EPMR_PTE_SFL_DPG,Florida Regular All Formulations Retail Gasoline Prices (Dollars per Gallon),3.039,$/GAL
2024-10-07,SCO,COLORADO,EPMR,Regular Gasoline,PTE,Retail Sales,EMM_EPMR_PTE_SCO_DPG,Colorado Regular All Formulations Retail Gasoline Prices (Dollars per Gallon),3.267,$/GAL
2024-10-07,SCA,CALIFORNIA,EPMR,Regular Gasoline,PTE,Retail Sales,EMM_EPMR_PTE_SCA_DPG,California Regular All Formulations Retail Gasoline Prices (Dollars per Gallon),4.408,$/GAL
2024-10-07,R5XCA,PADD 5 EXCEPT CALIFORNIA,EPMR,Regular Gasoline,PTE,Retail Sales,EMM_EPMR_PTE_R5XCA_DPG,West Coast (PADD 5) Except California Regular All Formulations Retail Gasoline Prices (Dollars per Gallon),3.623,$/GAL
2024-10-07,R50,PADD 5,EPMR,Regular Gasoline,PTE,Retail Sales,EMM_EPMR_PTE_R50_DPG,West Coast Regular All Formulations Retail Gasoline Prices (Dollars per Gallon),4.027,$/GAL
2024-10-07,R40,PADD 4,EPMR,Regular Gasoline,PTE,Retail Sales,EMM_EPMR_PTE_R40_DPG,Rocky Mountain Regular All Formulations Retail Gasoline Prices (Dollars per Gallon),3.271,$/GAL
2024-10-07,R30,PADD 3,EPMR,Regular Gasoline,PTE,Retail Sales,EMM_EPMR_PTE_R30_DPG,Gulf Coast Regular All Formulations Retail Gasoline Prices (Dollars per Gallon),2.725,$/GAL
2024-10-07,R20,PADD 2,EPMR,Regular Gasoline,PTE,Retail Sales,EMM_EPMR_PTE_R20_DPG,Midwest Regular All Formulations Retail Gasoline Prices (Dollars per Gallon),3.036,$/GAL
2024-10-07,R1Z,PADD 1C,EPMR,Regular Gasoline,PTE,Retail Sales,EMM_EPMR_PTE_R1Z_DPG,Lower Atlantic (PADD 1C) Regular All Formulations Retail Gasoline Prices (Dollars per Gallon),2.9,$/GAL
2024-10-07,R1Y,PADD 1B,EPMR,Regular Gasoline,PTE,Retail Sales,EMM_EPMR_PTE_R1Y_DPG,Central Atlantic (PADD 1B) Regular All Formulations Retail Gasoline Prices (Dollars per Gallon),3.182,$/GAL
2024-10-07,R1X,PADD 1A,EPMR,Regular Gasoline,PTE,Retail Sales,EMM_EPMR_PTE_R1X_DPG,New England (PADD 1A) Regular All Formulations Retail Gasoline Prices (Dollars per Gallon),3.007,$/GAL
2024-10-07,R10,PADD 1,EPMR,Regular Gasoline,PTE,Retail Sales,EMM_EPMR_PTE_R10_DPG,East Coast Regular All Formulations Retail Gasoline Prices (Dollars per Gallon),3.009,$/GAL
2024-09-30,NUS,U.S.,EPMR,Regular Gasoline,PTE,Retail Sales,EMM_EPMR_PTE_NUS_DPG,U.S. Regular All Formulations Retail Gasoline Prices (Dollars per Gallon),3.179,$/GAL
2024-09-30,YORD,CHICAGO,EPMR,Regular Gasoline,PTE,Retail Sales,EMM_EPMR_PTE_YORD_DPG,Chicago Regular All Formulations Retail Gasoline Prices (Dollars per Gallon),3.675,$/GAL
2024-09-30,YMIA,MIAMI,EPMR,Regular Gasoline,PTE,Retail Sales,EMM_EPMR_PTE_YMIA_DPG,"Miami, FL Regular All Formulations Retail Gasoline Prices (Dollars per Gallon)",3.15,$/GAL
2024-09-30,YDEN,DENVER,EPMR,Regular Gasoline,PTE,Retail Sales,EMM_EPMR_PTE_YDEN_DPG,Denver Regular All Formulations Retail Gasoline Prices (Dollars per Gallon),3.393,$/GAL
2024-09-30,YCLE,CLEVELAND,EPMR,Regular Gasoline,PTE,Retail Sales,EMM_EPMR_PTE_YCLE_DPG,"Cleveland, OH Regular All Formulations Retail Gasoline Prices (Dollars per Gallon)",3.186,$/GAL
2024-09-30,YBOS,BOSTON,EPMR,Regular Gasoline,PTE,Retail Sales,EMM_EPMR_PTE_YBOS_DPG,"Boston, MA Regular All Formulations Retail Gasoline Prices (Dollars per Gallon)",3.031,$/GAL
2024-09-30,Y48SE,SEATTLE,EPMR,Regular Gasoline,PTE,Retail Sales,EMM_EPMR_PTE_Y48SE_DPG,"Seattle, WA Regular All Formulations Retail Gasoline Prices (Dollars per Gallon)",4.179,$/GAL
2024-09-30,Y44HO,HOUSTON,EPMR,Regular Gasoline,PTE,Retail Sales,EMM_EPMR_PTE_Y44HO_DPG,Houston Regular All Formulations Retail Gasoline Prices (Dollars per Gallon),2.628,$/GAL
2024-09-30,Y35NY,NEW YORK CITY,EPMR,Regular Gasoline,PTE,Retail Sales,EMM_EPMR_PTE_Y35NY_DPG,New York City Regular All Formulations Retail Gasoline Prices (Dollars per Gallon),2.996,$/GAL
2024-09-30,Y05SF,SAN FRANCISCO,EPMR,Regular Gasoline,PTE,Retail Sales,EMM_EPMR_PTE_Y05SF_DPG,San Francisco Regular All Formulations Retail Gasoline Prices (Dollars per Gallon),4.726,$/GAL
2024-09-30,Y05LA,LOS ANGELES,EPMR,Regular Gasoline,PTE,Retail Sales,EMM_EPMR_PTE_Y05LA_DPG,Los Angeles Regular All Formulations Retail Gasoline Prices (Dollars per Gallon),4.238,$/GAL
2024-09-30,SWA,WASHINGTON,EPMR,Regular Gasoline,PTE,Retail Sales,EMM_EPMR_PTE_SWA_DPG,Washington Regular All Formulations Retail Gasoline Prices (Dollars per Gallon),3.908,$/GAL
2024-09-30,STX,TEXAS,EPMR,Regular Gasoline,PTE,Retail Sales,EMM_EPMR_PTE_STX_DPG,Texas Regular All Formulations Retail Gasoline Prices (Dollars per Gallon),2.657,$/GAL
2024-09-30,SOH,OHIO,EPMR,Regular Gasoline,PTE,Retail Sales,EMM_EPMR_PTE_SOH_DPG,Ohio Regular All Formulations Retail Gasoline Prices (Dollars per Gallon),3.215,$/GAL
2024-09-30,SNY,NEW YORK,EPMR,Regular Gasoline,PTE,Retail Sales,EMM_EPMR_PTE_SNY_DPG,New York Regular All Formulations Retail Gasoline Prices (Dollars per Gallon),3.126,$/GAL
2024-09-30,SMN,MINNESOTA,EPMR,Regular Gasoline,PTE,Retail Sales,EMM_EPMR_PTE_SMN_DPG,Minnesota Regular All Formulations Retail Gasoline Prices (Dollars per Gallon),3.06,$/GAL
2024-09-30,SMA,MASSACHUSETTS,EPMR,Regular Gasoline,PTE,Retail Sales,EMM_EPMR_PTE_SMA_DPG,Massachusetts Regular All Formulations Retail Gasoline Prices (Dollars per Gallon),3.015,$/GAL
2024-09-30,SFL,FLORIDA,EPMR,Regular Gasoline,PTE,Retail Sales,EMM_EPMR_PTE_SFL_DPG,Florida Regular All Formulations Retail Gasoline Prices (Dollars per Gallon),3.118,$/GAL
2024-09-30,SCO,COLORADO,EPMR,Regular Gasoline,PTE,Retail Sales,EMM_EPMR_PTE_SCO_DPG,Colorado Regular All Formulations Retail Gasoline Prices (Dollars per Gallon),3.446,$/GAL
2024-09-30,SCA,CALIFORNIA,EPMR,Regular Gasoline,PTE,Retail Sales,EMM_EPMR_PTE_SCA_DPG,California Regular All Formulations Retail Gasoline Prices (Dollars per Gallon),4.412,$/GAL
2024-09-30,R5XCA,PADD 5 EXCEPT CALIFORNIA,EPMR,Regular Gasoline,PTE,Retail Sales,EMM_EPMR_PTE_R5XCA_DPG,West Coast (PADD 5) Except California Regular All Formulations Retail Gasoline Prices (Dollars per Gallon),3.649,$/GAL
2024-09-30,R50,PADD 5,EPMR,Regular Gasoline,PTE,Retail Sales,EMM_EPMR_PTE_R50_DPG,West Coast Regular All Formulations Retail Gasoline Prices (Dollars per Gallon),4.042,$/GAL
2024-09-30,R40,PADD 4,EPMR,Regular Gasoline,PTE,Retail Sales,EMM_EPMR_PTE_R40_DPG,Rocky Mountain Regular All Formulations Retail Gasoline Prices (Dollars per Gallon),3.415,$/GAL
2024-09-30,R30,PADD 3,EPMR,Regular Gasoline,PTE,Retail Sales,EMM_EPMR_PTE_R30_DPG,Gulf Coast Regular All Formulations Retail Gasoline Prices (Dollars per Gallon),2.695,$/GAL
2024-09-30,R20,PADD 2,EPMR,Regular Gasoline,PTE,Retail Sales,EMM_EPMR_PTE_R20_DPG,Midwest Regular All Formulations Retail Gasoline Prices (Dollars per Gallon),3.105,$/GAL
2024-09-30,R1Z,PADD 1C,EPMR,Regular Gasoline,PTE,Retail Sales,EMM_EPMR_PTE_R1Z_DPG,Lower Atlantic (PADD 1C) Regular All Formulations Retail Gasoline Prices (Dollars per Gallon),2.995,$/GAL
2024-09-30,R1Y,PADD 1B,EPMR,Regular Gasoline,PTE,Retail Sales,EMM_EPMR_PTE_R1Y_DPG,Central Atlantic (PADD 1B) Regular All Formulations Retail Gasoline Prices (Dollars per Gallon),3.178,$/GAL
2024-09-30,R1X,PADD 1A,EPMR,Regular Gasoline,PTE,Retail Sales,EMM_EPMR_PTE_R1X_DPG,New England (PADD 1A) Regular All Formulations Retail Gasoline Prices (Dollars per Gallon),3.019,$/GAL
2024-09-30,R10,PADD 1,EPMR,Regular Gasoline,PTE,Retail Sales,EMM_EPMR_PTE_R10_DPG,East Coast Regular All Formulations Retail Gasoline Prices (Dollars per Gallon),3.06,$/GAL
2024-09-23,NUS,U.S.,EPMR,Regular Gasoline,PTE,Retail Sales,EMM_EPMR_PTE_NUS_DPG,U.S. Regular All Formulations Retail Gasoline Prices (Dollars per Gallon),3.185,$/GAL
2024-09-23,YORD,CHICAGO,EPMR,Regular Gasoline,PTE,Retail Sales,EMM_EPMR_PTE_YORD_DPG,Chicago Regular All Formulations Retail Gasoline Prices (Dollars per Gallon),3.558,$/GAL
2024-09-23,YMIA,MIAMI,EPMR,Regular Gasoline,PTE,Retail Sales,EMM_EPMR_PTE_YMIA_DPG,"Miami, FL Regular All Formulations Retail Gasoline Prices (Dollars per Gallon)",3.105,$/GAL
2024-09-23,YDEN,DENVER,EPMR,Regular Gasoline,PTE,Retail Sales,EMM_EPMR_PTE_YDEN_DPG,Denver Regular All Formulations Retail Gasoline Prices (Dollars per Gallon),3.391,$/GAL
2024-09-23,YCLE,CLEVELAND,EPMR,Regular Gasoline,PTE,Retail Sales,EMM_EPMR_PTE_YCLE_DPG,"Cleveland, OH Regular All Formulations Retail Gasoline Prices (Dollars per Gallon)",3.102,$/GAL
2024-09-23,YBOS,BOSTON,EPMR,Regular Gasoline,PTE,Retail Sales,EMM_EPMR_PTE_YBOS_DPG,"Boston, MA Regular All Formulations Retail Gasoline Prices (Dollars per Gallon)",3.102,$/GAL
2024-09-23,Y48SE,SEATTLE,EPMR,Regular Gasoline,PTE,Retail Sales,EMM_EPMR_PTE_Y48SE_DPG,"Seattle, WA Regular All Formulations Retail Gasoline Prices (Dollars per Gallon)",4.209,$/GAL
2024-09-23,Y44HO,HOUSTON,EPMR,Regular Gasoline,PTE,Retail Sales,EMM_EPMR_PTE_Y44HO_DPG,Houston Regular All Formulations Retail Gasoline Prices (Dollars per Gallon),2.667,$/GAL
2024-09-23,Y35NY,NEW YORK CITY,EPMR,Regular Gasoline,PTE,Retail Sales,EMM_EPMR_PTE_Y35NY_DPG,New York City Regular All Formulations Retail Gasoline Prices (Dollars per Gallon),3.05,$/GAL
2024-09-23,Y05SF,SAN FRANCISCO,EPMR,Regular Gasoline,PTE,Retail Sales,EMM_EPMR_PTE_Y05SF_DPG,San Francisco Regular All Formulations Retail Gasoline Prices (Dollars per Gallon),4.854,$/GAL
2024-09-23,Y05LA,LOS ANGELES,EPMR,Regular Gasoline,PTE,Retail Sales,EMM_EPMR_PTE_Y05LA_DPG,Los Angeles Regular All Formulations Retail Gasoline Prices (Dollars per Gallon),4.294,$/GAL
2024-09-23,SWA,WASHINGTON,EPMR,Regular Gasoline,PTE,Retail Sales,EMM_EPMR_PTE_SWA_DPG,Washington Regular All Formulations Retail Gasoline Prices (Dollars per Gallon),3.95,$/GAL
2024-09-23,STX,TEXAS,EPMR,Regular Gasoline,PTE,Retail Sales,EMM_EPMR_PTE_STX_DPG,Texas Regular All Formulations Retail Gasoline Prices (Dollars per Gallon),2.71,$/GAL
2024-09-23,SOH,OHIO,EPMR,Regular Gasoline,PTE,Retail Sales,EMM_EPMR_PTE_SOH_DPG,Ohio Regular All Formulations Retail Gasoline Prices (Dollars per Gallon),3.093,$/GAL
2024-09-23,SNY,NEW YORK,EPMR,Regular Gasoline,PTE,Retail Sales,EMM_EPMR_PTE_SNY_DPG,New York Regular All Formulations Retail Gasoline Prices (Dollars per Gallon),3.188,$/GAL
2024-09-23,SMN,MINNESOTA,EPMR,Regular Gasoline,PTE,Retail Sales,EMM_EPMR_PTE_SMN_DPG,Minnesota Regular All Formulations Retail Gasoline Prices (Dollars per Gallon),3.068,$/GAL
2024-09-23,SMA,MASSACHUSETTS,EPMR,Regular Gasoline,PTE,Retail Sales,EMM_EPMR_PTE_SMA_DPG,Massachusetts Regular All Formulations Retail Gasoline Prices (Dollars per Gallon),3.087,$/GAL
2024-09-23,SFL,FLORIDA,EPMR,Regular Gasoline,PTE,Retail Sales,EMM_EPMR_PTE_SFL_DPG,Florida Regular All Formulations Retail Gasoline Prices (Dollars per Gallon),3.06,$/GAL
2024-09-23,SCO,COLORADO,EPMR,Regular Gasoline,PTE,Retail Sales,EMM_EPMR_PTE_SCO_DPG,Colorado Regular All Formulations Retail Gasoline Prices (Dollars per Gallon),3.419,$/GAL
2024-09-23,SCA,CALIFORNIA,EPMR,Regular Gasoline,PTE,Retail Sales,EMM_EPMR_PTE_SCA_DPG,California Regular All Formulations Retail Gasoline Prices (Dollars per Gallon),4.49,$/GAL
2024-09-23,R5XCA,PADD 5 EXCEPT CALIFORNIA,EPMR,Regular Gasoline,PTE,Retail Sales,EMM_EPMR_PTE_R5XCA_DPG,West Coast (PADD 5) Except California Regular All Formulations Retail Gasoline Prices (Dollars per Gallon),3.697,$/GAL
2024-09-23,R50,PADD 5,EPMR,Regular Gasoline,PTE,Retail Sales,EMM_EPMR_PTE_R50_DPG,West Coast Regular All Formulations Retail Gasoline Prices (Dollars per Gallon),4.111,$/GAL
2024-09-23,R40,PADD 4,EPMR,Regular Gasoline,PTE,Retail Sales,EMM_EPMR_PTE_R40_DPG,Rocky Mountain Regular All Formulations Retail Gasoline Prices (Dollars per Gallon),3.434,$/GAL
2024-09-23,R30,PADD 3,EPMR,Regular Gasoline,PTE,Retail Sales,EMM_EPMR_PTE_R30_DPG,Gulf Coast Regular All Formulations Retail Gasoline Prices (Dollars per Gallon),2.733,$/GAL
2024-09-23,R20,PADD 2,EPMR,Regular Gasoline,PTE,Retail Sales,EMM_EPMR_PTE_R20_DPG,Midwest Regular All Formulations Retail Gasoline Prices (Dollars per Gallon),3.077,$/GAL
2024-09-23,R1Z,PADD 1C,EPMR,Regular Gasoline,PTE,Retail Sales,EMM_EPMR_PTE_R1Z_DPG,Lower Atlantic (PADD 1C) Regular All Formulations Retail Gasoline Prices (Dollars per Gallon),2.951,$/GAL
2024-09-23,R1Y,PADD 1B,EPMR,Regular Gasoline,PTE,Retail Sales,EMM_EPMR_PTE_R1Y_DPG,Central Atlantic (PADD 1B) Regular All Formulations Retail Gasoline Prices (Dollars per Gallon),3.205,$/GAL
2024-09-23,R1X,PADD 1A,EPMR,Regular Gasoline,PTE,Retail Sales,EMM_EPMR_PTE_R1X_DPG,New England (PADD 1A) Regular All Formulations Retail Gasoline Prices (Dollars per Gallon),3.078,$/GAL
2024-09-23,R10,PADD 1,EPMR,Regular Gasoline,PTE,Retail Sales,EMM_EPMR_PTE_R10_DPG,East Coast Regular All Formulations Retail Gasoline Prices (Dollars per Gallon),3.052,$/GAL
2024-09-16,NUS,U.S.,EPMR,Regular Gasoline,PTE,Retail Sales,EMM_EPMR_PTE_NUS_DPG,U.S. Regular All Formulations Retail Gasoline Prices (Dollars per Gallon),3.18,$/GAL
2024-09-16,YORD,CHICAGO,EPMR,Regular Gasoline,PTE,Retail Sales,EMM_EPMR_PTE_YORD_DPG,Chicago Regular All Formulations Retail Gasoline Prices (Dollars per Gallon),3.505,$/GAL
2024-09-16,YMIA,MIAMI,EPMR,Regular Gasoline,PTE,Retail Sales,EMM_EPMR_PTE_YMIA_DPG,"Miami, FL Regular All Formulations Retail Gasoline Prices (Dollars per Gallon)",3.134,$/GAL
2024-09-16,YDEN,DENVER,EPMR,Regular Gasoline,PTE,Retail Sales,EMM_EPMR_PTE_YDEN_DPG,Denver Regular All Formulations Retail Gasoline Prices (Dollars per Gallon),3.339,$/GAL
2024-09-16,YCLE,CLEVELAND,EPMR,Regular Gasoline,PTE,Retail Sales,EMM_EPMR_PTE_YCLE_DPG,"Cleveland, OH Regular All Formulations Retail Gasoline Prices (Dollars per Gallon)",2.939,$/GAL
2024-09-16,YBOS,BOSTON,EPMR,Regular Gasoline,PTE,Retail Sales,EMM_EPMR_PTE_YBOS_DPG,"Boston, MA Regular All Formulations Retail Gasoline Prices (Dollars per Gallon)",3.15,$/GAL
2024-09-16,Y48SE,SEATTLE,EPMR,Regular Gasoline,PTE,Retail Sales,EMM_EPMR_PTE_Y48SE_DPG,"Seattle, WA Regular All Formulations Retail Gasoline Prices (Dollars per Gallon)",4.236,$/GAL
2024-09-16,Y44HO,HOUSTON,EPMR,Regular Gasoline,PTE,Retail Sales,EMM_EPMR_PTE_Y44HO_DPG,Houston Regular All Formulations Retail Gasoline Prices (Dollars per Gallon),2.704,$/GAL
2024-09-16,Y35NY,NEW YORK CITY,EPMR,Regular Gasoline,PTE,Retail Sales,EMM_EPMR_PTE_Y35NY_DPG,New York City Regular All Formulations Retail Gasoline Prices (Dollars per Gallon),3.116,$/GAL
2024-09-16,Y05SF,SAN FRANCISCO,EPMR,Regular Gasoline,PTE,Retail Sales,EMM_EPMR_PTE_Y05SF_DPG,San Francisco Regular All Formulations Retail Gasoline Prices (Dollars per Gallon),4.886,$/GAL
2024-09-16,Y05LA,LOS ANGELES,EPMR,Regular Gasoline,PTE,Retail Sales,EMM_EPMR_PTE_Y05LA_DPG,Los Angeles Regular All Formulations Retail Gasoline Prices (Dollars per Gallon),4.322,$/GAL
2024-09-16,SWA,WASHINGTON,EPMR,Regular Gasoline,PTE,Retail Sales,EMM_EPMR_PTE_SWA_DPG,Washington Regular All Formulations Retail Gasoline Prices (Dollars per Gallon),3.99,$/GAL
2024-09-16,STX,TEXAS,EPMR,Regular Gasoline,PTE,Retail Sales,EMM_EPMR_PTE_STX_DPG,Texas Regular All Formulations Retail Gasoline Prices (Dollars per Gallon),2.689,$/GAL
2024-09-16,SOH,OHIO,EPMR,Regular Gasoline,PTE,Retail Sales,EMM_EPMR_PTE_SOH_DPG,Ohio Regular All Formulations Retail Gasoline Prices (Dollars per Gallon),2.882,$/GAL
2024-09-16,SNY,NEW YORK,EPMR,Regular Gasoline,PTE,Retail Sales,EMM_EPMR_PTE_SNY_DPG,New York Regular All Formulations Retail Gasoline Prices (Dollars per Gallon),3.229,$/GAL
2024-09-16,SMN,MINNESOTA,EPMR,Regular Gasoline,PTE,Retail Sales,EMM_EPMR_PTE_SMN_DPG,Minnesota Regular All Formulations Retail Gasoline Prices (Dollars per Gallon),3.046,$/GAL
2024-09-16,SMA,MASSACHUSETTS,EPMR,Regular Gasoline,PTE,Retail Sales,EMM_EPMR_PTE_SMA_DPG,Massachusetts Regular All Formulations Retail Gasoline Prices (Dollars per Gallon),3.13,$/GAL
2024-09-16,SFL,FLORIDA,EPMR,Regular Gasoline,PTE,Retail Sales,EMM_EPMR_PTE_SFL_DPG,Florida Regular All Formulations Retail Gasoline Prices (Dollars per Gallon),3.055,$/GAL
2024-09-16,SCO,COLORADO,EPMR,Regular Gasoline,PTE,Retail Sales,EMM_EPMR_PTE_SCO_DPG,Colorado Regular All Formulations Retail Gasoline Prices (Dollars per Gallon),3.364,$/GAL
2024-09-16,SCA,CALIFORNIA,EPMR,Regular Gasoline,PTE,Retail Sales,EMM_EPMR_PTE_SCA_DPG,California Regular All Formulations Retail Gasoline Prices (Dollars per Gallon),4.515,$/GAL
2024-09-16,R5XCA,PADD 5 EXCEPT CALIFORNIA,EPMR,Regular Gasoline,PTE,Retail Sales,EMM_EPMR_PTE_R5XCA_DPG,West Coast (PADD 5) Except California Regular All Formulations Retail Gasoline Prices (Dollars per Gallon),3.723,$/GAL
2024-09-16,R50,PADD 5,EPMR,Regular Gasoline,PTE,Retail Sales,EMM_EPMR_PTE_R50_DPG,West Coast Regular All Formulations Retail Gasoline Prices (Dollars per Gallon),4.136,$/GAL
2024-09-16,R40,PADD 4,EPMR,Regular Gasoline,PTE,Retail Sales,EMM_EPMR_PTE_R40_DPG,Rocky Mountain Regular All Formulations Retail Gasoline Prices (Dollars per Gallon),3.4,$/GAL
2024-09-16,R30,PADD 3,EPMR,Regular Gasoline,PTE,Retail Sales,EMM_EPMR_PTE_R30_DPG,Gulf Coast Regular All Formulations Retail Gasoline Prices (Dollars per Gallon),2.728,$/GAL
2024-09-16,R20,PADD 2,EPMR,Regular Gasoline,PTE,Retail Sales,EMM_EPMR_PTE_R20_DPG,Midwest Regular All Formulations Retail Gasoline Prices (Dollars per Gallon),3.005,$/GAL
2024-09-16,R1Z,PADD 1C,EPMR,Regular Gasoline,PTE,Retail Sales,EMM_EPMR_PTE_R1Z_DPG,Lower Atlantic (PADD 1C) Regular All Formulations Retail Gasoline Prices (Dollars per Gallon),2.97,$/GAL
2024-09-16,R1Y,PADD 1B,EPMR,Regular Gasoline,PTE,Retail Sales,EMM_EPMR_PTE_R1Y_DPG,Central Atlantic (PADD 1B) Regular All Formulations Retail Gasoline Prices (Dollars per Gallon),3.246,$/GAL
2024-09-16,R1X,PADD 1A,EPMR,Regular Gasoline,PTE,Retail Sales,EMM_EPMR_PTE_R1X_DPG,New England (PADD 1A) Regular All Formulations Retail Gasoline Prices (Dollars per Gallon),3.146,$/GAL
2024-09-16,R10,PADD 1,EPMR,Regular Gasoline,PTE,Retail Sales,EMM_EPMR_PTE_R10_DPG,East Coast Regular All Formulations Retail Gasoline Prices (Dollars per Gallon),3.085,$/GAL
2024-09-09,NUS,U.S.,EPMR,Regular Gasoline,PTE,Retail Sales,EMM_EPMR_PTE_NUS_DPG,U.S. Regular All Formulations Retail Gasoline Prices (Dollars per Gallon),3.236,$/GAL
2024-09-09,YORD,CHICAGO,EPMR,Regular Gasoline,PTE,Retail Sales,EMM_EPMR_PTE_YORD_DPG,Chicago Regular All Formulations Retail Gasoline Prices (Dollars per Gallon),3.604,$/GAL
2024-09-09,YMIA,MIAMI,EPMR,Regular Gasoline,PTE,Retail Sales,EMM_EPMR_PTE_YMIA_DPG,"Miami, FL Regular All Formulations Retail Gasoline Prices (Dollars per Gallon)",3.157,$/GAL
2024-09-09,YDEN,DENVER,EPMR,Regular Gasoline,PTE,Retail Sales,EMM_EPMR_PTE_YDEN_DPG,Denver Regular All Formulations Retail Gasoline Prices (Dollars per Gallon),3.215,$/GAL
2024-09-09,YCLE,CLEVELAND,EPMR,Regular Gasoline,PTE,Retail Sales,EMM_EPMR_PTE_YCLE_DPG,"Cleveland, OH Regular All Formulations Retail Gasoline Prices (Dollars per Gallon)",3.092,$/GAL
2024-09-09,YBOS,BOSTON,EPMR,Regular Gasoline,PTE,Retail Sales,EMM_EPMR_PTE_YBOS_DPG,"Boston, MA Regular All Formulations Retail Gasoline Prices (Dollars per Gallon)",3.247,$/GAL
2024-09-09,Y48SE,SEATTLE,EPMR,Regular Gasoline,PTE,Retail Sales,EMM_EPMR_PTE_Y48SE_DPG,"Seattle, WA Regular All Formulations Retail Gasoline Prices (Dollars per Gallon)",4.246,$/GAL
2024-09-09,Y44HO,HOUSTON,EPMR,Regular Gasoline,PTE,Retail Sales,EMM_EPMR_PTE_Y44HO_DPG,Houston Regular All Formulations Retail Gasoline Prices (Dollars per Gallon),2.779,$/GAL
2024-09-09,Y35NY,NEW YORK CITY,EPMR,Regular Gasoline,PTE,Retail Sales,EMM_EPMR_PTE_Y35NY_DPG,New York City Regular All Formulations Retail Gasoline Prices (Dollars per Gallon),3.175,$/GAL
2024-09-09,Y05SF,SAN FRANCISCO,EPMR,Regular Gasoline,PTE,Retail Sales,EMM_EPMR_PTE_Y05SF_DPG,San Francisco Regular All Formulations Retail Gasoline Prices (Dollars per Gallon),4.73,$/GAL
2024-09-09,Y05LA,LOS ANGELES,EPMR,Regular Gasoline,PTE,Retail Sales,EMM_EPMR_PTE_Y05LA_DPG,Los Angeles Regular All Formulations Retail Gasoline Prices (Dollars per Gallon),4.297,$/GAL
2024-09-09,SWA,WASHINGTON,EPMR,Regular Gasoline,PTE,Retail Sales,EMM_EPMR_PTE_SWA_DPG,Washington Regular All Formulations Retail Gasoline Prices (Dollars per Gallon),3.99,$/GAL
2024-09-09,STX,TEXAS,EPMR,Regular Gasoline,PTE,Retail Sales,EMM_EPMR_PTE_STX_DPG,Texas Regular All Formulations Retail Gasoline Prices (Dollars per Gallon),2.775,$/GAL
2024-09-09,SOH,OHIO,EPMR,Regular Gasoline,PTE,Retail Sales,EMM_EPMR_PTE_SOH_DPG,Ohio Regular All Formulations Retail Gasoline Prices (Dollars per Gallon),3.037,$/GAL
2024-09-09,SNY,NEW YORK,EPMR,Regular Gasoline,PTE,Retail Sales,EMM_EPMR_PTE_SNY_DPG,New York Regular All Formulations Retail Gasoline Prices (Dollars per Gallon),3.276,$/GAL
2024-09-09,SMN,MINNESOTA,EPMR,Regular Gasoline,PTE,Retail Sales,EMM_EPMR_PTE_SMN_DPG,Minnesota Regular All Formulations Retail Gasoline Prices (Dollars per Gallon),3.093,$/GAL
2024-09-09,SMA,MASSACHUSETTS,EPMR,Regular Gasoline,PTE,Retail Sales,EMM_EPMR_PTE_SMA_DPG,Massachusetts Regular All Formulations Retail Gasoline Prices (Dollars per Gallon),3.218,$/GAL
2024-09-09,SFL,FLORIDA,EPMR,Regular Gasoline,PTE,Retail Sales,EMM_EPMR_PTE_SFL_DPG,Florida Regular All Formulations Retail Gasoline Prices (Dollars per Gallon),3.101,$/GAL
2024-09-09,SCO,COLORADO,EPMR,Regular Gasoline,PTE,Retail Sales,EMM_EPMR_PTE_SCO_DPG,Colorado Regular All Formulations Retail Gasoline Prices (Dollars per Gallon),3.252,$/GAL
2024-09-09,SCA,CALIFORNIA,EPMR,Regular Gasoline,PTE,Retail Sales,EMM_EPMR_PTE_SCA_DPG,California Regular All Formulations Retail Gasoline Prices (Dollars per Gallon),4.45,$/GAL
2024-09-09,R5XCA,PADD 5 EXCEPT CALIFORNIA,EPMR,Regular Gasoline,PTE,Retail Sales,EMM_EPMR_PTE_R5XCA_DPG,West Coast (PADD 5) Except California Regular All Formulations Retail Gasoline Prices (Dollars per Gallon),3.727,$/GAL
2024-09-09,R50,PADD 5,EPMR,Regular Gasoline,PTE,Retail Sales,EMM_EPMR_PTE_R50_DPG,West Coast Regular All Formulations Retail Gasoline Prices (Dollars per Gallon),4.104,$/GAL
2024-09-09,R40,PADD 4,EPMR,Regular Gasoline,PTE,Retail Sales,EMM_EPMR_PTE_R40_DPG,Rocky Mountain Regular All Formulations Retail Gasoline Prices (Dollars per Gallon),3.357,$/GAL
2024-09-09,R30,PADD 3,EPMR,Regular Gasoline,PTE,Retail Sales,EMM_EPMR_PTE_R30_DPG,Gulf Coast Regular All Formulations Retail Gasoline Prices (Dollars per Gallon),2.8,$/GAL
2024-09-09,R20,PADD 2,EPMR,Regular Gasoline,PTE,Retail Sales,EMM_EPMR_PTE_R20_DPG,Midwest Regular All Formulations Retail Gasoline Prices (Dollars per Gallon),3.098,$/GAL
2024-09-09,R1Z,PADD 1C,EPMR,Regular Gasoline,PTE,Retail Sales,EMM_EPMR_PTE_R1Z_DPG,Lower Atlantic (PADD 1C) Regular All Formulations Retail Gasoline Prices (Dollars per Gallon),3.04,$/GAL
2024-09-09,R1Y,PADD 1B,EPMR,Regular Gasoline,PTE,Retail Sales,EMM_EPMR_PTE_R1Y_DPG,Central Atlantic (PADD 1B) Regular All Formulations Retail Gasoline Prices (Dollars per Gallon),3.293,$/GAL
2024-09-09,R1X,PADD 1A,EPMR,Regular Gasoline,PTE,Retail Sales,EMM_EPMR_PTE_R1X_DPG,New England (PADD 1A) Regular All Formulations Retail Gasoline Prices (Dollars per Gallon),3.235,$/GAL
2024-09-09,R10,PADD 1,EPMR,Regular Gasoline,PTE,Retail Sales,EMM_EPMR_PTE_R10_DPG,East Coast Regular All Formulations Retail Gasoline Prices (Dollars per Gallon),3.149,$/GAL
2024-09-02,NUS,U.S.,EPMR,Regular Gasoline,PTE,Retail Sales,EMM_EPMR_PTE_NUS_DPG,U.S. Regular All Formulations Retail Gasoline Prices (Dollars per Gallon),3.289,$/GAL
2024-09-02,YORD,CHICAGO,EPMR,Regular Gasoline,PTE,Retail Sales,EMM_EPMR_PTE_YORD_DPG,Chicago Regular All Formulations Retail Gasoline Prices (Dollars per Gallon),3.719,$/GAL
2024-09-02,YMIA,MIAMI,EPMR,Regular Gasoline,PTE,Retail Sales,EMM_EPMR_PTE_YMIA_DPG,"Miami, FL Regular All Formulations Retail Gasoline Prices (Dollars per Gallon)",3.244,$/GAL
2024-09-02,YDEN,DENVER,EPMR,Regular Gasoline,PTE,Retail Sales,EMM_EPMR_PTE_YDEN_DPG,Denver Regular All Formulations Retail Gasoline Prices (Dollars per Gallon),3.327,$/GAL
2024-09-02,YCLE,CLEVELAND,EPMR,Regular Gasoline,PTE,Retail Sales,EMM_EPMR_PTE_YCLE_DPG,"Cleveland, OH Regular All Formulations Retail Gasoline Prices (Dollars per Gallon)",3.226,$/GAL
2024-09-02,YBOS,BOSTON,EPMR,Regular Gasoline,PTE,Retail Sales,EMM_EPMR_PTE_YBOS_DPG,"Boston, MA Regular All Formulations Retail Gasoline Prices (Dollars per Gallon)",3.304,$/GAL
2024-09-02,Y48SE,SEATTLE,EPMR,Regular Gasoline,PTE,Retail Sales,EMM_EPMR_PTE_Y48SE_DPG,"Seattle, WA Regular All Formulations Retail Gasoline Prices (Dollars per Gallon)",4.331,$/GAL
2024-09-02,Y44HO,HOUSTON,EPMR,Regular Gasoline,PTE,Retail Sales,EMM_EPMR_PTE_Y44HO_DPG,Houston Regular All Formulations Retail Gasoline Prices (Dollars per Gallon),2.827,$/GAL
2024-09-02,Y35NY,NEW YORK CITY,EPMR,Regular Gasoline,PTE,Retail Sales,EMM_EPMR_PTE_Y35NY_DPG,New York City Regular All Formulations Retail Gasoline Prices (Dollars per Gallon),3.248,$/GAL
2024-09-02,Y05SF,SAN FRANCISCO,EPMR,Regular Gasoline,PTE,Retail Sales,EMM_EPMR_PTE_Y05SF_DPG,San Francisco Regular All Formulations Retail Gasoline Prices (Dollars per Gallon),4.641,$/GAL
2024-09-02,Y05LA,LOS ANGELES,EPMR,Regular Gasoline,PTE,Retail Sales,EMM_EPMR_PTE_Y05LA_DPG,Los Angeles Regular All Formulations Retail Gasoline Prices (Dollars per Gallon),4.281,$/GAL
2024-09-02,SWA,WASHINGTON,EPMR,Regular Gasoline,PTE,Retail Sales,EMM_EPMR_PTE_SWA_DPG,Washington Regular All Formulations Retail Gasoline Prices (Dollars per Gallon),4.057,$/GAL
2024-09-02,STX,TEXAS,EPMR,Regular Gasoline,PTE,Retail Sales,EMM_EPMR_PTE_STX_DPG,Texas Regular All Formulations Retail Gasoline Prices (Dollars per Gallon),2.804,$/GAL
2024-09-02,SOH,OHIO,EPMR,Regular Gasoline,PTE,Retail Sales,EMM_EPMR_PTE_SOH_DPG,Ohio Regular All Formulations Retail Gasoline Prices (Dollars per Gallon),3.216,$/GAL
2024-09-02,SNY,NEW YORK,EPMR,Regular Gasoline,PTE,Retail Sales,EMM_EPMR_PTE_SNY_DPG,New York Regular All Formulations Retail Gasoline Prices (Dollars per Gallon),3.346,$/GAL
2024-09-02,SMN,MINNESOTA,EPMR,Regular Gasoline,PTE,Retail Sales,EMM_EPMR_PTE_SMN_DPG,Minnesota Regular All Formulations Retail Gasoline Prices (Dollars per Gallon),3.156,$/GAL
2024-09-02,SMA,MASSACHUSETTS,EPMR,Regular Gasoline,PTE,Retail Sales,EMM_EPMR_PTE_SMA_DPG,Massachusetts Regular All Formulations Retail Gasoline Prices (Dollars per Gallon),3.272,$/GAL
2024-09-02,SFL,FLORIDA,EPMR,Regular Gasoline,PTE,Retail Sales,EMM_EPMR_PTE_SFL_DPG,Florida Regular All Formulations Retail Gasoline Prices (Dollars per Gallon),3.221,$/GAL
2024-09-02,SCO,COLORADO,EPMR,Regular Gasoline,PTE,Retail Sales,EMM_EPMR_PTE_SCO_DPG,Colorado Regular All Formulations Retail Gasoline Prices (Dollars per Gallon),3.363,$/GAL
2024-09-02,SCA,CALIFORNIA,EPMR,Regular Gasoline,PTE,Retail Sales,EMM_EPMR_PTE_SCA_DPG,California Regular All Formulations Retail Gasoline Prices (Dollars per Gallon),4.406,$/GAL
2024-09-02,R5XCA,PADD 5 EXCEPT CALIFORNIA,EPMR,Regular Gasoline,PTE,Retail Sales,EMM_EPMR_PTE_R5XCA_DPG,West Coast (PADD 5) Except California Regular All Formulations Retail Gasoline Prices (Dollars per Gallon),3.762,$/GAL
2024-09-02,R50,PADD 5,EPMR,Regular Gasoline,PTE,Retail Sales,EMM_EPMR_PTE_R50_DPG,West Coast Regular All Formulations Retail Gasoline Prices (Dollars per Gallon),4.101,$/GAL
2024-09-02,R40,PADD 4,EPMR,Regular Gasoline,PTE,Retail Sales,EMM_EPMR_PTE_R40_DPG,Rocky Mountain Regular All Formulations Retail Gasoline Prices (Dollars per Gallon),3.401,$/GAL
2024-09-02,R30,PADD 3,EPMR,Regular Gasoline,PTE,Retail Sales,EMM_EPMR_PTE_R30_DPG,Gulf Coast Regular All Formulations Retail Gasoline Prices (Dollars per Gallon),2.844,$/GAL
2024-09-02,R20,PADD 2,EPMR,Regular Gasoline,PTE,Retail Sales,EMM_EPMR_PTE_R20_DPG,Midwest Regular All Formulations Retail Gasoline Prices (Dollars per Gallon),3.171,$/GAL
2024-09-02,R1Z,PADD 1C,EPMR,Regular Gasoline,PTE,Retail Sales,EMM_EPMR_PTE_R1Z_DPG,Lower Atlantic (PADD 1C) Regular All Formulations Retail Gasoline Prices (Dollars per Gallon),3.138,$/GAL
2024-09-02,R1Y,PADD 1B,EPMR,Regular Gasoline,PTE,Retail Sales,EMM_EPMR_PTE_R1Y_DPG,Central Atlantic (PADD 1B) Regular All Formulations Retail Gasoline Prices (Dollars per Gallon),3.366,$/GAL
2024-09-02,R1X,PADD 1A,EPMR,Regular Gasoline,PTE,Retail Sales,EMM_EPMR_PTE_R1X_DPG,New England (PADD 1A) Regular All Formulations Retail Gasoline Prices (Dollars per Gallon),3.288,$/GAL
2024-09-02,R10,PADD 1,EPMR,Regular Gasoline,PTE,Retail Sales,EMM_EPMR_PTE_R10_DPG,East Coast Regular All Formulations Retail Gasoline Prices (Dollars per Gallon),3.233,$/GAL
2024-08-26,NUS,U.S.,EPMR,Regular Gasoline,PTE,Retail Sales,EMM_EPMR_PTE_NUS_DPG,U.S. Regular All Formulations Retail Gasoline Prices (Dollars per Gallon),3.313,$/GAL
2024-08-26,YORD,CHICAGO,EPMR,Regular Gasoline,PTE,Retail Sales,EMM_EPMR_PTE_YORD_DPG,Chicago Regular All Formulations Retail Gasoline Prices (Dollars per Gallon),3.763,$/GAL
2024-08-26,YMIA,MIAMI,EPMR,Regular Gasoline,PTE,Retail Sales,EMM_EPMR_PTE_YMIA_DPG,"Miami, FL Regular All Formulations Retail Gasoline Prices (Dollars per Gallon)",3.221,$/GAL
2024-08-26,YDEN,DENVER,EPMR,Regular Gasoline,PTE,Retail Sales,EMM_EPMR_PTE_YDEN_DPG,Denver Regular All Formulations Retail Gasoline Prices (Dollars per Gallon),3.238,$/GAL
2024-08-26,YCLE,CLEVELAND,EPMR,Regular Gasoline,PTE,Retail Sales,EMM_EPMR_PTE_YCLE_DPG,"Cleveland, OH Regular All Formulations Retail Gasoline Prices (Dollars per Gallon)",3.22,$/GAL
2024-08-26,YBOS,BOSTON,EPMR,Regular Gasoline,PTE,Retail Sales,EMM_EPMR_PTE_YBOS_DPG,"Boston, MA Regular All Formulations Retail Gasoline Prices (Dollars per Gallon)",3.364,$/GAL
2024-08-26,Y48SE,SEATTLE,EPMR,Regular Gasoline,PTE,Retail Sales,EMM_EPMR_PTE_Y48SE_DPG,"Seattle, WA Regular All Formulations Retail Gasoline Prices (Dollars per Gallon)",4.247,$/GAL
2024-08-26,Y44HO,HOUSTON,EPMR,Regular Gasoline,PTE,Retail Sales,EMM_EPMR_PTE_Y44HO_DPG,Houston Regular All Formulations Retail Gasoline Prices (Dollars per Gallon),2.88,$/GAL
2024-08-26,Y35NY,NEW YORK CITY,EPMR,Regular Gasoline,PTE,Retail Sales,EMM_EPMR_PTE_Y35NY_DPG,New York City Regular All Formulations Retail Gasoline Prices (Dollars per Gallon),3.288,$/GAL
2024-08-26,Y05SF,SAN FRANCISCO,EPMR,Regular Gasoline,PTE,Retail Sales,EMM_EPMR_PTE_Y05SF_DPG,San Francisco Regular All Formulations Retail Gasoline Prices (Dollars per Gallon),4.533,$/GAL
2024-08-26,Y05LA,LOS ANGELES,EPMR,Regular Gasoline,PTE,Retail Sales,EMM_EPMR_PTE_Y05LA_DPG,Los Angeles Regular All Formulations Retail Gasoline Prices (Dollars per Gallon),4.219,$/GAL
2024-08-26,SWA,WASHINGTON,EPMR,Regular Gasoline,PTE,Retail Sales,EMM_EPMR_PTE_SWA_DPG,Washington Regular All Formulations Retail Gasoline Prices (Dollars per Gallon),4.018,$/GAL
2024-08-26,STX,TEXAS,EPMR,Regular Gasoline,PTE,Retail Sales,EMM_EPMR_PTE_STX_DPG,Texas Regular All Formulations Retail Gasoline Prices (Dollars per Gallon),2.87,$/GAL
2024-08-26,SOH,OHIO,EPMR,Regular Gasoline,PTE,Retail Sales,EMM_EPMR_PTE_SOH_DPG,Ohio Regular All Formulations Retail Gasoline Prices (Dollars per Gallon),3.161,$/GAL
2024-08-26,SNY,NEW YORK,EPMR,Regular Gasoline,PTE,Retail Sales,EMM_EPMR_PTE_SNY_DPG,New York Regular All Formulations Retail Gasoline Prices (Dollars per Gallon),3.382,$/GAL
2024-08-26,SMN,MINNESOTA,EPMR,Regular Gasoline,PTE,Retail Sales,EMM_EPMR_PTE_SMN_DPG,Minnesota Regular All Formulations Retail Gasoline Prices (Dollars per Gallon),3.183,$/GAL
2024-08-26,SMA,MASSACHUSETTS,EPMR,Regular Gasoline,PTE,Retail Sales,EMM_EPMR_PTE_SMA_DPG,Massachusetts Regular All Formulations Retail Gasoline Prices (Dollars per Gallon),3.317,$/GAL
2024-08-26,SFL,FLORIDA,EPMR,Regular Gasoline,PTE,Retail Sales,EMM_EPMR_PTE_SFL_DPG,Florida Regular All Formulations Retail Gasoline Prices (Dollars per Gallon),3.213,$/GAL
2024-08-26,SCO,COLORADO,EPMR,Regular Gasoline,PTE,Retail Sales,EMM_EPMR_PTE_SCO_DPG,Colorado Regular All Formulations Retail Gasoline Prices (Dollars per Gallon),3.273,$/GAL
2024-08-26,SCA,CALIFORNIA,EPMR,Regular Gasoline,PTE,Retail Sales,EMM_EPMR_PTE_SCA_DPG,California Regular All Formulations Retail Gasoline Prices (Dollars per Gallon),4.325,$/GAL
2024-08-26,R5XCA,PADD 5 EXCEPT CALIFORNIA,EPMR,Regular Gasoline,PTE,Retail Sales,EMM_EPMR_PTE_R5XCA_DPG,West Coast (PADD 5) Except California Regular All Formulations Retail Gasoline Prices (Dollars per Gallon),3.75,$/GAL
2024-08-26,R50,PADD 5,EPMR,Regular Gasoline,PTE,Retail Sales,EMM_EPMR_PTE_R50_DPG,West Coast Regular All Formulations Retail Gasoline Prices (Dollars per Gallon),4.05,$/GAL
2024-08-26,R40,PADD 4,EPMR,Regular Gasoline,PTE,Retail Sales,EMM_EPMR_PTE_R40_DPG,Rocky Mountain Regular All Formulations Retail Gasoline Prices (Dollars per Gallon),3.357,$/GAL
2024-08-26,R30,PADD 3,EPMR,Regular Gasoline,PTE,Retail Sales,EMM_EPMR_PTE_R30_DPG,Gulf Coast Regular All Formulations Retail Gasoline Prices (Dollars per Gallon),2.894,$/GAL
2024-08-26,R20,PADD 2,EPMR,Regular Gasoline,PTE,Retail Sales,EMM_EPMR_PTE_R20_DPG,Midwest Regular All Formulations Retail Gasoline Prices (Dollars per Gallon),3.208,$/GAL
2024-08-26,R1Z,PADD 1C,EPMR,Regular Gasoline,PTE,Retail Sales,EMM_EPMR_PTE_R1Z_DPG,Lower Atlantic (PADD 1C) Regular All Formulations Retail Gasoline Prices (Dollars per Gallon),3.144,$/GAL
2024-08-26,R1Y,PADD 1B,EPMR,Regular Gasoline,PTE,Retail Sales,EMM_EPMR_PTE_R1Y_DPG,Central Atlantic (PADD 1B) Regular All Formulations Retail Gasoline Prices (Dollars per Gallon),3.406,$/GAL
2024-08-26,R1X,PADD 1A,EPMR,Regular Gasoline,PTE,Retail Sales,EMM_EPMR_PTE_R1X_DPG,New England (PADD 1A) Regular All Formulations Retail Gasoline Prices (Dollars per Gallon),3.324,$/GAL
2024-08-26,R10,PADD 1,EPMR,Regular Gasoline,PTE,Retail Sales,EMM_EPMR_PTE_R10_DPG,East Coast Regular All Formulations Retail Gasoline Prices (Dollars per Gallon),3.254,$/GAL
2024-08-19,NUS,U.S.,EPMR,Regular Gasoline,PTE,Retail Sales,EMM_EPMR_PTE_NUS_DPG,U.S. Regular All Formulations Retail Gasoline Prices (Dollars per Gallon),3.382,$/GAL
2024-08-19,YORD,CHICAGO,EPMR,Regular Gasoline,PTE,Retail Sales,EMM_EPMR_PTE_YORD_DPG,Chicago Regular All Formulations Retail Gasoline Prices (Dollars per Gallon),3.915,$/GAL
2024-08-19,YMIA,MIAMI,EPMR,Regular Gasoline,PTE,Retail Sales,EMM_EPMR_PTE_YMIA_DPG,"Miami, FL Regular All Formulations Retail Gasoline Prices (Dollars per Gallon)",3.263,$/GAL
2024-08-19,YDEN,DENVER,EPMR,Regular Gasoline,PTE,Retail Sales,EMM_EPMR_PTE_YDEN_DPG,Denver Regular All Formulations Retail Gasoline Prices (Dollars per Gallon),3.363,$/GAL
2024-08-19,YCLE,CLEVELAND,EPMR,Regular Gasoline,PTE,Retail Sales,EMM_EPMR_PTE_YCLE_DPG,"Cleveland, OH Regular All Formulations Retail Gasoline Prices (Dollars per Gallon)",3.368,$/GAL
2024-08-19,YBOS,BOSTON,EPMR,Regular Gasoline,PTE,Retail Sales,EMM_EPMR_PTE_YBOS_DPG,"Boston, MA Regular All Formulations Retail Gasoline Prices (Dollars per Gallon)",3.395,$/GAL
2024-08-19,Y48SE,SEATTLE,EPMR,Regular Gasoline,PTE,Retail Sales,EMM_EPMR_PTE_Y48SE_DPG,"Seattle, WA Regular All Formulations Retail Gasoline Prices (Dollars per Gallon)",4.289,$/GAL
2024-08-19,Y44HO,HOUSTON,EPMR,Regular Gasoline,PTE,Retail Sales,EMM_EPMR_PTE_Y44HO_DPG,Houston Regular All Formulations Retail Gasoline Prices (Dollars per Gallon),2.963,$/GAL
2024-08-19,Y35NY,NEW YORK CITY,EPMR,Regular Gasoline,PTE,Retail Sales,EMM_EPMR_PTE_Y35NY_DPG,New York City Regular All Formulations Retail Gasoline Prices (Dollars per Gallon),3.319,$/GAL
2024-08-19,Y05SF,SAN FRANCISCO,EPMR,Regular Gasoline,PTE,Retail Sales,EMM_EPMR_PTE_Y05SF_DPG,San Francisco Regular All Formulations Retail Gasoline Prices (Dollars per Gallon),4.508,$/GAL
2024-08-19,Y05LA,LOS ANGELES,EPMR,Regular Gasoline,PTE,Retail Sales,EMM_EPMR_PTE_Y05LA_DPG,Los Angeles Regular All Formulations Retail Gasoline Prices (Dollars per Gallon),4.215,$/GAL
2024-08-19,SWA,WASHINGTON,EPMR,Regular Gasoline,PTE,Retail Sales,EMM_EPMR_PTE_SWA_DPG,Washington Regular All Formulations Retail Gasoline Prices (Dollars per Gallon),4.041,$/GAL
2024-08-19,STX,TEXAS,EPMR,Regular Gasoline,PTE,Retail Sales,EMM_EPMR_PTE_STX_DPG,Texas Regular All Formulations Retail Gasoline Prices (Dollars per Gallon),2.981,$/GAL
2024-08-19,SOH,OHIO,EPMR,Regular Gasoline,PTE,Retail Sales,EMM_EPMR_PTE_SOH_DPG,Ohio Regular All Formulations Retail Gasoline Prices (Dollars per Gallon),3.367,$/GAL
2024-08-19,SNY,NEW YORK,EPMR,Regular Gasoline,PTE,Retail Sales,EMM_EPMR_PTE_SNY_DPG,New York Regular All Formulations Retail Gasoline Prices (Dollars per Gallon),3.416,$/GAL
2024-08-19,SMN,MINNESOTA,EPMR,Regular Gasoline,PTE,Retail Sales,EMM_EPMR_PTE_SMN_DPG,Minnesota Regular All Formulations Retail Gasoline Prices (Dollars per Gallon),3.291,$/GAL
2024-08-19,SMA,MASSACHUSETTS,EPMR,Regular Gasoline,PTE,Retail Sales,EMM_EPMR_PTE_SMA_DPG,Massachusetts Regular All Formulations Retail Gasoline Prices (Dollars per Gallon),3.375,$/GAL
2024-08-19,SFL,FLORIDA,EPMR,Regular Gasoline,PTE,Retail Sales,EMM_EPMR_PTE_SFL_DPG,Florida Regular All Formulations Retail Gasoline Prices (Dollars per Gallon),3.235,$/GAL
2024-08-19,SCO,COLORADO,EPMR,Regular Gasoline,PTE,Retail Sales,EMM_EPMR_PTE_SCO_DPG,Colorado Regular All Formulations Retail Gasoline Prices (Dollars per Gallon),3.382,$/GAL
2024-08-19,SCA,CALIFORNIA,EPMR,Regular Gasoline,PTE,Retail Sales,EMM_EPMR_PTE_SCA_DPG,California Regular All Formulations Retail Gasoline Prices (Dollars per Gallon),4.318,$/GAL
2024-08-19,R5XCA,PADD 5 EXCEPT CALIFORNIA,EPMR,Regular Gasoline,PTE,Retail Sales,EMM_EPMR_PTE_R5XCA_DPG,West Coast (PADD 5) Except California Regular All Formulations Retail Gasoline Prices (Dollars per Gallon),3.774,$/GAL
2024-08-19,R50,PADD 5,EPMR,Regular Gasoline,PTE,Retail Sales,EMM_EPMR_PTE_R50_DPG,West Coast Regular All Formulations Retail Gasoline Prices (Dollars per Gallon),4.058,$/GAL
2024-08-19,R40,PADD 4,EPMR,Regular Gasoline,PTE,Retail Sales,EMM_EPMR_PTE_R40_DPG,Rocky Mountain Regular All Formulations Retail Gasoline Prices (Dollars per Gallon),3.471,$/GAL
2024-08-19,R30,PADD 3,EPMR,Regular Gasoline,PTE,Retail Sales,EMM_EPMR_PTE_R30_DPG,Gulf Coast Regular All Formulations Retail Gasoline Prices (Dollars per Gallon),2.996,$/GAL
2024-08-19,R20,PADD 2,EPMR,Regular Gasoline,PTE,Retail Sales,EMM_EPMR_PTE_R20_DPG,Midwest Regular All Formulations Retail Gasoline Prices (Dollars per Gallon),3.322,$/GAL
2024-08-19,R1Z,PADD 1C,EPMR,Regular Gasoline,PTE,Retail Sales,EMM_EPMR_PTE_R1Z_DPG,Lower Atlantic (PADD 1C) Regular All Formulations Retail Gasoline Prices (Dollars per Gallon),3.191,$/GAL
2024-08-19,R1Y,PADD 1B,EPMR,Regular Gasoline,PTE,Retail Sales,EMM_EPMR_PTE_R1Y_DPG,Central Atlantic (PADD 1B) Regular All Formulations Retail Gasoline Prices (Dollars per Gallon),3.448,$/GAL
2024-08-19,R1X,PADD 1A,EPMR,Regular Gasoline,PTE,Retail Sales,EMM_EPMR_PTE_R1X_DPG,New England (PADD 1A) Regular All Formulations Retail Gasoline Prices (Dollars per Gallon),3.364,$/GAL
2024-08-19,R10,PADD 1,EPMR,Regular Gasoline,PTE,Retail Sales,EMM_EPMR_PTE_R10_DPG,East Coast Regular All Formulations Retail Gasoline Prices (Dollars per Gallon),3.299,$/GAL
2024-08-12,NUS,U.S.,EPMR,Regular Gasoline,PTE,Retail Sales,EMM_EPMR_PTE_NUS_DPG,U.S. Regular All Formulations Retail Gasoline Prices (Dollars per Gallon),3.414,$/GAL
2024-08-12,YORD,CHICAGO,EPMR,Regular Gasoline,PTE,Retail Sales,EMM_EPMR_PTE_YORD_DPG,Chicago Regular All Formulations Retail Gasoline Prices (Dollars per Gallon),4.026,$/GAL
2024-08-12,YMIA,MIAMI,EPMR,Regular Gasoline,PTE,Retail Sales,EMM_EPMR_PTE_YMIA_DPG,"Miami, FL Regular All Formulations Retail Gasoline Prices (Dollars per Gallon)",3.304,$/GAL
2024-08-12,YDEN,DENVER,EPMR,Regular Gasoline,PTE,Retail Sales,EMM_EPMR_PTE_YDEN_DPG,Denver Regular All Formulations Retail Gasoline Prices (Dollars per Gallon),3.237,$/GAL
2024-08-12,YCLE,CLEVELAND,EPMR,Regular Gasoline,PTE,Retail Sales,EMM_EPMR_PTE_YCLE_DPG,"Cleveland, OH Regular All Formulations Retail Gasoline Prices (Dollars per Gallon)",3.481,$/GAL
2024-08-12,YBOS,BOSTON,EPMR,Regular Gasoline,PTE,Retail Sales,EMM_EPMR_PTE_YBOS_DPG,"Boston, MA Regular All Formulations Retail Gasoline Prices (Dollars per Gallon)",3.419,$/GAL
2024-08-12,Y48SE,SEATTLE,EPMR,Regular Gasoline,PTE,Retail Sales,EMM_EPMR_PTE_Y48SE_DPG,"Seattle, WA Regular All Formulations Retail Gasoline Prices (Dollars per Gallon)",4.28,$/GAL
2024-08-12,Y44HO,HOUSTON,EPMR,Regular Gasoline,PTE,Retail Sales,EMM_EPMR_PTE_Y44HO_DPG,Houston Regular All Formulations Retail Gasoline Prices (Dollars per Gallon),2.974,$/GAL
2024-08-12,Y35NY,NEW YORK CITY,EPMR,Regular Gasoline,PTE,Retail Sales,EMM_EPMR_PTE_Y35NY_DPG,New York City Regular All Formulations Retail Gasoline Prices (Dollars per Gallon),3.342,$/GAL
2024-08-12,Y05SF,SAN FRANCISCO,EPMR,Regular Gasoline,PTE,Retail Sales,EMM_EPMR_PTE_Y05SF_DPG,San Francisco Regular All Formulations Retail Gasoline Prices (Dollars per Gallon),4.467,$/GAL
2024-08-12,Y05LA,LOS ANGELES,EPMR,Regular Gasoline,PTE,Retail Sales,EMM_EPMR_PTE_Y05LA_DPG,Los Angeles Regular All Formulations Retail Gasoline Prices (Dollars per Gallon),4.247,$/GAL
2024-08-12,SWA,WASHINGTON,EPMR,Regular Gasoline,PTE,Retail Sales,EMM_EPMR_PTE_SWA_DPG,Washington Regular All Formulations Retail Gasoline Prices (Dollars per Gallon),4.08,$/GAL
2024-08-12,STX,TEXAS,EPMR,Regular Gasoline,PTE,Retail Sales,EMM_EPMR_PTE_STX_DPG,Texas Regular All Formulations Retail Gasoline Prices (Dollars per Gallon),2.975,$/GAL
2024-08-12,SOH,OHIO,EPMR,Regular Gasoline,PTE,Retail Sales,EMM_EPMR_PTE_SOH_DPG,Ohio Regular All Formulations Retail Gasoline Prices (Dollars per Gallon),3.514,$/GAL
2024-08-12,SNY,NEW YORK,EPMR,Regular Gasoline,PTE,Retail Sales,EMM_EPMR_PTE_SNY_DPG,New York Regular All Formulations Retail Gasoline Prices (Dollars per Gallon),3.438,$/GAL
2024-08-12,SMN,MINNESOTA,EPMR,Regular Gasoline,PTE,Retail Sales,EMM_EPMR_PTE_SMN_DPG,Minnesota Regular All Formulations Retail Gasoline Prices (Dollars per Gallon),3.355,$/GAL
2024-08-12,SMA,MASSACHUSETTS,EPMR,Regular Gasoline,PTE,Retail Sales,EMM_EPMR_PTE_SMA_DPG,Massachusetts Regular All Formulations Retail Gasoline Prices (Dollars per Gallon),3.388,$/GAL
2024-08-12,SFL,FLORIDA,EPMR,Regular Gasoline,PTE,Retail Sales,EMM_EPMR_PTE_SFL_DPG,Florida Regular All Formulations Retail Gasoline Prices (Dollars per Gallon),3.251,$/GAL
2024-08-12,SCO,COLORADO,EPMR,Regular Gasoline,PTE,Retail Sales,EMM_EPMR_PTE_SCO_DPG,Colorado Regular All Formulations Retail Gasoline Prices (Dollars per Gallon),3.277,$/GAL
2024-08-12,SCA,CALIFORNIA,EPMR,Regular Gasoline,PTE,Retail Sales,EMM_EPMR_PTE_SCA_DPG,California Regular All Formulations Retail Gasoline Prices (Dollars per Gallon),4.33,$/GAL
2024-08-12,R5XCA,PADD 5 EXCEPT CALIFORNIA,EPMR,Regular Gasoline,PTE,Retail Sales,EMM_EPMR_PTE_R5XCA_DPG,West Coast (PADD 5) Except California Regular All Formulations Retail Gasoline Prices (Dollars per Gallon),3.791,$/GAL
2024-08-12,R50,PADD 5,EPMR,Regular Gasoline,PTE,Retail Sales,EMM_EPMR_PTE_R50_DPG,West Coast Regular All Formulations Retail Gasoline Prices (Dollars per Gallon),4.072,$/GAL
2024-08-12,R40,PADD 4,EPMR,Regular Gasoline,PTE,Retail Sales,EMM_EPMR_PTE_R40_DPG,Rocky Mountain Regular All Formulations Retail Gasoline Prices (Dollars per Gallon),3.414,$/GAL
2024-08-12,R30,PADD 3,EPMR,Regular Gasoline,PTE,Retail Sales,EMM_EPMR_PTE_R30_DPG,Gulf Coast Regular All Formulations Retail Gasoline Prices (Dollars per Gallon),2.999,$/GAL
2024-08-12,R20,PADD 2,EPMR,Regular Gasoline,PTE,Retail Sales,EMM_EPMR_PTE_R20_DPG,Midwest Regular All Formulations Retail Gasoline Prices (Dollars per Gallon),3.394,$/GAL
2024-08-12,R1Z,PADD 1C,EPMR,Regular Gasoline,PTE,Retail Sales,EMM_EPMR_PTE_R1Z_DPG,Lower Atlantic (PADD 1C) Regular All Formulations Retail Gasoline Prices (Dollars per Gallon),3.221,$/GAL
2024-08-12,R1Y,PADD 1B,EPMR,Regular Gasoline,PTE,Retail Sales,EMM_EPMR_PTE_R1Y_DPG,Central Atlantic (PADD 1B) Regular All Formulations Retail Gasoline Prices (Dollars per Gallon),3.475,$/GAL
2024-08-12,R1X,PADD 1A,EPMR,Regular Gasoline,PTE,Retail Sales,EMM_EPMR_PTE_R1X_DPG,New England (PADD 1A) Regular All Formulations Retail Gasoline Prices (Dollars per Gallon),3.38,$/GAL
2024-08-12,R10,PADD 1,EPMR,Regular Gasoline,PTE,Retail Sales,EMM_EPMR_PTE_R10_DPG,East Coast Regular All Formulations Retail Gasoline Prices (Dollars per Gallon),3.326,$/GAL
2024-08-05,NUS,U.S.,EPMR,Regular Gasoline,PTE,Retail Sales,EMM_EPMR_PTE_NUS_DPG,U.S. Regular All Formulations Retail Gasoline Prices (Dollars per Gallon),3.448,$/GAL
2024-08-05,YORD,CHICAGO,EPMR,Regular Gasoline,PTE,Retail Sales,EMM_EPMR_PTE_YORD_DPG,Chicago Regular All Formulations Retail Gasoline Prices (Dollars per Gallon),4.138,$/GAL
2024-08-05,YMIA,MIAMI,EPMR,Regular Gasoline,PTE,Retail Sales,EMM_EPMR_PTE_YMIA_DPG,"Miami, FL Regular All Formulations Retail Gasoline Prices (Dollars per Gallon)",3.45,$/GAL
2024-08-05,YDEN,DENVER,EPMR,Regular Gasoline,PTE,Retail Sales,EMM_EPMR_PTE_YDEN_DPG,Denver Regular All Formulations Retail Gasoline Prices (Dollars per Gallon),3.261,$/GAL
2024-08-05,YCLE,CLEVELAND,EPMR,Regular Gasoline,PTE,Retail Sales,EMM_EPMR_PTE_YCLE_DPG,"Cleveland, OH Regular All Formulations Retail Gasoline Prices (Dollars per Gallon)",3.445,$/GAL
2024-08-05,YBOS,BOSTON,EPMR,Regular Gasoline,PTE,Retail Sales,EMM_EPMR_PTE_YBOS_DPG,"Boston, MA Regular All Formulations Retail Gasoline Prices (Dollars per Gallon)",3.463,$/GAL
2024-08-05,Y48SE,SEATTLE,EPMR,Regular Gasoline,PTE,Retail Sales,EMM_EPMR_PTE_Y48SE_DPG,"Seattle, WA Regular All Formulations Retail Gasoline Prices (Dollars per Gallon)",4.288,$/GAL
2024-08-05,Y44HO,HOUSTON,EPMR,Regular Gasoline,PTE,Retail Sales,EMM_EPMR_PTE_Y44HO_DPG,Houston Regular All Formulations Retail Gasoline Prices (Dollars per Gallon),2.97,$/GAL
2024-08-05,Y35NY,NEW YORK CITY,EPMR,Regular Gasoline,PTE,Retail Sales,EMM_EPMR_PTE_Y35NY_DPG,New York City Regular All Formulations Retail Gasoline Prices (Dollars per Gallon),3.367,$/GAL
2024-08-05,Y05SF,SAN FRANCISCO,EPMR,Regular Gasoline,PTE,Retail Sales,EMM_EPMR_PTE_Y05SF_DPG,San Francisco Regular All Formulations Retail Gasoline Prices (Dollars per Gallon),4.472,$/GAL
2024-08-05,Y05LA,LOS ANGELES,EPMR,Regular Gasoline,PTE,Retail Sales,EMM_EPMR_PTE_Y05LA_DPG,Los Angeles Regular All Formulations Retail Gasoline Prices (Dollars per Gallon),4.279,$/GAL
2024-08-05,SWA,WASHINGTON,EPMR,Regular Gasoline,PTE,Retail Sales,EMM_EPMR_PTE_SWA_DPG,Washington Regular All Formulations Retail Gasoline Prices (Dollars per Gallon),4.049,$/GAL
2024-08-05,STX,TEXAS,EPMR,Regular Gasoline,PTE,Retail Sales,EMM_EPMR_PTE_STX_DPG,Texas Regular All Formulations Retail Gasoline Prices (Dollars per Gallon),2.993,$/GAL
2024-08-05,SOH,OHIO,EPMR,Regular Gasoline,PTE,Retail Sales,EMM_EPMR_PTE_SOH_DPG,Ohio Regular All Formulations Retail Gasoline Prices (Dollars per Gallon),3.443,$/GAL
2024-08-05,SNY,NEW YORK,EPMR,Regular Gasoline,PTE,Retail Sales,EMM_EPMR_PTE_SNY_DPG,New York Regular All Formulations Retail Gasoline Prices (Dollars per Gallon),3.459,$/GAL
2024-08-05,SMN,MINNESOTA,EPMR,Regular Gasoline,PTE,Retail Sales,EMM_EPMR_PTE_SMN_DPG,Minnesota Regular All Formulations Retail Gasoline Prices (Dollars per Gallon),3.31,$/GAL
2024-08-05,SMA,MASSACHUSETTS,EPMR,Regular Gasoline,PTE,Retail Sales,EMM_EPMR_PTE_SMA_DPG,Massachusetts Regular All Formulations Retail Gasoline Prices (Dollars per Gallon),3.428,$/GAL
2024-08-05,SFL,FLORIDA,EPMR,Regular Gasoline,PTE,Retail Sales,EMM_EPMR_PTE_SFL_DPG,Florida Regular All Formulations Retail Gasoline Prices (Dollars per Gallon),3.426,$/GAL
2024-08-05,SCO,COLORADO,EPMR,Regular Gasoline,PTE,Retail Sales,EMM_EPMR_PTE_SCO_DPG,Colorado Regular All Formulations Retail Gasoline Prices (Dollars per Gallon),3.322,$/GAL
2024-08-05,SCA,CALIFORNIA,EPMR,Regular Gasoline,PTE,Retail Sales,EMM_EPMR_PTE_SCA_DPG,California Regular All Formulations Retail Gasoline Prices (Dollars per Gallon),4.355,$/GAL
2024-08-05,R5XCA,PADD 5 EXCEPT CALIFORNIA,EPMR,Regular Gasoline,PTE,Retail Sales,EMM_EPMR_PTE_R5XCA_DPG,West Coast (PADD 5) Except California Regular All Formulations Retail Gasoline Prices (Dollars per Gallon),3.779,$/GAL
2024-08-05,R50,PADD 5,EPMR,Regular Gasoline,PTE,Retail Sales,EMM_EPMR_PTE_R50_DPG,West Coast Regular All Formulations Retail Gasoline Prices (Dollars per Gallon),4.08,$/GAL
2024-08-05,R40,PADD 4,EPMR,Regular Gasoline,PTE,Retail Sales,EMM_EPMR_PTE_R40_DPG,Rocky Mountain Regular All Formulations Retail Gasoline Prices (Dollars per Gallon),3.435,$/GAL
2024-08-05,R30,PADD 3,EPMR,Regular Gasoline,PTE,Retail Sales,EMM_EPMR_PTE_R30_DPG,Gulf Coast Regular All Formulations Retail Gasoline Prices (Dollars per Gallon),3.01,$/GAL
2024-08-05,R20,PADD 2,EPMR,Regular Gasoline,PTE,Retail Sales,EMM_EPMR_PTE_R20_DPG,Midwest Regular All Formulations Retail Gasoline Prices (Dollars per Gallon),3.428,$/GAL
2024-08-05,R1Z,PADD 1C,EPMR,Regular Gasoline,PTE,Retail Sales,EMM_EPMR_PTE_R1Z_DPG,Lower Atlantic (PADD 1C) Regular All Formulations Retail Gasoline Prices (Dollars per Gallon),3.3,$/GAL
2024-08-05,R1Y,PADD 1B,EPMR,Regular Gasoline,PTE,Retail Sales,EMM_EPMR_PTE_R1Y_DPG,Central Atlantic (PADD 1B) Regular All Formulations Retail Gasoline Prices (Dollars per Gallon),3.476,$/GAL
2024-08-05,R1X,PADD 1A,EPMR,Regular Gasoline,PTE,Retail Sales,EMM_EPMR_PTE_R1X_DPG,New England (PADD 1A) Regular All Formulations Retail Gasoline Prices (Dollars per Gallon),3.425,$/GAL
2024-08-05,R10,PADD 1,EPMR,Regular Gasoline,PTE,Retail Sales,EMM_EPMR_PTE_R10_DPG,East Coast Regular All Formulations Retail Gasoline Prices (Dollars per Gallon),3.375,$/GAL
2024-07-29,NUS,U.S.,EPMR,Regular Gasoline,PTE,Retail Sales,EMM_EPMR_PTE_NUS_DPG,U.S. Regular All Formulations Retail Gasoline Prices (Dollars per Gallon),3.484,$/GAL
2024-07-29,YORD,CHICAGO,EPMR,Regular Gasoline,PTE,Retail Sales,EMM_EPMR_PTE_YORD_DPG,Chicago Regular All Formulations Retail Gasoline Prices (Dollars per Gallon),4.27,$/GAL
2024-07-29,YMIA,MIAMI,EPMR,Regular Gasoline,PTE,Retail Sales,EMM_EPMR_PTE_YMIA_DPG,"Miami, FL Regular All Formulations Retail Gasoline Prices (Dollars per Gallon)",3.369,$/GAL
2024-07-29,YDEN,DENVER,EPMR,Regular Gasoline,PTE,Retail Sales,EMM_EPMR_PTE_YDEN_DPG,Denver Regular All Formulations Retail Gasoline Prices (Dollars per Gallon),3.284,$/GAL
2024-07-29,YCLE,CLEVELAND,EPMR,Regular Gasoline,PTE,Retail Sales,EMM_EPMR_PTE_YCLE_DPG,"Cleveland, OH Regular All Formulations Retail Gasoline Prices (Dollars per Gallon)",3.568,$/GAL
2024-07-29,YBOS,BOSTON,EPMR,Regular Gasoline,PTE,Retail Sales,EMM_EPMR_PTE_YBOS_DPG,"Boston, MA Regular All Formulations Retail Gasoline Prices (Dollars per Gallon)",3.473,$/GAL
2024-07-29,Y48SE,SEATTLE,EPMR,Regular Gasoline,PTE,Retail Sales,EMM_EPMR_PTE_Y48SE_DPG,"Seattle, WA Regular All Formulations Retail Gasoline Prices (Dollars per Gallon)",4.325,$/GAL
2024-07-29,Y44HO,HOUSTON,EPMR,Regular Gasoline,PTE,Retail Sales,EMM_EPMR_PTE_Y44HO_DPG,Houston Regular All Formulations Retail Gasoline Prices (Dollars per Gallon),3.036,$/GAL
2024-07-29,Y35NY,NEW YORK CITY,EPMR,Regular Gasoline,PTE,Retail Sales,EMM_EPMR_PTE_Y35NY_DPG,New York City Regular All Formulations Retail Gasoline Prices (Dollars per Gallon),3.431,$/GAL
2024-07-29,Y05SF,SAN FRANCISCO,EPMR,Regular Gasoline,PTE,Retail Sales,EMM_EPMR_PTE_Y05SF_DPG,San Francisco Regular All Formulations Retail Gasoline Prices (Dollars per Gallon),4.461,$/GAL
2024-07-29,Y05LA,LOS ANGELES,EPMR,Regular Gasoline,PTE,Retail Sales,EMM_EPMR_PTE_Y05LA_DPG,Los Angeles Regular All Formulations Retail Gasoline Prices (Dollars per Gallon),4.297,$/GAL
2024-07-29,SWA,WASHINGTON,EPMR,Regular Gasoline,PTE,Retail Sales,EMM_EPMR_PTE_SWA_DPG,Washington Regular All Formulations Retail Gasoline Prices (Dollars per Gallon),4.108,$/GAL
2024-07-29,STX,TEXAS,EPMR,Regular Gasoline,PTE,Retail Sales,EMM_EPMR_PTE_STX_DPG,Texas Regular All Formulations Retail Gasoline Prices (Dollars per Gallon),3.111,$/GAL
2024-07-29,SOH,OHIO,EPMR,Regular Gasoline,PTE,Retail Sales,EMM_EPMR_PTE_SOH_DPG,Ohio Regular All Formulations Retail Gasoline Prices (Dollars per Gallon),3.579,$/GAL
2024-07-29,SNY,NEW YORK,EPMR,Regular Gasoline,PTE,Retail Sales,EMM_EPMR_PTE_SNY_DPG,New York Regular All Formulations Retail Gasoline Prices (Dollars per Gallon),3.504,$/GAL
2024-07-29,SMN,MINNESOTA,EPMR,Regular Gasoline,PTE,Retail Sales,EMM_EPMR_PTE_SMN_DPG,Minnesota Regular All Formulations Retail Gasoline Prices (Dollars per Gallon),3.308,$/GAL
2024-07-29,SMA,MASSACHUSETTS,EPMR,Regular Gasoline,PTE,Retail Sales,EMM_EPMR_PTE_SMA_DPG,Massachusetts Regular All Formulations Retail Gasoline Prices (Dollars per Gallon),3.449,$/GAL
2024-07-29,SFL,FLORIDA,EPMR,Regular Gasoline,PTE,Retail Sales,EMM_EPMR_PTE_SFL_DPG,Florida Regular All Formulations Retail Gasoline Prices (Dollars per Gallon),3.333,$/GAL
2024-07-29,SCO,COLORADO,EPMR,Regular Gasoline,PTE,Retail Sales,EMM_EPMR_PTE_SCO_DPG,Colorado Regular All Formulations Retail Gasoline Prices (Dollars per Gallon),3.309,$/GAL
2024-07-29,SCA,CALIFORNIA,EPMR,Regular Gasoline,PTE,Retail Sales,EMM_EPMR_PTE_SCA_DPG,California Regular All Formulations Retail Gasoline Prices (Dollars per Gallon),4.37,$/GAL
2024-07-29,R5XCA,PADD 5 EXCEPT CALIFORNIA,EPMR,Regular Gasoline,PTE,Retail Sales,EMM_EPMR_PTE_R5XCA_DPG,West Coast (PADD 5) Except California Regular All Formulations Retail Gasoline Prices (Dollars per Gallon),3.818,$/GAL
2024-07-29,R50,PADD 5,EPMR,Regular Gasoline,PTE,Retail Sales,EMM_EPMR_PTE_R50_DPG,West Coast Regular All Formulations Retail Gasoline Prices (Dollars per Gallon),4.106,$/GAL
2024-07-29,R40,PADD 4,EPMR,Regular Gasoline,PTE,Retail Sales,EMM_EPMR_PTE_R40_DPG,Rocky Mountain Regular All Formulations Retail Gasoline Prices (Dollars per Gallon),3.395,$/GAL
2024-07-29,R30,PADD 3,EPMR,Regular Gasoline,PTE,Retail Sales,EMM_EPMR_PTE_R30_DPG,Gulf Coast Regular All Formulations Retail Gasoline Prices (Dollars per Gallon),3.094,$/GAL
2024-07-29,R20,PADD 2,EPMR,Regular Gasoline,PTE,Retail Sales,EMM_EPMR_PTE_R20_DPG,Midwest Regular All Formulations Retail Gasoline Prices (Dollars per Gallon),3.476,$/GAL
2024-07-29,R1Z,PADD 1C,EPMR,Regular Gasoline,PTE,Retail Sales,EMM_EPMR_PTE_R1Z_DPG,Lower Atlantic (PADD 1C) Regular All Formulations Retail Gasoline Prices (Dollars per Gallon),3.3,$/GAL
2024-07-29,R1Y,PADD 1B,EPMR,Regular Gasoline,PTE,Retail Sales,EMM_EPMR_PTE_R1Y_DPG,Central Atlantic (PADD 1B) Regular All Formulations Retail Gasoline Prices (Dollars per Gallon),3.523,$/GAL
2024-07-29,R1X,PADD 1A,EPMR,Regular Gasoline,PTE,Retail Sales,EMM_EPMR_PTE_R1X_DPG,New England (PADD 1A) Regular All Formulations Retail Gasoline Prices (Dollars per Gallon),3.456,$/GAL
2024-07-29,R10,PADD 1,EPMR,Regular Gasoline,PTE,Retail Sales,EMM_EPMR_PTE_R10_DPG,East Coast Regular All Formulations Retail Gasoline Prices (Dollars per Gallon),3.395,$/GAL
2024-07-22,NUS,U.S.,EPMR,Regular Gasoline,PTE,Retail Sales,EMM_EPMR_PTE_NUS_DPG,U.S. Regular All Formulations Retail Gasoline Prices (Dollars per Gallon),3.471,$/GAL
2024-07-22,YORD,CHICAGO,EPMR,Regular Gasoline,PTE,Retail Sales,EMM_EPMR_PTE_YORD_DPG,Chicago Regular All Formulations Retail Gasoline Prices (Dollars per Gallon),4.175,$/GAL
2024-07-22,YMIA,MIAMI,EPMR,Regular Gasoline,PTE,Retail Sales,EMM_EPMR_PTE_YMIA_DPG,"Miami, FL Regular All Formulations Retail Gasoline Prices (Dollars per Gallon)",3.306,$/GAL
2024-07-22,YDEN,DENVER,EPMR,Regular Gasoline,PTE,Retail Sales,EMM_EPMR_PTE_YDEN_DPG,Denver Regular All Formulations Retail Gasoline Prices (Dollars per Gallon),3.131,$/GAL
2024-07-22,YCLE,CLEVELAND,EPMR,Regular Gasoline,PTE,Retail Sales,EMM_EPMR_PTE_YCLE_DPG,"Cleveland, OH Regular All Formulations Retail Gasoline Prices (Dollars per Gallon)",3.483,$/GAL
2024-07-22,YBOS,BOSTON,EPMR,Regular Gasoline,PTE,Retail Sales,EMM_EPMR_PTE_YBOS_DPG,"Boston, MA Regular All Formulations Retail Gasoline Prices (Dollars per Gallon)",3.485,$/GAL
2024-07-22,Y48SE,SEATTLE,EPMR,Regular Gasoline,PTE,Retail Sales,EMM_EPMR_PTE_Y48SE_DPG,"Seattle, WA Regular All Formulations Retail Gasoline Prices (Dollars per Gallon)",4.321,$/GAL
2024-07-22,Y44HO,HOUSTON,EPMR,Regular Gasoline,PTE,Retail Sales,EMM_EPMR_PTE_Y44HO_DPG,Houston Regular All Formulations Retail Gasoline Prices (Dollars per Gallon),3.033,$/GAL
2024-07-22,Y35NY,NEW YORK CITY,EPMR,Regular Gasoline,PTE,Retail Sales,EMM_EPMR_PTE_Y35NY_DPG,New York City Regular All Formulations Retail Gasoline Prices (Dollars per Gallon),3.461,$/GAL
2024-07-22,Y05SF,SAN FRANCISCO,EPMR,Regular Gasoline,PTE,Retail Sales,EMM_EPMR_PTE_Y05SF_DPG,San Francisco Regular All Formulations Retail Gasoline Prices (Dollars per Gallon),4.48,$/GAL
2024-07-22,Y05LA,LOS ANGELES,EPMR,Regular Gasoline,PTE,Retail Sales,EMM_EPMR_PTE_Y05LA_DPG,Los Angeles Regular All Formulations Retail Gasoline Prices (Dollars per Gallon),4.359,$/GAL
2024-07-22,SWA,WASHINGTON,EPMR,Regular Gasoline,PTE,Retail Sales,EMM_EPMR_PTE_SWA_DPG,Washington Regular All Formulations Retail Gasoline Prices (Dollars per Gallon),4.096,$/GAL
2024-07-22,STX,TEXAS,EPMR,Regular Gasoline,PTE,Retail Sales,EMM_EPMR_PTE_STX_DPG,Texas Regular All Formulations Retail Gasoline Prices (Dollars per Gallon),3.024,$/GAL
2024-07-22,SOH,OHIO,EPMR,Regular Gasoline,PTE,Retail Sales,EMM_EPMR_PTE_SOH_DPG,Ohio Regular All Formulations Retail Gasoline Prices (Dollars per Gallon),3.467,$/GAL
2024-07-22,SNY,NEW YORK,EPMR,Regular Gasoline,PTE,Retail Sales,EMM_EPMR_PTE_SNY_DPG,New York Regular All Formulations Retail Gasoline Prices (Dollars per Gallon),3.517,$/GAL
2024-07-22,SMN,MINNESOTA,EPMR,Regular Gasoline,PTE,Retail Sales,EMM_EPMR_PTE_SMN_DPG,Minnesota Regular All Formulations Retail Gasoline Prices (Dollars per Gallon),3.307,$/GAL
2024-07-22,SMA,MASSACHUSETTS,EPMR,Regular Gasoline,PTE,Retail Sales,EMM_EPMR_PTE_SMA_DPG,Massachusetts Regular All Formulations Retail Gasoline Prices (Dollars per Gallon),3.474,$/GAL
2024-07-22,SFL,FLORIDA,EPMR,Regular Gasoline,PTE,Retail Sales,EMM_EPMR_PTE_SFL_DPG,Florida Regular All Formulations Retail Gasoline Prices (Dollars per Gallon),3.295,$/GAL
2024-07-22,SCO,COLORADO,EPMR,Regular Gasoline,PTE,Retail Sales,EMM_EPMR_PTE_SCO_DPG,Colorado Regular All Formulations Retail Gasoline Prices (Dollars per Gallon),3.198,$/GAL
2024-07-22,SCA,CALIFORNIA,EPMR,Regular Gasoline,PTE,Retail Sales,EMM_EPMR_PTE_SCA_DPG,California Regular All Formulations Retail Gasoline Prices (Dollars per Gallon),4.428,$/GAL
2024-07-22,R5XCA,PADD 5 EXCEPT CALIFORNIA,EPMR,Regular Gasoline,PTE,Retail Sales,EMM_EPMR_PTE_R5XCA_DPG,West Coast (PADD 5) Except California Regular All Formulations Retail Gasoline Prices (Dollars per Gallon),3.82,$/GAL
2024-07-22,R50,PADD 5,EPMR,Regular Gasoline,PTE,Retail Sales,EMM_EPMR_PTE_R50_DPG,West Coast Regular All Formulations Retail Gasoline Prices (Dollars per Gallon),4.137,$/GAL
2024-07-22,R40,PADD 4,EPMR,Regular Gasoline,PTE,Retail Sales,EMM_EPMR_PTE_R40_DPG,Rocky Mountain Regular All Formulations Retail Gasoline Prices (Dollars per Gallon),3.323,$/GAL
2024-07-22,R30,PADD 3,EPMR,Regular Gasoline,PTE,Retail Sales,EMM_EPMR_PTE_R30_DPG,Gulf Coast Regular All Formulations Retail Gasoline Prices (Dollars per Gallon),3.047,$/GAL
2024-07-22,R20,PADD 2,EPMR,Regular Gasoline,PTE,Retail Sales,EMM_EPMR_PTE_R20_DPG,Midwest Regular All Formulations Retail Gasoline Prices (Dollars per Gallon),3.426,$/GAL
2024-07-22,R1Z,PADD 1C,EPMR,Regular Gasoline,PTE,Retail Sales,EMM_EPMR_PTE_R1Z_DPG,Lower Atlantic (PADD 1C) Regular All Formulations Retail Gasoline Prices (Dollars per Gallon),3.304,$/GAL
2024-07-22,R1Y,PADD 1B,EPMR,Regular Gasoline,PTE,Retail Sales,EMM_EPMR_PTE_R1Y_DPG,Central Atlantic (PADD 1B) Regular All Formulations Retail Gasoline Prices (Dollars per Gallon),3.551,$/GAL
2024-07-22,R1X,PADD 1A,EPMR,Regular Gasoline,PTE,Retail Sales,EMM_EPMR_PTE_R1X_DPG,New England (PADD 1A) Regular All Formulations Retail Gasoline Prices (Dollars per Gallon),3.48,$/GAL
2024-07-22,R10,PADD 1,EPMR,Regular Gasoline,PTE,Retail Sales,EMM_EPMR_PTE_R10_DPG,East Coast Regular All Formulations Retail Gasoline Prices (Dollars per Gallon),3.409,$/GAL
2024-07-15,NUS,U.S.,EPMR,Regular Gasoline,PTE,Retail Sales,EMM_EPMR_PTE_NUS_DPG,U.S. Regular All Formulations Retail Gasoline Prices (Dollars per Gallon),3.496,$/GAL
2024-07-15,YORD,CHICAGO,EPMR,Regular Gasoline,PTE,Retail Sales,EMM_EPMR_PTE_YORD_DPG,Chicago Regular All Formulations Retail Gasoline Prices (Dollars per Gallon),4.017,$/GAL
2024-07-15,YMIA,MIAMI,EPMR,Regular Gasoline,PTE,Retail Sales,EMM_EPMR_PTE_YMIA_DPG,"Miami, FL Regular All Formulations Retail Gasoline Prices (Dollars per Gallon)",3.478,$/GAL
2024-07-15,YDEN,DENVER,EPMR,Regular Gasoline,PTE,Retail Sales,EMM_EPMR_PTE_YDEN_DPG,Denver Regular All Formulations Retail Gasoline Prices (Dollars per Gallon),3.233,$/GAL
2024-07-15,YCLE,CLEVELAND,EPMR,Regular Gasoline,PTE,Retail Sales,EMM_EPMR_PTE_YCLE_DPG,"Cleveland, OH Regular All Formulations Retail Gasoline Prices (Dollars per Gallon)",3.274,$/GAL
2024-07-15,YBOS,BOSTON,EPMR,Regular Gasoline,PTE,Retail Sales,EMM_EPMR_PTE_YBOS_DPG,"Boston, MA Regular All Formulations Retail Gasoline Prices (Dollars per Gallon)",3.496,$/GAL
2024-07-15,Y48SE,SEATTLE,EPMR,Regular Gasoline,PTE,Retail Sales,EMM_EPMR_PTE_Y48SE_DPG,"Seattle, WA Regular All Formulations Retail Gasoline Prices (Dollars per Gallon)",4.347,$/GAL
2024-07-15,Y44HO,HOUSTON,EPMR,Regular Gasoline,PTE,Retail Sales,EMM_EPMR_PTE_Y44HO_DPG,Houston Regular All Formulations Retail Gasoline Prices (Dollars per Gallon),3.071,$/GAL
2024-07-15,Y35NY,NEW YORK CITY,EPMR,Regular Gasoline,PTE,Retail Sales,EMM_EPMR_PTE_Y35NY_DPG,New York City Regular All Formulations Retail Gasoline Prices (Dollars per Gallon),3.462,$/GAL
2024-07-15,Y05SF,SAN FRANCISCO,EPMR,Regular Gasoline,PTE,Retail Sales,EMM_EPMR_PTE_Y05SF_DPG,San Francisco Regular All Formulations Retail Gasoline Prices (Dollars per Gallon),4.536,$/GAL
2024-07-15,Y05LA,LOS ANGELES,EPMR,Regular Gasoline,PTE,Retail Sales,EMM_EPMR_PTE_Y05LA_DPG,Los Angeles Regular All Formulations Retail Gasoline Prices (Dollars per Gallon),4.437,$/GAL
2024-07-15,SWA,WASHINGTON,EPMR,Regular Gasoline,PTE,Retail Sales,EMM_EPMR_PTE_SWA_DPG,Washington Regular All Formulations Retail Gasoline Prices (Dollars per Gallon),4.133,$/GAL
2024-07-15,STX,TEXAS,EPMR,Regular Gasoline,PTE,Retail Sales,EMM_EPMR_PTE_STX_DPG,Texas Regular All Formulations Retail Gasoline Prices (Dollars per Gallon),3.109,$/GAL
2024-07-15,SOH,OHIO,EPMR,Regular Gasoline,PTE,Retail Sales,EMM_EPMR_PTE_SOH_DPG,Ohio Regular All Formulations Retail Gasoline Prices (Dollars per Gallon),3.278,$/GAL
2024-07-15,SNY,NEW YORK,EPMR,Regular Gasoline,PTE,Retail Sales,EMM_EPMR_PTE_SNY_DPG,New York Regular All Formulations Retail Gasoline Prices (Dollars per Gallon),3.512,$/GAL
2024-07-15,SMN,MINNESOTA,EPMR,Regular Gasoline,PTE,Retail Sales,EMM_EPMR_PTE_SMN_DPG,Minnesota Regular All Formulations Retail Gasoline Prices (Dollars per Gallon),3.288,$/GAL
2024-07-15,SMA,MASSACHUSETTS,EPMR,Regular Gasoline,PTE,Retail Sales,EMM_EPMR_PTE_SMA_DPG,Massachusetts Regular All Formulations Retail Gasoline Prices (Dollars per Gallon),3.492,$/GAL
2024-07-15,SFL,FLORIDA,EPMR,Regular Gasoline,PTE,Retail Sales,EMM_EPMR_PTE_SFL_DPG,Florida Regular All Formulations Retail Gasoline Prices (Dollars per Gallon),3.439,$/GAL
2024-07-15,SCO,COLORADO,EPMR,Regular Gasoline,PTE,Retail Sales,EMM_EPMR_PTE_SCO_DPG,Colorado Regular All Formulations Retail Gasoline Prices (Dollars per Gallon),3.279,$/GAL
2024-07-15,SCA,CALIFORNIA,EPMR,Regular Gasoline,PTE,Retail Sales,EMM_EPMR_PTE_SCA_DPG,California Regular All Formulations Retail Gasoline Prices (Dollars per Gallon),4.487,$/GAL
2024-07-15,R5XCA,PADD 5 EXCEPT CALIFORNIA,EPMR,Regular Gasoline,PTE,Retail Sales,EMM_EPMR_PTE_R5XCA_DPG,West Coast (PADD 5) Except California Regular All Formulations Retail Gasoline Prices (Dollars per Gallon),3.867,$/GAL
2024-07-15,R50,PADD 5,EPMR,Regular Gasoline,PTE,Retail Sales,EMM_EPMR_PTE_R50_DPG,West Coast Regular All Formulations Retail Gasoline Prices (Dollars per Gallon),4.191,$/GAL
2024-07-15,R40,PADD 4,EPMR,Regular Gasoline,PTE,Retail Sales,EMM_EPMR_PTE_R40_DPG,Rocky Mountain Regular All Formulations Retail Gasoline Prices (Dollars per Gallon),3.386,$/GAL
2024-07-15,R30,PADD 3,EPMR,Regular Gasoline,PTE,Retail Sales,EMM_EPMR_PTE_R30_DPG,Gulf Coast Regular All Formulations Retail Gasoline Prices (Dollars per Gallon),3.11,$/GAL
2024-07-15,R20,PADD 2,EPMR,Regular Gasoline,PTE,Retail Sales,EMM_EPMR_PTE_R20_DPG,Midwest Regular All Formulations Retail Gasoline Prices (Dollars per Gallon),3.369,$/GAL
2024-07-15,R1Z,PADD 1C,EPMR,Regular Gasoline,PTE,Retail Sales,EMM_EPMR_PTE_R1Z_DPG,Lower Atlantic (PADD 1C) Regular All Formulations Retail Gasoline Prices (Dollars per Gallon),3.394,$/GAL
2024-07-15,R1Y,PADD 1B,EPMR,Regular Gasoline,PTE,Retail Sales,EMM_EPMR_PTE_R1Y_DPG,Central Atlantic (PADD 1B) Regular All Formulations Retail Gasoline Prices (Dollars per Gallon),3.569,$/GAL
2024-07-15,R1X,PADD 1A,EPMR,Regular Gasoline,PTE,Retail Sales,EMM_EPMR_PTE_R1X_DPG,New England (PADD 1A) Regular All Formulations Retail Gasoline Prices (Dollars per Gallon),3.496,$/GAL
2024-07-15,R10,PADD 1,EPMR,Regular Gasoline,PTE,Retail Sales,EMM_EPMR_PTE_R10_DPG,East Coast Regular All Formulations Retail Gasoline Prices (Dollars per Gallon),3.466,$/GAL
2024-07-08,NUS,U.S.,EPMR,Regular Gasoline,PTE,Retail Sales,EMM_EPMR_PTE_NUS_DPG,U.S. Regular All Formulations Retail Gasoline Prices (Dollars per Gallon),3.489,$/GAL
2024-07-08,YORD,CHICAGO,EPMR,Regular Gasoline,PTE,Retail Sales,EMM_EPMR_PTE_YORD_DPG,Chicago Regular All Formulations Retail Gasoline Prices (Dollars per Gallon),3.949,$/GAL
2024-07-08,YMIA,MIAMI,EPMR,Regular Gasoline,PTE,Retail Sales,EMM_EPMR_PTE_YMIA_DPG,"Miami, FL Regular All Formulations Retail Gasoline Prices (Dollars per Gallon)",3.467,$/GAL
2024-07-08,YDEN,DENVER,EPMR,Regular Gasoline,PTE,Retail Sales,EMM_EPMR_PTE_YDEN_DPG,Denver Regular All Formulations Retail Gasoline Prices (Dollars per Gallon),3.331,$/GAL
2024-07-08,YCLE,CLEVELAND,EPMR,Regular Gasoline,PTE,Retail Sales,EMM_EPMR_PTE_YCLE_DPG,"Cleveland, OH Regular All Formulations Retail Gasoline Prices (Dollars per Gallon)",3.375,$/GAL
2024-07-08,YBOS,BOSTON,EPMR,Regular Gasoline,PTE,Retail Sales,EMM_EPMR_PTE_YBOS_DPG,"Boston, MA Regular All Formulations Retail Gasoline Prices (Dollars per Gallon)",3.489,$/GAL
2024-07-08,Y48SE,SEATTLE,EPMR,Regular Gasoline,PTE,Retail Sales,EMM_EPMR_PTE_Y48SE_DPG,"Seattle, WA Regular All Formulations Retail Gasoline Prices (Dollars per Gallon)",4.364,$/GAL
2024-07-08,Y44HO,HOUSTON,EPMR,Regular Gasoline,PTE,Retail Sales,EMM_EPMR_PTE_Y44HO_DPG,Houston Regular All Formulations Retail Gasoline Prices (Dollars per Gallon),,$/GAL
2024-07-08,Y35NY,NEW YORK CITY,EPMR,Regular Gasoline,PTE,Retail Sales,EMM_EPMR_PTE_Y35NY_DPG,New York City Regular All Formulations Retail Gasoline Prices (Dollars per Gallon),3.448,$/GAL
2024-07-08,Y05SF,SAN FRANCISCO,EPMR,Regular Gasoline,PTE,Retail Sales,EMM_EPMR_PTE_Y05SF_DPG,San Francisco Regular All Formulations Retail Gasoline Prices (Dollars per Gallon),4.576,$/GAL
2024-07-08,Y05LA,LOS ANGELES,EPMR,Regular Gasoline,PTE,Retail Sales,EMM_EPMR_PTE_Y05LA_DPG,Los Angeles Regular All Formulations Retail Gasoline Prices (Dollars per Gallon),4.487,$/GAL
2024-07-08,SWA,WASHINGTON,EPMR,Regular Gasoline,PTE,Retail Sales,EMM_EPMR_PTE_SWA_DPG,Washington Regular All Formulations Retail Gasoline Prices (Dollars per Gallon),4.145,$/GAL
2024-07-08,STX,TEXAS,EPMR,Regular Gasoline,PTE,Retail Sales,EMM_EPMR_PTE_STX_DPG,Texas Regular All Formulations Retail Gasoline Prices (Dollars per Gallon),3.03,$/GAL
2024-07-08,SOH,OHIO,EPMR,Regular Gasoline,PTE,Retail Sales,EMM_EPMR_PTE_SOH_DPG,Ohio Regular All Formulations Retail Gasoline Prices (Dollars per Gallon),3.385,$/GAL
2024-07-08,SNY,NEW YORK,EPMR,Regular Gasoline,PTE,Retail Sales,EMM_EPMR_PTE_SNY_DPG,New York Regular All Formulations Retail Gasoline Prices (Dollars per Gallon),3.524,$/GAL
2024-07-08,SMN,MINNESOTA,EPMR,Regular Gasoline,PTE,Retail Sales,EMM_EPMR_PTE_SMN_DPG,Minnesota Regular All Formulations Retail Gasoline Prices (Dollars per Gallon),3.305,$/GAL
2024-07-08,SMA,MASSACHUSETTS,EPMR,Regular Gasoline,PTE,Retail Sales,EMM_EPMR_PTE_SMA_DPG,Massachusetts Regular All Formulations Retail Gasoline Prices (Dollars per Gallon),3.495,$/GAL
2024-07-08,SFL,FLORIDA,EPMR,Regular Gasoline,PTE,Retail Sales,EMM_EPMR_PTE_SFL_DPG,Florida Regular All Formulations Retail Gasoline Prices (Dollars per Gallon),3.454,$/GAL
2024-07-08,SCO,COLORADO,EPMR,Regular Gasoline,PTE,Retail Sales,EMM_EPMR_PTE_SCO_DPG,Colorado Regular All Formulations Retail Gasoline Prices (Dollars per Gallon),3.342,$/GAL
2024-07-08,SCA,CALIFORNIA,EPMR,Regular Gasoline,PTE,Retail Sales,EMM_EPMR_PTE_SCA_DPG,California Regular All Formulations Retail Gasoline Prices (Dollars per Gallon),4.535,$/GAL
2024-07-08,R5XCA,PADD 5 EXCEPT CALIFORNIA,EPMR,Regular Gasoline,PTE,Retail Sales,EMM_EPMR_PTE_R5XCA_DPG,West Coast (PADD 5) Except California Regular All Formulations Retail Gasoline Prices (Dollars per Gallon),3.888,$/GAL
2024-07-08,R50,PADD 5,EPMR,Regular Gasoline,PTE,Retail Sales,EMM_EPMR_PTE_R50_DPG,West Coast Regular All Formulations Retail Gasoline Prices (Dollars per Gallon),4.226,$/GAL
2024-07-08,R40,PADD 4,EPMR,Regular Gasoline,PTE,Retail Sales,EMM_EPMR_PTE_R40_DPG,Rocky Mountain Regular All Formulations Retail Gasoline Prices (Dollars per Gallon),3.431,$/GAL
2024-07-08,R30,PADD 3,EPMR,Regular Gasoline,PTE,Retail Sales,EMM_EPMR_PTE_R30_DPG,Gulf Coast Regular All Formulations Retail Gasoline Prices (Dollars per Gallon),3.058,$/GAL
2024-07-08,R20,PADD 2,EPMR,Regular Gasoline,PTE,Retail Sales,EMM_EPMR_PTE_R20_DPG,Midwest Regular All Formulations Retail Gasoline Prices (Dollars per Gallon),3.367,$/GAL
2024-07-08,R1Z,PADD 1C,EPMR,Regular Gasoline,PTE,Retail Sales,EMM_EPMR_PTE_R1Z_DPG,Lower Atlantic (PADD 1C) Regular All Formulations Retail Gasoline Prices (Dollars per Gallon),3.366,$/GAL
2024-07-08,R1Y,PADD 1B,EPMR,Regular Gasoline,PTE,Retail Sales,EMM_EPMR_PTE_R1Y_DPG,Central Atlantic (PADD 1B) Regular All Formulations Retail Gasoline Prices (Dollars per Gallon),3.57,$/GAL
2024-07-08,R1X,PADD 1A,EPMR,Regular Gasoline,PTE,Retail Sales,EMM_EPMR_PTE_R1X_DPG,New England (PADD 1A) Regular All Formulations Retail Gasoline Prices (Dollars per Gallon),3.491,$/GAL
2024-07-08,R10,PADD 1,EPMR,Regular Gasoline,PTE,Retail Sales,EMM_EPMR_PTE_R10_DPG,East Coast Regular All Formulations Retail Gasoline Prices (Dollars per Gallon),3.45,$/GAL
2024-07-01,NUS,U.S.,EPMR,Regular Gasoline,PTE,Retail Sales,EMM_EPMR_PTE_NUS_DPG,U.S. Regular All Formulations Retail Gasoline Prices (Dollars per Gallon),3.479,$/GAL
2024-07-01,YORD,CHICAGO,EPMR,Regular Gasoline,PTE,Retail Sales,EMM_EPMR_PTE_YORD_DPG,Chicago Regular All Formulations Retail Gasoline Prices (Dollars per Gallon),4.031,$/GAL
2024-07-01,YMIA,MIAMI,EPMR,Regular Gasoline,PTE,Retail Sales,EMM_EPMR_PTE_YMIA_DPG,"Miami, FL Regular All Formulations Retail Gasoline Prices (Dollars per Gallon)",3.324,$/GAL
2024-07-01,YDEN,DENVER,EPMR,Regular Gasoline,PTE,Retail Sales,EMM_EPMR_PTE_YDEN_DPG,Denver Regular All Formulations Retail Gasoline Prices (Dollars per Gallon),3.259,$/GAL
2024-07-01,YCLE,CLEVELAND,EPMR,Regular Gasoline,PTE,Retail Sales,EMM_EPMR_PTE_YCLE_DPG,"Cleveland, OH Regular All Formulations Retail Gasoline Prices (Dollars per Gallon)",3.547,$/GAL
2024-07-01,YBOS,BOSTON,EPMR,Regular Gasoline,PTE,Retail Sales,EMM_EPMR_PTE_YBOS_DPG,"Boston, MA Regular All Formulations Retail Gasoline Prices (Dollars per Gallon)",3.467,$/GAL
2024-07-01,Y48SE,SEATTLE,EPMR,Regular Gasoline,PTE,Retail Sales,EMM_EPMR_PTE_Y48SE_DPG,"Seattle, WA Regular All Formulations Retail Gasoline Prices (Dollars per Gallon)",4.375,$/GAL
2024-07-01,Y44HO,HOUSTON,EPMR,Regular Gasoline,PTE,Retail Sales,EMM_EPMR_PTE_Y44HO_DPG,Houston Regular All Formulations Retail Gasoline Prices (Dollars per Gallon),2.999,$/GAL
2024-07-01,Y35NY,NEW YORK CITY,EPMR,Regular Gasoline,PTE,Retail Sales,EMM_EPMR_PTE_Y35NY_DPG,New York City Regular All Formulations Retail Gasoline Prices (Dollars per Gallon),3.391,$/GAL
2024-07-01,Y05SF,SAN FRANCISCO,EPMR,Regular Gasoline,PTE,Retail Sales,EMM_EPMR_PTE_Y05SF_DPG,San Francisco Regular All Formulations Retail Gasoline Prices (Dollars per Gallon),4.582,$/GAL
2024-07-01,Y05LA,LOS ANGELES,EPMR,Regular Gasoline,PTE,Retail Sales,EMM_EPMR_PTE_Y05LA_DPG,Los Angeles Regular All Formulations Retail Gasoline Prices (Dollars per Gallon),4.48,$/GAL
2024-07-01,SWA,WASHINGTON,EPMR,Regular Gasoline,PTE,Retail Sales,EMM_EPMR_PTE_SWA_DPG,Washington Regular All Formulations Retail Gasoline Prices (Dollars per Gallon),4.148,$/GAL
2024-07-01,STX,TEXAS,EPMR,Regular Gasoline,PTE,Retail Sales,EMM_EPMR_PTE_STX_DPG,Texas Regular All Formulations Retail Gasoline Prices (Dollars per Gallon),3.082,$/GAL
2024-07-01,SOH,OHIO,EPMR,Regular Gasoline,PTE,Retail Sales,EMM_EPMR_PTE_SOH_DPG,Ohio Regular All Formulations Retail Gasoline Prices (Dollars per Gallon),3.543,$/GAL
2024-07-01,SNY,NEW YORK,EPMR,Regular Gasoline,PTE,Retail Sales,EMM_EPMR_PTE_SNY_DPG,New York Regular All Formulations Retail Gasoline Prices (Dollars per Gallon),3.483,$/GAL
2024-07-01,SMN,MINNESOTA,EPMR,Regular Gasoline,PTE,Retail Sales,EMM_EPMR_PTE_SMN_DPG,Minnesota Regular All Formulations Retail Gasoline Prices (Dollars per Gallon),3.28,$/GAL
2024-07-01,SMA,MASSACHUSETTS,EPMR,Regular Gasoline,PTE,Retail Sales,EMM_EPMR_PTE_SMA_DPG,Massachusetts Regular All Formulations Retail Gasoline Prices (Dollars per Gallon),3.457,$/GAL
2024-07-01,SFL,FLORIDA,EPMR,Regular Gasoline,PTE,Retail Sales,EMM_EPMR_PTE_SFL_DPG,Florida Regular All Formulations Retail Gasoline Prices (Dollars per Gallon),3.312,$/GAL
2024-07-01,SCO,COLORADO,EPMR,Regular Gasoline,PTE,Retail Sales,EMM_EPMR_PTE_SCO_DPG,Colorado Regular All Formulations Retail Gasoline Prices (Dollars per Gallon),3.27,$/GAL
2024-07-01,SCA,CALIFORNIA,EPMR,Regular Gasoline,PTE,Retail Sales,EMM_EPMR_PTE_SCA_DPG,California Regular All Formulations Retail Gasoline Prices (Dollars per Gallon),4.533,$/GAL
2024-07-01,R5XCA,PADD 5 EXCEPT CALIFORNIA,EPMR,Regular Gasoline,PTE,Retail Sales,EMM_EPMR_PTE_R5XCA_DPG,West Coast (PADD 5) Except California Regular All Formulations Retail Gasoline Prices (Dollars per Gallon),3.912,$/GAL
2024-07-01,R50,PADD 5,EPMR,Regular Gasoline,PTE,Retail Sales,EMM_EPMR_PTE_R50_DPG,West Coast Regular All Formulations Retail Gasoline Prices (Dollars per Gallon),4.236,$/GAL
2024-07-01,R40,PADD 4,EPMR,Regular Gasoline,PTE,Retail Sales,EMM_EPMR_PTE_R40_DPG,Rocky Mountain Regular All Formulations Retail Gasoline Prices (Dollars per Gallon),3.351,$/GAL
2024-07-01,R30,PADD 3,EPMR,Regular Gasoline,PTE,Retail Sales,EMM_EPMR_PTE_R30_DPG,Gulf Coast Regular All Formulations Retail Gasoline Prices (Dollars per Gallon),3.071,$/GAL
2024-07-01,R20,PADD 2,EPMR,Regular Gasoline,PTE,Retail Sales,EMM_EPMR_PTE_R20_DPG,Midwest Regular All Formulations Retail Gasoline Prices (Dollars per Gallon),3.415,$/GAL
2024-07-01,R1Z,PADD 1C,EPMR,Regular Gasoline,PTE,Retail Sales,EMM_EPMR_PTE_R1Z_DPG,Lower Atlantic (PADD 1C) Regular All Formulations Retail Gasoline Prices (Dollars per Gallon),3.29,$/GAL
2024-07-01,R1Y,PADD 1B,EPMR,Regular Gasoline,PTE,Retail Sales,EMM_EPMR_PTE_R1Y_DPG,Central Atlantic (PADD 1B) Regular All Formulations Retail Gasoline Prices (Dollars per Gallon),3.526,$/GAL
2024-07-01,R1X,PADD 1A,EPMR,Regular Gasoline,PTE,Retail Sales,EMM_EPMR_PTE_R1X_DPG,New England (PADD 1A) Regular All Formulations Retail Gasoline Prices (Dollars per Gallon),3.448,$/GAL
2024-07-01,R10,PADD 1,EPMR,Regular Gasoline,PTE,Retail Sales,EMM_EPMR_PTE_R10_DPG,East Coast Regular All Formulations Retail Gasoline Prices (Dollars per Gallon),3.389,$/GAL
2024-06-24,NUS,U.S.,EPMR,Regular Gasoline,PTE,Retail Sales,EMM_EPMR_PTE_NUS_DPG,U.S. Regular All Formulations Retail Gasoline Prices (Dollars per Gallon),3.438,$/GAL
2024-06-24,YORD,CHICAGO,EPMR,Regular Gasoline,PTE,Retail Sales,EMM_EPMR_PTE_YORD_DPG,Chicago Regular All Formulations Retail Gasoline Prices (Dollars per Gallon),3.975,$/GAL
2024-06-24,YMIA,MIAMI,EPMR,Regular Gasoline,PTE,Retail Sales,EMM_EPMR_PTE_YMIA_DPG,"Miami, FL Regular All Formulations Retail Gasoline Prices (Dollars per Gallon)",3.322,$/GAL
2024-06-24,YDEN,DENVER,EPMR,Regular Gasoline,PTE,Retail Sales,EMM_EPMR_PTE_YDEN_DPG,Denver Regular All Formulations Retail Gasoline Prices (Dollars per Gallon),3.14,$/GAL
2024-06-24,YCLE,CLEVELAND,EPMR,Regular Gasoline,PTE,Retail Sales,EMM_EPMR_PTE_YCLE_DPG,"Cleveland, OH Regular All Formulations Retail Gasoline Prices (Dollars per Gallon)",3.406,$/GAL
2024-06-24,YBOS,BOSTON,EPMR,Regular Gasoline,PTE,Retail Sales,EMM_EPMR_PTE_YBOS_DPG,"Boston, MA Regular All Formulations Retail Gasoline Prices (Dollars per Gallon)",3.428,$/GAL
2024-06-24,Y48SE,SEATTLE,EPMR,Regular Gasoline,PTE,Retail Sales,EMM_EPMR_PTE_Y48SE_DPG,"Seattle, WA Regular All Formulations Retail Gasoline Prices (Dollars per Gallon)",4.408,$/GAL
2024-06-24,Y44HO,HOUSTON,EPMR,Regular Gasoline,PTE,Retail Sales,EMM_EPMR_PTE_Y44HO_DPG,Houston Regular All Formulations Retail Gasoline Prices (Dollars per Gallon),2.967,$/GAL
2024-06-24,Y35NY,NEW YORK CITY,EPMR,Regular Gasoline,PTE,Retail Sales,EMM_EPMR_PTE_Y35NY_DPG,New York City Regular All Formulations Retail Gasoline Prices (Dollars per Gallon),3.381,$/GAL
2024-06-24,Y05SF,SAN FRANCISCO,EPMR,Regular Gasoline,PTE,Retail Sales,EMM_EPMR_PTE_Y05SF_DPG,San Francisco Regular All Formulations Retail Gasoline Prices (Dollars per Gallon),4.698,$/GAL
2024-06-24,Y05LA,LOS ANGELES,EPMR,Regular Gasoline,PTE,Retail Sales,EMM_EPMR_PTE_Y05LA_DPG,Los Angeles Regular All Formulations Retail Gasoline Prices (Dollars per Gallon),4.48,$/GAL
2024-06-24,SWA,WASHINGTON,EPMR,Regular Gasoline,PTE,Retail Sales,EMM_EPMR_PTE_SWA_DPG,Washington Regular All Formulations Retail Gasoline Prices (Dollars per Gallon),4.159,$/GAL
2024-06-24,STX,TEXAS,EPMR,Regular Gasoline,PTE,Retail Sales,EMM_EPMR_PTE_STX_DPG,Texas Regular All Formulations Retail Gasoline Prices (Dollars per Gallon),3.009,$/GAL
2024-06-24,SOH,OHIO,EPMR,Regular Gasoline,PTE,Retail Sales,EMM_EPMR_PTE_SOH_DPG,Ohio Regular All Formulations Retail Gasoline Prices (Dollars per Gallon),3.346,$/GAL
2024-06-24,SNY,NEW YORK,EPMR,Regular Gasoline,PTE,Retail Sales,EMM_EPMR_PTE_SNY_DPG,New York Regular All Formulations Retail Gasoline Prices (Dollars per Gallon),3.457,$/GAL
2024-06-24,SMN,MINNESOTA,EPMR,Regular Gasoline,PTE,Retail Sales,EMM_EPMR_PTE_SMN_DPG,Minnesota Regular All Formulations Retail Gasoline Prices (Dollars per Gallon),3.213,$/GAL
2024-06-24,SMA,MASSACHUSETTS,EPMR,Regular Gasoline,PTE,Retail Sales,EMM_EPMR_PTE_SMA_DPG,Massachusetts Regular All Formulations Retail Gasoline Prices (Dollars per Gallon),3.404,$/GAL
2024-06-24,SFL,FLORIDA,EPMR,Regular Gasoline,PTE,Retail Sales,EMM_EPMR_PTE_SFL_DPG,Florida Regular All Formulations Retail Gasoline Prices (Dollars per Gallon),3.289,$/GAL
2024-06-24,SCO,COLORADO,EPMR,Regular Gasoline,PTE,Retail Sales,EMM_EPMR_PTE_SCO_DPG,Colorado Regular All Formulations Retail Gasoline Prices (Dollars per Gallon),3.154,$/GAL
2024-06-24,SCA,CALIFORNIA,EPMR,Regular Gasoline,PTE,Retail Sales,EMM_EPMR_PTE_SCA_DPG,California Regular All Formulations Retail Gasoline Prices (Dollars per Gallon),4.564,$/GAL
2024-06-24,R5XCA,PADD 5 EXCEPT CALIFORNIA,EPMR,Regular Gasoline,PTE,Retail Sales,EMM_EPMR_PTE_R5XCA_DPG,West Coast (PADD 5) Except California Regular All Formulations Retail Gasoline Prices (Dollars per Gallon),3.944,$/GAL
2024-06-24,R50,PADD 5,EPMR,Regular Gasoline,PTE,Retail Sales,EMM_EPMR_PTE_R50_DPG,West Coast Regular All Formulations Retail Gasoline Prices (Dollars per Gallon),4.268,$/GAL
2024-06-24,R40,PADD 4,EPMR,Regular Gasoline,PTE,Retail Sales,EMM_EPMR_PTE_R40_DPG,Rocky Mountain Regular All Formulations Retail Gasoline Prices (Dollars per Gallon),3.296,$/GAL
2024-06-24,R30,PADD 3,EPMR,Regular Gasoline,PTE,Retail Sales,EMM_EPMR_PTE_R30_DPG,Gulf Coast Regular All Formulations Retail Gasoline Prices (Dollars per Gallon),3.016,$/GAL
2024-06-24,R20,PADD 2,EPMR,Regular Gasoline,PTE,Retail Sales,EMM_EPMR_PTE_R20_DPG,Midwest Regular All Formulations Retail Gasoline Prices (Dollars per Gallon),3.323,$/GAL
2024-06-24,R1Z,PADD 1C,EPMR,Regular Gasoline,PTE,Retail Sales,EMM_EPMR_PTE_R1Z_DPG,Lower Atlantic (PADD 1C) Regular All Formulations Retail Gasoline Prices (Dollars per Gallon),3.261,$/GAL
2024-06-24,R1Y,PADD 1B,EPMR,Regular Gasoline,PTE,Retail Sales,EMM_EPMR_PTE_R1Y_DPG,Central Atlantic (PADD 1B) Regular All Formulations Retail Gasoline Prices (Dollars per Gallon),3.514,$/GAL
2024-06-24,R1X,PADD 1A,EPMR,Regular Gasoline,PTE,Retail Sales,EMM_EPMR_PTE_R1X_DPG,New England (PADD 1A) Regular All Formulations Retail Gasoline Prices (Dollars per Gallon),3.395,$/GAL
2024-06-24,R10,PADD 1,EPMR,Regular Gasoline,PTE,Retail Sales,EMM_EPMR_PTE_R10_DPG,East Coast Regular All Formulations Retail Gasoline Prices (Dollars per Gallon),3.363,$/GAL
2024-06-17,NUS,U.S.,EPMR,Regular Gasoline,PTE,Retail Sales,EMM_EPMR_PTE_NUS_DPG,U.S. Regular All Formulations Retail Gasoline Prices (Dollars per Gallon),3.435,$/GAL
2024-06-17,YORD,CHICAGO,EPMR,Regular Gasoline,PTE,Retail Sales,EMM_EPMR_PTE_YORD_DPG,Chicago Regular All Formulations Retail Gasoline Prices (Dollars per Gallon),3.928,$/GAL
2024-06-17,YMIA,MIAMI,EPMR,Regular Gasoline,PTE,Retail Sales,EMM_EPMR_PTE_YMIA_DPG,"Miami, FL Regular All Formulations Retail Gasoline Prices (Dollars per Gallon)",3.263,$/GAL
2024-06-17,YDEN,DENVER,EPMR,Regular Gasoline,PTE,Retail Sales,EMM_EPMR_PTE_YDEN_DPG,Denver Regular All Formulations Retail Gasoline Prices (Dollars per Gallon),3.238,$/GAL
2024-06-17,YCLE,CLEVELAND,EPMR,Regular Gasoline,PTE,Retail Sales,EMM_EPMR_PTE_YCLE_DPG,"Cleveland, OH Regular All Formulations Retail Gasoline Prices (Dollars per Gallon)",3.483,$/GAL
2024-06-17,YBOS,BOSTON,EPMR,Regular Gasoline,PTE,Retail Sales,EMM_EPMR_PTE_YBOS_DPG,"Boston, MA Regular All Formulations Retail Gasoline Prices (Dollars per Gallon)",3.48,$/GAL
2024-06-17,Y48SE,SEATTLE,EPMR,Regular Gasoline,PTE,Retail Sales,EMM_EPMR_PTE_Y48SE_DPG,"Seattle, WA Regular All Formulations Retail Gasoline Prices (Dollars per Gallon)",4.423,$/GAL
2024-06-17,Y44HO,HOUSTON,EPMR,Regular Gasoline,PTE,Retail Sales,EMM_EPMR_PTE_Y44HO_DPG,Houston Regular All Formulations Retail Gasoline Prices (Dollars per Gallon),2.965,$/GAL
2024-06-17,Y35NY,NEW YORK CITY,EPMR,Regular Gasoline,PTE,Retail Sales,EMM_EPMR_PTE_Y35NY_DPG,New York City Regular All Formulations Retail Gasoline Prices (Dollars per Gallon),3.391,$/GAL
2024-06-17,Y05SF,SAN FRANCISCO,EPMR,Regular Gasoline,PTE,Retail Sales,EMM_EPMR_PTE_Y05SF_DPG,San Francisco Regular All Formulations Retail Gasoline Prices (Dollars per Gallon),4.75,$/GAL
2024-06-17,Y05LA,LOS ANGELES,EPMR,Regular Gasoline,PTE,Retail Sales,EMM_EPMR_PTE_Y05LA_DPG,Los Angeles Regular All Formulations Retail Gasoline Prices (Dollars per Gallon),4.514,$/GAL
2024-06-17,SWA,WASHINGTON,EPMR,Regular Gasoline,PTE,Retail Sales,EMM_EPMR_PTE_SWA_DPG,Washington Regular All Formulations Retail Gasoline Prices (Dollars per Gallon),4.18,$/GAL
2024-06-17,STX,TEXAS,EPMR,Regular Gasoline,PTE,Retail Sales,EMM_EPMR_PTE_STX_DPG,Texas Regular All Formulations Retail Gasoline Prices (Dollars per Gallon),2.98,$/GAL
2024-06-17,SOH,OHIO,EPMR,Regular Gasoline,PTE,Retail Sales,EMM_EPMR_PTE_SOH_DPG,Ohio Regular All Formulations Retail Gasoline Prices (Dollars per Gallon),3.439,$/GAL
2024-06-17,SNY,NEW YORK,EPMR,Regular Gasoline,PTE,Retail Sales,EMM_EPMR_PTE_SNY_DPG,New York Regular All Formulations Retail Gasoline Prices (Dollars per Gallon),3.469,$/GAL
2024-06-17,SMN,MINNESOTA,EPMR,Regular Gasoline,PTE,Retail Sales,EMM_EPMR_PTE_SMN_DPG,Minnesota Regular All Formulations Retail Gasoline Prices (Dollars per Gallon),3.214,$/GAL
2024-06-17,SMA,MASSACHUSETTS,EPMR,Regular Gasoline,PTE,Retail Sales,EMM_EPMR_PTE_SMA_DPG,Massachusetts Regular All Formulations Retail Gasoline Prices (Dollars per Gallon),3.437,$/GAL
2024-06-17,SFL,FLORIDA,EPMR,Regular Gasoline,PTE,Retail Sales,EMM_EPMR_PTE_SFL_DPG,Florida Regular All Formulations Retail Gasoline Prices (Dollars per Gallon),3.186,$/GAL
2024-06-17,SCO,COLORADO,EPMR,Regular Gasoline,PTE,Retail Sales,EMM_EPMR_PTE_SCO_DPG,Colorado Regular All Formulations Retail Gasoline Prices (Dollars per Gallon),3.264,$/GAL
2024-06-17,SCA,CALIFORNIA,EPMR,Regular Gasoline,PTE,Retail Sales,EMM_EPMR_PTE_SCA_DPG,California Regular All Formulations Retail Gasoline Prices (Dollars per Gallon),4.599,$/GAL
2024-06-17,R5XCA,PADD 5 EXCEPT CALIFORNIA,EPMR,Regular Gasoline,PTE,Retail Sales,EMM_EPMR_PTE_R5XCA_DPG,West Coast (PADD 5) Except California Regular All Formulations Retail Gasoline Prices (Dollars per Gallon),3.958,$/GAL
2024-06-17,R50,PADD 5,EPMR,Regular Gasoline,PTE,Retail Sales,EMM_EPMR_PTE_R50_DPG,West Coast Regular All Formulations Retail Gasoline Prices (Dollars per Gallon),4.293,$/GAL
2024-06-17,R40,PADD 4,EPMR,Regular Gasoline,PTE,Retail Sales,EMM_EPMR_PTE_R40_DPG,Rocky Mountain Regular All Formulations Retail Gasoline Prices (Dollars per Gallon),3.33,$/GAL
2024-06-17,R30,PADD 3,EPMR,Regular Gasoline,PTE,Retail Sales,EMM_EPMR_PTE_R30_DPG,Gulf Coast Regular All Formulations Retail Gasoline Prices (Dollars per Gallon),2.992,$/GAL
2024-06-17,R20,PADD 2,EPMR,Regular Gasoline,PTE,Retail Sales,EMM_EPMR_PTE_R20_DPG,Midwest Regular All Formulations Retail Gasoline Prices (Dollars per Gallon),3.315,$/GAL
2024-06-17,R1Z,PADD 1C,EPMR,Regular Gasoline,PTE,Retail Sales,EMM_EPMR_PTE_R1Z_DPG,Lower Atlantic (PADD 1C) Regular All Formulations Retail Gasoline Prices (Dollars per Gallon),3.232,$/GAL
2024-06-17,R1Y,PADD 1B,EPMR,Regular Gasoline,PTE,Retail Sales,EMM_EPMR_PTE_R1Y_DPG,Central Atlantic (PADD 1B) Regular All Formulations Retail Gasoline Prices (Dollars per Gallon),3.534,$/GAL
2024-06-17,R1X,PADD 1A,EPMR,Regular Gasoline,PTE,Retail Sales,EMM_EPMR_PTE_R1X_DPG,New England (PADD 1A) Regular All Formulations Retail Gasoline Prices (Dollars per Gallon),3.416,$/GAL
2024-06-17,R10,PADD 1,EPMR,Regular Gasoline,PTE,Retail Sales,EMM_EPMR_PTE_R10_DPG,East Coast Regular All Formulations Retail Gasoline Prices (Dollars per Gallon),3.357,$/GAL
2024-06-10,NUS,U.S.,EPMR,Regular Gasoline,PTE,Retail Sales,EMM_EPMR_PTE_NUS_DPG,U.S. Regular All Formulations Retail Gasoline Prices (Dollars per Gallon),3.429,$/GAL
2024-06-10,YORD,CHICAGO,EPMR,Regular Gasoline,PTE,Retail Sales,EMM_EPMR_PTE_YORD_DPG,Chicago Regular All Formulations Retail Gasoline Prices (Dollars per Gallon),3.958,$/GAL
2024-06-10,YMIA,MIAMI,EPMR,Regular Gasoline,PTE,Retail Sales,EMM_EPMR_PTE_YMIA_DPG,"Miami, FL Regular All Formulations Retail Gasoline Prices (Dollars per Gallon)",3.308,$/GAL
2024-06-10,YDEN,DENVER,EPMR,Regular Gasoline,PTE,Retail Sales,EMM_EPMR_PTE_YDEN_DPG,Denver Regular All Formulations Retail Gasoline Prices (Dollars per Gallon),3.112,$/GAL
2024-06-10,YCLE,CLEVELAND,EPMR,Regular Gasoline,PTE,Retail Sales,EMM_EPMR_PTE_YCLE_DPG,"Cleveland, OH Regular All Formulations Retail Gasoline Prices (Dollars per Gallon)",3.258,$/GAL
2024-06-10,YBOS,BOSTON,EPMR,Regular Gasoline,PTE,Retail Sales,EMM_EPMR_PTE_YBOS_DPG,"Boston, MA Regular All Formulations Retail Gasoline Prices (Dollars per Gallon)",3.499,$/GAL
2024-06-10,Y48SE,SEATTLE,EPMR,Regular Gasoline,PTE,Retail Sales,EMM_EPMR_PTE_Y48SE_DPG,"Seattle, WA Regular All Formulations Retail Gasoline Prices (Dollars per Gallon)",4.452,$/GAL
2024-06-10,Y44HO,HOUSTON,EPMR,Regular Gasoline,PTE,Retail Sales,EMM_EPMR_PTE_Y44HO_DPG,Houston Regular All Formulations Retail Gasoline Prices (Dollars per Gallon),2.952,$/GAL
2024-06-10,Y35NY,NEW YORK CITY,EPMR,Regular Gasoline,PTE,Retail Sales,EMM_EPMR_PTE_Y35NY_DPG,New York City Regular All Formulations Retail Gasoline Prices (Dollars per Gallon),3.424,$/GAL
2024-06-10,Y05SF,SAN FRANCISCO,EPMR,Regular Gasoline,PTE,Retail Sales,EMM_EPMR_PTE_Y05SF_DPG,San Francisco Regular All Formulations Retail Gasoline Prices (Dollars per Gallon),4.843,$/GAL
2024-06-10,Y05LA,LOS ANGELES,EPMR,Regular Gasoline,PTE,Retail Sales,EMM_EPMR_PTE_Y05LA_DPG,Los Angeles Regular All Formulations Retail Gasoline Prices (Dollars per Gallon),4.569,$/GAL
2024-06-10,SWA,WASHINGTON,EPMR,Regular Gasoline,PTE,Retail Sales,EMM_EPMR_PTE_SWA_DPG,Washington Regular All Formulations Retail Gasoline Prices (Dollars per Gallon),4.286,$/GAL
2024-06-10,STX,TEXAS,EPMR,Regular Gasoline,PTE,Retail Sales,EMM_EPMR_PTE_STX_DPG,Texas Regular All Formulations Retail Gasoline Prices (Dollars per Gallon),2.908,$/GAL
2024-06-10,SOH,OHIO,EPMR,Regular Gasoline,PTE,Retail Sales,EMM_EPMR_PTE_SOH_DPG,Ohio Regular All Formulations Retail Gasoline Prices (Dollars per Gallon),3.187,$/GAL
2024-06-10,SNY,NEW YORK,EPMR,Regular Gasoline,PTE,Retail Sales,EMM_EPMR_PTE_SNY_DPG,New York Regular All Formulations Retail Gasoline Prices (Dollars per Gallon),3.494,$/GAL
2024-06-10,SMN,MINNESOTA,EPMR,Regular Gasoline,PTE,Retail Sales,EMM_EPMR_PTE_SMN_DPG,Minnesota Regular All Formulations Retail Gasoline Prices (Dollars per Gallon),3.217,$/GAL
2024-06-10,SMA,MASSACHUSETTS,EPMR,Regular Gasoline,PTE,Retail Sales,EMM_EPMR_PTE_SMA_DPG,Massachusetts Regular All Formulations Retail Gasoline Prices (Dollars per Gallon),3.449,$/GAL
2024-06-10,SFL,FLORIDA,EPMR,Regular Gasoline,PTE,Retail Sales,EMM_EPMR_PTE_SFL_DPG,Florida Regular All Formulations Retail Gasoline Prices (Dollars per Gallon),3.229,$/GAL
2024-06-10,SCO,COLORADO,EPMR,Regular Gasoline,PTE,Retail Sales,EMM_EPMR_PTE_SCO_DPG,Colorado Regular All Formulations Retail Gasoline Prices (Dollars per Gallon),3.146,$/GAL
2024-06-10,SCA,CALIFORNIA,EPMR,Regular Gasoline,PTE,Retail Sales,EMM_EPMR_PTE_SCA_DPG,California Regular All Formulations Retail Gasoline Prices (Dollars per Gallon),4.679,$/GAL
2024-06-10,R5XCA,PADD 5 EXCEPT CALIFORNIA,EPMR,Regular Gasoline,PTE,Retail Sales,EMM_EPMR_PTE_R5XCA_DPG,West Coast (PADD 5) Except California Regular All Formulations Retail Gasoline Prices (Dollars per Gallon),4.036,$/GAL
2024-06-10,R50,PADD 5,EPMR,Regular Gasoline,PTE,Retail Sales,EMM_EPMR_PTE_R50_DPG,West Coast Regular All Formulations Retail Gasoline Prices (Dollars per Gallon),4.371,$/GAL
2024-06-10,R40,PADD 4,EPMR,Regular Gasoline,PTE,Retail Sales,EMM_EPMR_PTE_R40_DPG,Rocky Mountain Regular All Formulations Retail Gasoline Prices (Dollars per Gallon),3.263,$/GAL
2024-06-10,R30,PADD 3,EPMR,Regular Gasoline,PTE,Retail Sales,EMM_EPMR_PTE_R30_DPG,Gulf Coast Regular All Formulations Retail Gasoline Prices (Dollars per Gallon),2.951,$/GAL
2024-06-10,R20,PADD 2,EPMR,Regular Gasoline,PTE,Retail Sales,EMM_EPMR_PTE_R20_DPG,Midwest Regular All Formulations Retail Gasoline Prices (Dollars per Gallon),3.262,$/GAL
2024-06-10,R1Z,PADD 1C,EPMR,Regular Gasoline,PTE,Retail Sales,EMM_EPMR_PTE_R1Z_DPG,Lower Atlantic (PADD 1C) Regular All Formulations Retail Gasoline Prices (Dollars per Gallon),3.237,$/GAL
2024-06-10,R1Y,PADD 1B,EPMR,Regular Gasoline,PTE,Retail Sales,EMM_EPMR_PTE_R1Y_DPG,Central Atlantic (PADD 1B) Regular All Formulations Retail Gasoline Prices (Dollars per Gallon),3.548,$/GAL
2024-06-10,R1X,PADD 1A,EPMR,Regular Gasoline,PTE,Retail Sales,EMM_EPMR_PTE_R1X_DPG,New England (PADD 1A) Regular All Formulations Retail Gasoline Prices (Dollars per Gallon),3.458,$/GAL
2024-06-10,R10,PADD 1,EPMR,Regular Gasoline,PTE,Retail Sales,EMM_EPMR_PTE_R10_DPG,East Coast Regular All Formulations Retail Gasoline Prices (Dollars per Gallon),3.37,$/GAL
2024-06-03,NUS,U.S.,EPMR,Regular Gasoline,PTE,Retail Sales,EMM_EPMR_PTE_NUS_DPG,U.S. Regular All Formulations Retail Gasoline Prices (Dollars per Gallon),3.516,$/GAL
2024-06-03,YORD,CHICAGO,EPMR,Regular Gasoline,PTE,Retail Sales,EMM_EPMR_PTE_YORD_DPG,Chicago Regular All Formulations Retail Gasoline Prices (Dollars per Gallon),4.088,$/GAL
2024-06-03,YMIA,MIAMI,EPMR,Regular Gasoline,PTE,Retail Sales,EMM_EPMR_PTE_YMIA_DPG,"Miami, FL Regular All Formulations Retail Gasoline Prices (Dollars per Gallon)",3.412,$/GAL
2024-06-03,YDEN,DENVER,EPMR,Regular Gasoline,PTE,Retail Sales,EMM_EPMR_PTE_YDEN_DPG,Denver Regular All Formulations Retail Gasoline Prices (Dollars per Gallon),3.239,$/GAL
2024-06-03,YCLE,CLEVELAND,EPMR,Regular Gasoline,PTE,Retail Sales,EMM_EPMR_PTE_YCLE_DPG,"Cleveland, OH Regular All Formulations Retail Gasoline Prices (Dollars per Gallon)",3.414,$/GAL
2024-06-03,YBOS,BOSTON,EPMR,Regular Gasoline,PTE,Retail Sales,EMM_EPMR_PTE_YBOS_DPG,"Boston, MA Regular All Formulations Retail Gasoline Prices (Dollars per Gallon)",3.522,$/GAL
2024-06-03,Y48SE,SEATTLE,EPMR,Regular Gasoline,PTE,Retail Sales,EMM_EPMR_PTE_Y48SE_DPG,"Seattle, WA Regular All Formulations Retail Gasoline Prices (Dollars per Gallon)",4.57,$/GAL
2024-06-03,Y44HO,HOUSTON,EPMR,Regular Gasoline,PTE,Retail Sales,EMM_EPMR_PTE_Y44HO_DPG,Houston Regular All Formulations Retail Gasoline Prices (Dollars per Gallon),3.019,$/GAL
2024-06-03,Y35NY,NEW YORK CITY,EPMR,Regular Gasoline,PTE,Retail Sales,EMM_EPMR_PTE_Y35NY_DPG,New York City Regular All Formulations Retail Gasoline Prices (Dollars per Gallon),3.484,$/GAL
2024-06-03,Y05SF,SAN FRANCISCO,EPMR,Regular Gasoline,PTE,Retail Sales,EMM_EPMR_PTE_Y05SF_DPG,San Francisco Regular All Formulations Retail Gasoline Prices (Dollars per Gallon),5.008,$/GAL
2024-06-03,Y05LA,LOS ANGELES,EPMR,Regular Gasoline,PTE,Retail Sales,EMM_EPMR_PTE_Y05LA_DPG,Los Angeles Regular All Formulations Retail Gasoline Prices (Dollars per Gallon),4.707,$/GAL
2024-06-03,SWA,WASHINGTON,EPMR,Regular Gasoline,PTE,Retail Sales,EMM_EPMR_PTE_SWA_DPG,Washington Regular All Formulations Retail Gasoline Prices (Dollars per Gallon),4.38,$/GAL
2024-06-03,STX,TEXAS,EPMR,Regular Gasoline,PTE,Retail Sales,EMM_EPMR_PTE_STX_DPG,Texas Regular All Formulations Retail Gasoline Prices (Dollars per Gallon),3.023,$/GAL
2024-06-03,SOH,OHIO,EPMR,Regular Gasoline,PTE,Retail Sales,EMM_EPMR_PTE_SOH_DPG,Ohio Regular All Formulations Retail Gasoline Prices (Dollars per Gallon),3.319,$/GAL
2024-06-03,SNY,NEW YORK,EPMR,Regular Gasoline,PTE,Retail Sales,EMM_EPMR_PTE_SNY_DPG,New York Regular All Formulations Retail Gasoline Prices (Dollars per Gallon),3.54,$/GAL
2024-06-03,SMN,MINNESOTA,EPMR,Regular Gasoline,PTE,Retail Sales,EMM_EPMR_PTE_SMN_DPG,Minnesota Regular All Formulations Retail Gasoline Prices (Dollars per Gallon),3.241,$/GAL
2024-06-03,SMA,MASSACHUSETTS,EPMR,Regular Gasoline,PTE,Retail Sales,EMM_EPMR_PTE_SMA_DPG,Massachusetts Regular All Formulations Retail Gasoline Prices (Dollars per Gallon),3.5,$/GAL
2024-06-03,SFL,FLORIDA,EPMR,Regular Gasoline,PTE,Retail Sales,EMM_EPMR_PTE_SFL_DPG,Florida Regular All Formulations Retail Gasoline Prices (Dollars per Gallon),3.361,$/GAL
2024-06-03,SCO,COLORADO,EPMR,Regular Gasoline,PTE,Retail Sales,EMM_EPMR_PTE_SCO_DPG,Colorado Regular All Formulations Retail Gasoline Prices (Dollars per Gallon),3.284,$/GAL
2024-06-03,SCA,CALIFORNIA,EPMR,Regular Gasoline,PTE,Retail Sales,EMM_EPMR_PTE_SCA_DPG,California Regular All Formulations Retail Gasoline Prices (Dollars per Gallon),4.808,$/GAL
2024-06-03,R5XCA,PADD 5 EXCEPT CALIFORNIA,EPMR,Regular Gasoline,PTE,Retail Sales,EMM_EPMR_PTE_R5XCA_DPG,West Coast (PADD 5) Except California Regular All Formulations Retail Gasoline Prices (Dollars per Gallon),4.137,$/GAL
2024-06-03,R50,PADD 5,EPMR,Regular Gasoline,PTE,Retail Sales,EMM_EPMR_PTE_R50_DPG,West Coast Regular All Formulations Retail Gasoline Prices (Dollars per Gallon),4.487,$/GAL
2024-06-03,R40,PADD 4,EPMR,Regular Gasoline,PTE,Retail Sales,EMM_EPMR_PTE_R40_DPG,Rocky Mountain Regular All Formulations Retail Gasoline Prices (Dollars per Gallon),3.36,$/GAL
2024-06-03,R30,PADD 3,EPMR,Regular Gasoline,PTE,Retail Sales,EMM_EPMR_PTE_R30_DPG,Gulf Coast Regular All Formulations Retail Gasoline Prices (Dollars per Gallon),3.045,$/GAL
2024-06-03,R20,PADD 2,EPMR,Regular Gasoline,PTE,Retail Sales,EMM_EPMR_PTE_R20_DPG,Midwest Regular All Formulations Retail Gasoline Prices (Dollars per Gallon),3.349,$/GAL
2024-06-03,R1Z,PADD 1C,EPMR,Regular Gasoline,PTE,Retail Sales,EMM_EPMR_PTE_R1Z_DPG,Lower Atlantic (PADD 1C) Regular All Formulations Retail Gasoline Prices (Dollars per Gallon),3.331,$/GAL
2024-06-03,R1Y,PADD 1B,EPMR,Regular Gasoline,PTE,Retail Sales,EMM_EPMR_PTE_R1Y_DPG,Central Atlantic (PADD 1B) Regular All Formulations Retail Gasoline Prices (Dollars per Gallon),3.597,$/GAL
2024-06-03,R1X,PADD 1A,EPMR,Regular Gasoline,PTE,Retail Sales,EMM_EPMR_PTE_R1X_DPG,New England (PADD 1A) Regular All Formulations Retail Gasoline Prices (Dollars per Gallon),3.508,$/GAL
2024-06-03,R10,PADD 1,EPMR,Regular Gasoline,PTE,Retail Sales,EMM_EPMR_PTE_R10_DPG,East Coast Regular All Formulations Retail Gasoline Prices (Dollars per Gallon),3.443,$/GAL
2024-05-27,NUS,U.S.,EPMR,Regular Gasoline,PTE,Retail Sales,EMM_EPMR_PTE_NUS_DPG,U.S. Regular All Formulations Retail Gasoline Prices (Dollars per Gallon),3.577,$/GAL
2024-05-27,YORD,CHICAGO,EPMR,Regular Gasoline,PTE,Retail Sales,EMM_EPMR_PTE_YORD_DPG,Chicago Regular All Formulations Retail Gasoline Prices (Dollars per Gallon),4.316,$/GAL
2024-05-27,YMIA,MIAMI,EPMR,Regular Gasoline,PTE,Retail Sales,EMM_EPMR_PTE_YMIA_DPG,"Miami, FL Regular All Formulations Retail Gasoline Prices (Dollars per Gallon)",3.495,$/GAL
2024-05-27,YDEN,DENVER,EPMR,Regular Gasoline,PTE,Retail Sales,EMM_EPMR_PTE_YDEN_DPG,Denver Regular All Formulations Retail Gasoline Prices (Dollars per Gallon),3.189,$/GAL
2024-05-27,YCLE,CLEVELAND,EPMR,Regular Gasoline,PTE,Retail Sales,EMM_EPMR_PTE_YCLE_DPG,"Cleveland, OH Regular All Formulations Retail Gasoline Prices (Dollars per Gallon)",3.522,$/GAL
2024-05-27,YBOS,BOSTON,EPMR,Regular Gasoline,PTE,Retail Sales,EMM_EPMR_PTE_YBOS_DPG,"Boston, MA Regular All Formulations Retail Gasoline Prices (Dollars per Gallon)",3.542,$/GAL
2024-05-27,Y48SE,SEATTLE,EPMR,Regular Gasoline,PTE,Retail Sales,EMM_EPMR_PTE_Y48SE_DPG,"Seattle, WA Regular All Formulations Retail Gasoline Prices (Dollars per Gallon)",4.698,$/GAL
2024-05-27,Y44HO,HOUSTON,EPMR,Regular Gasoline,PTE,Retail Sales,EMM_EPMR_PTE_Y44HO_DPG,Houston Regular All Formulations Retail Gasoline Prices (Dollars per Gallon),3.088,$/GAL
2024-05-27,Y35NY,NEW YORK CITY,EPMR,Regular Gasoline,PTE,Retail Sales,EMM_EPMR_PTE_Y35NY_DPG,New York City Regular All Formulations Retail Gasoline Prices (Dollars per Gallon),3.538,$/GAL
2024-05-27,Y05SF,SAN FRANCISCO,EPMR,Regular Gasoline,PTE,Retail Sales,EMM_EPMR_PTE_Y05SF_DPG,San Francisco Regular All Formulations Retail Gasoline Prices (Dollars per Gallon),5.096,$/GAL
2024-05-27,Y05LA,LOS ANGELES,EPMR,Regular Gasoline,PTE,Retail Sales,EMM_EPMR_PTE_Y05LA_DPG,Los Angeles Regular All Formulations Retail Gasoline Prices (Dollars per Gallon),4.784,$/GAL
2024-05-27,SWA,WASHINGTON,EPMR,Regular Gasoline,PTE,Retail Sales,EMM_EPMR_PTE_SWA_DPG,Washington Regular All Formulations Retail Gasoline Prices (Dollars per Gallon),4.48,$/GAL
2024-05-27,STX,TEXAS,EPMR,Regular Gasoline,PTE,Retail Sales,EMM_EPMR_PTE_STX_DPG,Texas Regular All Formulations Retail Gasoline Prices (Dollars per Gallon),3.119,$/GAL
2024-05-27,SOH,OHIO,EPMR,Regular Gasoline,PTE,Retail Sales,EMM_EPMR_PTE_SOH_DPG,Ohio Regular All Formulations Retail Gasoline Prices (Dollars per Gallon),3.459,$/GAL
2024-05-27,SNY,NEW YORK,EPMR,Regular Gasoline,PTE,Retail Sales,EMM_EPMR_PTE_SNY_DPG,New York Regular All Formulations Retail Gasoline Prices (Dollars per Gallon),3.572,$/GAL
2024-05-27,SMN,MINNESOTA,EPMR,Regular Gasoline,PTE,Retail Sales,EMM_EPMR_PTE_SMN_DPG,Minnesota Regular All Formulations Retail Gasoline Prices (Dollars per Gallon),3.349,$/GAL
2024-05-27,SMA,MASSACHUSETTS,EPMR,Regular Gasoline,PTE,Retail Sales,EMM_EPMR_PTE_SMA_DPG,Massachusetts Regular All Formulations Retail Gasoline Prices (Dollars per Gallon),3.517,$/GAL
2024-05-27,SFL,FLORIDA,EPMR,Regular Gasoline,PTE,Retail Sales,EMM_EPMR_PTE_SFL_DPG,Florida Regular All Formulations Retail Gasoline Prices (Dollars per Gallon),3.441,$/GAL
2024-05-27,SCO,COLORADO,EPMR,Regular Gasoline,PTE,Retail Sales,EMM_EPMR_PTE_SCO_DPG,Colorado Regular All Formulations Retail Gasoline Prices (Dollars per Gallon),3.208,$/GAL
2024-05-27,SCA,CALIFORNIA,EPMR,Regular Gasoline,PTE,Retail Sales,EMM_EPMR_PTE_SCA_DPG,California Regular All Formulations Retail Gasoline Prices (Dollars per Gallon),4.892,$/GAL
2024-05-27,R5XCA,PADD 5 EXCEPT CALIFORNIA,EPMR,Regular Gasoline,PTE,Retail Sales,EMM_EPMR_PTE_R5XCA_DPG,West Coast (PADD 5) Except California Regular All Formulations Retail Gasoline Prices (Dollars per Gallon),4.214,$/GAL
2024-05-27,R50,PADD 5,EPMR,Regular Gasoline,PTE,Retail Sales,EMM_EPMR_PTE_R50_DPG,West Coast Regular All Formulations Retail Gasoline Prices (Dollars per Gallon),4.571,$/GAL
2024-05-27,R40,PADD 4,EPMR,Regular Gasoline,PTE,Retail Sales,EMM_EPMR_PTE_R40_DPG,Rocky Mountain Regular All Formulations Retail Gasoline Prices (Dollars per Gallon),3.354,$/GAL
2024-05-27,R30,PADD 3,EPMR,Regular Gasoline,PTE,Retail Sales,EMM_EPMR_PTE_R30_DPG,Gulf Coast Regular All Formulations Retail Gasoline Prices (Dollars per Gallon),3.112,$/GAL
2024-05-27,R20,PADD 2,EPMR,Regular Gasoline,PTE,Retail Sales,EMM_EPMR_PTE_R20_DPG,Midwest Regular All Formulations Retail Gasoline Prices (Dollars per Gallon),3.459,$/GAL
2024-05-27,R1Z,PADD 1C,EPMR,Regular Gasoline,PTE,Retail Sales,EMM_EPMR_PTE_R1Z_DPG,Lower Atlantic (PADD 1C) Regular All Formulations Retail Gasoline Prices (Dollars per Gallon),3.376,$/GAL
2024-05-27,R1Y,PADD 1B,EPMR,Regular Gasoline,PTE,Retail Sales,EMM_EPMR_PTE_R1Y_DPG,Central Atlantic (PADD 1B) Regular All Formulations Retail Gasoline Prices (Dollars per Gallon),3.64,$/GAL
2024-05-27,R1X,PADD 1A,EPMR,Regular Gasoline,PTE,Retail Sales,EMM_EPMR_PTE_R1X_DPG,New England (PADD 1A) Regular All Formulations Retail Gasoline Prices (Dollars per Gallon),3.536,$/GAL
2024-05-27,R10,PADD 1,EPMR,Regular Gasoline,PTE,Retail Sales,EMM_EPMR_PTE_R10_DPG,East Coast Regular All Formulations Retail Gasoline Prices (Dollars per Gallon),3.485,$/GAL
2024-05-20,NUS,U.S.,EPMR,Regular Gasoline,PTE,Retail Sales,EMM_EPMR_PTE_NUS_DPG,U.S. Regular All Formulations Retail Gasoline Prices (Dollars per Gallon),3.584,$/GAL
2024-05-20,YORD,CHICAGO,EPMR,Regular Gasoline,PTE,Retail Sales,EMM_EPMR_PTE_YORD_DPG,Chicago Regular All Formulations Retail Gasoline Prices (Dollars per Gallon),3.993,$/GAL
2024-05-20,YMIA,MIAMI,EPMR,Regular Gasoline,PTE,Retail Sales,EMM_EPMR_PTE_YMIA_DPG,"Miami, FL Regular All Formulations Retail Gasoline Prices (Dollars per Gallon)",3.428,$/GAL
2024-05-20,YDEN,DENVER,EPMR,Regular Gasoline,PTE,Retail Sales,EMM_EPMR_PTE_YDEN_DPG,Denver Regular All Formulations Retail Gasoline Prices (Dollars per Gallon),3.302,$/GAL
2024-05-20,YCLE,CLEVELAND,EPMR,Regular Gasoline,PTE,Retail Sales,EMM_EPMR_PTE_YCLE_DPG,"Cleveland, OH Regular All Formulations Retail Gasoline Prices (Dollars per Gallon)",3.616,$/GAL
2024-05-20,YBOS,BOSTON,EPMR,Regular Gasoline,PTE,Retail Sales,EMM_EPMR_PTE_YBOS_DPG,"Boston, MA Regular All Formulations Retail Gasoline Prices (Dollars per Gallon)",3.548,$/GAL
2024-05-20,Y48SE,SEATTLE,EPMR,Regular Gasoline,PTE,Retail Sales,EMM_EPMR_PTE_Y48SE_DPG,"Seattle, WA Regular All Formulations Retail Gasoline Prices (Dollars per Gallon)",4.654,$/GAL
2024-05-20,Y44HO,HOUSTON,EPMR,Regular Gasoline,PTE,Retail Sales,EMM_EPMR_PTE_Y44HO_DPG,Houston Regular All Formulations Retail Gasoline Prices (Dollars per Gallon),3.095,$/GAL
2024-05-20,Y35NY,NEW YORK CITY,EPMR,Regular Gasoline,PTE,Retail Sales,EMM_EPMR_PTE_Y35NY_DPG,New York City Regular All Formulations Retail Gasoline Prices (Dollars per Gallon),3.546,$/GAL
2024-05-20,Y05SF,SAN FRANCISCO,EPMR,Regular Gasoline,PTE,Retail Sales,EMM_EPMR_PTE_Y05SF_DPG,San Francisco Regular All Formulations Retail Gasoline Prices (Dollars per Gallon),5.107,$/GAL
2024-05-20,Y05LA,LOS ANGELES,EPMR,Regular Gasoline,PTE,Retail Sales,EMM_EPMR_PTE_Y05LA_DPG,Los Angeles Regular All Formulations Retail Gasoline Prices (Dollars per Gallon),4.884,$/GAL
2024-05-20,SWA,WASHINGTON,EPMR,Regular Gasoline,PTE,Retail Sales,EMM_EPMR_PTE_SWA_DPG,Washington Regular All Formulations Retail Gasoline Prices (Dollars per Gallon),4.475,$/GAL
2024-05-20,STX,TEXAS,EPMR,Regular Gasoline,PTE,Retail Sales,EMM_EPMR_PTE_STX_DPG,Texas Regular All Formulations Retail Gasoline Prices (Dollars per Gallon),3.094,$/GAL
2024-05-20,SOH,OHIO,EPMR,Regular Gasoline,PTE,Retail Sales,EMM_EPMR_PTE_SOH_DPG,Ohio Regular All Formulations Retail Gasoline Prices (Dollars per Gallon),3.6,$/GAL
2024-05-20,SNY,NEW YORK,EPMR,Regular Gasoline,PTE,Retail Sales,EMM_EPMR_PTE_SNY_DPG,New York Regular All Formulations Retail Gasoline Prices (Dollars per Gallon),3.59,$/GAL
2024-05-20,SMN,MINNESOTA,EPMR,Regular Gasoline,PTE,Retail Sales,EMM_EPMR_PTE_SMN_DPG,Minnesota Regular All Formulations Retail Gasoline Prices (Dollars per Gallon),3.247,$/GAL
2024-05-20,SMA,MASSACHUSETTS,EPMR,Regular Gasoline,PTE,Retail Sales,EMM_EPMR_PTE_SMA_DPG,Massachusetts Regular All Formulations Retail Gasoline Prices (Dollars per Gallon),3.517,$/GAL
2024-05-20,SFL,FLORIDA,EPMR,Regular Gasoline,PTE,Retail Sales,EMM_EPMR_PTE_SFL_DPG,Florida Regular All Formulations Retail Gasoline Prices (Dollars per Gallon),3.391,$/GAL
2024-05-20,SCO,COLORADO,EPMR,Regular Gasoline,PTE,Retail Sales,EMM_EPMR_PTE_SCO_DPG,Colorado Regular All Formulations Retail Gasoline Prices (Dollars per Gallon),3.323,$/GAL
2024-05-20,SCA,CALIFORNIA,EPMR,Regular Gasoline,PTE,Retail Sales,EMM_EPMR_PTE_SCA_DPG,California Regular All Formulations Retail Gasoline Prices (Dollars per Gallon),4.965,$/GAL
2024-05-20,R5XCA,PADD 5 EXCEPT CALIFORNIA,EPMR,Regular Gasoline,PTE,Retail Sales,EMM_EPMR_PTE_R5XCA_DPG,West Coast (PADD 5) Except California Regular All Formulations Retail Gasoline Prices (Dollars per Gallon),4.251,$/GAL
2024-05-20,R50,PADD 5,EPMR,Regular Gasoline,PTE,Retail Sales,EMM_EPMR_PTE_R50_DPG,West Coast Regular All Formulations Retail Gasoline Prices (Dollars per Gallon),4.624,$/GAL
2024-05-20,R40,PADD 4,EPMR,Regular Gasoline,PTE,Retail Sales,EMM_EPMR_PTE_R40_DPG,Rocky Mountain Regular All Formulations Retail Gasoline Prices (Dollars per Gallon),3.43,$/GAL
2024-05-20,R30,PADD 3,EPMR,Regular Gasoline,PTE,Retail Sales,EMM_EPMR_PTE_R30_DPG,Gulf Coast Regular All Formulations Retail Gasoline Prices (Dollars per Gallon),3.113,$/GAL
2024-05-20,R20,PADD 2,EPMR,Regular Gasoline,PTE,Retail Sales,EMM_EPMR_PTE_R20_DPG,Midwest Regular All Formulations Retail Gasoline Prices (Dollars per Gallon),3.432,$/GAL
2024-05-20,R1Z,PADD 1C,EPMR,Regular Gasoline,PTE,Retail Sales,EMM_EPMR_PTE_R1Z_DPG,Lower Atlantic (PADD 1C) Regular All Formulations Retail Gasoline Prices (Dollars per Gallon),3.362,$/GAL
2024-05-20,R1Y,PADD 1B,EPMR,Regular Gasoline,PTE,Retail Sales,EMM_EPMR_PTE_R1Y_DPG,Central Atlantic (PADD 1B) Regular All Formulations Retail Gasoline Prices (Dollars per Gallon),3.628,$/GAL
2024-05-20,R1X,PADD 1A,EPMR,Regular Gasoline,PTE,Retail Sales,EMM_EPMR_PTE_R1X_DPG,New England (PADD 1A) Regular All Formulations Retail Gasoline Prices (Dollars per Gallon),3.543,$/GAL
2024-05-20,R10,PADD 1,EPMR,Regular Gasoline,PTE,Retail Sales,EMM_EPMR_PTE_R10_DPG,East Coast Regular All Formulations Retail Gasoline Prices (Dollars per Gallon),3.475,$/GAL
2024-05-13,NUS,U.S.,EPMR,Regular Gasoline,PTE,Retail Sales,EMM_EPMR_PTE_NUS_DPG,U.S. Regular All Formulations Retail Gasoline Prices (Dollars per Gallon),3.608,$/GAL
2024-05-13,YORD,CHICAGO,EPMR,Regular Gasoline,PTE,Retail Sales,EMM_EPMR_PTE_YORD_DPG,Chicago Regular All Formulations Retail Gasoline Prices (Dollars per Gallon),4.028,$/GAL
2024-05-13,YMIA,MIAMI,EPMR,Regular Gasoline,PTE,Retail Sales,EMM_EPMR_PTE_YMIA_DPG,"Miami, FL Regular All Formulations Retail Gasoline Prices (Dollars per Gallon)",3.409,$/GAL
2024-05-13,YDEN,DENVER,EPMR,Regular Gasoline,PTE,Retail Sales,EMM_EPMR_PTE_YDEN_DPG,Denver Regular All Formulations Retail Gasoline Prices (Dollars per Gallon),3.111,$/GAL
2024-05-13,YCLE,CLEVELAND,EPMR,Regular Gasoline,PTE,Retail Sales,EMM_EPMR_PTE_YCLE_DPG,"Cleveland, OH Regular All Formulations Retail Gasoline Prices (Dollars per Gallon)",3.526,$/GAL
2024-05-13,YBOS,BOSTON,EPMR,Regular Gasoline,PTE,Retail Sales,EMM_EPMR_PTE_YBOS_DPG,"Boston, MA Regular All Formulations Retail Gasoline Prices (Dollars per Gallon)",3.582,$/GAL
2024-05-13,Y48SE,SEATTLE,EPMR,Regular Gasoline,PTE,Retail Sales,EMM_EPMR_PTE_Y48SE_DPG,"Seattle, WA Regular All Formulations Retail Gasoline Prices (Dollars per Gallon)",4.694,$/GAL
2024-05-13,Y44HO,HOUSTON,EPMR,Regular Gasoline,PTE,Retail Sales,EMM_EPMR_PTE_Y44HO_DPG,Houston Regular All Formulations Retail Gasoline Prices (Dollars per Gallon),3.134,$/GAL
2024-05-13,Y35NY,NEW YORK CITY,EPMR,Regular Gasoline,PTE,Retail Sales,EMM_EPMR_PTE_Y35NY_DPG,New York City Regular All Formulations Retail Gasoline Prices (Dollars per Gallon),3.567,$/GAL
2024-05-13,Y05SF,SAN FRANCISCO,EPMR,Regular Gasoline,PTE,Retail Sales,EMM_EPMR_PTE_Y05SF_DPG,San Francisco Regular All Formulations Retail Gasoline Prices (Dollars per Gallon),5.21,$/GAL
2024-05-13,Y05LA,LOS ANGELES,EPMR,Regular Gasoline,PTE,Retail Sales,EMM_EPMR_PTE_Y05LA_DPG,Los Angeles Regular All Formulations Retail Gasoline Prices (Dollars per Gallon),4.941,$/GAL
2024-05-13,SWA,WASHINGTON,EPMR,Regular Gasoline,PTE,Retail Sales,EMM_EPMR_PTE_SWA_DPG,Washington Regular All Formulations Retail Gasoline Prices (Dollars per Gallon),4.519,$/GAL
2024-05-13,STX,TEXAS,EPMR,Regular Gasoline,PTE,Retail Sales,EMM_EPMR_PTE_STX_DPG,Texas Regular All Formulations Retail Gasoline Prices (Dollars per Gallon),3.168,$/GAL
2024-05-13,SOH,OHIO,EPMR,Regular Gasoline,PTE,Retail Sales,EMM_EPMR_PTE_SOH_DPG,Ohio Regular All Formulations Retail Gasoline Prices (Dollars per Gallon),3.505,$/GAL
2024-05-13,SNY,NEW YORK,EPMR,Regular Gasoline,PTE,Retail Sales,EMM_EPMR_PTE_SNY_DPG,New York Regular All Formulations Retail Gasoline Prices (Dollars per Gallon),3.616,$/GAL
2024-05-13,SMN,MINNESOTA,EPMR,Regular Gasoline,PTE,Retail Sales,EMM_EPMR_PTE_SMN_DPG,Minnesota Regular All Formulations Retail Gasoline Prices (Dollars per Gallon),3.246,$/GAL
2024-05-13,SMA,MASSACHUSETTS,EPMR,Regular Gasoline,PTE,Retail Sales,EMM_EPMR_PTE_SMA_DPG,Massachusetts Regular All Formulations Retail Gasoline Prices (Dollars per Gallon),3.557,$/GAL
2024-05-13,SFL,FLORIDA,EPMR,Regular Gasoline,PTE,Retail Sales,EMM_EPMR_PTE_SFL_DPG,Florida Regular All Formulations Retail Gasoline Prices (Dollars per Gallon),3.38,$/GAL
2024-05-13,SCO,COLORADO,EPMR,Regular Gasoline,PTE,Retail Sales,EMM_EPMR_PTE_SCO_DPG,Colorado Regular All Formulations Retail Gasoline Prices (Dollars per Gallon),3.131,$/GAL
2024-05-13,SCA,CALIFORNIA,EPMR,Regular Gasoline,PTE,Retail Sales,EMM_EPMR_PTE_SCA_DPG,California Regular All Formulations Retail Gasoline Prices (Dollars per Gallon),5.046,$/GAL
2024-05-13,R5XCA,PADD 5 EXCEPT CALIFORNIA,EPMR,Regular Gasoline,PTE,Retail Sales,EMM_EPMR_PTE_R5XCA_DPG,West Coast (PADD 5) Except California Regular All Formulations Retail Gasoline Prices (Dollars per Gallon),4.31,$/GAL
2024-05-13,R50,PADD 5,EPMR,Regular Gasoline,PTE,Retail Sales,EMM_EPMR_PTE_R50_DPG,West Coast Regular All Formulations Retail Gasoline Prices (Dollars per Gallon),4.694,$/GAL
2024-05-13,R40,PADD 4,EPMR,Regular Gasoline,PTE,Retail Sales,EMM_EPMR_PTE_R40_DPG,Rocky Mountain Regular All Formulations Retail Gasoline Prices (Dollars per Gallon),3.401,$/GAL
2024-05-13,R30,PADD 3,EPMR,Regular Gasoline,PTE,Retail Sales,EMM_EPMR_PTE_R30_DPG,Gulf Coast Regular All Formulations Retail Gasoline Prices (Dollars per Gallon),3.168,$/GAL
2024-05-13,R20,PADD 2,EPMR,Regular Gasoline,PTE,Retail Sales,EMM_EPMR_PTE_R20_DPG,Midwest Regular All Formulations Retail Gasoline Prices (Dollars per Gallon),3.434,$/GAL
2024-05-13,R1Z,PADD 1C,EPMR,Regular Gasoline,PTE,Retail Sales,EMM_EPMR_PTE_R1Z_DPG,Lower Atlantic (PADD 1C) Regular All Formulations Retail Gasoline Prices (Dollars per Gallon),3.368,$/GAL
2024-05-13,R1Y,PADD 1B,EPMR,Regular Gasoline,PTE,Retail Sales,EMM_EPMR_PTE_R1Y_DPG,Central Atlantic (PADD 1B) Regular All Formulations Retail Gasoline Prices (Dollars per Gallon),3.651,$/GAL
2024-05-13,R1X,PADD 1A,EPMR,Regular Gasoline,PTE,Retail Sales,EMM_EPMR_PTE_R1X_DPG,New England (PADD 1A) Regular All Formulations Retail Gasoline Prices (Dollars per Gallon),3.583,$/GAL
2024-05-13,R10,PADD 1,EPMR,Regular Gasoline,PTE,Retail Sales,EMM_EPMR_PTE_R10_DPG,East Coast Regular All Formulations Retail Gasoline Prices (Dollars per Gallon),3.491,$/GAL
2024-05-06,NUS,U.S.,EPMR,Regular Gasoline,PTE,Retail Sales,EMM_EPMR_PTE_NUS_DPG,U.S. Regular All Formulations Retail Gasoline Prices (Dollars per Gallon),3.643,$/GAL
2024-05-06,YORD,CHICAGO,EPMR,Regular Gasoline,PTE,Retail Sales,EMM_EPMR_PTE_YORD_DPG,Chicago Regular All Formulations Retail Gasoline Prices (Dollars per Gallon),3.973,$/GAL
2024-05-06,YMIA,MIAMI,EPMR,Regular Gasoline,PTE,Retail Sales,EMM_EPMR_PTE_YMIA_DPG,"Miami, FL Regular All Formulations Retail Gasoline Prices (Dollars per Gallon)",3.578,$/GAL
2024-05-06,YDEN,DENVER,EPMR,Regular Gasoline,PTE,Retail Sales,EMM_EPMR_PTE_YDEN_DPG,Denver Regular All Formulations Retail Gasoline Prices (Dollars per Gallon),3.2,$/GAL
2024-05-06,YCLE,CLEVELAND,EPMR,Regular Gasoline,PTE,Retail Sales,EMM_EPMR_PTE_YCLE_DPG,"Cleveland, OH Regular All Formulations Retail Gasoline Prices (Dollars per Gallon)",3.422,$/GAL
2024-05-06,YBOS,BOSTON,EPMR,Regular Gasoline,PTE,Retail Sales,EMM_EPMR_PTE_YBOS_DPG,"Boston, MA Regular All Formulations Retail Gasoline Prices (Dollars per Gallon)",3.598,$/GAL
2024-05-06,Y48SE,SEATTLE,EPMR,Regular Gasoline,PTE,Retail Sales,EMM_EPMR_PTE_Y48SE_DPG,"Seattle, WA Regular All Formulations Retail Gasoline Prices (Dollars per Gallon)",4.72,$/GAL
2024-05-06,Y44HO,HOUSTON,EPMR,Regular Gasoline,PTE,Retail Sales,EMM_EPMR_PTE_Y44HO_DPG,Houston Regular All Formulations Retail Gasoline Prices (Dollars per Gallon),3.182,$/GAL
2024-05-06,Y35NY,NEW YORK CITY,EPMR,Regular Gasoline,PTE,Retail Sales,EMM_EPMR_PTE_Y35NY_DPG,New York City Regular All Formulations Retail Gasoline Prices (Dollars per Gallon),3.6,$/GAL
2024-05-06,Y05SF,SAN FRANCISCO,EPMR,Regular Gasoline,PTE,Retail Sales,EMM_EPMR_PTE_Y05SF_DPG,San Francisco Regular All Formulations Retail Gasoline Prices (Dollars per Gallon),5.288,$/GAL
2024-05-06,Y05LA,LOS ANGELES,EPMR,Regular Gasoline,PTE,Retail Sales,EMM_EPMR_PTE_Y05LA_DPG,Los Angeles Regular All Formulations Retail Gasoline Prices (Dollars per Gallon),5.048,$/GAL
2024-05-06,SWA,WASHINGTON,EPMR,Regular Gasoline,PTE,Retail Sales,EMM_EPMR_PTE_SWA_DPG,Washington Regular All Formulations Retail Gasoline Prices (Dollars per Gallon),4.542,$/GAL
2024-05-06,STX,TEXAS,EPMR,Regular Gasoline,PTE,Retail Sales,EMM_EPMR_PTE_STX_DPG,Texas Regular All Formulations Retail Gasoline Prices (Dollars per Gallon),3.268,$/GAL
2024-05-06,SOH,OHIO,EPMR,Regular Gasoline,PTE,Retail Sales,EMM_EPMR_PTE_SOH_DPG,Ohio Regular All Formulations Retail Gasoline Prices (Dollars per Gallon),3.338,$/GAL
2024-05-06,SNY,NEW YORK,EPMR,Regular Gasoline,PTE,Retail Sales,EMM_EPMR_PTE_SNY_DPG,New York Regular All Formulations Retail Gasoline Prices (Dollars per Gallon),3.637,$/GAL
2024-05-06,SMN,MINNESOTA,EPMR,Regular Gasoline,PTE,Retail Sales,EMM_EPMR_PTE_SMN_DPG,Minnesota Regular All Formulations Retail Gasoline Prices (Dollars per Gallon),3.25,$/GAL
2024-05-06,SMA,MASSACHUSETTS,EPMR,Regular Gasoline,PTE,Retail Sales,EMM_EPMR_PTE_SMA_DPG,Massachusetts Regular All Formulations Retail Gasoline Prices (Dollars per Gallon),3.587,$/GAL
2024-05-06,SFL,FLORIDA,EPMR,Regular Gasoline,PTE,Retail Sales,EMM_EPMR_PTE_SFL_DPG,Florida Regular All Formulations Retail Gasoline Prices (Dollars per Gallon),3.544,$/GAL
2024-05-06,SCO,COLORADO,EPMR,Regular Gasoline,PTE,Retail Sales,EMM_EPMR_PTE_SCO_DPG,Colorado Regular All Formulations Retail Gasoline Prices (Dollars per Gallon),3.224,$/GAL
2024-05-06,SCA,CALIFORNIA,EPMR,Regular Gasoline,PTE,Retail Sales,EMM_EPMR_PTE_SCA_DPG,California Regular All Formulations Retail Gasoline Prices (Dollars per Gallon),5.116,$/GAL
2024-05-06,R5XCA,PADD 5 EXCEPT CALIFORNIA,EPMR,Regular Gasoline,PTE,Retail Sales,EMM_EPMR_PTE_R5XCA_DPG,West Coast (PADD 5) Except California Regular All Formulations Retail Gasoline Prices (Dollars per Gallon),4.358,$/GAL
2024-05-06,R50,PADD 5,EPMR,Regular Gasoline,PTE,Retail Sales,EMM_EPMR_PTE_R50_DPG,West Coast Regular All Formulations Retail Gasoline Prices (Dollars per Gallon),4.754,$/GAL
2024-05-06,R40,PADD 4,EPMR,Regular Gasoline,PTE,Retail Sales,EMM_EPMR_PTE_R40_DPG,Rocky Mountain Regular All Formulations Retail Gasoline Prices (Dollars per Gallon),3.463,$/GAL
2024-05-06,R30,PADD 3,EPMR,Regular Gasoline,PTE,Retail Sales,EMM_EPMR_PTE_R30_DPG,Gulf Coast Regular All Formulations Retail Gasoline Prices (Dollars per Gallon),3.244,$/GAL
2024-05-06,R20,PADD 2,EPMR,Regular Gasoline,PTE,Retail Sales,EMM_EPMR_PTE_R20_DPG,Midwest Regular All Formulations Retail Gasoline Prices (Dollars per Gallon),3.396,$/GAL
2024-05-06,R1Z,PADD 1C,EPMR,Regular Gasoline,PTE,Retail Sales,EMM_EPMR_PTE_R1Z_DPG,Lower Atlantic (PADD 1C) Regular All Formulations Retail Gasoline Prices (Dollars per Gallon),3.449,$/GAL
2024-05-06,R1Y,PADD 1B,EPMR,Regular Gasoline,PTE,Retail Sales,EMM_EPMR_PTE_R1Y_DPG,Central Atlantic (PADD 1B) Regular All Formulations Retail Gasoline Prices (Dollars per Gallon),3.685,$/GAL
2024-05-06,R1X,PADD 1A,EPMR,Regular Gasoline,PTE,Retail Sales,EMM_EPMR_PTE_R1X_DPG,New England (PADD 1A) Regular All Formulations Retail Gasoline Prices (Dollars per Gallon),3.611,$/GAL
2024-05-06,R10,PADD 1,EPMR,Regular Gasoline,PTE,Retail Sales,EMM_EPMR_PTE_R10_DPG,East Coast Regular All Formulations Retail Gasoline Prices (Dollars per Gallon),3.549,$/GAL
2024-04-29,NUS,U.S.,EPMR,Regular Gasoline,PTE,Retail Sales,EMM_EPMR_PTE_NUS_DPG,U.S. Regular All Formulations Retail Gasoline Prices (Dollars per Gallon),3.653,$/GAL
2024-04-29,YORD,CHICAGO,EPMR,Regular Gasoline,PTE,Retail Sales,EMM_EPMR_PTE_YORD_DPG,Chicago Regular All Formulations Retail Gasoline Prices (Dollars per Gallon),4.046,$/GAL
2024-04-29,YMIA,MIAMI,EPMR,Regular Gasoline,PTE,Retail Sales,EMM_EPMR_PTE_YMIA_DPG,"Miami, FL Regular All Formulations Retail Gasoline Prices (Dollars per Gallon)",3.561,$/GAL
2024-04-29,YDEN,DENVER,EPMR,Regular Gasoline,PTE,Retail Sales,EMM_EPMR_PTE_YDEN_DPG,Denver Regular All Formulations Retail Gasoline Prices (Dollars per Gallon),3.015,$/GAL
2024-04-29,YCLE,CLEVELAND,EPMR,Regular Gasoline,PTE,Retail Sales,EMM_EPMR_PTE_YCLE_DPG,"Cleveland, OH Regular All Formulations Retail Gasoline Prices (Dollars per Gallon)",3.56,$/GAL
2024-04-29,YBOS,BOSTON,EPMR,Regular Gasoline,PTE,Retail Sales,EMM_EPMR_PTE_YBOS_DPG,"Boston, MA Regular All Formulations Retail Gasoline Prices (Dollars per Gallon)",3.614,$/GAL
2024-04-29,Y48SE,SEATTLE,EPMR,Regular Gasoline,PTE,Retail Sales,EMM_EPMR_PTE_Y48SE_DPG,"Seattle, WA Regular All Formulations Retail Gasoline Prices (Dollars per Gallon)",4.708,$/GAL
2024-04-29,Y44HO,HOUSTON,EPMR,Regular Gasoline,PTE,Retail Sales,EMM_EPMR_PTE_Y44HO_DPG,Houston Regular All Formulations Retail Gasoline Prices (Dollars per Gallon),3.164,$/GAL
2024-04-29,Y35NY,NEW YORK CITY,EPMR,Regular Gasoline,PTE,Retail Sales,EMM_EPMR_PTE_Y35NY_DPG,New York City Regular All Formulations Retail Gasoline Prices (Dollars per Gallon),3.6,$/GAL
2024-04-29,Y05SF,SAN FRANCISCO,EPMR,Regular Gasoline,PTE,Retail Sales,EMM_EPMR_PTE_Y05SF_DPG,San Francisco Regular All Formulations Retail Gasoline Prices (Dollars per Gallon),5.372,$/GAL
2024-04-29,Y05LA,LOS ANGELES,EPMR,Regular Gasoline,PTE,Retail Sales,EMM_EPMR_PTE_Y05LA_DPG,Los Angeles Regular All Formulations Retail Gasoline Prices (Dollars per Gallon),5.109,$/GAL
2024-04-29,SWA,WASHINGTON,EPMR,Regular Gasoline,PTE,Retail Sales,EMM_EPMR_PTE_SWA_DPG,Washington Regular All Formulations Retail Gasoline Prices (Dollars per Gallon),4.545,$/GAL
2024-04-29,STX,TEXAS,EPMR,Regular Gasoline,PTE,Retail Sales,EMM_EPMR_PTE_STX_DPG,Texas Regular All Formulations Retail Gasoline Prices (Dollars per Gallon),3.201,$/GAL
2024-04-29,SOH,OHIO,EPMR,Regular Gasoline,PTE,Retail Sales,EMM_EPMR_PTE_SOH_DPG,Ohio Regular All Formulations Retail Gasoline Prices (Dollars per Gallon),3.487,$/GAL
2024-04-29,SNY,NEW YORK,EPMR,Regular Gasoline,PTE,Retail Sales,EMM_EPMR_PTE_SNY_DPG,New York Regular All Formulations Retail Gasoline Prices (Dollars per Gallon),3.629,$/GAL
2024-04-29,SMN,MINNESOTA,EPMR,Regular Gasoline,PTE,Retail Sales,EMM_EPMR_PTE_SMN_DPG,Minnesota Regular All Formulations Retail Gasoline Prices (Dollars per Gallon),3.286,$/GAL
2024-04-29,SMA,MASSACHUSETTS,EPMR,Regular Gasoline,PTE,Retail Sales,EMM_EPMR_PTE_SMA_DPG,Massachusetts Regular All Formulations Retail Gasoline Prices (Dollars per Gallon),3.6,$/GAL
2024-04-29,SFL,FLORIDA,EPMR,Regular Gasoline,PTE,Retail Sales,EMM_EPMR_PTE_SFL_DPG,Florida Regular All Formulations Retail Gasoline Prices (Dollars per Gallon),3.509,$/GAL
2024-04-29,SCO,COLORADO,EPMR,Regular Gasoline,PTE,Retail Sales,EMM_EPMR_PTE_SCO_DPG,Colorado Regular All Formulations Retail Gasoline Prices (Dollars per Gallon),3.047,$/GAL
2024-04-29,SCA,CALIFORNIA,EPMR,Regular Gasoline,PTE,Retail Sales,EMM_EPMR_PTE_SCA_DPG,California Regular All Formulations Retail Gasoline Prices (Dollars per Gallon),5.172,$/GAL
2024-04-29,R5XCA,PADD 5 EXCEPT CALIFORNIA,EPMR,Regular Gasoline,PTE,Retail Sales,EMM_EPMR_PTE_R5XCA_DPG,West Coast (PADD 5) Except California Regular All Formulations Retail Gasoline Prices (Dollars per Gallon),4.386,$/GAL
2024-04-29,R50,PADD 5,EPMR,Regular Gasoline,PTE,Retail Sales,EMM_EPMR_PTE_R50_DPG,West Coast Regular All Formulations Retail Gasoline Prices (Dollars per Gallon),4.796,$/GAL
2024-04-29,R40,PADD 4,EPMR,Regular Gasoline,PTE,Retail Sales,EMM_EPMR_PTE_R40_DPG,Rocky Mountain Regular All Formulations Retail Gasoline Prices (Dollars per Gallon),3.426,$/GAL
2024-04-29,R30,PADD 3,EPMR,Regular Gasoline,PTE,Retail Sales,EMM_EPMR_PTE_R30_DPG,Gulf Coast Regular All Formulations Retail Gasoline Prices (Dollars per Gallon),3.192,$/GAL
2024-04-29,R20,PADD 2,EPMR,Regular Gasoline,PTE,Retail Sales,EMM_EPMR_PTE_R20_DPG,Midwest Regular All Formulations Retail Gasoline Prices (Dollars per Gallon),3.453,$/GAL
2024-04-29,R1Z,PADD 1C,EPMR,Regular Gasoline,PTE,Retail Sales,EMM_EPMR_PTE_R1Z_DPG,Lower Atlantic (PADD 1C) Regular All Formulations Retail Gasoline Prices (Dollars per Gallon),3.426,$/GAL
2024-04-29,R1Y,PADD 1B,EPMR,Regular Gasoline,PTE,Retail Sales,EMM_EPMR_PTE_R1Y_DPG,Central Atlantic (PADD 1B) Regular All Formulations Retail Gasoline Prices (Dollars per Gallon),3.692,$/GAL
2024-04-29,R1X,PADD 1A,EPMR,Regular Gasoline,PTE,Retail Sales,EMM_EPMR_PTE_R1X_DPG,New England (PADD 1A) Regular All Formulations Retail Gasoline Prices (Dollars per Gallon),3.618,$/GAL
2024-04-29,R10,PADD 1,EPMR,Regular Gasoline,PTE,Retail Sales,EMM_EPMR_PTE_R10_DPG,East Coast Regular All Formulations Retail Gasoline Prices (Dollars per Gallon),3.54,$/GAL
2024-04-22,NUS,U.S.,EPMR,Regular Gasoline,PTE,Retail Sales,EMM_EPMR_PTE_NUS_DPG,U.S. Regular All Formulations Retail Gasoline Prices (Dollars per Gallon),3.668,$/GAL
2024-04-22,YORD,CHICAGO,EPMR,Regular Gasoline,PTE,Retail Sales,EMM_EPMR_PTE_YORD_DPG,Chicago Regular All Formulations Retail Gasoline Prices (Dollars per Gallon),3.986,$/GAL
2024-04-22,YMIA,MIAMI,EPMR,Regular Gasoline,PTE,Retail Sales,EMM_EPMR_PTE_YMIA_DPG,"Miami, FL Regular All Formulations Retail Gasoline Prices (Dollars per Gallon)",3.517,$/GAL
2024-04-22,YDEN,DENVER,EPMR,Regular Gasoline,PTE,Retail Sales,EMM_EPMR_PTE_YDEN_DPG,Denver Regular All Formulations Retail Gasoline Prices (Dollars per Gallon),3.084,$/GAL
2024-04-22,YCLE,CLEVELAND,EPMR,Regular Gasoline,PTE,Retail Sales,EMM_EPMR_PTE_YCLE_DPG,"Cleveland, OH Regular All Formulations Retail Gasoline Prices (Dollars per Gallon)",3.652,$/GAL
2024-04-22,YBOS,BOSTON,EPMR,Regular Gasoline,PTE,Retail Sales,EMM_EPMR_PTE_YBOS_DPG,"Boston, MA Regular All Formulations Retail Gasoline Prices (Dollars per Gallon)",3.578,$/GAL
2024-04-22,Y48SE,SEATTLE,EPMR,Regular Gasoline,PTE,Retail Sales,EMM_EPMR_PTE_Y48SE_DPG,"Seattle, WA Regular All Formulations Retail Gasoline Prices (Dollars per Gallon)",4.716,$/GAL
2024-04-22,Y44HO,HOUSTON,EPMR,Regular Gasoline,PTE,Retail Sales,EMM_EPMR_PTE_Y44HO_DPG,Houston Regular All Formulations Retail Gasoline Prices (Dollars per Gallon),3.171,$/GAL
2024-04-22,Y35NY,NEW YORK CITY,EPMR,Regular Gasoline,PTE,Retail Sales,EMM_EPMR_PTE_Y35NY_DPG,New York City Regular All Formulations Retail Gasoline Prices (Dollars per Gallon),3.609,$/GAL
2024-04-22,Y05SF,SAN FRANCISCO,EPMR,Regular Gasoline,PTE,Retail Sales,EMM_EPMR_PTE_Y05SF_DPG,San Francisco Regular All Formulations Retail Gasoline Prices (Dollars per Gallon),5.401,$/GAL
2024-04-22,Y05LA,LOS ANGELES,EPMR,Regular Gasoline,PTE,Retail Sales,EMM_EPMR_PTE_Y05LA_DPG,Los Angeles Regular All Formulations Retail Gasoline Prices (Dollars per Gallon),5.155,$/GAL
2024-04-22,SWA,WASHINGTON,EPMR,Regular Gasoline,PTE,Retail Sales,EMM_EPMR_PTE_SWA_DPG,Washington Regular All Formulations Retail Gasoline Prices (Dollars per Gallon),4.539,$/GAL
2024-04-22,STX,TEXAS,EPMR,Regular Gasoline,PTE,Retail Sales,EMM_EPMR_PTE_STX_DPG,Texas Regular All Formulations Retail Gasoline Prices (Dollars per Gallon),3.261,$/GAL
2024-04-22,SOH,OHIO,EPMR,Regular Gasoline,PTE,Retail Sales,EMM_EPMR_PTE_SOH_DPG,Ohio Regular All Formulations Retail Gasoline Prices (Dollars per Gallon),3.647,$/GAL
2024-04-22,SNY,NEW YORK,EPMR,Regular Gasoline,PTE,Retail Sales,EMM_EPMR_PTE_SNY_DPG,New York Regular All Formulations Retail Gasoline Prices (Dollars per Gallon),3.636,$/GAL
2024-04-22,SMN,MINNESOTA,EPMR,Regular Gasoline,PTE,Retail Sales,EMM_EPMR_PTE_SMN_DPG,Minnesota Regular All Formulations Retail Gasoline Prices (Dollars per Gallon),3.298,$/GAL
2024-04-22,SMA,MASSACHUSETTS,EPMR,Regular Gasoline,PTE,Retail Sales,EMM_EPMR_PTE_SMA_DPG,Massachusetts Regular All Formulations Retail Gasoline Prices (Dollars per Gallon),3.565,$/GAL
2024-04-22,SFL,FLORIDA,EPMR,Regular Gasoline,PTE,Retail Sales,EMM_EPMR_PTE_SFL_DPG,Florida Regular All Formulations Retail Gasoline Prices (Dollars per Gallon),3.479,$/GAL
2024-04-22,SCO,COLORADO,EPMR,Regular Gasoline,PTE,Retail Sales,EMM_EPMR_PTE_SCO_DPG,Colorado Regular All Formulations Retail Gasoline Prices (Dollars per Gallon),3.121,$/GAL
2024-04-22,SCA,CALIFORNIA,EPMR,Regular Gasoline,PTE,Retail Sales,EMM_EPMR_PTE_SCA_DPG,California Regular All Formulations Retail Gasoline Prices (Dollars per Gallon),5.237,$/GAL
2024-04-22,R5XCA,PADD 5 EXCEPT CALIFORNIA,EPMR,Regular Gasoline,PTE,Retail Sales,EMM_EPMR_PTE_R5XCA_DPG,West Coast (PADD 5) Except California Regular All Formulations Retail Gasoline Prices (Dollars per Gallon),4.389,$/GAL
2024-04-22,R50,PADD 5,EPMR,Regular Gasoline,PTE,Retail Sales,EMM_EPMR_PTE_R50_DPG,West Coast Regular All Formulations Retail Gasoline Prices (Dollars per Gallon),4.832,$/GAL
2024-04-22,R40,PADD 4,EPMR,Regular Gasoline,PTE,Retail Sales,EMM_EPMR_PTE_R40_DPG,Rocky Mountain Regular All Formulations Retail Gasoline Prices (Dollars per Gallon),3.456,$/GAL
2024-04-22,R30,PADD 3,EPMR,Regular Gasoline,PTE,Retail Sales,EMM_EPMR_PTE_R30_DPG,Gulf Coast Regular All Formulations Retail Gasoline Prices (Dollars per Gallon),3.232,$/GAL
2024-04-22,R20,PADD 2,EPMR,Regular Gasoline,PTE,Retail Sales,EMM_EPMR_PTE_R20_DPG,Midwest Regular All Formulations Retail Gasoline Prices (Dollars per Gallon),3.463,$/GAL
2024-04-22,R1Z,PADD 1C,EPMR,Regular Gasoline,PTE,Retail Sales,EMM_EPMR_PTE_R1Z_DPG,Lower Atlantic (PADD 1C) Regular All Formulations Retail Gasoline Prices (Dollars per Gallon),3.424,$/GAL
2024-04-22,R1Y,PADD 1B,EPMR,Regular Gasoline,PTE,Retail Sales,EMM_EPMR_PTE_R1Y_DPG,Central Atlantic (PADD 1B) Regular All Formulations Retail Gasoline Prices (Dollars per Gallon),3.705,$/GAL
2024-04-22,R1X,PADD 1A,EPMR,Regular Gasoline,PTE,Retail Sales,EMM_EPMR_PTE_R1X_DPG,New England (PADD 1A) Regular All Formulations Retail Gasoline Prices (Dollars per Gallon),3.588,$/GAL
2024-04-22,R10,PADD 1,EPMR,Regular Gasoline,PTE,Retail Sales,EMM_EPMR_PTE_R10_DPG,East Coast Regular All Formulations Retail Gasoline Prices (Dollars per Gallon),3.54,$/GAL
2024-04-15,NUS,U.S.,EPMR,Regular Gasoline,PTE,Retail Sales,EMM_EPMR_PTE_NUS_DPG,U.S. Regular All Formulations Retail Gasoline Prices (Dollars per Gallon),3.628,$/GAL
2024-04-15,YORD,CHICAGO,EPMR,Regular Gasoline,PTE,Retail Sales,EMM_EPMR_PTE_YORD_DPG,Chicago Regular All Formulations Retail Gasoline Prices (Dollars per Gallon),4.074,$/GAL
2024-04-15,YMIA,MIAMI,EPMR,Regular Gasoline,PTE,Retail Sales,EMM_EPMR_PTE_YMIA_DPG,"Miami, FL Regular All Formulations Retail Gasoline Prices (Dollars per Gallon)",3.469,$/GAL
2024-04-15,YDEN,DENVER,EPMR,Regular Gasoline,PTE,Retail Sales,EMM_EPMR_PTE_YDEN_DPG,Denver Regular All Formulations Retail Gasoline Prices (Dollars per Gallon),2.967,$/GAL
2024-04-15,YCLE,CLEVELAND,EPMR,Regular Gasoline,PTE,Retail Sales,EMM_EPMR_PTE_YCLE_DPG,"Cleveland, OH Regular All Formulations Retail Gasoline Prices (Dollars per Gallon)",3.409,$/GAL
2024-04-15,YBOS,BOSTON,EPMR,Regular Gasoline,PTE,Retail Sales,EMM_EPMR_PTE_YBOS_DPG,"Boston, MA Regular All Formulations Retail Gasoline Prices (Dollars per Gallon)",3.389,$/GAL
2024-04-15,Y48SE,SEATTLE,EPMR,Regular Gasoline,PTE,Retail Sales,EMM_EPMR_PTE_Y48SE_DPG,"Seattle, WA Regular All Formulations Retail Gasoline Prices (Dollars per Gallon)",4.719,$/GAL
2024-04-15,Y44HO,HOUSTON,EPMR,Regular Gasoline,PTE,Retail Sales,EMM_EPMR_PTE_Y44HO_DPG,Houston Regular All Formulations Retail Gasoline Prices (Dollars per Gallon),3.153,$/GAL
2024-04-15,Y35NY,NEW YORK CITY,EPMR,Regular Gasoline,PTE,Retail Sales,EMM_EPMR_PTE_Y35NY_DPG,New York City Regular All Formulations Retail Gasoline Prices (Dollars per Gallon),3.339,$/GAL
2024-04-15,Y05SF,SAN FRANCISCO,EPMR,Regular Gasoline,PTE,Retail Sales,EMM_EPMR_PTE_Y05SF_DPG,San Francisco Regular All Formulations Retail Gasoline Prices (Dollars per Gallon),5.498,$/GAL
2024-04-15,Y05LA,LOS ANGELES,EPMR,Regular Gasoline,PTE,Retail Sales,EMM_EPMR_PTE_Y05LA_DPG,Los Angeles Regular All Formulations Retail Gasoline Prices (Dollars per Gallon),5.153,$/GAL
2024-04-15,SWA,WASHINGTON,EPMR,Regular Gasoline,PTE,Retail Sales,EMM_EPMR_PTE_SWA_DPG,Washington Regular All Formulations Retail Gasoline Prices (Dollars per Gallon),4.547,$/GAL
2024-04-15,STX,TEXAS,EPMR,Regular Gasoline,PTE,Retail Sales,EMM_EPMR_PTE_STX_DPG,Texas Regular All Formulations Retail Gasoline Prices (Dollars per Gallon),3.17,$/GAL
2024-04-15,SOH,OHIO,EPMR,Regular Gasoline,PTE,Retail Sales,EMM_EPMR_PTE_SOH_DPG,Ohio Regular All Formulations Retail Gasoline Prices (Dollars per Gallon),3.391,$/GAL
2024-04-15,SNY,NEW YORK,EPMR,Regular Gasoline,PTE,Retail Sales,EMM_EPMR_PTE_SNY_DPG,New York Regular All Formulations Retail Gasoline Prices (Dollars per Gallon),3.453,$/GAL
2024-04-15,SMN,MINNESOTA,EPMR,Regular Gasoline,PTE,Retail Sales,EMM_EPMR_PTE_SMN_DPG,Minnesota Regular All Formulations Retail Gasoline Prices (Dollars per Gallon),3.297,$/GAL
2024-04-15,SMA,MASSACHUSETTS,EPMR,Regular Gasoline,PTE,Retail Sales,EMM_EPMR_PTE_SMA_DPG,Massachusetts Regular All Formulations Retail Gasoline Prices (Dollars per Gallon),3.383,$/GAL
2024-04-15,SFL,FLORIDA,EPMR,Regular Gasoline,PTE,Retail Sales,EMM_EPMR_PTE_SFL_DPG,Florida Regular All Formulations Retail Gasoline Prices (Dollars per Gallon),3.438,$/GAL
2024-04-15,SCO,COLORADO,EPMR,Regular Gasoline,PTE,Retail Sales,EMM_EPMR_PTE_SCO_DPG,Colorado Regular All Formulations Retail Gasoline Prices (Dollars per Gallon),3.014,$/GAL
2024-04-15,SCA,CALIFORNIA,EPMR,Regular Gasoline,PTE,Retail Sales,EMM_EPMR_PTE_SCA_DPG,California Regular All Formulations Retail Gasoline Prices (Dollars per Gallon),5.271,$/GAL
2024-04-15,R5XCA,PADD 5 EXCEPT CALIFORNIA,EPMR,Regular Gasoline,PTE,Retail Sales,EMM_EPMR_PTE_R5XCA_DPG,West Coast (PADD 5) Except California Regular All Formulations Retail Gasoline Prices (Dollars per Gallon),4.396,$/GAL
2024-04-15,R50,PADD 5,EPMR,Regular Gasoline,PTE,Retail Sales,EMM_EPMR_PTE_R50_DPG,West Coast Regular All Formulations Retail Gasoline Prices (Dollars per Gallon),4.853,$/GAL
2024-04-15,R40,PADD 4,EPMR,Regular Gasoline,PTE,Retail Sales,EMM_EPMR_PTE_R40_DPG,Rocky Mountain Regular All Formulations Retail Gasoline Prices (Dollars per Gallon),3.428,$/GAL
2024-04-15,R30,PADD 3,EPMR,Regular Gasoline,PTE,Retail Sales,EMM_EPMR_PTE_R30_DPG,Gulf Coast Regular All Formulations Retail Gasoline Prices (Dollars per Gallon),3.177,$/GAL
2024-04-15,R20,PADD 2,EPMR,Regular Gasoline,PTE,Retail Sales,EMM_EPMR_PTE_R20_DPG,Midwest Regular All Formulations Retail Gasoline Prices (Dollars per Gallon),3.465,$/GAL
2024-04-15,R1Z,PADD 1C,EPMR,Regular Gasoline,PTE,Retail Sales,EMM_EPMR_PTE_R1Z_DPG,Lower Atlantic (PADD 1C) Regular All Formulations Retail Gasoline Prices (Dollars per Gallon),3.41,$/GAL
2024-04-15,R1Y,PADD 1B,EPMR,Regular Gasoline,PTE,Retail Sales,EMM_EPMR_PTE_R1Y_DPG,Central Atlantic (PADD 1B) Regular All Formulations Retail Gasoline Prices (Dollars per Gallon),3.534,$/GAL
2024-04-15,R1X,PADD 1A,EPMR,Regular Gasoline,PTE,Retail Sales,EMM_EPMR_PTE_R1X_DPG,New England (PADD 1A) Regular All Formulations Retail Gasoline Prices (Dollars per Gallon),3.4,$/GAL
2024-04-15,R10,PADD 1,EPMR,Regular Gasoline,PTE,Retail Sales,EMM_EPMR_PTE_R10_DPG,East Coast Regular All Formulations Retail Gasoline Prices (Dollars per Gallon),3.451,$/GAL
2024-04-08,NUS,U.S.,EPMR,Regular Gasoline,PTE,Retail Sales,EMM_EPMR_PTE_NUS_DPG,U.S. Regular All Formulations Retail Gasoline Prices (Dollars per Gallon),3.591,$/GAL
2024-04-08,YORD,CHICAGO,EPMR,Regular Gasoline,PTE,Retail Sales,EMM_EPMR_PTE_YORD_DPG,Chicago Regular All Formulations Retail Gasoline Prices (Dollars per Gallon),4.102,$/GAL
2024-04-08,YMIA,MIAMI,EPMR,Regular Gasoline,PTE,Retail Sales,EMM_EPMR_PTE_YMIA_DPG,"Miami, FL Regular All Formulations Retail Gasoline Prices (Dollars per Gallon)",3.45,$/GAL
2024-04-08,YDEN,DENVER,EPMR,Regular Gasoline,PTE,Retail Sales,EMM_EPMR_PTE_YDEN_DPG,Denver Regular All Formulations Retail Gasoline Prices (Dollars per Gallon),2.939,$/GAL
2024-04-08,YCLE,CLEVELAND,EPMR,Regular Gasoline,PTE,Retail Sales,EMM_EPMR_PTE_YCLE_DPG,"Cleveland, OH Regular All Formulations Retail Gasoline Prices (Dollars per Gallon)",3.515,$/GAL
2024-04-08,YBOS,BOSTON,EPMR,Regular Gasoline,PTE,Retail Sales,EMM_EPMR_PTE_YBOS_DPG,"Boston, MA Regular All Formulations Retail Gasoline Prices (Dollars per Gallon)",3.309,$/GAL
2024-04-08,Y48SE,SEATTLE,EPMR,Regular Gasoline,PTE,Retail Sales,EMM_EPMR_PTE_Y48SE_DPG,"Seattle, WA Regular All Formulations Retail Gasoline Prices (Dollars per Gallon)",4.681,$/GAL
2024-04-08,Y44HO,HOUSTON,EPMR,Regular Gasoline,PTE,Retail Sales,EMM_EPMR_PTE_Y44HO_DPG,Houston Regular All Formulations Retail Gasoline Prices (Dollars per Gallon),3.148,$/GAL
2024-04-08,Y35NY,NEW YORK CITY,EPMR,Regular Gasoline,PTE,Retail Sales,EMM_EPMR_PTE_Y35NY_DPG,New York City Regular All Formulations Retail Gasoline Prices (Dollars per Gallon),3.293,$/GAL
2024-04-08,Y05SF,SAN FRANCISCO,EPMR,Regular Gasoline,PTE,Retail Sales,EMM_EPMR_PTE_Y05SF_DPG,San Francisco Regular All Formulations Retail Gasoline Prices (Dollars per Gallon),5.322,$/GAL
2024-04-08,Y05LA,LOS ANGELES,EPMR,Regular Gasoline,PTE,Retail Sales,EMM_EPMR_PTE_Y05LA_DPG,Los Angeles Regular All Formulations Retail Gasoline Prices (Dollars per Gallon),5.051,$/GAL
2024-04-08,SWA,WASHINGTON,EPMR,Regular Gasoline,PTE,Retail Sales,EMM_EPMR_PTE_SWA_DPG,Washington Regular All Formulations Retail Gasoline Prices (Dollars per Gallon),4.501,$/GAL
2024-04-08,STX,TEXAS,EPMR,Regular Gasoline,PTE,Retail Sales,EMM_EPMR_PTE_STX_DPG,Texas Regular All Formulations Retail Gasoline Prices (Dollars per Gallon),3.229,$/GAL
2024-04-08,SOH,OHIO,EPMR,Regular Gasoline,PTE,Retail Sales,EMM_EPMR_PTE_SOH_DPG,Ohio Regular All Formulations Retail Gasoline Prices (Dollars per Gallon),3.521,$/GAL
2024-04-08,SNY,NEW YORK,EPMR,Regular Gasoline,PTE,Retail Sales,EMM_EPMR_PTE_SNY_DPG,New York Regular All Formulations Retail Gasoline Prices (Dollars per Gallon),3.384,$/GAL
2024-04-08,SMN,MINNESOTA,EPMR,Regular Gasoline,PTE,Retail Sales,EMM_EPMR_PTE_SMN_DPG,Minnesota Regular All Formulations Retail Gasoline Prices (Dollars per Gallon),3.321,$/GAL
2024-04-08,SMA,MASSACHUSETTS,EPMR,Regular Gasoline,PTE,Retail Sales,EMM_EPMR_PTE_SMA_DPG,Massachusetts Regular All Formulations Retail Gasoline Prices (Dollars per Gallon),3.303,$/GAL
2024-04-08,SFL,FLORIDA,EPMR,Regular Gasoline,PTE,Retail Sales,EMM_EPMR_PTE_SFL_DPG,Florida Regular All Formulations Retail Gasoline Prices (Dollars per Gallon),3.4,$/GAL
2024-04-08,SCO,COLORADO,EPMR,Regular Gasoline,PTE,Retail Sales,EMM_EPMR_PTE_SCO_DPG,Colorado Regular All Formulations Retail Gasoline Prices (Dollars per Gallon),2.999,$/GAL
2024-04-08,SCA,CALIFORNIA,EPMR,Regular Gasoline,PTE,Retail Sales,EMM_EPMR_PTE_SCA_DPG,California Regular All Formulations Retail Gasoline Prices (Dollars per Gallon),5.142,$/GAL
2024-04-08,R5XCA,PADD 5 EXCEPT CALIFORNIA,EPMR,Regular Gasoline,PTE,Retail Sales,EMM_EPMR_PTE_R5XCA_DPG,West Coast (PADD 5) Except California Regular All Formulations Retail Gasoline Prices (Dollars per Gallon),4.317,$/GAL
2024-04-08,R50,PADD 5,EPMR,Regular Gasoline,PTE,Retail Sales,EMM_EPMR_PTE_R50_DPG,West Coast Regular All Formulations Retail Gasoline Prices (Dollars per Gallon),4.748,$/GAL
2024-04-08,R40,PADD 4,EPMR,Regular Gasoline,PTE,Retail Sales,EMM_EPMR_PTE_R40_DPG,Rocky Mountain Regular All Formulations Retail Gasoline Prices (Dollars per Gallon),3.38,$/GAL
2024-04-08,R30,PADD 3,EPMR,Regular Gasoline,PTE,Retail Sales,EMM_EPMR_PTE_R30_DPG,Gulf Coast Regular All Formulations Retail Gasoline Prices (Dollars per Gallon),3.215,$/GAL
2024-04-08,R20,PADD 2,EPMR,Regular Gasoline,PTE,Retail Sales,EMM_EPMR_PTE_R20_DPG,Midwest Regular All Formulations Retail Gasoline Prices (Dollars per Gallon),3.46,$/GAL
2024-04-08,R1Z,PADD 1C,EPMR,Regular Gasoline,PTE,Retail Sales,EMM_EPMR_PTE_R1Z_DPG,Lower Atlantic (PADD 1C) Regular All Formulations Retail Gasoline Prices (Dollars per Gallon),3.345,$/GAL
2024-04-08,R1Y,PADD 1B,EPMR,Regular Gasoline,PTE,Retail Sales,EMM_EPMR_PTE_R1Y_DPG,Central Atlantic (PADD 1B) Regular All Formulations Retail Gasoline Prices (Dollars per Gallon),3.481,$/GAL
2024-04-08,R1X,PADD 1A,EPMR,Regular Gasoline,PTE,Retail Sales,EMM_EPMR_PTE_R1X_DPG,New England (PADD 1A) Regular All Formulations Retail Gasoline Prices (Dollars per Gallon),3.34,$/GAL
2024-04-08,R10,PADD 1,EPMR,Regular Gasoline,PTE,Retail Sales,EMM_EPMR_PTE_R10_DPG,East Coast Regular All Formulations Retail Gasoline Prices (Dollars per Gallon),3.391,$/GAL
2024-04-01,NUS,U.S.,EPMR,Regular Gasoline,PTE,Retail Sales,EMM_EPMR_PTE_NUS_DPG,U.S. Regular All Formulations Retail Gasoline Prices (Dollars per Gallon),3.517,$/GAL
2024-04-01,YORD,CHICAGO,EPMR,Regular Gasoline,PTE,Retail Sales,EMM_EPMR_PTE_YORD_DPG,Chicago Regular All Formulations Retail Gasoline Prices (Dollars per Gallon),3.918,$/GAL
2024-04-01,YMIA,MIAMI,EPMR,Regular Gasoline,PTE,Retail Sales,EMM_EPMR_PTE_YMIA_DPG,"Miami, FL Regular All Formulations Retail Gasoline Prices (Dollars per Gallon)",3.547,$/GAL
2024-04-01,YDEN,DENVER,EPMR,Regular Gasoline,PTE,Retail Sales,EMM_EPMR_PTE_YDEN_DPG,Denver Regular All Formulations Retail Gasoline Prices (Dollars per Gallon),2.977,$/GAL
2024-04-01,YCLE,CLEVELAND,EPMR,Regular Gasoline,PTE,Retail Sales,EMM_EPMR_PTE_YCLE_DPG,"Cleveland, OH Regular All Formulations Retail Gasoline Prices (Dollars per Gallon)",3.304,$/GAL
2024-04-01,YBOS,BOSTON,EPMR,Regular Gasoline,PTE,Retail Sales,EMM_EPMR_PTE_YBOS_DPG,"Boston, MA Regular All Formulations Retail Gasoline Prices (Dollars per Gallon)",3.281,$/GAL
2024-04-01,Y48SE,SEATTLE,EPMR,Regular Gasoline,PTE,Retail Sales,EMM_EPMR_PTE_Y48SE_DPG,"Seattle, WA Regular All Formulations Retail Gasoline Prices (Dollars per Gallon)",4.578,$/GAL
2024-04-01,Y44HO,HOUSTON,EPMR,Regular Gasoline,PTE,Retail Sales,EMM_EPMR_PTE_Y44HO_DPG,Houston Regular All Formulations Retail Gasoline Prices (Dollars per Gallon),3.105,$/GAL
2024-04-01,Y35NY,NEW YORK CITY,EPMR,Regular Gasoline,PTE,Retail Sales,EMM_EPMR_PTE_Y35NY_DPG,New York City Regular All Formulations Retail Gasoline Prices (Dollars per Gallon),3.272,$/GAL
2024-04-01,Y05SF,SAN FRANCISCO,EPMR,Regular Gasoline,PTE,Retail Sales,EMM_EPMR_PTE_Y05SF_DPG,San Francisco Regular All Formulations Retail Gasoline Prices (Dollars per Gallon),4.997,$/GAL
2024-04-01,Y05LA,LOS ANGELES,EPMR,Regular Gasoline,PTE,Retail Sales,EMM_EPMR_PTE_Y05LA_DPG,Los Angeles Regular All Formulations Retail Gasoline Prices (Dollars per Gallon),4.858,$/GAL
2024-04-01,SWA,WASHINGTON,EPMR,Regular Gasoline,PTE,Retail Sales,EMM_EPMR_PTE_SWA_DPG,Washington Regular All Formulations Retail Gasoline Prices (Dollars per Gallon),4.407,$/GAL
2024-04-01,STX,TEXAS,EPMR,Regular Gasoline,PTE,Retail Sales,EMM_EPMR_PTE_STX_DPG,Texas Regular All Formulations Retail Gasoline Prices (Dollars per Gallon),3.099,$/GAL
2024-04-01,SOH,OHIO,EPMR,Regular Gasoline,PTE,Retail Sales,EMM_EPMR_PTE_SOH_DPG,Ohio Regular All Formulations Retail Gasoline Prices (Dollars per Gallon),3.322,$/GAL
2024-04-01,SNY,NEW YORK,EPMR,Regular Gasoline,PTE,Retail Sales,EMM_EPMR_PTE_SNY_DPG,New York Regular All Formulations Retail Gasoline Prices (Dollars per Gallon),3.361,$/GAL
2024-04-01,SMN,MINNESOTA,EPMR,Regular Gasoline,PTE,Retail Sales,EMM_EPMR_PTE_SMN_DPG,Minnesota Regular All Formulations Retail Gasoline Prices (Dollars per Gallon),3.332,$/GAL
2024-04-01,SMA,MASSACHUSETTS,EPMR,Regular Gasoline,PTE,Retail Sales,EMM_EPMR_PTE_SMA_DPG,Massachusetts Regular All Formulations Retail Gasoline Prices (Dollars per Gallon),3.281,$/GAL
2024-04-01,SFL,FLORIDA,EPMR,Regular Gasoline,PTE,Retail Sales,EMM_EPMR_PTE_SFL_DPG,Florida Regular All Formulations Retail Gasoline Prices (Dollars per Gallon),3.502,$/GAL
2024-04-01,SCO,COLORADO,EPMR,Regular Gasoline,PTE,Retail Sales,EMM_EPMR_PTE_SCO_DPG,Colorado Regular All Formulations Retail Gasoline Prices (Dollars per Gallon),3.025,$/GAL
2024-04-01,SCA,CALIFORNIA,EPMR,Regular Gasoline,PTE,Retail Sales,EMM_EPMR_PTE_SCA_DPG,California Regular All Formulations Retail Gasoline Prices (Dollars per Gallon),4.904,$/GAL
2024-04-01,R5XCA,PADD 5 EXCEPT CALIFORNIA,EPMR,Regular Gasoline,PTE,Retail Sales,EMM_EPMR_PTE_R5XCA_DPG,West Coast (PADD 5) Except California Regular All Formulations Retail Gasoline Prices (Dollars per Gallon),4.177,$/GAL
2024-04-01,R50,PADD 5,EPMR,Regular Gasoline,PTE,Retail Sales,EMM_EPMR_PTE_R50_DPG,West Coast Regular All Formulations Retail Gasoline Prices (Dollars per Gallon),4.556,$/GAL
2024-04-01,R40,PADD 4,EPMR,Regular Gasoline,PTE,Retail Sales,EMM_EPMR_PTE_R40_DPG,Rocky Mountain Regular All Formulations Retail Gasoline Prices (Dollars per Gallon),3.351,$/GAL
2024-04-01,R30,PADD 3,EPMR,Regular Gasoline,PTE,Retail Sales,EMM_EPMR_PTE_R30_DPG,Gulf Coast Regular All Formulations Retail Gasoline Prices (Dollars per Gallon),3.116,$/GAL
2024-04-01,R20,PADD 2,EPMR,Regular Gasoline,PTE,Retail Sales,EMM_EPMR_PTE_R20_DPG,Midwest Regular All Formulations Retail Gasoline Prices (Dollars per Gallon),3.366,$/GAL
2024-04-01,R1Z,PADD 1C,EPMR,Regular Gasoline,PTE,Retail Sales,EMM_EPMR_PTE_R1Z_DPG,Lower Atlantic (PADD 1C) Regular All Formulations Retail Gasoline Prices (Dollars per Gallon),3.363,$/GAL
2024-04-01,R1Y,PADD 1B,EPMR,Regular Gasoline,PTE,Retail Sales,EMM_EPMR_PTE_R1Y_DPG,Central Atlantic (PADD 1B) Regular All Formulations Retail Gasoline Prices (Dollars per Gallon),3.44,$/GAL
2024-04-01,R1X,PADD 1A,EPMR,Regular Gasoline,PTE,Retail Sales,EMM_EPMR_PTE_R1X_DPG,New England (PADD 1A) Regular All Formulations Retail Gasoline Prices (Dollars per Gallon),3.304,$/GAL
2024-04-01,R10,PADD 1,EPMR,Regular Gasoline,PTE,Retail Sales,EMM_EPMR_PTE_R10_DPG,East Coast Regular All Formulations Retail Gasoline Prices (Dollars per Gallon),3.382,$/GAL
2024-03-25,NUS,U.S.,EPMR,Regular Gasoline,PTE,Retail Sales,EMM_EPMR_PTE_NUS_DPG,U.S. Regular All Formulations Retail Gasoline Prices (Dollars per Gallon),3.523,$/GAL
2024-03-25,YORD,CHICAGO,EPMR,Regular Gasoline,PTE,Retail Sales,EMM_EPMR_PTE_YORD_DPG,Chicago Regular All Formulations Retail Gasoline Prices (Dollars per Gallon),3.968,$/GAL
2024-03-25,YMIA,MIAMI,EPMR,Regular Gasoline,PTE,Retail Sales,EMM_EPMR_PTE_YMIA_DPG,"Miami, FL Regular All Formulations Retail Gasoline Prices (Dollars per Gallon)",3.481,$/GAL
2024-03-25,YDEN,DENVER,EPMR,Regular Gasoline,PTE,Retail Sales,EMM_EPMR_PTE_YDEN_DPG,Denver Regular All Formulations Retail Gasoline Prices (Dollars per Gallon),2.978,$/GAL
2024-03-25,YCLE,CLEVELAND,EPMR,Regular Gasoline,PTE,Retail Sales,EMM_EPMR_PTE_YCLE_DPG,"Cleveland, OH Regular All Formulations Retail Gasoline Prices (Dollars per Gallon)",3.437,$/GAL
2024-03-25,YBOS,BOSTON,EPMR,Regular Gasoline,PTE,Retail Sales,EMM_EPMR_PTE_YBOS_DPG,"Boston, MA Regular All Formulations Retail Gasoline Prices (Dollars per Gallon)",3.278,$/GAL
2024-03-25,Y48SE,SEATTLE,EPMR,Regular Gasoline,PTE,Retail Sales,EMM_EPMR_PTE_Y48SE_DPG,"Seattle, WA Regular All Formulations Retail Gasoline Prices (Dollars per Gallon)",4.441,$/GAL
2024-03-25,Y44HO,HOUSTON,EPMR,Regular Gasoline,PTE,Retail Sales,EMM_EPMR_PTE_Y44HO_DPG,Houston Regular All Formulations Retail Gasoline Prices (Dollars per Gallon),3.109,$/GAL
2024-03-25,Y35NY,NEW YORK CITY,EPMR,Regular Gasoline,PTE,Retail Sales,EMM_EPMR_PTE_Y35NY_DPG,New York City Regular All Formulations Retail Gasoline Prices (Dollars per Gallon),3.294,$/GAL
2024-03-25,Y05SF,SAN FRANCISCO,EPMR,Regular Gasoline,PTE,Retail Sales,EMM_EPMR_PTE_Y05SF_DPG,San Francisco Regular All Formulations Retail Gasoline Prices (Dollars per Gallon),4.896,$/GAL
2024-03-25,Y05LA,LOS ANGELES,EPMR,Regular Gasoline,PTE,Retail Sales,EMM_EPMR_PTE_Y05LA_DPG,Los Angeles Regular All Formulations Retail Gasoline Prices (Dollars per Gallon),4.769,$/GAL
2024-03-25,SWA,WASHINGTON,EPMR,Regular Gasoline,PTE,Retail Sales,EMM_EPMR_PTE_SWA_DPG,Washington Regular All Formulations Retail Gasoline Prices (Dollars per Gallon),4.278,$/GAL
2024-03-25,STX,TEXAS,EPMR,Regular Gasoline,PTE,Retail Sales,EMM_EPMR_PTE_STX_DPG,Texas Regular All Formulations Retail Gasoline Prices (Dollars per Gallon),3.177,$/GAL
2024-03-25,SOH,OHIO,EPMR,Regular Gasoline,PTE,Retail Sales,EMM_EPMR_PTE_SOH_DPG,Ohio Regular All Formulations Retail Gasoline Prices (Dollars per Gallon),3.418,$/GAL
2024-03-25,SNY,NEW YORK,EPMR,Regular Gasoline,PTE,Retail Sales,EMM_EPMR_PTE_SNY_DPG,New York Regular All Formulations Retail Gasoline Prices (Dollars per Gallon),3.353,$/GAL
2024-03-25,SMN,MINNESOTA,EPMR,Regular Gasoline,PTE,Retail Sales,EMM_EPMR_PTE_SMN_DPG,Minnesota Regular All Formulations Retail Gasoline Prices (Dollars per Gallon),3.332,$/GAL
2024-03-25,SMA,MASSACHUSETTS,EPMR,Regular Gasoline,PTE,Retail Sales,EMM_EPMR_PTE_SMA_DPG,Massachusetts Regular All Formulations Retail Gasoline Prices (Dollars per Gallon),3.289,$/GAL
2024-03-25,SFL,FLORIDA,EPMR,Regular Gasoline,PTE,Retail Sales,EMM_EPMR_PTE_SFL_DPG,Florida Regular All Formulations Retail Gasoline Prices (Dollars per Gallon),3.429,$/GAL
2024-03-25,SCO,COLORADO,EPMR,Regular Gasoline,PTE,Retail Sales,EMM_EPMR_PTE_SCO_DPG,Colorado Regular All Formulations Retail Gasoline Prices (Dollars per Gallon),3.012,$/GAL
2024-03-25,SCA,CALIFORNIA,EPMR,Regular Gasoline,PTE,Retail Sales,EMM_EPMR_PTE_SCA_DPG,California Regular All Formulations Retail Gasoline Prices (Dollars per Gallon),4.801,$/GAL
2024-03-25,R5XCA,PADD 5 EXCEPT CALIFORNIA,EPMR,Regular Gasoline,PTE,Retail Sales,EMM_EPMR_PTE_R5XCA_DPG,West Coast (PADD 5) Except California Regular All Formulations Retail Gasoline Prices (Dollars per Gallon),4.088,$/GAL
2024-03-25,R50,PADD 5,EPMR,Regular Gasoline,PTE,Retail Sales,EMM_EPMR_PTE_R50_DPG,West Coast Regular All Formulations Retail Gasoline Prices (Dollars per Gallon),4.46,$/GAL
2024-03-25,R40,PADD 4,EPMR,Regular Gasoline,PTE,Retail Sales,EMM_EPMR_PTE_R40_DPG,Rocky Mountain Regular All Formulations Retail Gasoline Prices (Dollars per Gallon),3.292,$/GAL
2024-03-25,R30,PADD 3,EPMR,Regular Gasoline,PTE,Retail Sales,EMM_EPMR_PTE_R30_DPG,Gulf Coast Regular All Formulations Retail Gasoline Prices (Dollars per Gallon),3.176,$/GAL
2024-03-25,R20,PADD 2,EPMR,Regular Gasoline,PTE,Retail Sales,EMM_EPMR_PTE_R20_DPG,Midwest Regular All Formulations Retail Gasoline Prices (Dollars per Gallon),3.406,$/GAL
2024-03-25,R1Z,PADD 1C,EPMR,Regular Gasoline,PTE,Retail Sales,EMM_EPMR_PTE_R1Z_DPG,Lower Atlantic (PADD 1C) Regular All Formulations Retail Gasoline Prices (Dollars per Gallon),3.357,$/GAL
2024-03-25,R1Y,PADD 1B,EPMR,Regular Gasoline,PTE,Retail Sales,EMM_EPMR_PTE_R1Y_DPG,Central Atlantic (PADD 1B) Regular All Formulations Retail Gasoline Prices (Dollars per Gallon),3.461,$/GAL
2024-03-25,R1X,PADD 1A,EPMR,Regular Gasoline,PTE,Retail Sales,EMM_EPMR_PTE_R1X_DPG,New England (PADD 1A) Regular All Formulations Retail Gasoline Prices (Dollars per Gallon),3.319,$/GAL
2024-03-25,R10,PADD 1,EPMR,Regular Gasoline,PTE,Retail Sales,EMM_EPMR_PTE_R10_DPG,East Coast Regular All Formulations Retail Gasoline Prices (Dollars per Gallon),3.388,$/GAL
2024-03-18,NUS,U.S.,EPMR,Regular Gasoline,PTE,Retail Sales,EMM_EPMR_PTE_NUS_DPG,U.S. Regular All Formulations Retail Gasoline Prices (Dollars per Gallon),3.453,$/GAL
2024-03-18,YORD,CHICAGO,EPMR,Regular Gasoline,PTE,Retail Sales,EMM_EPMR_PTE_YORD_DPG,Chicago Regular All Formulations Retail Gasoline Prices (Dollars per Gallon),3.757,$/GAL
2024-03-18,YMIA,MIAMI,EPMR,Regular Gasoline,PTE,Retail Sales,EMM_EPMR_PTE_YMIA_DPG,"Miami, FL Regular All Formulations Retail Gasoline Prices (Dollars per Gallon)",3.45,$/GAL
2024-03-18,YDEN,DENVER,EPMR,Regular Gasoline,PTE,Retail Sales,EMM_EPMR_PTE_YDEN_DPG,Denver Regular All Formulations Retail Gasoline Prices (Dollars per Gallon),2.984,$/GAL
2024-03-18,YCLE,CLEVELAND,EPMR,Regular Gasoline,PTE,Retail Sales,EMM_EPMR_PTE_YCLE_DPG,"Cleveland, OH Regular All Formulations Retail Gasoline Prices (Dollars per Gallon)",3.217,$/GAL
2024-03-18,YBOS,BOSTON,EPMR,Regular Gasoline,PTE,Retail Sales,EMM_EPMR_PTE_YBOS_DPG,"Boston, MA Regular All Formulations Retail Gasoline Prices (Dollars per Gallon)",3.213,$/GAL
2024-03-18,Y48SE,SEATTLE,EPMR,Regular Gasoline,PTE,Retail Sales,EMM_EPMR_PTE_Y48SE_DPG,"Seattle, WA Regular All Formulations Retail Gasoline Prices (Dollars per Gallon)",4.34,$/GAL
2024-03-18,Y44HO,HOUSTON,EPMR,Regular Gasoline,PTE,Retail Sales,EMM_EPMR_PTE_Y44HO_DPG,Houston Regular All Formulations Retail Gasoline Prices (Dollars per Gallon),3.018,$/GAL
2024-03-18,Y35NY,NEW YORK CITY,EPMR,Regular Gasoline,PTE,Retail Sales,EMM_EPMR_PTE_Y35NY_DPG,New York City Regular All Formulations Retail Gasoline Prices (Dollars per Gallon),3.241,$/GAL
2024-03-18,Y05SF,SAN FRANCISCO,EPMR,Regular Gasoline,PTE,Retail Sales,EMM_EPMR_PTE_Y05SF_DPG,San Francisco Regular All Formulations Retail Gasoline Prices (Dollars per Gallon),4.763,$/GAL
2024-03-18,Y05LA,LOS ANGELES,EPMR,Regular Gasoline,PTE,Retail Sales,EMM_EPMR_PTE_Y05LA_DPG,Los Angeles Regular All Formulations Retail Gasoline Prices (Dollars per Gallon),4.739,$/GAL
2024-03-18,SWA,WASHINGTON,EPMR,Regular Gasoline,PTE,Retail Sales,EMM_EPMR_PTE_SWA_DPG,Washington Regular All Formulations Retail Gasoline Prices (Dollars per Gallon),4.169,$/GAL
2024-03-18,STX,TEXAS,EPMR,Regular Gasoline,PTE,Retail Sales,EMM_EPMR_PTE_STX_DPG,Texas Regular All Formulations Retail Gasoline Prices (Dollars per Gallon),3.065,$/GAL
2024-03-18,SOH,OHIO,EPMR,Regular Gasoline,PTE,Retail Sales,EMM_EPMR_PTE_SOH_DPG,Ohio Regular All Formulations Retail Gasoline Prices (Dollars per Gallon),3.212,$/GAL
2024-03-18,SNY,NEW YORK,EPMR,Regular Gasoline,PTE,Retail Sales,EMM_EPMR_PTE_SNY_DPG,New York Regular All Formulations Retail Gasoline Prices (Dollars per Gallon),3.279,$/GAL
2024-03-18,SMN,MINNESOTA,EPMR,Regular Gasoline,PTE,Retail Sales,EMM_EPMR_PTE_SMN_DPG,Minnesota Regular All Formulations Retail Gasoline Prices (Dollars per Gallon),3.182,$/GAL
2024-03-18,SMA,MASSACHUSETTS,EPMR,Regular Gasoline,PTE,Retail Sales,EMM_EPMR_PTE_SMA_DPG,Massachusetts Regular All Formulations Retail Gasoline Prices (Dollars per Gallon),3.218,$/GAL
2024-03-18,SFL,FLORIDA,EPMR,Regular Gasoline,PTE,Retail Sales,EMM_EPMR_PTE_SFL_DPG,Florida Regular All Formulations Retail Gasoline Prices (Dollars per Gallon),3.401,$/GAL
2024-03-18,SCO,COLORADO,EPMR,Regular Gasoline,PTE,Retail Sales,EMM_EPMR_PTE_SCO_DPG,Colorado Regular All Formulations Retail Gasoline Prices (Dollars per Gallon),3.011,$/GAL
2024-03-18,SCA,CALIFORNIA,EPMR,Regular Gasoline,PTE,Retail Sales,EMM_EPMR_PTE_SCA_DPG,California Regular All Formulations Retail Gasoline Prices (Dollars per Gallon),4.734,$/GAL
2024-03-18,R5XCA,PADD 5 EXCEPT CALIFORNIA,EPMR,Regular Gasoline,PTE,Retail Sales,EMM_EPMR_PTE_R5XCA_DPG,West Coast (PADD 5) Except California Regular All Formulations Retail Gasoline Prices (Dollars per Gallon),3.994,$/GAL
2024-03-18,R50,PADD 5,EPMR,Regular Gasoline,PTE,Retail Sales,EMM_EPMR_PTE_R50_DPG,West Coast Regular All Formulations Retail Gasoline Prices (Dollars per Gallon),4.38,$/GAL
2024-03-18,R40,PADD 4,EPMR,Regular Gasoline,PTE,Retail Sales,EMM_EPMR_PTE_R40_DPG,Rocky Mountain Regular All Formulations Retail Gasoline Prices (Dollars per Gallon),3.166,$/GAL
2024-03-18,R30,PADD 3,EPMR,Regular Gasoline,PTE,Retail Sales,EMM_EPMR_PTE_R30_DPG,Gulf Coast Regular All Formulations Retail Gasoline Prices (Dollars per Gallon),3.099,$/GAL
2024-03-18,R20,PADD 2,EPMR,Regular Gasoline,PTE,Retail Sales,EMM_EPMR_PTE_R20_DPG,Midwest Regular All Formulations Retail Gasoline Prices (Dollars per Gallon),3.309,$/GAL
2024-03-18,R1Z,PADD 1C,EPMR,Regular Gasoline,PTE,Retail Sales,EMM_EPMR_PTE_R1Z_DPG,Lower Atlantic (PADD 1C) Regular All Formulations Retail Gasoline Prices (Dollars per Gallon),3.342,$/GAL
2024-03-18,R1Y,PADD 1B,EPMR,Regular Gasoline,PTE,Retail Sales,EMM_EPMR_PTE_R1Y_DPG,Central Atlantic (PADD 1B) Regular All Formulations Retail Gasoline Prices (Dollars per Gallon),3.394,$/GAL
2024-03-18,R1X,PADD 1A,EPMR,Regular Gasoline,PTE,Retail Sales,EMM_EPMR_PTE_R1X_DPG,New England (PADD 1A) Regular All Formulations Retail Gasoline Prices (Dollars per Gallon),3.25,$/GAL
2024-03-18,R10,PADD 1,EPMR,Regular Gasoline,PTE,Retail Sales,EMM_EPMR_PTE_R10_DPG,East Coast Regular All Formulations Retail Gasoline Prices (Dollars per Gallon),3.349,$/GAL
2024-03-11,NUS,U.S.,EPMR,Regular Gasoline,PTE,Retail Sales,EMM_EPMR_PTE_NUS_DPG,U.S. Regular All Formulations Retail Gasoline Prices (Dollars per Gallon),3.376,$/GAL
2024-03-11,YORD,CHICAGO,EPMR,Regular Gasoline,PTE,Retail Sales,EMM_EPMR_PTE_YORD_DPG,Chicago Regular All Formulations Retail Gasoline Prices (Dollars per Gallon),3.763,$/GAL
2024-03-11,YMIA,MIAMI,EPMR,Regular Gasoline,PTE,Retail Sales,EMM_EPMR_PTE_YMIA_DPG,"Miami, FL Regular All Formulations Retail Gasoline Prices (Dollars per Gallon)",3.415,$/GAL
2024-03-11,YDEN,DENVER,EPMR,Regular Gasoline,PTE,Retail Sales,EMM_EPMR_PTE_YDEN_DPG,Denver Regular All Formulations Retail Gasoline Prices (Dollars per Gallon),2.926,$/GAL
2024-03-11,YCLE,CLEVELAND,EPMR,Regular Gasoline,PTE,Retail Sales,EMM_EPMR_PTE_YCLE_DPG,"Cleveland, OH Regular All Formulations Retail Gasoline Prices (Dollars per Gallon)",3.342,$/GAL
2024-03-11,YBOS,BOSTON,EPMR,Regular Gasoline,PTE,Retail Sales,EMM_EPMR_PTE_YBOS_DPG,"Boston, MA Regular All Formulations Retail Gasoline Prices (Dollars per Gallon)",3.162,$/GAL
2024-03-11,Y48SE,SEATTLE,EPMR,Regular Gasoline,PTE,Retail Sales,EMM_EPMR_PTE_Y48SE_DPG,"Seattle, WA Regular All Formulations Retail Gasoline Prices (Dollars per Gallon)",4.263,$/GAL
2024-03-11,Y44HO,HOUSTON,EPMR,Regular Gasoline,PTE,Retail Sales,EMM_EPMR_PTE_Y44HO_DPG,Houston Regular All Formulations Retail Gasoline Prices (Dollars per Gallon),2.85,$/GAL
2024-03-11,Y35NY,NEW YORK CITY,EPMR,Regular Gasoline,PTE,Retail Sales,EMM_EPMR_PTE_Y35NY_DPG,New York City Regular All Formulations Retail Gasoline Prices (Dollars per Gallon),3.195,$/GAL
2024-03-11,Y05SF,SAN FRANCISCO,EPMR,Regular Gasoline,PTE,Retail Sales,EMM_EPMR_PTE_Y05SF_DPG,San Francisco Regular All Formulations Retail Gasoline Prices (Dollars per Gallon),4.751,$/GAL
2024-03-11,Y05LA,LOS ANGELES,EPMR,Regular Gasoline,PTE,Retail Sales,EMM_EPMR_PTE_Y05LA_DPG,Los Angeles Regular All Formulations Retail Gasoline Prices (Dollars per Gallon),4.693,$/GAL
2024-03-11,SWA,WASHINGTON,EPMR,Regular Gasoline,PTE,Retail Sales,EMM_EPMR_PTE_SWA_DPG,Washington Regular All Formulations Retail Gasoline Prices (Dollars per Gallon),4.085,$/GAL
2024-03-11,STX,TEXAS,EPMR,Regular Gasoline,PTE,Retail Sales,EMM_EPMR_PTE_STX_DPG,Texas Regular All Formulations Retail Gasoline Prices (Dollars per Gallon),2.899,$/GAL
2024-03-11,SOH,OHIO,EPMR,Regular Gasoline,PTE,Retail Sales,EMM_EPMR_PTE_SOH_DPG,Ohio Regular All Formulations Retail Gasoline Prices (Dollars per Gallon),3.353,$/GAL
2024-03-11,SNY,NEW YORK,EPMR,Regular Gasoline,PTE,Retail Sales,EMM_EPMR_PTE_SNY_DPG,New York Regular All Formulations Retail Gasoline Prices (Dollars per Gallon),3.265,$/GAL
2024-03-11,SMN,MINNESOTA,EPMR,Regular Gasoline,PTE,Retail Sales,EMM_EPMR_PTE_SMN_DPG,Minnesota Regular All Formulations Retail Gasoline Prices (Dollars per Gallon),3.172,$/GAL
2024-03-11,SMA,MASSACHUSETTS,EPMR,Regular Gasoline,PTE,Retail Sales,EMM_EPMR_PTE_SMA_DPG,Massachusetts Regular All Formulations Retail Gasoline Prices (Dollars per Gallon),3.168,$/GAL
2024-03-11,SFL,FLORIDA,EPMR,Regular Gasoline,PTE,Retail Sales,EMM_EPMR_PTE_SFL_DPG,Florida Regular All Formulations Retail Gasoline Prices (Dollars per Gallon),3.361,$/GAL
2024-03-11,SCO,COLORADO,EPMR,Regular Gasoline,PTE,Retail Sales,EMM_EPMR_PTE_SCO_DPG,Colorado Regular All Formulations Retail Gasoline Prices (Dollars per Gallon),2.949,$/GAL
2024-03-11,SCA,CALIFORNIA,EPMR,Regular Gasoline,PTE,Retail Sales,EMM_EPMR_PTE_SCA_DPG,California Regular All Formulations Retail Gasoline Prices (Dollars per Gallon),4.693,$/GAL
2024-03-11,R5XCA,PADD 5 EXCEPT CALIFORNIA,EPMR,Regular Gasoline,PTE,Retail Sales,EMM_EPMR_PTE_R5XCA_DPG,West Coast (PADD 5) Except California Regular All Formulations Retail Gasoline Prices (Dollars per Gallon),3.862,$/GAL
2024-03-11,R50,PADD 5,EPMR,Regular Gasoline,PTE,Retail Sales,EMM_EPMR_PTE_R50_DPG,West Coast Regular All Formulations Retail Gasoline Prices (Dollars per Gallon),4.296,$/GAL
2024-03-11,R40,PADD 4,EPMR,Regular Gasoline,PTE,Retail Sales,EMM_EPMR_PTE_R40_DPG,Rocky Mountain Regular All Formulations Retail Gasoline Prices (Dollars per Gallon),3.077,$/GAL
2024-03-11,R30,PADD 3,EPMR,Regular Gasoline,PTE,Retail Sales,EMM_EPMR_PTE_R30_DPG,Gulf Coast Regular All Formulations Retail Gasoline Prices (Dollars per Gallon),2.945,$/GAL
2024-03-11,R20,PADD 2,EPMR,Regular Gasoline,PTE,Retail Sales,EMM_EPMR_PTE_R20_DPG,Midwest Regular All Formulations Retail Gasoline Prices (Dollars per Gallon),3.287,$/GAL
2024-03-11,R1Z,PADD 1C,EPMR,Regular Gasoline,PTE,Retail Sales,EMM_EPMR_PTE_R1Z_DPG,Lower Atlantic (PADD 1C) Regular All Formulations Retail Gasoline Prices (Dollars per Gallon),3.241,$/GAL
2024-03-11,R1Y,PADD 1B,EPMR,Regular Gasoline,PTE,Retail Sales,EMM_EPMR_PTE_R1Y_DPG,Central Atlantic (PADD 1B) Regular All Formulations Retail Gasoline Prices (Dollars per Gallon),3.332,$/GAL
2024-03-11,R1X,PADD 1A,EPMR,Regular Gasoline,PTE,Retail Sales,EMM_EPMR_PTE_R1X_DPG,New England (PADD 1A) Regular All Formulations Retail Gasoline Prices (Dollars per Gallon),3.182,$/GAL
2024-03-11,R10,PADD 1,EPMR,Regular Gasoline,PTE,Retail Sales,EMM_EPMR_PTE_R10_DPG,East Coast Regular All Formulations Retail Gasoline Prices (Dollars per Gallon),3.265,$/GAL
2024-03-04,NUS,U.S.,EPMR,Regular Gasoline,PTE,Retail Sales,EMM_EPMR_PTE_NUS_DPG,U.S. Regular All Formulations Retail Gasoline Prices (Dollars per Gallon),3.35,$/GAL
2024-03-04,YORD,CHICAGO,EPMR,Regular Gasoline,PTE,Retail Sales,EMM_EPMR_PTE_YORD_DPG,Chicago Regular All Formulations Retail Gasoline Prices (Dollars per Gallon),3.828,$/GAL
2024-03-04,YMIA,MIAMI,EPMR,Regular Gasoline,PTE,Retail Sales,EMM_EPMR_PTE_YMIA_DPG,"Miami, FL Regular All Formulations Retail Gasoline Prices (Dollars per Gallon)",3.3,$/GAL
2024-03-04,YDEN,DENVER,EPMR,Regular Gasoline,PTE,Retail Sales,EMM_EPMR_PTE_YDEN_DPG,Denver Regular All Formulations Retail Gasoline Prices (Dollars per Gallon),2.787,$/GAL
2024-03-04,YCLE,CLEVELAND,EPMR,Regular Gasoline,PTE,Retail Sales,EMM_EPMR_PTE_YCLE_DPG,"Cleveland, OH Regular All Formulations Retail Gasoline Prices (Dollars per Gallon)",3.429,$/GAL
2024-03-04,YBOS,BOSTON,EPMR,Regular Gasoline,PTE,Retail Sales,EMM_EPMR_PTE_YBOS_DPG,"Boston, MA Regular All Formulations Retail Gasoline Prices (Dollars per Gallon)",3.166,$/GAL
2024-03-04,Y48SE,SEATTLE,EPMR,Regular Gasoline,PTE,Retail Sales,EMM_EPMR_PTE_Y48SE_DPG,"Seattle, WA Regular All Formulations Retail Gasoline Prices (Dollars per Gallon)",4.217,$/GAL
2024-03-04,Y44HO,HOUSTON,EPMR,Regular Gasoline,PTE,Retail Sales,EMM_EPMR_PTE_Y44HO_DPG,Houston Regular All Formulations Retail Gasoline Prices (Dollars per Gallon),2.852,$/GAL
2024-03-04,Y35NY,NEW YORK CITY,EPMR,Regular Gasoline,PTE,Retail Sales,EMM_EPMR_PTE_Y35NY_DPG,New York City Regular All Formulations Retail Gasoline Prices (Dollars per Gallon),3.206,$/GAL
2024-03-04,Y05SF,SAN FRANCISCO,EPMR,Regular Gasoline,PTE,Retail Sales,EMM_EPMR_PTE_Y05SF_DPG,San Francisco Regular All Formulations Retail Gasoline Prices (Dollars per Gallon),4.692,$/GAL
2024-03-04,Y05LA,LOS ANGELES,EPMR,Regular Gasoline,PTE,Retail Sales,EMM_EPMR_PTE_Y05LA_DPG,Los Angeles Regular All Formulations Retail Gasoline Prices (Dollars per Gallon),4.676,$/GAL
2024-03-04,SWA,WASHINGTON,EPMR,Regular Gasoline,PTE,Retail Sales,EMM_EPMR_PTE_SWA_DPG,Washington Regular All Formulations Retail Gasoline Prices (Dollars per Gallon),4.016,$/GAL
2024-03-04,STX,TEXAS,EPMR,Regular Gasoline,PTE,Retail Sales,EMM_EPMR_PTE_STX_DPG,Texas Regular All Formulations Retail Gasoline Prices (Dollars per Gallon),2.915,$/GAL
2024-03-04,SOH,OHIO,EPMR,Regular Gasoline,PTE,Retail Sales,EMM_EPMR_PTE_SOH_DPG,Ohio Regular All Formulations Retail Gasoline Prices (Dollars per Gallon),3.432,$/GAL
2024-03-04,SNY,NEW YORK,EPMR,Regular Gasoline,PTE,Retail Sales,EMM_EPMR_PTE_SNY_DPG,New York Regular All Formulations Retail Gasoline Prices (Dollars per Gallon),3.275,$/GAL
2024-03-04,SMN,MINNESOTA,EPMR,Regular Gasoline,PTE,Retail Sales,EMM_EPMR_PTE_SMN_DPG,Minnesota Regular All Formulations Retail Gasoline Prices (Dollars per Gallon),3.16,$/GAL
2024-03-04,SMA,MASSACHUSETTS,EPMR,Regular Gasoline,PTE,Retail Sales,EMM_EPMR_PTE_SMA_DPG,Massachusetts Regular All Formulations Retail Gasoline Prices (Dollars per Gallon),3.157,$/GAL
2024-03-04,SFL,FLORIDA,EPMR,Regular Gasoline,PTE,Retail Sales,EMM_EPMR_PTE_SFL_DPG,Florida Regular All Formulations Retail Gasoline Prices (Dollars per Gallon),3.27,$/GAL
2024-03-04,SCO,COLORADO,EPMR,Regular Gasoline,PTE,Retail Sales,EMM_EPMR_PTE_SCO_DPG,Colorado Regular All Formulations Retail Gasoline Prices (Dollars per Gallon),2.87,$/GAL
2024-03-04,SCA,CALIFORNIA,EPMR,Regular Gasoline,PTE,Retail Sales,EMM_EPMR_PTE_SCA_DPG,California Regular All Formulations Retail Gasoline Prices (Dollars per Gallon),4.651,$/GAL
2024-03-04,R5XCA,PADD 5 EXCEPT CALIFORNIA,EPMR,Regular Gasoline,PTE,Retail Sales,EMM_EPMR_PTE_R5XCA_DPG,West Coast (PADD 5) Except California Regular All Formulations Retail Gasoline Prices (Dollars per Gallon),3.768,$/GAL
2024-03-04,R50,PADD 5,EPMR,Regular Gasoline,PTE,Retail Sales,EMM_EPMR_PTE_R50_DPG,West Coast Regular All Formulations Retail Gasoline Prices (Dollars per Gallon),4.229,$/GAL
2024-03-04,R40,PADD 4,EPMR,Regular Gasoline,PTE,Retail Sales,EMM_EPMR_PTE_R40_DPG,Rocky Mountain Regular All Formulations Retail Gasoline Prices (Dollars per Gallon),3.014,$/GAL
2024-03-04,R30,PADD 3,EPMR,Regular Gasoline,PTE,Retail Sales,EMM_EPMR_PTE_R30_DPG,Gulf Coast Regular All Formulations Retail Gasoline Prices (Dollars per Gallon),2.949,$/GAL
2024-03-04,R20,PADD 2,EPMR,Regular Gasoline,PTE,Retail Sales,EMM_EPMR_PTE_R20_DPG,Midwest Regular All Formulations Retail Gasoline Prices (Dollars per Gallon),3.269,$/GAL
2024-03-04,R1Z,PADD 1C,EPMR,Regular Gasoline,PTE,Retail Sales,EMM_EPMR_PTE_R1Z_DPG,Lower Atlantic (PADD 1C) Regular All Formulations Retail Gasoline Prices (Dollars per Gallon),3.19,$/GAL
2024-03-04,R1Y,PADD 1B,EPMR,Regular Gasoline,PTE,Retail Sales,EMM_EPMR_PTE_R1Y_DPG,Central Atlantic (PADD 1B) Regular All Formulations Retail Gasoline Prices (Dollars per Gallon),3.343,$/GAL
2024-03-04,R1X,PADD 1A,EPMR,Regular Gasoline,PTE,Retail Sales,EMM_EPMR_PTE_R1X_DPG,New England (PADD 1A) Regular All Formulations Retail Gasoline Prices (Dollars per Gallon),3.166,$/GAL
2024-03-04,R10,PADD 1,EPMR,Regular Gasoline,PTE,Retail Sales,EMM_EPMR_PTE_R10_DPG,East Coast Regular All Formulations Retail Gasoline Prices (Dollars per Gallon),3.24,$/GAL
2024-02-26,NUS,U.S.,EPMR,Regular Gasoline,PTE,Retail Sales,EMM_EPMR_PTE_NUS_DPG,U.S. Regular All Formulations Retail Gasoline Prices (Dollars per Gallon),3.249,$/GAL
2024-02-26,YORD,CHICAGO,EPMR,Regular Gasoline,PTE,Retail Sales,EMM_EPMR_PTE_YORD_DPG,Chicago Regular All Formulations Retail Gasoline Prices (Dollars per Gallon),3.518,$/GAL
2024-02-26,YMIA,MIAMI,EPMR,Regular Gasoline,PTE,Retail Sales,EMM_EPMR_PTE_YMIA_DPG,"Miami, FL Regular All Formulations Retail Gasoline Prices (Dollars per Gallon)",3.276,$/GAL
2024-02-26,YDEN,DENVER,EPMR,Regular Gasoline,PTE,Retail Sales,EMM_EPMR_PTE_YDEN_DPG,Denver Regular All Formulations Retail Gasoline Prices (Dollars per Gallon),2.826,$/GAL
2024-02-26,YCLE,CLEVELAND,EPMR,Regular Gasoline,PTE,Retail Sales,EMM_EPMR_PTE_YCLE_DPG,"Cleveland, OH Regular All Formulations Retail Gasoline Prices (Dollars per Gallon)",3.189,$/GAL
2024-02-26,YBOS,BOSTON,EPMR,Regular Gasoline,PTE,Retail Sales,EMM_EPMR_PTE_YBOS_DPG,"Boston, MA Regular All Formulations Retail Gasoline Prices (Dollars per Gallon)",3.145,$/GAL
2024-02-26,Y48SE,SEATTLE,EPMR,Regular Gasoline,PTE,Retail Sales,EMM_EPMR_PTE_Y48SE_DPG,"Seattle, WA Regular All Formulations Retail Gasoline Prices (Dollars per Gallon)",4.119,$/GAL
2024-02-26,Y44HO,HOUSTON,EPMR,Regular Gasoline,PTE,Retail Sales,EMM_EPMR_PTE_Y44HO_DPG,Houston Regular All Formulations Retail Gasoline Prices (Dollars per Gallon),2.806,$/GAL
2024-02-26,Y35NY,NEW YORK CITY,EPMR,Regular Gasoline,PTE,Retail Sales,EMM_EPMR_PTE_Y35NY_DPG,New York City Regular All Formulations Retail Gasoline Prices (Dollars per Gallon),3.17,$/GAL
2024-02-26,Y05SF,SAN FRANCISCO,EPMR,Regular Gasoline,PTE,Retail Sales,EMM_EPMR_PTE_Y05SF_DPG,San Francisco Regular All Formulations Retail Gasoline Prices (Dollars per Gallon),4.351,$/GAL
2024-02-26,Y05LA,LOS ANGELES,EPMR,Regular Gasoline,PTE,Retail Sales,EMM_EPMR_PTE_Y05LA_DPG,Los Angeles Regular All Formulations Retail Gasoline Prices (Dollars per Gallon),4.501,$/GAL
2024-02-26,SWA,WASHINGTON,EPMR,Regular Gasoline,PTE,Retail Sales,EMM_EPMR_PTE_SWA_DPG,Washington Regular All Formulations Retail Gasoline Prices (Dollars per Gallon),3.927,$/GAL
2024-02-26,STX,TEXAS,EPMR,Regular Gasoline,PTE,Retail Sales,EMM_EPMR_PTE_STX_DPG,Texas Regular All Formulations Retail Gasoline Prices (Dollars per Gallon),2.804,$/GAL
2024-02-26,SOH,OHIO,EPMR,Regular Gasoline,PTE,Retail Sales,EMM_EPMR_PTE_SOH_DPG,Ohio Regular All Formulations Retail Gasoline Prices (Dollars per Gallon),3.174,$/GAL
2024-02-26,SNY,NEW YORK,EPMR,Regular Gasoline,PTE,Retail Sales,EMM_EPMR_PTE_SNY_DPG,New York Regular All Formulations Retail Gasoline Prices (Dollars per Gallon),3.215,$/GAL
2024-02-26,SMN,MINNESOTA,EPMR,Regular Gasoline,PTE,Retail Sales,EMM_EPMR_PTE_SMN_DPG,Minnesota Regular All Formulations Retail Gasoline Prices (Dollars per Gallon),3.017,$/GAL
2024-02-26,SMA,MASSACHUSETTS,EPMR,Regular Gasoline,PTE,Retail Sales,EMM_EPMR_PTE_SMA_DPG,Massachusetts Regular All Formulations Retail Gasoline Prices (Dollars per Gallon),3.141,$/GAL
2024-02-26,SFL,FLORIDA,EPMR,Regular Gasoline,PTE,Retail Sales,EMM_EPMR_PTE_SFL_DPG,Florida Regular All Formulations Retail Gasoline Prices (Dollars per Gallon),3.227,$/GAL
2024-02-26,SCO,COLORADO,EPMR,Regular Gasoline,PTE,Retail Sales,EMM_EPMR_PTE_SCO_DPG,Colorado Regular All Formulations Retail Gasoline Prices (Dollars per Gallon),2.891,$/GAL
2024-02-26,SCA,CALIFORNIA,EPMR,Regular Gasoline,PTE,Retail Sales,EMM_EPMR_PTE_SCA_DPG,California Regular All Formulations Retail Gasoline Prices (Dollars per Gallon),4.44,$/GAL
2024-02-26,R5XCA,PADD 5 EXCEPT CALIFORNIA,EPMR,Regular Gasoline,PTE,Retail Sales,EMM_EPMR_PTE_R5XCA_DPG,West Coast (PADD 5) Except California Regular All Formulations Retail Gasoline Prices (Dollars per Gallon),3.69,$/GAL
2024-02-26,R50,PADD 5,EPMR,Regular Gasoline,PTE,Retail Sales,EMM_EPMR_PTE_R50_DPG,West Coast Regular All Formulations Retail Gasoline Prices (Dollars per Gallon),4.082,$/GAL
2024-02-26,R40,PADD 4,EPMR,Regular Gasoline,PTE,Retail Sales,EMM_EPMR_PTE_R40_DPG,Rocky Mountain Regular All Formulations Retail Gasoline Prices (Dollars per Gallon),2.982,$/GAL
2024-02-26,R30,PADD 3,EPMR,Regular Gasoline,PTE,Retail Sales,EMM_EPMR_PTE_R30_DPG,Gulf Coast Regular All Formulations Retail Gasoline Prices (Dollars per Gallon),2.845,$/GAL
2024-02-26,R20,PADD 2,EPMR,Regular Gasoline,PTE,Retail Sales,EMM_EPMR_PTE_R20_DPG,Midwest Regular All Formulations Retail Gasoline Prices (Dollars per Gallon),3.098,$/GAL
2024-02-26,R1Z,PADD 1C,EPMR,Regular Gasoline,PTE,Retail Sales,EMM_EPMR_PTE_R1Z_DPG,Lower Atlantic (PADD 1C) Regular All Formulations Retail Gasoline Prices (Dollars per Gallon),3.144,$/GAL
2024-02-26,R1Y,PADD 1B,EPMR,Regular Gasoline,PTE,Retail Sales,EMM_EPMR_PTE_R1Y_DPG,Central Atlantic (PADD 1B) Regular All Formulations Retail Gasoline Prices (Dollars per Gallon),3.314,$/GAL
2024-02-26,R1X,PADD 1A,EPMR,Regular Gasoline,PTE,Retail Sales,EMM_EPMR_PTE_R1X_DPG,New England (PADD 1A) Regular All Formulations Retail Gasoline Prices (Dollars per Gallon),3.16,$/GAL
2024-02-26,R10,PADD 1,EPMR,Regular Gasoline,PTE,Retail Sales,EMM_EPMR_PTE_R10_DPG,East Coast Regular All Formulations Retail Gasoline Prices (Dollars per Gallon),3.204,$/GAL
2024-02-19,NUS,U.S.,EPMR,Regular Gasoline,PTE,Retail Sales,EMM_EPMR_PTE_NUS_DPG,U.S. Regular All Formulations Retail Gasoline Prices (Dollars per Gallon),3.269,$/GAL
2024-02-19,YORD,CHICAGO,EPMR,Regular Gasoline,PTE,Retail Sales,EMM_EPMR_PTE_YORD_DPG,Chicago Regular All Formulations Retail Gasoline Prices (Dollars per Gallon),3.544,$/GAL
2024-02-19,YMIA,MIAMI,EPMR,Regular Gasoline,PTE,Retail Sales,EMM_EPMR_PTE_YMIA_DPG,"Miami, FL Regular All Formulations Retail Gasoline Prices (Dollars per Gallon)",3.278,$/GAL
2024-02-19,YDEN,DENVER,EPMR,Regular Gasoline,PTE,Retail Sales,EMM_EPMR_PTE_YDEN_DPG,Denver Regular All Formulations Retail Gasoline Prices (Dollars per Gallon),2.854,$/GAL
2024-02-19,YCLE,CLEVELAND,EPMR,Regular Gasoline,PTE,Retail Sales,EMM_EPMR_PTE_YCLE_DPG,"Cleveland, OH Regular All Formulations Retail Gasoline Prices (Dollars per Gallon)",3.285,$/GAL
2024-02-19,YBOS,BOSTON,EPMR,Regular Gasoline,PTE,Retail Sales,EMM_EPMR_PTE_YBOS_DPG,"Boston, MA Regular All Formulations Retail Gasoline Prices (Dollars per Gallon)",3.136,$/GAL
2024-02-19,Y48SE,SEATTLE,EPMR,Regular Gasoline,PTE,Retail Sales,EMM_EPMR_PTE_Y48SE_DPG,"Seattle, WA Regular All Formulations Retail Gasoline Prices (Dollars per Gallon)",4.021,$/GAL
2024-02-19,Y44HO,HOUSTON,EPMR,Regular Gasoline,PTE,Retail Sales,EMM_EPMR_PTE_Y44HO_DPG,Houston Regular All Formulations Retail Gasoline Prices (Dollars per Gallon),2.841,$/GAL
2024-02-19,Y35NY,NEW YORK CITY,EPMR,Regular Gasoline,PTE,Retail Sales,EMM_EPMR_PTE_Y35NY_DPG,New York City Regular All Formulations Retail Gasoline Prices (Dollars per Gallon),3.186,$/GAL
2024-02-19,Y05SF,SAN FRANCISCO,EPMR,Regular Gasoline,PTE,Retail Sales,EMM_EPMR_PTE_Y05SF_DPG,San Francisco Regular All Formulations Retail Gasoline Prices (Dollars per Gallon),4.373,$/GAL
2024-02-19,Y05LA,LOS ANGELES,EPMR,Regular Gasoline,PTE,Retail Sales,EMM_EPMR_PTE_Y05LA_DPG,Los Angeles Regular All Formulations Retail Gasoline Prices (Dollars per Gallon),4.54,$/GAL
2024-02-19,SWA,WASHINGTON,EPMR,Regular Gasoline,PTE,Retail Sales,EMM_EPMR_PTE_SWA_DPG,Washington Regular All Formulations Retail Gasoline Prices (Dollars per Gallon),3.795,$/GAL
2024-02-19,STX,TEXAS,EPMR,Regular Gasoline,PTE,Retail Sales,EMM_EPMR_PTE_STX_DPG,Texas Regular All Formulations Retail Gasoline Prices (Dollars per Gallon),2.887,$/GAL
2024-02-19,SOH,OHIO,EPMR,Regular Gasoline,PTE,Retail Sales,EMM_EPMR_PTE_SOH_DPG,Ohio Regular All Formulations Retail Gasoline Prices (Dollars per Gallon),3.323,$/GAL
2024-02-19,SNY,NEW YORK,EPMR,Regular Gasoline,PTE,Retail Sales,EMM_EPMR_PTE_SNY_DPG,New York Regular All Formulations Retail Gasoline Prices (Dollars per Gallon),3.217,$/GAL
2024-02-19,SMN,MINNESOTA,EPMR,Regular Gasoline,PTE,Retail Sales,EMM_EPMR_PTE_SMN_DPG,Minnesota Regular All Formulations Retail Gasoline Prices (Dollars per Gallon),3.038,$/GAL
2024-02-19,SMA,MASSACHUSETTS,EPMR,Regular Gasoline,PTE,Retail Sales,EMM_EPMR_PTE_SMA_DPG,Massachusetts Regular All Formulations Retail Gasoline Prices (Dollars per Gallon),3.138,$/GAL
2024-02-19,SFL,FLORIDA,EPMR,Regular Gasoline,PTE,Retail Sales,EMM_EPMR_PTE_SFL_DPG,Florida Regular All Formulations Retail Gasoline Prices (Dollars per Gallon),3.239,$/GAL
2024-02-19,SCO,COLORADO,EPMR,Regular Gasoline,PTE,Retail Sales,EMM_EPMR_PTE_SCO_DPG,Colorado Regular All Formulations Retail Gasoline Prices (Dollars per Gallon),2.878,$/GAL
2024-02-19,SCA,CALIFORNIA,EPMR,Regular Gasoline,PTE,Retail Sales,EMM_EPMR_PTE_SCA_DPG,California Regular All Formulations Retail Gasoline Prices (Dollars per Gallon),4.467,$/GAL
2024-02-19,R5XCA,PADD 5 EXCEPT CALIFORNIA,EPMR,Regular Gasoline,PTE,Retail Sales,EMM_EPMR_PTE_R5XCA_DPG,West Coast (PADD 5) Except California Regular All Formulations Retail Gasoline Prices (Dollars per Gallon),3.61,$/GAL
2024-02-19,R50,PADD 5,EPMR,Regular Gasoline,PTE,Retail Sales,EMM_EPMR_PTE_R50_DPG,West Coast Regular All Formulations Retail Gasoline Prices (Dollars per Gallon),4.057,$/GAL
2024-02-19,R40,PADD 4,EPMR,Regular Gasoline,PTE,Retail Sales,EMM_EPMR_PTE_R40_DPG,Rocky Mountain Regular All Formulations Retail Gasoline Prices (Dollars per Gallon),2.922,$/GAL
2024-02-19,R30,PADD 3,EPMR,Regular Gasoline,PTE,Retail Sales,EMM_EPMR_PTE_R30_DPG,Gulf Coast Regular All Formulations Retail Gasoline Prices (Dollars per Gallon),2.901,$/GAL
2024-02-19,R20,PADD 2,EPMR,Regular Gasoline,PTE,Retail Sales,EMM_EPMR_PTE_R20_DPG,Midwest Regular All Formulations Retail Gasoline Prices (Dollars per Gallon),3.122,$/GAL
2024-02-19,R1Z,PADD 1C,EPMR,Regular Gasoline,PTE,Retail Sales,EMM_EPMR_PTE_R1Z_DPG,Lower Atlantic (PADD 1C) Regular All Formulations Retail Gasoline Prices (Dollars per Gallon),3.177,$/GAL
2024-02-19,R1Y,PADD 1B,EPMR,Regular Gasoline,PTE,Retail Sales,EMM_EPMR_PTE_R1Y_DPG,Central Atlantic (PADD 1B) Regular All Formulations Retail Gasoline Prices (Dollars per Gallon),3.336,$/GAL
2024-02-19,R1X,PADD 1A,EPMR,Regular Gasoline,PTE,Retail Sales,EMM_EPMR_PTE_R1X_DPG,New England (PADD 1A) Regular All Formulations Retail Gasoline Prices (Dollars per Gallon),3.164,$/GAL
2024-02-19,R10,PADD 1,EPMR,Regular Gasoline,PTE,Retail Sales,EMM_EPMR_PTE_R10_DPG,East Coast Regular All Formulations Retail Gasoline Prices (Dollars per Gallon),3.23,$/GAL
2024-02-12,NUS,U.S.,EPMR,Regular Gasoline,PTE,Retail Sales,EMM_EPMR_PTE_NUS_DPG,U.S. Regular All Formulations Retail Gasoline Prices (Dollars per Gallon),3.192,$/GAL
2024-02-12,YORD,CHICAGO,EPMR,Regular Gasoline,PTE,Retail Sales,EMM_EPMR_PTE_YORD_DPG,Chicago Regular All Formulations Retail Gasoline Prices (Dollars per Gallon),3.389,$/GAL
2024-02-12,YMIA,MIAMI,EPMR,Regular Gasoline,PTE,Retail Sales,EMM_EPMR_PTE_YMIA_DPG,"Miami, FL Regular All Formulations Retail Gasoline Prices (Dollars per Gallon)",3.225,$/GAL
2024-02-12,YDEN,DENVER,EPMR,Regular Gasoline,PTE,Retail Sales,EMM_EPMR_PTE_YDEN_DPG,Denver Regular All Formulations Retail Gasoline Prices (Dollars per Gallon),2.645,$/GAL
2024-02-12,YCLE,CLEVELAND,EPMR,Regular Gasoline,PTE,Retail Sales,EMM_EPMR_PTE_YCLE_DPG,"Cleveland, OH Regular All Formulations Retail Gasoline Prices (Dollars per Gallon)",3.165,$/GAL
2024-02-12,YBOS,BOSTON,EPMR,Regular Gasoline,PTE,Retail Sales,EMM_EPMR_PTE_YBOS_DPG,"Boston, MA Regular All Formulations Retail Gasoline Prices (Dollars per Gallon)",3.126,$/GAL
2024-02-12,Y48SE,SEATTLE,EPMR,Regular Gasoline,PTE,Retail Sales,EMM_EPMR_PTE_Y48SE_DPG,"Seattle, WA Regular All Formulations Retail Gasoline Prices (Dollars per Gallon)",3.995,$/GAL
2024-02-12,Y44HO,HOUSTON,EPMR,Regular Gasoline,PTE,Retail Sales,EMM_EPMR_PTE_Y44HO_DPG,Houston Regular All Formulations Retail Gasoline Prices (Dollars per Gallon),2.775,$/GAL
2024-02-12,Y35NY,NEW YORK CITY,EPMR,Regular Gasoline,PTE,Retail Sales,EMM_EPMR_PTE_Y35NY_DPG,New York City Regular All Formulations Retail Gasoline Prices (Dollars per Gallon),3.119,$/GAL
2024-02-12,Y05SF,SAN FRANCISCO,EPMR,Regular Gasoline,PTE,Retail Sales,EMM_EPMR_PTE_Y05SF_DPG,San Francisco Regular All Formulations Retail Gasoline Prices (Dollars per Gallon),4.407,$/GAL
2024-02-12,Y05LA,LOS ANGELES,EPMR,Regular Gasoline,PTE,Retail Sales,EMM_EPMR_PTE_Y05LA_DPG,Los Angeles Regular All Formulations Retail Gasoline Prices (Dollars per Gallon),4.483,$/GAL
2024-02-12,SWA,WASHINGTON,EPMR,Regular Gasoline,PTE,Retail Sales,EMM_EPMR_PTE_SWA_DPG,Washington Regular All Formulations Retail Gasoline Prices (Dollars per Gallon),3.783,$/GAL
2024-02-12,STX,TEXAS,EPMR,Regular Gasoline,PTE,Retail Sales,EMM_EPMR_PTE_STX_DPG,Texas Regular All Formulations Retail Gasoline Prices (Dollars per Gallon),2.787,$/GAL
2024-02-12,SOH,OHIO,EPMR,Regular Gasoline,PTE,Retail Sales,EMM_EPMR_PTE_SOH_DPG,Ohio Regular All Formulations Retail Gasoline Prices (Dollars per Gallon),3.137,$/GAL
2024-02-12,SNY,NEW YORK,EPMR,Regular Gasoline,PTE,Retail Sales,EMM_EPMR_PTE_SNY_DPG,New York Regular All Formulations Retail Gasoline Prices (Dollars per Gallon),3.178,$/GAL
2024-02-12,SMN,MINNESOTA,EPMR,Regular Gasoline,PTE,Retail Sales,EMM_EPMR_PTE_SMN_DPG,Minnesota Regular All Formulations Retail Gasoline Prices (Dollars per Gallon),2.978,$/GAL
2024-02-12,SMA,MASSACHUSETTS,EPMR,Regular Gasoline,PTE,Retail Sales,EMM_EPMR_PTE_SMA_DPG,Massachusetts Regular All Formulations Retail Gasoline Prices (Dollars per Gallon),3.113,$/GAL
2024-02-12,SFL,FLORIDA,EPMR,Regular Gasoline,PTE,Retail Sales,EMM_EPMR_PTE_SFL_DPG,Florida Regular All Formulations Retail Gasoline Prices (Dollars per Gallon),3.146,$/GAL
2024-02-12,SCO,COLORADO,EPMR,Regular Gasoline,PTE,Retail Sales,EMM_EPMR_PTE_SCO_DPG,Colorado Regular All Formulations Retail Gasoline Prices (Dollars per Gallon),2.696,$/GAL
2024-02-12,SCA,CALIFORNIA,EPMR,Regular Gasoline,PTE,Retail Sales,EMM_EPMR_PTE_SCA_DPG,California Regular All Formulations Retail Gasoline Prices (Dollars per Gallon),4.422,$/GAL
2024-02-12,R5XCA,PADD 5 EXCEPT CALIFORNIA,EPMR,Regular Gasoline,PTE,Retail Sales,EMM_EPMR_PTE_R5XCA_DPG,West Coast (PADD 5) Except California Regular All Formulations Retail Gasoline Prices (Dollars per Gallon),3.564,$/GAL
2024-02-12,R50,PADD 5,EPMR,Regular Gasoline,PTE,Retail Sales,EMM_EPMR_PTE_R50_DPG,West Coast Regular All Formulations Retail Gasoline Prices (Dollars per Gallon),4.011,$/GAL
2024-02-12,R40,PADD 4,EPMR,Regular Gasoline,PTE,Retail Sales,EMM_EPMR_PTE_R40_DPG,Rocky Mountain Regular All Formulations Retail Gasoline Prices (Dollars per Gallon),2.791,$/GAL
2024-02-12,R30,PADD 3,EPMR,Regular Gasoline,PTE,Retail Sales,EMM_EPMR_PTE_R30_DPG,Gulf Coast Regular All Formulations Retail Gasoline Prices (Dollars per Gallon),2.807,$/GAL
2024-02-12,R20,PADD 2,EPMR,Regular Gasoline,PTE,Retail Sales,EMM_EPMR_PTE_R20_DPG,Midwest Regular All Formulations Retail Gasoline Prices (Dollars per Gallon),3.044,$/GAL
2024-02-12,R1Z,PADD 1C,EPMR,Regular Gasoline,PTE,Retail Sales,EMM_EPMR_PTE_R1Z_DPG,Lower Atlantic (PADD 1C) Regular All Formulations Retail Gasoline Prices (Dollars per Gallon),3.08,$/GAL
2024-02-12,R1Y,PADD 1B,EPMR,Regular Gasoline,PTE,Retail Sales,EMM_EPMR_PTE_R1Y_DPG,Central Atlantic (PADD 1B) Regular All Formulations Retail Gasoline Prices (Dollars per Gallon),3.268,$/GAL
2024-02-12,R1X,PADD 1A,EPMR,Regular Gasoline,PTE,Retail Sales,EMM_EPMR_PTE_R1X_DPG,New England (PADD 1A) Regular All Formulations Retail Gasoline Prices (Dollars per Gallon),3.137,$/GAL
2024-02-12,R10,PADD 1,EPMR,Regular Gasoline,PTE,Retail Sales,EMM_EPMR_PTE_R10_DPG,East Coast Regular All Formulations Retail Gasoline Prices (Dollars per Gallon),3.151,$/GAL
2024-02-05,NUS,U.S.,EPMR,Regular Gasoline,PTE,Retail Sales,EMM_EPMR_PTE_NUS_DPG,U.S. Regular All Formulations Retail Gasoline Prices (Dollars per Gallon),3.136,$/GAL
2024-02-05,YORD,CHICAGO,EPMR,Regular Gasoline,PTE,Retail Sales,EMM_EPMR_PTE_YORD_DPG,Chicago Regular All Formulations Retail Gasoline Prices (Dollars per Gallon),3.212,$/GAL
2024-02-05,YMIA,MIAMI,EPMR,Regular Gasoline,PTE,Retail Sales,EMM_EPMR_PTE_YMIA_DPG,"Miami, FL Regular All Formulations Retail Gasoline Prices (Dollars per Gallon)",3.21,$/GAL
2024-02-05,YDEN,DENVER,EPMR,Regular Gasoline,PTE,Retail Sales,EMM_EPMR_PTE_YDEN_DPG,Denver Regular All Formulations Retail Gasoline Prices (Dollars per Gallon),2.709,$/GAL
2024-02-05,YCLE,CLEVELAND,EPMR,Regular Gasoline,PTE,Retail Sales,EMM_EPMR_PTE_YCLE_DPG,"Cleveland, OH Regular All Formulations Retail Gasoline Prices (Dollars per Gallon)",3.018,$/GAL
2024-02-05,YBOS,BOSTON,EPMR,Regular Gasoline,PTE,Retail Sales,EMM_EPMR_PTE_YBOS_DPG,"Boston, MA Regular All Formulations Retail Gasoline Prices (Dollars per Gallon)",3.141,$/GAL
2024-02-05,Y48SE,SEATTLE,EPMR,Regular Gasoline,PTE,Retail Sales,EMM_EPMR_PTE_Y48SE_DPG,"Seattle, WA Regular All Formulations Retail Gasoline Prices (Dollars per Gallon)",4.024,$/GAL
2024-02-05,Y44HO,HOUSTON,EPMR,Regular Gasoline,PTE,Retail Sales,EMM_EPMR_PTE_Y44HO_DPG,Houston Regular All Formulations Retail Gasoline Prices (Dollars per Gallon),2.749,$/GAL
2024-02-05,Y35NY,NEW YORK CITY,EPMR,Regular Gasoline,PTE,Retail Sales,EMM_EPMR_PTE_Y35NY_DPG,New York City Regular All Formulations Retail Gasoline Prices (Dollars per Gallon),3.098,$/GAL
2024-02-05,Y05SF,SAN FRANCISCO,EPMR,Regular Gasoline,PTE,Retail Sales,EMM_EPMR_PTE_Y05SF_DPG,San Francisco Regular All Formulations Retail Gasoline Prices (Dollars per Gallon),4.378,$/GAL
2024-02-05,Y05LA,LOS ANGELES,EPMR,Regular Gasoline,PTE,Retail Sales,EMM_EPMR_PTE_Y05LA_DPG,Los Angeles Regular All Formulations Retail Gasoline Prices (Dollars per Gallon),4.403,$/GAL
2024-02-05,SWA,WASHINGTON,EPMR,Regular Gasoline,PTE,Retail Sales,EMM_EPMR_PTE_SWA_DPG,Washington Regular All Formulations Retail Gasoline Prices (Dollars per Gallon),3.8,$/GAL
2024-02-05,STX,TEXAS,EPMR,Regular Gasoline,PTE,Retail Sales,EMM_EPMR_PTE_STX_DPG,Texas Regular All Formulations Retail Gasoline Prices (Dollars per Gallon),2.812,$/GAL
2024-02-05,SOH,OHIO,EPMR,Regular Gasoline,PTE,Retail Sales,EMM_EPMR_PTE_SOH_DPG,Ohio Regular All Formulations Retail Gasoline Prices (Dollars per Gallon),3.038,$/GAL
2024-02-05,SNY,NEW YORK,EPMR,Regular Gasoline,PTE,Retail Sales,EMM_EPMR_PTE_SNY_DPG,New York Regular All Formulations Retail Gasoline Prices (Dollars per Gallon),3.156,$/GAL
2024-02-05,SMN,MINNESOTA,EPMR,Regular Gasoline,PTE,Retail Sales,EMM_EPMR_PTE_SMN_DPG,Minnesota Regular All Formulations Retail Gasoline Prices (Dollars per Gallon),2.89,$/GAL
2024-02-05,SMA,MASSACHUSETTS,EPMR,Regular Gasoline,PTE,Retail Sales,EMM_EPMR_PTE_SMA_DPG,Massachusetts Regular All Formulations Retail Gasoline Prices (Dollars per Gallon),3.108,$/GAL
2024-02-05,SFL,FLORIDA,EPMR,Regular Gasoline,PTE,Retail Sales,EMM_EPMR_PTE_SFL_DPG,Florida Regular All Formulations Retail Gasoline Prices (Dollars per Gallon),3.145,$/GAL
2024-02-05,SCO,COLORADO,EPMR,Regular Gasoline,PTE,Retail Sales,EMM_EPMR_PTE_SCO_DPG,Colorado Regular All Formulations Retail Gasoline Prices (Dollars per Gallon),2.729,$/GAL
2024-02-05,SCA,CALIFORNIA,EPMR,Regular Gasoline,PTE,Retail Sales,EMM_EPMR_PTE_SCA_DPG,California Regular All Formulations Retail Gasoline Prices (Dollars per Gallon),4.366,$/GAL
2024-02-05,R5XCA,PADD 5 EXCEPT CALIFORNIA,EPMR,Regular Gasoline,PTE,Retail Sales,EMM_EPMR_PTE_R5XCA_DPG,West Coast (PADD 5) Except California Regular All Formulations Retail Gasoline Prices (Dollars per Gallon),3.567,$/GAL
2024-02-05,R50,PADD 5,EPMR,Regular Gasoline,PTE,Retail Sales,EMM_EPMR_PTE_R50_DPG,West Coast Regular All Formulations Retail Gasoline Prices (Dollars per Gallon),3.983,$/GAL
2024-02-05,R40,PADD 4,EPMR,Regular Gasoline,PTE,Retail Sales,EMM_EPMR_PTE_R40_DPG,Rocky Mountain Regular All Formulations Retail Gasoline Prices (Dollars per Gallon),2.746,$/GAL
2024-02-05,R30,PADD 3,EPMR,Regular Gasoline,PTE,Retail Sales,EMM_EPMR_PTE_R30_DPG,Gulf Coast Regular All Formulations Retail Gasoline Prices (Dollars per Gallon),2.821,$/GAL
2024-02-05,R20,PADD 2,EPMR,Regular Gasoline,PTE,Retail Sales,EMM_EPMR_PTE_R20_DPG,Midwest Regular All Formulations Retail Gasoline Prices (Dollars per Gallon),2.911,$/GAL
2024-02-05,R1Z,PADD 1C,EPMR,Regular Gasoline,PTE,Retail Sales,EMM_EPMR_PTE_R1Z_DPG,Lower Atlantic (PADD 1C) Regular All Formulations Retail Gasoline Prices (Dollars per Gallon),3.045,$/GAL
2024-02-05,R1Y,PADD 1B,EPMR,Regular Gasoline,PTE,Retail Sales,EMM_EPMR_PTE_R1Y_DPG,Central Atlantic (PADD 1B) Regular All Formulations Retail Gasoline Prices (Dollars per Gallon),3.229,$/GAL
2024-02-05,R1X,PADD 1A,EPMR,Regular Gasoline,PTE,Retail Sales,EMM_EPMR_PTE_R1X_DPG,New England (PADD 1A) Regular All Formulations Retail Gasoline Prices (Dollars per Gallon),3.121,$/GAL
2024-02-05,R10,PADD 1,EPMR,Regular Gasoline,PTE,Retail Sales,EMM_EPMR_PTE_R10_DPG,East Coast Regular All Formulations Retail Gasoline Prices (Dollars per Gallon),3.117,$/GAL
2024-01-29,NUS,U.S.,EPMR,Regular Gasoline,PTE,Retail Sales,EMM_EPMR_PTE_NUS_DPG,U.S. Regular All Formulations Retail Gasoline Prices (Dollars per Gallon),3.095,$/GAL
2024-01-29,YORD,CHICAGO,EPMR,Regular Gasoline,PTE,Retail Sales,EMM_EPMR_PTE_YORD_DPG,Chicago Regular All Formulations Retail Gasoline Prices (Dollars per Gallon),3.234,$/GAL
2024-01-29,YMIA,MIAMI,EPMR,Regular Gasoline,PTE,Retail Sales,EMM_EPMR_PTE_YMIA_DPG,"Miami, FL Regular All Formulations Retail Gasoline Prices (Dollars per Gallon)",3.148,$/GAL
2024-01-29,YDEN,DENVER,EPMR,Regular Gasoline,PTE,Retail Sales,EMM_EPMR_PTE_YDEN_DPG,Denver Regular All Formulations Retail Gasoline Prices (Dollars per Gallon),2.687,$/GAL
2024-01-29,YCLE,CLEVELAND,EPMR,Regular Gasoline,PTE,Retail Sales,EMM_EPMR_PTE_YCLE_DPG,"Cleveland, OH Regular All Formulations Retail Gasoline Prices (Dollars per Gallon)",2.993,$/GAL
2024-01-29,YBOS,BOSTON,EPMR,Regular Gasoline,PTE,Retail Sales,EMM_EPMR_PTE_YBOS_DPG,"Boston, MA Regular All Formulations Retail Gasoline Prices (Dollars per Gallon)",3.115,$/GAL
2024-01-29,Y48SE,SEATTLE,EPMR,Regular Gasoline,PTE,Retail Sales,EMM_EPMR_PTE_Y48SE_DPG,"Seattle, WA Regular All Formulations Retail Gasoline Prices (Dollars per Gallon)",4.044,$/GAL
2024-01-29,Y44HO,HOUSTON,EPMR,Regular Gasoline,PTE,Retail Sales,EMM_EPMR_PTE_Y44HO_DPG,Houston Regular All Formulations Retail Gasoline Prices (Dollars per Gallon),2.675,$/GAL
2024-01-29,Y35NY,NEW YORK CITY,EPMR,Regular Gasoline,PTE,Retail Sales,EMM_EPMR_PTE_Y35NY_DPG,New York City Regular All Formulations Retail Gasoline Prices (Dollars per Gallon),3.097,$/GAL
2024-01-29,Y05SF,SAN FRANCISCO,EPMR,Regular Gasoline,PTE,Retail Sales,EMM_EPMR_PTE_Y05SF_DPG,San Francisco Regular All Formulations Retail Gasoline Prices (Dollars per Gallon),4.348,$/GAL
2024-01-29,Y05LA,LOS ANGELES,EPMR,Regular Gasoline,PTE,Retail Sales,EMM_EPMR_PTE_Y05LA_DPG,Los Angeles Regular All Formulations Retail Gasoline Prices (Dollars per Gallon),4.293,$/GAL
2024-01-29,SWA,WASHINGTON,EPMR,Regular Gasoline,PTE,Retail Sales,EMM_EPMR_PTE_SWA_DPG,Washington Regular All Formulations Retail Gasoline Prices (Dollars per Gallon),3.82,$/GAL
2024-01-29,STX,TEXAS,EPMR,Regular Gasoline,PTE,Retail Sales,EMM_EPMR_PTE_STX_DPG,Texas Regular All Formulations Retail Gasoline Prices (Dollars per Gallon),2.745,$/GAL
2024-01-29,SOH,OHIO,EPMR,Regular Gasoline,PTE,Retail Sales,EMM_EPMR_PTE_SOH_DPG,Ohio Regular All Formulations Retail Gasoline Prices (Dollars per Gallon),2.982,$/GAL
2024-01-29,SNY,NEW YORK,EPMR,Regular Gasoline,PTE,Retail Sales,EMM_EPMR_PTE_SNY_DPG,New York Regular All Formulations Retail Gasoline Prices (Dollars per Gallon),3.147,$/GAL
2024-01-29,SMN,MINNESOTA,EPMR,Regular Gasoline,PTE,Retail Sales,EMM_EPMR_PTE_SMN_DPG,Minnesota Regular All Formulations Retail Gasoline Prices (Dollars per Gallon),2.818,$/GAL
2024-01-29,SMA,MASSACHUSETTS,EPMR,Regular Gasoline,PTE,Retail Sales,EMM_EPMR_PTE_SMA_DPG,Massachusetts Regular All Formulations Retail Gasoline Prices (Dollars per Gallon),3.065,$/GAL
2024-01-29,SFL,FLORIDA,EPMR,Regular Gasoline,PTE,Retail Sales,EMM_EPMR_PTE_SFL_DPG,Florida Regular All Formulations Retail Gasoline Prices (Dollars per Gallon),3.078,$/GAL
2024-01-29,SCO,COLORADO,EPMR,Regular Gasoline,PTE,Retail Sales,EMM_EPMR_PTE_SCO_DPG,Colorado Regular All Formulations Retail Gasoline Prices (Dollars per Gallon),2.748,$/GAL
2024-01-29,SCA,CALIFORNIA,EPMR,Regular Gasoline,PTE,Retail Sales,EMM_EPMR_PTE_SCA_DPG,California Regular All Formulations Retail Gasoline Prices (Dollars per Gallon),4.294,$/GAL
2024-01-29,R5XCA,PADD 5 EXCEPT CALIFORNIA,EPMR,Regular Gasoline,PTE,Retail Sales,EMM_EPMR_PTE_R5XCA_DPG,West Coast (PADD 5) Except California Regular All Formulations Retail Gasoline Prices (Dollars per Gallon),3.548,$/GAL
2024-01-29,R50,PADD 5,EPMR,Regular Gasoline,PTE,Retail Sales,EMM_EPMR_PTE_R50_DPG,West Coast Regular All Formulations Retail Gasoline Prices (Dollars per Gallon),3.937,$/GAL
2024-01-29,R40,PADD 4,EPMR,Regular Gasoline,PTE,Retail Sales,EMM_EPMR_PTE_R40_DPG,Rocky Mountain Regular All Formulations Retail Gasoline Prices (Dollars per Gallon),2.732,$/GAL
2024-01-29,R30,PADD 3,EPMR,Regular Gasoline,PTE,Retail Sales,EMM_EPMR_PTE_R30_DPG,Gulf Coast Regular All Formulations Retail Gasoline Prices (Dollars per Gallon),2.753,$/GAL
2024-01-29,R20,PADD 2,EPMR,Regular Gasoline,PTE,Retail Sales,EMM_EPMR_PTE_R20_DPG,Midwest Regular All Formulations Retail Gasoline Prices (Dollars per Gallon),2.872,$/GAL
2024-01-29,R1Z,PADD 1C,EPMR,Regular Gasoline,PTE,Retail Sales,EMM_EPMR_PTE_R1Z_DPG,Lower Atlantic (PADD 1C) Regular All Formulations Retail Gasoline Prices (Dollars per Gallon),2.997,$/GAL
2024-01-29,R1Y,PADD 1B,EPMR,Regular Gasoline,PTE,Retail Sales,EMM_EPMR_PTE_R1Y_DPG,Central Atlantic (PADD 1B) Regular All Formulations Retail Gasoline Prices (Dollars per Gallon),3.215,$/GAL
2024-01-29,R1X,PADD 1A,EPMR,Regular Gasoline,PTE,Retail Sales,EMM_EPMR_PTE_R1X_DPG,New England (PADD 1A) Regular All Formulations Retail Gasoline Prices (Dollars per Gallon),3.091,$/GAL
2024-01-29,R10,PADD 1,EPMR,Regular Gasoline,PTE,Retail Sales,EMM_EPMR_PTE_R10_DPG,East Coast Regular All Formulations Retail Gasoline Prices (Dollars per Gallon),3.083,$/GAL
2024-01-22,NUS,U.S.,EPMR,Regular Gasoline,PTE,Retail Sales,EMM_EPMR_PTE_NUS_DPG,U.S. Regular All Formulations Retail Gasoline Prices (Dollars per Gallon),3.062,$/GAL
2024-01-22,YORD,CHICAGO,EPMR,Regular Gasoline,PTE,Retail Sales,EMM_EPMR_PTE_YORD_DPG,Chicago Regular All Formulations Retail Gasoline Prices (Dollars per Gallon),3.321,$/GAL
2024-01-22,YMIA,MIAMI,EPMR,Regular Gasoline,PTE,Retail Sales,EMM_EPMR_PTE_YMIA_DPG,"Miami, FL Regular All Formulations Retail Gasoline Prices (Dollars per Gallon)",3.025,$/GAL
2024-01-22,YDEN,DENVER,EPMR,Regular Gasoline,PTE,Retail Sales,EMM_EPMR_PTE_YDEN_DPG,Denver Regular All Formulations Retail Gasoline Prices (Dollars per Gallon),2.453,$/GAL
2024-01-22,YCLE,CLEVELAND,EPMR,Regular Gasoline,PTE,Retail Sales,EMM_EPMR_PTE_YCLE_DPG,"Cleveland, OH Regular All Formulations Retail Gasoline Prices (Dollars per Gallon)",3.071,$/GAL
2024-01-22,YBOS,BOSTON,EPMR,Regular Gasoline,PTE,Retail Sales,EMM_EPMR_PTE_YBOS_DPG,"Boston, MA Regular All Formulations Retail Gasoline Prices (Dollars per Gallon)",3.107,$/GAL
2024-01-22,Y48SE,SEATTLE,EPMR,Regular Gasoline,PTE,Retail Sales,EMM_EPMR_PTE_Y48SE_DPG,"Seattle, WA Regular All Formulations Retail Gasoline Prices (Dollars per Gallon)",4.075,$/GAL
2024-01-22,Y44HO,HOUSTON,EPMR,Regular Gasoline,PTE,Retail Sales,EMM_EPMR_PTE_Y44HO_DPG,Houston Regular All Formulations Retail Gasoline Prices (Dollars per Gallon),2.592,$/GAL
2024-01-22,Y35NY,NEW YORK CITY,EPMR,Regular Gasoline,PTE,Retail Sales,EMM_EPMR_PTE_Y35NY_DPG,New York City Regular All Formulations Retail Gasoline Prices (Dollars per Gallon),3.036,$/GAL
2024-01-22,Y05SF,SAN FRANCISCO,EPMR,Regular Gasoline,PTE,Retail Sales,EMM_EPMR_PTE_Y05SF_DPG,San Francisco Regular All Formulations Retail Gasoline Prices (Dollars per Gallon),4.37,$/GAL
2024-01-22,Y05LA,LOS ANGELES,EPMR,Regular Gasoline,PTE,Retail Sales,EMM_EPMR_PTE_Y05LA_DPG,Los Angeles Regular All Formulations Retail Gasoline Prices (Dollars per Gallon),4.243,$/GAL
2024-01-22,SWA,WASHINGTON,EPMR,Regular Gasoline,PTE,Retail Sales,EMM_EPMR_PTE_SWA_DPG,Washington Regular All Formulations Retail Gasoline Prices (Dollars per Gallon),3.843,$/GAL
2024-01-22,STX,TEXAS,EPMR,Regular Gasoline,PTE,Retail Sales,EMM_EPMR_PTE_STX_DPG,Texas Regular All Formulations Retail Gasoline Prices (Dollars per Gallon),2.658,$/GAL
2024-01-22,SOH,OHIO,EPMR,Regular Gasoline,PTE,Retail Sales,EMM_EPMR_PTE_SOH_DPG,Ohio Regular All Formulations Retail Gasoline Prices (Dollars per Gallon),3.106,$/GAL
2024-01-22,SNY,NEW YORK,EPMR,Regular Gasoline,PTE,Retail Sales,EMM_EPMR_PTE_SNY_DPG,New York Regular All Formulations Retail Gasoline Prices (Dollars per Gallon),3.114,$/GAL
2024-01-22,SMN,MINNESOTA,EPMR,Regular Gasoline,PTE,Retail Sales,EMM_EPMR_PTE_SMN_DPG,Minnesota Regular All Formulations Retail Gasoline Prices (Dollars per Gallon),2.748,$/GAL
2024-01-22,SMA,MASSACHUSETTS,EPMR,Regular Gasoline,PTE,Retail Sales,EMM_EPMR_PTE_SMA_DPG,Massachusetts Regular All Formulations Retail Gasoline Prices (Dollars per Gallon),3.066,$/GAL
2024-01-22,SFL,FLORIDA,EPMR,Regular Gasoline,PTE,Retail Sales,EMM_EPMR_PTE_SFL_DPG,Florida Regular All Formulations Retail Gasoline Prices (Dollars per Gallon),2.93,$/GAL
2024-01-22,SCO,COLORADO,EPMR,Regular Gasoline,PTE,Retail Sales,EMM_EPMR_PTE_SCO_DPG,Colorado Regular All Formulations Retail Gasoline Prices (Dollars per Gallon),2.526,$/GAL
2024-01-22,SCA,CALIFORNIA,EPMR,Regular Gasoline,PTE,Retail Sales,EMM_EPMR_PTE_SCA_DPG,California Regular All Formulations Retail Gasoline Prices (Dollars per Gallon),4.273,$/GAL
2024-01-22,R5XCA,PADD 5 EXCEPT CALIFORNIA,EPMR,Regular Gasoline,PTE,Retail Sales,EMM_EPMR_PTE_R5XCA_DPG,West Coast (PADD 5) Except California Regular All Formulations Retail Gasoline Prices (Dollars per Gallon),3.547,$/GAL
2024-01-22,R50,PADD 5,EPMR,Regular Gasoline,PTE,Retail Sales,EMM_EPMR_PTE_R50_DPG,West Coast Regular All Formulations Retail Gasoline Prices (Dollars per Gallon),3.926,$/GAL
2024-01-22,R40,PADD 4,EPMR,Regular Gasoline,PTE,Retail Sales,EMM_EPMR_PTE_R40_DPG,Rocky Mountain Regular All Formulations Retail Gasoline Prices (Dollars per Gallon),2.671,$/GAL
2024-01-22,R30,PADD 3,EPMR,Regular Gasoline,PTE,Retail Sales,EMM_EPMR_PTE_R30_DPG,Gulf Coast Regular All Formulations Retail Gasoline Prices (Dollars per Gallon),2.685,$/GAL
2024-01-22,R20,PADD 2,EPMR,Regular Gasoline,PTE,Retail Sales,EMM_EPMR_PTE_R20_DPG,Midwest Regular All Formulations Retail Gasoline Prices (Dollars per Gallon),2.889,$/GAL
2024-01-22,R1Z,PADD 1C,EPMR,Regular Gasoline,PTE,Retail Sales,EMM_EPMR_PTE_R1Z_DPG,Lower Atlantic (PADD 1C) Regular All Formulations Retail Gasoline Prices (Dollars per Gallon),2.908,$/GAL
2024-01-22,R1Y,PADD 1B,EPMR,Regular Gasoline,PTE,Retail Sales,EMM_EPMR_PTE_R1Y_DPG,Central Atlantic (PADD 1B) Regular All Formulations Retail Gasoline Prices (Dollars per Gallon),3.18,$/GAL
2024-01-22,R1X,PADD 1A,EPMR,Regular Gasoline,PTE,Retail Sales,EMM_EPMR_PTE_R1X_DPG,New England (PADD 1A) Regular All Formulations Retail Gasoline Prices (Dollars per Gallon),3.073,$/GAL
2024-01-22,R10,PADD 1,EPMR,Regular Gasoline,PTE,Retail Sales,EMM_EPMR_PTE_R10_DPG,East Coast Regular All Formulations Retail Gasoline Prices (Dollars per Gallon),3.021,$/GAL
2024-01-15,NUS,U.S.,EPMR,Regular Gasoline,PTE,Retail Sales,EMM_EPMR_PTE_NUS_DPG,U.S. Regular All Formulations Retail Gasoline Prices (Dollars per Gallon),3.058,$/GAL
2024-01-15,YORD,CHICAGO,EPMR,Regular Gasoline,PTE,Retail Sales,EMM_EPMR_PTE_YORD_DPG,Chicago Regular All Formulations Retail Gasoline Prices (Dollars per Gallon),3.161,$/GAL
2024-01-15,YMIA,MIAMI,EPMR,Regular Gasoline,PTE,Retail Sales,EMM_EPMR_PTE_YMIA_DPG,"Miami, FL Regular All Formulations Retail Gasoline Prices (Dollars per Gallon)",3.067,$/GAL
2024-01-15,YDEN,DENVER,EPMR,Regular Gasoline,PTE,Retail Sales,EMM_EPMR_PTE_YDEN_DPG,Denver Regular All Formulations Retail Gasoline Prices (Dollars per Gallon),2.491,$/GAL
2024-01-15,YCLE,CLEVELAND,EPMR,Regular Gasoline,PTE,Retail Sales,EMM_EPMR_PTE_YCLE_DPG,"Cleveland, OH Regular All Formulations Retail Gasoline Prices (Dollars per Gallon)",2.884,$/GAL
2024-01-15,YBOS,BOSTON,EPMR,Regular Gasoline,PTE,Retail Sales,EMM_EPMR_PTE_YBOS_DPG,"Boston, MA Regular All Formulations Retail Gasoline Prices (Dollars per Gallon)",3.124,$/GAL
2024-01-15,Y48SE,SEATTLE,EPMR,Regular Gasoline,PTE,Retail Sales,EMM_EPMR_PTE_Y48SE_DPG,"Seattle, WA Regular All Formulations Retail Gasoline Prices (Dollars per Gallon)",4.131,$/GAL
2024-01-15,Y44HO,HOUSTON,EPMR,Regular Gasoline,PTE,Retail Sales,EMM_EPMR_PTE_Y44HO_DPG,Houston Regular All Formulations Retail Gasoline Prices (Dollars per Gallon),2.561,$/GAL
2024-01-15,Y35NY,NEW YORK CITY,EPMR,Regular Gasoline,PTE,Retail Sales,EMM_EPMR_PTE_Y35NY_DPG,New York City Regular All Formulations Retail Gasoline Prices (Dollars per Gallon),3.036,$/GAL
2024-01-15,Y05SF,SAN FRANCISCO,EPMR,Regular Gasoline,PTE,Retail Sales,EMM_EPMR_PTE_Y05SF_DPG,San Francisco Regular All Formulations Retail Gasoline Prices (Dollars per Gallon),4.454,$/GAL
2024-01-15,Y05LA,LOS ANGELES,EPMR,Regular Gasoline,PTE,Retail Sales,EMM_EPMR_PTE_Y05LA_DPG,Los Angeles Regular All Formulations Retail Gasoline Prices (Dollars per Gallon),4.311,$/GAL
2024-01-15,SWA,WASHINGTON,EPMR,Regular Gasoline,PTE,Retail Sales,EMM_EPMR_PTE_SWA_DPG,Washington Regular All Formulations Retail Gasoline Prices (Dollars per Gallon),3.897,$/GAL
2024-01-15,STX,TEXAS,EPMR,Regular Gasoline,PTE,Retail Sales,EMM_EPMR_PTE_STX_DPG,Texas Regular All Formulations Retail Gasoline Prices (Dollars per Gallon),2.626,$/GAL
2024-01-15,SOH,OHIO,EPMR,Regular Gasoline,PTE,Retail Sales,EMM_EPMR_PTE_SOH_DPG,Ohio Regular All Formulations Retail Gasoline Prices (Dollars per Gallon),2.865,$/GAL
2024-01-15,SNY,NEW YORK,EPMR,Regular Gasoline,PTE,Retail Sales,EMM_EPMR_PTE_SNY_DPG,New York Regular All Formulations Retail Gasoline Prices (Dollars per Gallon),3.128,$/GAL
2024-01-15,SMN,MINNESOTA,EPMR,Regular Gasoline,PTE,Retail Sales,EMM_EPMR_PTE_SMN_DPG,Minnesota Regular All Formulations Retail Gasoline Prices (Dollars per Gallon),2.782,$/GAL
2024-01-15,SMA,MASSACHUSETTS,EPMR,Regular Gasoline,PTE,Retail Sales,EMM_EPMR_PTE_SMA_DPG,Massachusetts Regular All Formulations Retail Gasoline Prices (Dollars per Gallon),3.076,$/GAL
2024-01-15,SFL,FLORIDA,EPMR,Regular Gasoline,PTE,Retail Sales,EMM_EPMR_PTE_SFL_DPG,Florida Regular All Formulations Retail Gasoline Prices (Dollars per Gallon),3.017,$/GAL
2024-01-15,SCO,COLORADO,EPMR,Regular Gasoline,PTE,Retail Sales,EMM_EPMR_PTE_SCO_DPG,Colorado Regular All Formulations Retail Gasoline Prices (Dollars per Gallon),2.567,$/GAL
2024-01-15,SCA,CALIFORNIA,EPMR,Regular Gasoline,PTE,Retail Sales,EMM_EPMR_PTE_SCA_DPG,California Regular All Formulations Retail Gasoline Prices (Dollars per Gallon),4.339,$/GAL
2024-01-15,R5XCA,PADD 5 EXCEPT CALIFORNIA,EPMR,Regular Gasoline,PTE,Retail Sales,EMM_EPMR_PTE_R5XCA_DPG,West Coast (PADD 5) Except California Regular All Formulations Retail Gasoline Prices (Dollars per Gallon),3.579,$/GAL
2024-01-15,R50,PADD 5,EPMR,Regular Gasoline,PTE,Retail Sales,EMM_EPMR_PTE_R50_DPG,West Coast Regular All Formulations Retail Gasoline Prices (Dollars per Gallon),3.976,$/GAL
2024-01-15,R40,PADD 4,EPMR,Regular Gasoline,PTE,Retail Sales,EMM_EPMR_PTE_R40_DPG,Rocky Mountain Regular All Formulations Retail Gasoline Prices (Dollars per Gallon),2.733,$/GAL
2024-01-15,R30,PADD 3,EPMR,Regular Gasoline,PTE,Retail Sales,EMM_EPMR_PTE_R30_DPG,Gulf Coast Regular All Formulations Retail Gasoline Prices (Dollars per Gallon),2.67,$/GAL
2024-01-15,R20,PADD 2,EPMR,Regular Gasoline,PTE,Retail Sales,EMM_EPMR_PTE_R20_DPG,Midwest Regular All Formulations Retail Gasoline Prices (Dollars per Gallon),2.823,$/GAL
2024-01-15,R1Z,PADD 1C,EPMR,Regular Gasoline,PTE,Retail Sales,EMM_EPMR_PTE_R1Z_DPG,Lower Atlantic (PADD 1C) Regular All Formulations Retail Gasoline Prices (Dollars per Gallon),2.939,$/GAL
2024-01-15,R1Y,PADD 1B,EPMR,Regular Gasoline,PTE,Retail Sales,EMM_EPMR_PTE_R1Y_DPG,Central Atlantic (PADD 1B) Regular All Formulations Retail Gasoline Prices (Dollars per Gallon),3.18,$/GAL
2024-01-15,R1X,PADD 1A,EPMR,Regular Gasoline,PTE,Retail Sales,EMM_EPMR_PTE_R1X_DPG,New England (PADD 1A) Regular All Formulations Retail Gasoline Prices (Dollars per Gallon),3.084,$/GAL
2024-01-15,R10,PADD 1,EPMR,Regular Gasoline,PTE,Retail Sales,EMM_EPMR_PTE_R10_DPG,East Coast Regular All Formulations Retail Gasoline Prices (Dollars per Gallon),3.039,$/GAL
2024-01-08,NUS,U.S.,EPMR,Regular Gasoline,PTE,Retail Sales,EMM_EPMR_PTE_NUS_DPG,U.S. Regular All Formulations Retail Gasoline Prices (Dollars per Gallon),3.073,$/GAL
2024-01-08,YORD,CHICAGO,EPMR,Regular Gasoline,PTE,Retail Sales,EMM_EPMR_PTE_YORD_DPG,Chicago Regular All Formulations Retail Gasoline Prices (Dollars per Gallon),3.04,$/GAL
2024-01-08,YMIA,MIAMI,EPMR,Regular Gasoline,PTE,Retail Sales,EMM_EPMR_PTE_YMIA_DPG,"Miami, FL Regular All Formulations Retail Gasoline Prices (Dollars per Gallon)",3.129,$/GAL
2024-01-08,YDEN,DENVER,EPMR,Regular Gasoline,PTE,Retail Sales,EMM_EPMR_PTE_YDEN_DPG,Denver Regular All Formulations Retail Gasoline Prices (Dollars per Gallon),2.492,$/GAL
2024-01-08,YCLE,CLEVELAND,EPMR,Regular Gasoline,PTE,Retail Sales,EMM_EPMR_PTE_YCLE_DPG,"Cleveland, OH Regular All Formulations Retail Gasoline Prices (Dollars per Gallon)",2.555,$/GAL
2024-01-08,YBOS,BOSTON,EPMR,Regular Gasoline,PTE,Retail Sales,EMM_EPMR_PTE_YBOS_DPG,"Boston, MA Regular All Formulations Retail Gasoline Prices (Dollars per Gallon)",3.183,$/GAL
2024-01-08,Y48SE,SEATTLE,EPMR,Regular Gasoline,PTE,Retail Sales,EMM_EPMR_PTE_Y48SE_DPG,"Seattle, WA Regular All Formulations Retail Gasoline Prices (Dollars per Gallon)",4.165,$/GAL
2024-01-08,Y44HO,HOUSTON,EPMR,Regular Gasoline,PTE,Retail Sales,EMM_EPMR_PTE_Y44HO_DPG,Houston Regular All Formulations Retail Gasoline Prices (Dollars per Gallon),2.565,$/GAL
2024-01-08,Y35NY,NEW YORK CITY,EPMR,Regular Gasoline,PTE,Retail Sales,EMM_EPMR_PTE_Y35NY_DPG,New York City Regular All Formulations Retail Gasoline Prices (Dollars per Gallon),3.087,$/GAL
2024-01-08,Y05SF,SAN FRANCISCO,EPMR,Regular Gasoline,PTE,Retail Sales,EMM_EPMR_PTE_Y05SF_DPG,San Francisco Regular All Formulations Retail Gasoline Prices (Dollars per Gallon),4.576,$/GAL
2024-01-08,Y05LA,LOS ANGELES,EPMR,Regular Gasoline,PTE,Retail Sales,EMM_EPMR_PTE_Y05LA_DPG,Los Angeles Regular All Formulations Retail Gasoline Prices (Dollars per Gallon),4.443,$/GAL
2024-01-08,SWA,WASHINGTON,EPMR,Regular Gasoline,PTE,Retail Sales,EMM_EPMR_PTE_SWA_DPG,Washington Regular All Formulations Retail Gasoline Prices (Dollars per Gallon),3.927,$/GAL
2024-01-08,STX,TEXAS,EPMR,Regular Gasoline,PTE,Retail Sales,EMM_EPMR_PTE_STX_DPG,Texas Regular All Formulations Retail Gasoline Prices (Dollars per Gallon),2.639,$/GAL
2024-01-08,SOH,OHIO,EPMR,Regular Gasoline,PTE,Retail Sales,EMM_EPMR_PTE_SOH_DPG,Ohio Regular All Formulations Retail Gasoline Prices (Dollars per Gallon),2.609,$/GAL
2024-01-08,SNY,NEW YORK,EPMR,Regular Gasoline,PTE,Retail Sales,EMM_EPMR_PTE_SNY_DPG,New York Regular All Formulations Retail Gasoline Prices (Dollars per Gallon),3.192,$/GAL
2024-01-08,SMN,MINNESOTA,EPMR,Regular Gasoline,PTE,Retail Sales,EMM_EPMR_PTE_SMN_DPG,Minnesota Regular All Formulations Retail Gasoline Prices (Dollars per Gallon),2.84,$/GAL
2024-01-08,SMA,MASSACHUSETTS,EPMR,Regular Gasoline,PTE,Retail Sales,EMM_EPMR_PTE_SMA_DPG,Massachusetts Regular All Formulations Retail Gasoline Prices (Dollars per Gallon),3.137,$/GAL
2024-01-08,SFL,FLORIDA,EPMR,Regular Gasoline,PTE,Retail Sales,EMM_EPMR_PTE_SFL_DPG,Florida Regular All Formulations Retail Gasoline Prices (Dollars per Gallon),3.109,$/GAL
2024-01-08,SCO,COLORADO,EPMR,Regular Gasoline,PTE,Retail Sales,EMM_EPMR_PTE_SCO_DPG,Colorado Regular All Formulations Retail Gasoline Prices (Dollars per Gallon),2.578,$/GAL
2024-01-08,SCA,CALIFORNIA,EPMR,Regular Gasoline,PTE,Retail Sales,EMM_EPMR_PTE_SCA_DPG,California Regular All Formulations Retail Gasoline Prices (Dollars per Gallon),4.459,$/GAL
2024-01-08,R5XCA,PADD 5 EXCEPT CALIFORNIA,EPMR,Regular Gasoline,PTE,Retail Sales,EMM_EPMR_PTE_R5XCA_DPG,West Coast (PADD 5) Except California Regular All Formulations Retail Gasoline Prices (Dollars per Gallon),3.648,$/GAL
2024-01-08,R50,PADD 5,EPMR,Regular Gasoline,PTE,Retail Sales,EMM_EPMR_PTE_R50_DPG,West Coast Regular All Formulations Retail Gasoline Prices (Dollars per Gallon),4.072,$/GAL
2024-01-08,R40,PADD 4,EPMR,Regular Gasoline,PTE,Retail Sales,EMM_EPMR_PTE_R40_DPG,Rocky Mountain Regular All Formulations Retail Gasoline Prices (Dollars per Gallon),2.765,$/GAL
2024-01-08,R30,PADD 3,EPMR,Regular Gasoline,PTE,Retail Sales,EMM_EPMR_PTE_R30_DPG,Gulf Coast Regular All Formulations Retail Gasoline Prices (Dollars per Gallon),2.676,$/GAL
2024-01-08,R20,PADD 2,EPMR,Regular Gasoline,PTE,Retail Sales,EMM_EPMR_PTE_R20_DPG,Midwest Regular All Formulations Retail Gasoline Prices (Dollars per Gallon),2.768,$/GAL
2024-01-08,R1Z,PADD 1C,EPMR,Regular Gasoline,PTE,Retail Sales,EMM_EPMR_PTE_R1Z_DPG,Lower Atlantic (PADD 1C) Regular All Formulations Retail Gasoline Prices (Dollars per Gallon),2.975,$/GAL
2024-01-08,R1Y,PADD 1B,EPMR,Regular Gasoline,PTE,Retail Sales,EMM_EPMR_PTE_R1Y_DPG,Central Atlantic (PADD 1B) Regular All Formulations Retail Gasoline Prices (Dollars per Gallon),3.218,$/GAL
2024-01-08,R1X,PADD 1A,EPMR,Regular Gasoline,PTE,Retail Sales,EMM_EPMR_PTE_R1X_DPG,New England (PADD 1A) Regular All Formulations Retail Gasoline Prices (Dollars per Gallon),3.116,$/GAL
2024-01-08,R10,PADD 1,EPMR,Regular Gasoline,PTE,Retail Sales,EMM_EPMR_PTE_R10_DPG,East Coast Regular All Formulations Retail Gasoline Prices (Dollars per Gallon),3.075,$/GAL
2024-01-01,NUS,U.S.,EPMR,Regular Gasoline,PTE,Retail Sales,EMM_EPMR_PTE_NUS_DPG,U.S. Regular All Formulations Retail Gasoline Prices (Dollars per Gallon),3.089,$/GAL
2024-01-01,YORD,CHICAGO,EPMR,Regular Gasoline,PTE,Retail Sales,EMM_EPMR_PTE_YORD_DPG,Chicago Regular All Formulations Retail Gasoline Prices (Dollars per Gallon),2.981,$/GAL
2024-01-01,YMIA,MIAMI,EPMR,Regular Gasoline,PTE,Retail Sales,EMM_EPMR_PTE_YMIA_DPG,"Miami, FL Regular All Formulations Retail Gasoline Prices (Dollars per Gallon)",3.116,$/GAL
2024-01-01,YDEN,DENVER,EPMR,Regular Gasoline,PTE,Retail Sales,EMM_EPMR_PTE_YDEN_DPG,Denver Regular All Formulations Retail Gasoline Prices (Dollars per Gallon),2.534,$/GAL
2024-01-01,YCLE,CLEVELAND,EPMR,Regular Gasoline,PTE,Retail Sales,EMM_EPMR_PTE_YCLE_DPG,"Cleveland, OH Regular All Formulations Retail Gasoline Prices (Dollars per Gallon)",2.71,$/GAL
2024-01-01,YBOS,BOSTON,EPMR,Regular Gasoline,PTE,Retail Sales,EMM_EPMR_PTE_YBOS_DPG,"Boston, MA Regular All Formulations Retail Gasoline Prices (Dollars per Gallon)",3.194,$/GAL
2024-01-01,Y48SE,SEATTLE,EPMR,Regular Gasoline,PTE,Retail Sales,EMM_EPMR_PTE_Y48SE_DPG,"Seattle, WA Regular All Formulations Retail Gasoline Prices (Dollars per Gallon)",4.225,$/GAL
2024-01-01,Y44HO,HOUSTON,EPMR,Regular Gasoline,PTE,Retail Sales,EMM_EPMR_PTE_Y44HO_DPG,Houston Regular All Formulations Retail Gasoline Prices (Dollars per Gallon),2.563,$/GAL
2024-01-01,Y35NY,NEW YORK CITY,EPMR,Regular Gasoline,PTE,Retail Sales,EMM_EPMR_PTE_Y35NY_DPG,New York City Regular All Formulations Retail Gasoline Prices (Dollars per Gallon),3.107,$/GAL
2024-01-01,Y05SF,SAN FRANCISCO,EPMR,Regular Gasoline,PTE,Retail Sales,EMM_EPMR_PTE_Y05SF_DPG,San Francisco Regular All Formulations Retail Gasoline Prices (Dollars per Gallon),4.602,$/GAL
2024-01-01,Y05LA,LOS ANGELES,EPMR,Regular Gasoline,PTE,Retail Sales,EMM_EPMR_PTE_Y05LA_DPG,Los Angeles Regular All Formulations Retail Gasoline Prices (Dollars per Gallon),4.465,$/GAL
2024-01-01,SWA,WASHINGTON,EPMR,Regular Gasoline,PTE,Retail Sales,EMM_EPMR_PTE_SWA_DPG,Washington Regular All Formulations Retail Gasoline Prices (Dollars per Gallon),3.987,$/GAL
2024-01-01,STX,TEXAS,EPMR,Regular Gasoline,PTE,Retail Sales,EMM_EPMR_PTE_STX_DPG,Texas Regular All Formulations Retail Gasoline Prices (Dollars per Gallon),2.605,$/GAL
2024-01-01,SOH,OHIO,EPMR,Regular Gasoline,PTE,Retail Sales,EMM_EPMR_PTE_SOH_DPG,Ohio Regular All Formulations Retail Gasoline Prices (Dollars per Gallon),2.772,$/GAL
2024-01-01,SNY,NEW YORK,EPMR,Regular Gasoline,PTE,Retail Sales,EMM_EPMR_PTE_SNY_DPG,New York Regular All Formulations Retail Gasoline Prices (Dollars per Gallon),3.208,$/GAL
2024-01-01,SMN,MINNESOTA,EPMR,Regular Gasoline,PTE,Retail Sales,EMM_EPMR_PTE_SMN_DPG,Minnesota Regular All Formulations Retail Gasoline Prices (Dollars per Gallon),2.849,$/GAL
2024-01-01,SMA,MASSACHUSETTS,EPMR,Regular Gasoline,PTE,Retail Sales,EMM_EPMR_PTE_SMA_DPG,Massachusetts Regular All Formulations Retail Gasoline Prices (Dollars per Gallon),3.151,$/GAL
2024-01-01,SFL,FLORIDA,EPMR,Regular Gasoline,PTE,Retail Sales,EMM_EPMR_PTE_SFL_DPG,Florida Regular All Formulations Retail Gasoline Prices (Dollars per Gallon),3.029,$/GAL
2024-01-01,SCO,COLORADO,EPMR,Regular Gasoline,PTE,Retail Sales,EMM_EPMR_PTE_SCO_DPG,Colorado Regular All Formulations Retail Gasoline Prices (Dollars per Gallon),2.611,$/GAL
2024-01-01,SCA,CALIFORNIA,EPMR,Regular Gasoline,PTE,Retail Sales,EMM_EPMR_PTE_SCA_DPG,California Regular All Formulations Retail Gasoline Prices (Dollars per Gallon),4.479,$/GAL
2024-01-01,R5XCA,PADD 5 EXCEPT CALIFORNIA,EPMR,Regular Gasoline,PTE,Retail Sales,EMM_EPMR_PTE_R5XCA_DPG,West Coast (PADD 5) Except California Regular All Formulations Retail Gasoline Prices (Dollars per Gallon),3.718,$/GAL
2024-01-01,R50,PADD 5,EPMR,Regular Gasoline,PTE,Retail Sales,EMM_EPMR_PTE_R50_DPG,West Coast Regular All Formulations Retail Gasoline Prices (Dollars per Gallon),4.115,$/GAL
2024-01-01,R40,PADD 4,EPMR,Regular Gasoline,PTE,Retail Sales,EMM_EPMR_PTE_R40_DPG,Rocky Mountain Regular All Formulations Retail Gasoline Prices (Dollars per Gallon),2.786,$/GAL
2024-01-01,R30,PADD 3,EPMR,Regular Gasoline,PTE,Retail Sales,EMM_EPMR_PTE_R30_DPG,Gulf Coast Regular All Formulations Retail Gasoline Prices (Dollars per Gallon),2.653,$/GAL
2024-01-01,R20,PADD 2,EPMR,Regular Gasoline,PTE,Retail Sales,EMM_EPMR_PTE_R20_DPG,Midwest Regular All Formulations Retail Gasoline Prices (Dollars per Gallon),2.795,$/GAL
2024-01-01,R1Z,PADD 1C,EPMR,Regular Gasoline,PTE,Retail Sales,EMM_EPMR_PTE_R1Z_DPG,Lower Atlantic (PADD 1C) Regular All Formulations Retail Gasoline Prices (Dollars per Gallon),2.973,$/GAL
2024-01-01,R1Y,PADD 1B,EPMR,Regular Gasoline,PTE,Retail Sales,EMM_EPMR_PTE_R1Y_DPG,Central Atlantic (PADD 1B) Regular All Formulations Retail Gasoline Prices (Dollars per Gallon),3.25,$/GAL
2024-01-01,R1X,PADD 1A,EPMR,Regular Gasoline,PTE,Retail Sales,EMM_EPMR_PTE_R1X_DPG,New England (PADD 1A) Regular All Formulations Retail Gasoline Prices (Dollars per Gallon),3.13,$/GAL
2024-01-01,R10,PADD 1,EPMR,Regular Gasoline,PTE,Retail Sales,EMM_EPMR_PTE_R10_DPG,East Coast Regular All Formulations Retail Gasoline Prices (Dollars per Gallon),3.087,$/GAL
2023-12-25,NUS,U.S.,EPMR,Regular Gasoline,PTE,Retail Sales,EMM_EPMR_PTE_NUS_DPG,U.S. Regular All Formulations Retail Gasoline Prices (Dollars per Gallon),3.116,$/GAL
2023-12-25,YORD,CHICAGO,EPMR,Regular Gasoline,PTE,Retail Sales,EMM_EPMR_PTE_YORD_DPG,Chicago Regular All Formulations Retail Gasoline Prices (Dollars per Gallon),3.089,$/GAL
2023-12-25,YMIA,MIAMI,EPMR,Regular Gasoline,PTE,Retail Sales,EMM_EPMR_PTE_YMIA_DPG,"Miami, FL Regular All Formulations Retail Gasoline Prices (Dollars per Gallon)",3.156,$/GAL
2023-12-25,YDEN,DENVER,EPMR,Regular Gasoline,PTE,Retail Sales,EMM_EPMR_PTE_YDEN_DPG,Denver Regular All Formulations Retail Gasoline Prices (Dollars per Gallon),2.609,$/GAL
2023-12-25,YCLE,CLEVELAND,EPMR,Regular Gasoline,PTE,Retail Sales,EMM_EPMR_PTE_YCLE_DPG,"Cleveland, OH Regular All Formulations Retail Gasoline Prices (Dollars per Gallon)",2.839,$/GAL
2023-12-25,YBOS,BOSTON,EPMR,Regular Gasoline,PTE,Retail Sales,EMM_EPMR_PTE_YBOS_DPG,"Boston, MA Regular All Formulations Retail Gasoline Prices (Dollars per Gallon)",3.21,$/GAL
2023-12-25,Y48SE,SEATTLE,EPMR,Regular Gasoline,PTE,Retail Sales,EMM_EPMR_PTE_Y48SE_DPG,"Seattle, WA Regular All Formulations Retail Gasoline Prices (Dollars per Gallon)",4.215,$/GAL
2023-12-25,Y44HO,HOUSTON,EPMR,Regular Gasoline,PTE,Retail Sales,EMM_EPMR_PTE_Y44HO_DPG,Houston Regular All Formulations Retail Gasoline Prices (Dollars per Gallon),2.609,$/GAL
2023-12-25,Y35NY,NEW YORK CITY,EPMR,Regular Gasoline,PTE,Retail Sales,EMM_EPMR_PTE_Y35NY_DPG,New York City Regular All Formulations Retail Gasoline Prices (Dollars per Gallon),3.125,$/GAL
2023-12-25,Y05SF,SAN FRANCISCO,EPMR,Regular Gasoline,PTE,Retail Sales,EMM_EPMR_PTE_Y05SF_DPG,San Francisco Regular All Formulations Retail Gasoline Prices (Dollars per Gallon),4.402,$/GAL
2023-12-25,Y05LA,LOS ANGELES,EPMR,Regular Gasoline,PTE,Retail Sales,EMM_EPMR_PTE_Y05LA_DPG,Los Angeles Regular All Formulations Retail Gasoline Prices (Dollars per Gallon),4.363,$/GAL
2023-12-25,SWA,WASHINGTON,EPMR,Regular Gasoline,PTE,Retail Sales,EMM_EPMR_PTE_SWA_DPG,Washington Regular All Formulations Retail Gasoline Prices (Dollars per Gallon),4.001,$/GAL
2023-12-25,STX,TEXAS,EPMR,Regular Gasoline,PTE,Retail Sales,EMM_EPMR_PTE_STX_DPG,Texas Regular All Formulations Retail Gasoline Prices (Dollars per Gallon),2.639,$/GAL
2023-12-25,SOH,OHIO,EPMR,Regular Gasoline,PTE,Retail Sales,EMM_EPMR_PTE_SOH_DPG,Ohio Regular All Formulations Retail Gasoline Prices (Dollars per Gallon),2.901,$/GAL
2023-12-25,SNY,NEW YORK,EPMR,Regular Gasoline,PTE,Retail Sales,EMM_EPMR_PTE_SNY_DPG,New York Regular All Formulations Retail Gasoline Prices (Dollars per Gallon),3.234,$/GAL
2023-12-25,SMN,MINNESOTA,EPMR,Regular Gasoline,PTE,Retail Sales,EMM_EPMR_PTE_SMN_DPG,Minnesota Regular All Formulations Retail Gasoline Prices (Dollars per Gallon),2.869,$/GAL
2023-12-25,SMA,MASSACHUSETTS,EPMR,Regular Gasoline,PTE,Retail Sales,EMM_EPMR_PTE_SMA_DPG,Massachusetts Regular All Formulations Retail Gasoline Prices (Dollars per Gallon),3.169,$/GAL
2023-12-25,SFL,FLORIDA,EPMR,Regular Gasoline,PTE,Retail Sales,EMM_EPMR_PTE_SFL_DPG,Florida Regular All Formulations Retail Gasoline Prices (Dollars per Gallon),3.094,$/GAL
2023-12-25,SCO,COLORADO,EPMR,Regular Gasoline,PTE,Retail Sales,EMM_EPMR_PTE_SCO_DPG,Colorado Regular All Formulations Retail Gasoline Prices (Dollars per Gallon),2.703,$/GAL
2023-12-25,SCA,CALIFORNIA,EPMR,Regular Gasoline,PTE,Retail Sales,EMM_EPMR_PTE_SCA_DPG,California Regular All Formulations Retail Gasoline Prices (Dollars per Gallon),4.371,$/GAL
2023-12-25,R5XCA,PADD 5 EXCEPT CALIFORNIA,EPMR,Regular Gasoline,PTE,Retail Sales,EMM_EPMR_PTE_R5XCA_DPG,West Coast (PADD 5) Except California Regular All Formulations Retail Gasoline Prices (Dollars per Gallon),3.701,$/GAL
2023-12-25,R50,PADD 5,EPMR,Regular Gasoline,PTE,Retail Sales,EMM_EPMR_PTE_R50_DPG,West Coast Regular All Formulations Retail Gasoline Prices (Dollars per Gallon),4.051,$/GAL
2023-12-25,R40,PADD 4,EPMR,Regular Gasoline,PTE,Retail Sales,EMM_EPMR_PTE_R40_DPG,Rocky Mountain Regular All Formulations Retail Gasoline Prices (Dollars per Gallon),2.861,$/GAL
2023-12-25,R30,PADD 3,EPMR,Regular Gasoline,PTE,Retail Sales,EMM_EPMR_PTE_R30_DPG,Gulf Coast Regular All Formulations Retail Gasoline Prices (Dollars per Gallon),2.684,$/GAL
2023-12-25,R20,PADD 2,EPMR,Regular Gasoline,PTE,Retail Sales,EMM_EPMR_PTE_R20_DPG,Midwest Regular All Formulations Retail Gasoline Prices (Dollars per Gallon),2.858,$/GAL
2023-12-25,R1Z,PADD 1C,EPMR,Regular Gasoline,PTE,Retail Sales,EMM_EPMR_PTE_R1Z_DPG,Lower Atlantic (PADD 1C) Regular All Formulations Retail Gasoline Prices (Dollars per Gallon),3.006,$/GAL
2023-12-25,R1Y,PADD 1B,EPMR,Regular Gasoline,PTE,Retail Sales,EMM_EPMR_PTE_R1Y_DPG,Central Atlantic (PADD 1B) Regular All Formulations Retail Gasoline Prices (Dollars per Gallon),3.28,$/GAL
2023-12-25,R1X,PADD 1A,EPMR,Regular Gasoline,PTE,Retail Sales,EMM_EPMR_PTE_R1X_DPG,New England (PADD 1A) Regular All Formulations Retail Gasoline Prices (Dollars per Gallon),3.147,$/GAL
2023-12-25,R10,PADD 1,EPMR,Regular Gasoline,PTE,Retail Sales,EMM_EPMR_PTE_R10_DPG,East Coast Regular All Formulations Retail Gasoline Prices (Dollars per Gallon),3.117,$/GAL
2023-12-18,NUS,U.S.,EPMR,Regular Gasoline,PTE,Retail Sales,EMM_EPMR_PTE_NUS_DPG,U.S. Regular All Formulations Retail Gasoline Prices (Dollars per Gallon),3.053,$/GAL
2023-12-18,YORD,CHICAGO,EPMR,Regular Gasoline,PTE,Retail Sales,EMM_EPMR_PTE_YORD_DPG,Chicago Regular All Formulations Retail Gasoline Prices (Dollars per Gallon),3.15,$/GAL
2023-12-18,YMIA,MIAMI,EPMR,Regular Gasoline,PTE,Retail Sales,EMM_EPMR_PTE_YMIA_DPG,"Miami, FL Regular All Formulations Retail Gasoline Prices (Dollars per Gallon)",2.973,$/GAL
2023-12-18,YDEN,DENVER,EPMR,Regular Gasoline,PTE,Retail Sales,EMM_EPMR_PTE_YDEN_DPG,Denver Regular All Formulations Retail Gasoline Prices (Dollars per Gallon),2.46,$/GAL
2023-12-18,YCLE,CLEVELAND,EPMR,Regular Gasoline,PTE,Retail Sales,EMM_EPMR_PTE_YCLE_DPG,"Cleveland, OH Regular All Formulations Retail Gasoline Prices (Dollars per Gallon)",2.736,$/GAL
2023-12-18,YBOS,BOSTON,EPMR,Regular Gasoline,PTE,Retail Sales,EMM_EPMR_PTE_YBOS_DPG,"Boston, MA Regular All Formulations Retail Gasoline Prices (Dollars per Gallon)",3.21,$/GAL
2023-12-18,Y48SE,SEATTLE,EPMR,Regular Gasoline,PTE,Retail Sales,EMM_EPMR_PTE_Y48SE_DPG,"Seattle, WA Regular All Formulations Retail Gasoline Prices (Dollars per Gallon)",4.277,$/GAL
2023-12-18,Y44HO,HOUSTON,EPMR,Regular Gasoline,PTE,Retail Sales,EMM_EPMR_PTE_Y44HO_DPG,Houston Regular All Formulations Retail Gasoline Prices (Dollars per Gallon),2.497,$/GAL
2023-12-18,Y35NY,NEW YORK CITY,EPMR,Regular Gasoline,PTE,Retail Sales,EMM_EPMR_PTE_Y35NY_DPG,New York City Regular All Formulations Retail Gasoline Prices (Dollars per Gallon),3.143,$/GAL
2023-12-18,Y05SF,SAN FRANCISCO,EPMR,Regular Gasoline,PTE,Retail Sales,EMM_EPMR_PTE_Y05SF_DPG,San Francisco Regular All Formulations Retail Gasoline Prices (Dollars per Gallon),4.35,$/GAL
2023-12-18,Y05LA,LOS ANGELES,EPMR,Regular Gasoline,PTE,Retail Sales,EMM_EPMR_PTE_Y05LA_DPG,Los Angeles Regular All Formulations Retail Gasoline Prices (Dollars per Gallon),4.353,$/GAL
2023-12-18,SWA,WASHINGTON,EPMR,Regular Gasoline,PTE,Retail Sales,EMM_EPMR_PTE_SWA_DPG,Washington Regular All Formulations Retail Gasoline Prices (Dollars per Gallon),4.055,$/GAL
2023-12-18,STX,TEXAS,EPMR,Regular Gasoline,PTE,Retail Sales,EMM_EPMR_PTE_STX_DPG,Texas Regular All Formulations Retail Gasoline Prices (Dollars per Gallon),2.463,$/GAL
2023-12-18,SOH,OHIO,EPMR,Regular Gasoline,PTE,Retail Sales,EMM_EPMR_PTE_SOH_DPG,Ohio Regular All Formulations Retail Gasoline Prices (Dollars per Gallon),2.658,$/GAL
2023-12-18,SNY,NEW YORK,EPMR,Regular Gasoline,PTE,Retail Sales,EMM_EPMR_PTE_SNY_DPG,New York Regular All Formulations Retail Gasoline Prices (Dollars per Gallon),3.256,$/GAL
2023-12-18,SMN,MINNESOTA,EPMR,Regular Gasoline,PTE,Retail Sales,EMM_EPMR_PTE_SMN_DPG,Minnesota Regular All Formulations Retail Gasoline Prices (Dollars per Gallon),2.84,$/GAL
2023-12-18,SMA,MASSACHUSETTS,EPMR,Regular Gasoline,PTE,Retail Sales,EMM_EPMR_PTE_SMA_DPG,Massachusetts Regular All Formulations Retail Gasoline Prices (Dollars per Gallon),3.189,$/GAL
2023-12-18,SFL,FLORIDA,EPMR,Regular Gasoline,PTE,Retail Sales,EMM_EPMR_PTE_SFL_DPG,Florida Regular All Formulations Retail Gasoline Prices (Dollars per Gallon),2.812,$/GAL
2023-12-18,SCO,COLORADO,EPMR,Regular Gasoline,PTE,Retail Sales,EMM_EPMR_PTE_SCO_DPG,Colorado Regular All Formulations Retail Gasoline Prices (Dollars per Gallon),2.576,$/GAL
2023-12-18,SCA,CALIFORNIA,EPMR,Regular Gasoline,PTE,Retail Sales,EMM_EPMR_PTE_SCA_DPG,California Regular All Formulations Retail Gasoline Prices (Dollars per Gallon),4.359,$/GAL
2023-12-18,R5XCA,PADD 5 EXCEPT CALIFORNIA,EPMR,Regular Gasoline,PTE,Retail Sales,EMM_EPMR_PTE_R5XCA_DPG,West Coast (PADD 5) Except California Regular All Formulations Retail Gasoline Prices (Dollars per Gallon),3.722,$/GAL
2023-12-18,R50,PADD 5,EPMR,Regular Gasoline,PTE,Retail Sales,EMM_EPMR_PTE_R50_DPG,West Coast Regular All Formulations Retail Gasoline Prices (Dollars per Gallon),4.055,$/GAL
2023-12-18,R40,PADD 4,EPMR,Regular Gasoline,PTE,Retail Sales,EMM_EPMR_PTE_R40_DPG,Rocky Mountain Regular All Formulations Retail Gasoline Prices (Dollars per Gallon),2.808,$/GAL
2023-12-18,R30,PADD 3,EPMR,Regular Gasoline,PTE,Retail Sales,EMM_EPMR_PTE_R30_DPG,Gulf Coast Regular All Formulations Retail Gasoline Prices (Dollars per Gallon),2.547,$/GAL
2023-12-18,R20,PADD 2,EPMR,Regular Gasoline,PTE,Retail Sales,EMM_EPMR_PTE_R20_DPG,Midwest Regular All Formulations Retail Gasoline Prices (Dollars per Gallon),2.798,$/GAL
2023-12-18,R1Z,PADD 1C,EPMR,Regular Gasoline,PTE,Retail Sales,EMM_EPMR_PTE_R1Z_DPG,Lower Atlantic (PADD 1C) Regular All Formulations Retail Gasoline Prices (Dollars per Gallon),2.88,$/GAL
2023-12-18,R1Y,PADD 1B,EPMR,Regular Gasoline,PTE,Retail Sales,EMM_EPMR_PTE_R1Y_DPG,Central Atlantic (PADD 1B) Regular All Formulations Retail Gasoline Prices (Dollars per Gallon),3.278,$/GAL
2023-12-18,R1X,PADD 1A,EPMR,Regular Gasoline,PTE,Retail Sales,EMM_EPMR_PTE_R1X_DPG,New England (PADD 1A) Regular All Formulations Retail Gasoline Prices (Dollars per Gallon),3.176,$/GAL
2023-12-18,R10,PADD 1,EPMR,Regular Gasoline,PTE,Retail Sales,EMM_EPMR_PTE_R10_DPG,East Coast Regular All Formulations Retail Gasoline Prices (Dollars per Gallon),3.05,$/GAL
2023-12-11,NUS,U.S.,EPMR,Regular Gasoline,PTE,Retail Sales,EMM_EPMR_PTE_NUS_DPG,U.S. Regular All Formulations Retail Gasoline Prices (Dollars per Gallon),3.136,$/GAL
2023-12-11,YORD,CHICAGO,EPMR,Regular Gasoline,PTE,Retail Sales,EMM_EPMR_PTE_YORD_DPG,Chicago Regular All Formulations Retail Gasoline Prices (Dollars per Gallon),3.305,$/GAL
2023-12-11,YMIA,MIAMI,EPMR,Regular Gasoline,PTE,Retail Sales,EMM_EPMR_PTE_YMIA_DPG,"Miami, FL Regular All Formulations Retail Gasoline Prices (Dollars per Gallon)",3.061,$/GAL
2023-12-11,YDEN,DENVER,EPMR,Regular Gasoline,PTE,Retail Sales,EMM_EPMR_PTE_YDEN_DPG,Denver Regular All Formulations Retail Gasoline Prices (Dollars per Gallon),2.559,$/GAL
2023-12-11,YCLE,CLEVELAND,EPMR,Regular Gasoline,PTE,Retail Sales,EMM_EPMR_PTE_YCLE_DPG,"Cleveland, OH Regular All Formulations Retail Gasoline Prices (Dollars per Gallon)",2.873,$/GAL
2023-12-11,YBOS,BOSTON,EPMR,Regular Gasoline,PTE,Retail Sales,EMM_EPMR_PTE_YBOS_DPG,"Boston, MA Regular All Formulations Retail Gasoline Prices (Dollars per Gallon)",3.251,$/GAL
2023-12-11,Y48SE,SEATTLE,EPMR,Regular Gasoline,PTE,Retail Sales,EMM_EPMR_PTE_Y48SE_DPG,"Seattle, WA Regular All Formulations Retail Gasoline Prices (Dollars per Gallon)",4.339,$/GAL
2023-12-11,Y44HO,HOUSTON,EPMR,Regular Gasoline,PTE,Retail Sales,EMM_EPMR_PTE_Y44HO_DPG,Houston Regular All Formulations Retail Gasoline Prices (Dollars per Gallon),2.554,$/GAL
2023-12-11,Y35NY,NEW YORK CITY,EPMR,Regular Gasoline,PTE,Retail Sales,EMM_EPMR_PTE_Y35NY_DPG,New York City Regular All Formulations Retail Gasoline Prices (Dollars per Gallon),3.21,$/GAL
2023-12-11,Y05SF,SAN FRANCISCO,EPMR,Regular Gasoline,PTE,Retail Sales,EMM_EPMR_PTE_Y05SF_DPG,San Francisco Regular All Formulations Retail Gasoline Prices (Dollars per Gallon),4.498,$/GAL
2023-12-11,Y05LA,LOS ANGELES,EPMR,Regular Gasoline,PTE,Retail Sales,EMM_EPMR_PTE_Y05LA_DPG,Los Angeles Regular All Formulations Retail Gasoline Prices (Dollars per Gallon),4.427,$/GAL
2023-12-11,SWA,WASHINGTON,EPMR,Regular Gasoline,PTE,Retail Sales,EMM_EPMR_PTE_SWA_DPG,Washington Regular All Formulations Retail Gasoline Prices (Dollars per Gallon),4.102,$/GAL
2023-12-11,STX,TEXAS,EPMR,Regular Gasoline,PTE,Retail Sales,EMM_EPMR_PTE_STX_DPG,Texas Regular All Formulations Retail Gasoline Prices (Dollars per Gallon),2.558,$/GAL
2023-12-11,SOH,OHIO,EPMR,Regular Gasoline,PTE,Retail Sales,EMM_EPMR_PTE_SOH_DPG,Ohio Regular All Formulations Retail Gasoline Prices (Dollars per Gallon),2.778,$/GAL
2023-12-11,SNY,NEW YORK,EPMR,Regular Gasoline,PTE,Retail Sales,EMM_EPMR_PTE_SNY_DPG,New York Regular All Formulations Retail Gasoline Prices (Dollars per Gallon),3.323,$/GAL
2023-12-11,SMN,MINNESOTA,EPMR,Regular Gasoline,PTE,Retail Sales,EMM_EPMR_PTE_SMN_DPG,Minnesota Regular All Formulations Retail Gasoline Prices (Dollars per Gallon),2.928,$/GAL
2023-12-11,SMA,MASSACHUSETTS,EPMR,Regular Gasoline,PTE,Retail Sales,EMM_EPMR_PTE_SMA_DPG,Massachusetts Regular All Formulations Retail Gasoline Prices (Dollars per Gallon),3.239,$/GAL
2023-12-11,SFL,FLORIDA,EPMR,Regular Gasoline,PTE,Retail Sales,EMM_EPMR_PTE_SFL_DPG,Florida Regular All Formulations Retail Gasoline Prices (Dollars per Gallon),2.935,$/GAL
2023-12-11,SCO,COLORADO,EPMR,Regular Gasoline,PTE,Retail Sales,EMM_EPMR_PTE_SCO_DPG,Colorado Regular All Formulations Retail Gasoline Prices (Dollars per Gallon),2.667,$/GAL
2023-12-11,SCA,CALIFORNIA,EPMR,Regular Gasoline,PTE,Retail Sales,EMM_EPMR_PTE_SCA_DPG,California Regular All Formulations Retail Gasoline Prices (Dollars per Gallon),4.457,$/GAL
2023-12-11,R5XCA,PADD 5 EXCEPT CALIFORNIA,EPMR,Regular Gasoline,PTE,Retail Sales,EMM_EPMR_PTE_R5XCA_DPG,West Coast (PADD 5) Except California Regular All Formulations Retail Gasoline Prices (Dollars per Gallon),3.797,$/GAL
2023-12-11,R50,PADD 5,EPMR,Regular Gasoline,PTE,Retail Sales,EMM_EPMR_PTE_R50_DPG,West Coast Regular All Formulations Retail Gasoline Prices (Dollars per Gallon),4.141,$/GAL
2023-12-11,R40,PADD 4,EPMR,Regular Gasoline,PTE,Retail Sales,EMM_EPMR_PTE_R40_DPG,Rocky Mountain Regular All Formulations Retail Gasoline Prices (Dollars per Gallon),2.899,$/GAL
2023-12-11,R30,PADD 3,EPMR,Regular Gasoline,PTE,Retail Sales,EMM_EPMR_PTE_R30_DPG,Gulf Coast Regular All Formulations Retail Gasoline Prices (Dollars per Gallon),2.622,$/GAL
2023-12-11,R20,PADD 2,EPMR,Regular Gasoline,PTE,Retail Sales,EMM_EPMR_PTE_R20_DPG,Midwest Regular All Formulations Retail Gasoline Prices (Dollars per Gallon),2.901,$/GAL
2023-12-11,R1Z,PADD 1C,EPMR,Regular Gasoline,PTE,Retail Sales,EMM_EPMR_PTE_R1Z_DPG,Lower Atlantic (PADD 1C) Regular All Formulations Retail Gasoline Prices (Dollars per Gallon),2.949,$/GAL
2023-12-11,R1Y,PADD 1B,EPMR,Regular Gasoline,PTE,Retail Sales,EMM_EPMR_PTE_R1Y_DPG,Central Atlantic (PADD 1B) Regular All Formulations Retail Gasoline Prices (Dollars per Gallon),3.352,$/GAL
2023-12-11,R1X,PADD 1A,EPMR,Regular Gasoline,PTE,Retail Sales,EMM_EPMR_PTE_R1X_DPG,New England (PADD 1A) Regular All Formulations Retail Gasoline Prices (Dollars per Gallon),3.249,$/GAL
2023-12-11,R10,PADD 1,EPMR,Regular Gasoline,PTE,Retail Sales,EMM_EPMR_PTE_R10_DPG,East Coast Regular All Formulations Retail Gasoline Prices (Dollars per Gallon),3.123,$/GAL
2023-12-04,NUS,U.S.,EPMR,Regular Gasoline,PTE,Retail Sales,EMM_EPMR_PTE_NUS_DPG,U.S. Regular All Formulations Retail Gasoline Prices (Dollars per Gallon),3.231,$/GAL
2023-12-04,YORD,CHICAGO,EPMR,Regular Gasoline,PTE,Retail Sales,EMM_EPMR_PTE_YORD_DPG,Chicago Regular All Formulations Retail Gasoline Prices (Dollars per Gallon),3.39,$/GAL
2023-12-04,YMIA,MIAMI,EPMR,Regular Gasoline,PTE,Retail Sales,EMM_EPMR_PTE_YMIA_DPG,"Miami, FL Regular All Formulations Retail Gasoline Prices (Dollars per Gallon)",3.16,$/GAL
2023-12-04,YDEN,DENVER,EPMR,Regular Gasoline,PTE,Retail Sales,EMM_EPMR_PTE_YDEN_DPG,Denver Regular All Formulations Retail Gasoline Prices (Dollars per Gallon),2.72,$/GAL
2023-12-04,YCLE,CLEVELAND,EPMR,Regular Gasoline,PTE,Retail Sales,EMM_EPMR_PTE_YCLE_DPG,"Cleveland, OH Regular All Formulations Retail Gasoline Prices (Dollars per Gallon)",2.986,$/GAL
2023-12-04,YBOS,BOSTON,EPMR,Regular Gasoline,PTE,Retail Sales,EMM_EPMR_PTE_YBOS_DPG,"Boston, MA Regular All Formulations Retail Gasoline Prices (Dollars per Gallon)",3.328,$/GAL
2023-12-04,Y48SE,SEATTLE,EPMR,Regular Gasoline,PTE,Retail Sales,EMM_EPMR_PTE_Y48SE_DPG,"Seattle, WA Regular All Formulations Retail Gasoline Prices (Dollars per Gallon)",4.389,$/GAL
2023-12-04,Y44HO,HOUSTON,EPMR,Regular Gasoline,PTE,Retail Sales,EMM_EPMR_PTE_Y44HO_DPG,Houston Regular All Formulations Retail Gasoline Prices (Dollars per Gallon),2.621,$/GAL
2023-12-04,Y35NY,NEW YORK CITY,EPMR,Regular Gasoline,PTE,Retail Sales,EMM_EPMR_PTE_Y35NY_DPG,New York City Regular All Formulations Retail Gasoline Prices (Dollars per Gallon),3.265,$/GAL
2023-12-04,Y05SF,SAN FRANCISCO,EPMR,Regular Gasoline,PTE,Retail Sales,EMM_EPMR_PTE_Y05SF_DPG,San Francisco Regular All Formulations Retail Gasoline Prices (Dollars per Gallon),4.685,$/GAL
2023-12-04,Y05LA,LOS ANGELES,EPMR,Regular Gasoline,PTE,Retail Sales,EMM_EPMR_PTE_Y05LA_DPG,Los Angeles Regular All Formulations Retail Gasoline Prices (Dollars per Gallon),4.557,$/GAL
2023-12-04,SWA,WASHINGTON,EPMR,Regular Gasoline,PTE,Retail Sales,EMM_EPMR_PTE_SWA_DPG,Washington Regular All Formulations Retail Gasoline Prices (Dollars per Gallon),4.153,$/GAL
2023-12-04,STX,TEXAS,EPMR,Regular Gasoline,PTE,Retail Sales,EMM_EPMR_PTE_STX_DPG,Texas Regular All Formulations Retail Gasoline Prices (Dollars per Gallon),2.692,$/GAL
2023-12-04,SOH,OHIO,EPMR,Regular Gasoline,PTE,Retail Sales,EMM_EPMR_PTE_SOH_DPG,Ohio Regular All Formulations Retail Gasoline Prices (Dollars per Gallon),2.875,$/GAL
2023-12-04,SNY,NEW YORK,EPMR,Regular Gasoline,PTE,Retail Sales,EMM_EPMR_PTE_SNY_DPG,New York Regular All Formulations Retail Gasoline Prices (Dollars per Gallon),3.366,$/GAL
2023-12-04,SMN,MINNESOTA,EPMR,Regular Gasoline,PTE,Retail Sales,EMM_EPMR_PTE_SMN_DPG,Minnesota Regular All Formulations Retail Gasoline Prices (Dollars per Gallon),3.034,$/GAL
2023-12-04,SMA,MASSACHUSETTS,EPMR,Regular Gasoline,PTE,Retail Sales,EMM_EPMR_PTE_SMA_DPG,Massachusetts Regular All Formulations Retail Gasoline Prices (Dollars per Gallon),3.306,$/GAL
2023-12-04,SFL,FLORIDA,EPMR,Regular Gasoline,PTE,Retail Sales,EMM_EPMR_PTE_SFL_DPG,Florida Regular All Formulations Retail Gasoline Prices (Dollars per Gallon),3.102,$/GAL
2023-12-04,SCO,COLORADO,EPMR,Regular Gasoline,PTE,Retail Sales,EMM_EPMR_PTE_SCO_DPG,Colorado Regular All Formulations Retail Gasoline Prices (Dollars per Gallon),2.801,$/GAL
2023-12-04,SCA,CALIFORNIA,EPMR,Regular Gasoline,PTE,Retail Sales,EMM_EPMR_PTE_SCA_DPG,California Regular All Formulations Retail Gasoline Prices (Dollars per Gallon),4.596,$/GAL
2023-12-04,R5XCA,PADD 5 EXCEPT CALIFORNIA,EPMR,Regular Gasoline,PTE,Retail Sales,EMM_EPMR_PTE_R5XCA_DPG,West Coast (PADD 5) Except California Regular All Formulations Retail Gasoline Prices (Dollars per Gallon),3.877,$/GAL
2023-12-04,R50,PADD 5,EPMR,Regular Gasoline,PTE,Retail Sales,EMM_EPMR_PTE_R50_DPG,West Coast Regular All Formulations Retail Gasoline Prices (Dollars per Gallon),4.252,$/GAL
2023-12-04,R40,PADD 4,EPMR,Regular Gasoline,PTE,Retail Sales,EMM_EPMR_PTE_R40_DPG,Rocky Mountain Regular All Formulations Retail Gasoline Prices (Dollars per Gallon),3.015,$/GAL
2023-12-04,R30,PADD 3,EPMR,Regular Gasoline,PTE,Retail Sales,EMM_EPMR_PTE_R30_DPG,Gulf Coast Regular All Formulations Retail Gasoline Prices (Dollars per Gallon),2.738,$/GAL
2023-12-04,R20,PADD 2,EPMR,Regular Gasoline,PTE,Retail Sales,EMM_EPMR_PTE_R20_DPG,Midwest Regular All Formulations Retail Gasoline Prices (Dollars per Gallon),2.991,$/GAL
2023-12-04,R1Z,PADD 1C,EPMR,Regular Gasoline,PTE,Retail Sales,EMM_EPMR_PTE_R1Z_DPG,Lower Atlantic (PADD 1C) Regular All Formulations Retail Gasoline Prices (Dollars per Gallon),3.059,$/GAL
2023-12-04,R1Y,PADD 1B,EPMR,Regular Gasoline,PTE,Retail Sales,EMM_EPMR_PTE_R1Y_DPG,Central Atlantic (PADD 1B) Regular All Formulations Retail Gasoline Prices (Dollars per Gallon),3.402,$/GAL
2023-12-04,R1X,PADD 1A,EPMR,Regular Gasoline,PTE,Retail Sales,EMM_EPMR_PTE_R1X_DPG,New England (PADD 1A) Regular All Formulations Retail Gasoline Prices (Dollars per Gallon),3.304,$/GAL
2023-12-04,R10,PADD 1,EPMR,Regular Gasoline,PTE,Retail Sales,EMM_EPMR_PTE_R10_DPG,East Coast Regular All Formulations Retail Gasoline Prices (Dollars per Gallon),3.206,$/GAL
2023-11-27,NUS,U.S.,EPMR,Regular Gasoline,PTE,Retail Sales,EMM_EPMR_PTE_NUS_DPG,U.S. Regular All Formulations Retail Gasoline Prices (Dollars per Gallon),3.238,$/GAL
2023-11-27,YORD,CHICAGO,EPMR,Regular Gasoline,PTE,Retail Sales,EMM_EPMR_PTE_YORD_DPG,Chicago Regular All Formulations Retail Gasoline Prices (Dollars per Gallon),3.448,$/GAL
2023-11-27,YMIA,MIAMI,EPMR,Regular Gasoline,PTE,Retail Sales,EMM_EPMR_PTE_YMIA_DPG,"Miami, FL Regular All Formulations Retail Gasoline Prices (Dollars per Gallon)",3.013,$/GAL
2023-11-27,YDEN,DENVER,EPMR,Regular Gasoline,PTE,Retail Sales,EMM_EPMR_PTE_YDEN_DPG,Denver Regular All Formulations Retail Gasoline Prices (Dollars per Gallon),2.808,$/GAL
2023-11-27,YCLE,CLEVELAND,EPMR,Regular Gasoline,PTE,Retail Sales,EMM_EPMR_PTE_YCLE_DPG,"Cleveland, OH Regular All Formulations Retail Gasoline Prices (Dollars per Gallon)",3.016,$/GAL
2023-11-27,YBOS,BOSTON,EPMR,Regular Gasoline,PTE,Retail Sales,EMM_EPMR_PTE_YBOS_DPG,"Boston, MA Regular All Formulations Retail Gasoline Prices (Dollars per Gallon)",3.385,$/GAL
2023-11-27,Y48SE,SEATTLE,EPMR,Regular Gasoline,PTE,Retail Sales,EMM_EPMR_PTE_Y48SE_DPG,"Seattle, WA Regular All Formulations Retail Gasoline Prices (Dollars per Gallon)",4.446,$/GAL
2023-11-27,Y44HO,HOUSTON,EPMR,Regular Gasoline,PTE,Retail Sales,EMM_EPMR_PTE_Y44HO_DPG,Houston Regular All Formulations Retail Gasoline Prices (Dollars per Gallon),2.636,$/GAL
2023-11-27,Y35NY,NEW YORK CITY,EPMR,Regular Gasoline,PTE,Retail Sales,EMM_EPMR_PTE_Y35NY_DPG,New York City Regular All Formulations Retail Gasoline Prices (Dollars per Gallon),3.308,$/GAL
2023-11-27,Y05SF,SAN FRANCISCO,EPMR,Regular Gasoline,PTE,Retail Sales,EMM_EPMR_PTE_Y05SF_DPG,San Francisco Regular All Formulations Retail Gasoline Prices (Dollars per Gallon),4.768,$/GAL
2023-11-27,Y05LA,LOS ANGELES,EPMR,Regular Gasoline,PTE,Retail Sales,EMM_EPMR_PTE_Y05LA_DPG,Los Angeles Regular All Formulations Retail Gasoline Prices (Dollars per Gallon),4.67,$/GAL
2023-11-27,SWA,WASHINGTON,EPMR,Regular Gasoline,PTE,Retail Sales,EMM_EPMR_PTE_SWA_DPG,Washington Regular All Formulations Retail Gasoline Prices (Dollars per Gallon),4.209,$/GAL
2023-11-27,STX,TEXAS,EPMR,Regular Gasoline,PTE,Retail Sales,EMM_EPMR_PTE_STX_DPG,Texas Regular All Formulations Retail Gasoline Prices (Dollars per Gallon),2.644,$/GAL
2023-11-27,SOH,OHIO,EPMR,Regular Gasoline,PTE,Retail Sales,EMM_EPMR_PTE_SOH_DPG,Ohio Regular All Formulations Retail Gasoline Prices (Dollars per Gallon),2.949,$/GAL
2023-11-27,SNY,NEW YORK,EPMR,Regular Gasoline,PTE,Retail Sales,EMM_EPMR_PTE_SNY_DPG,New York Regular All Formulations Retail Gasoline Prices (Dollars per Gallon),3.411,$/GAL
2023-11-27,SMN,MINNESOTA,EPMR,Regular Gasoline,PTE,Retail Sales,EMM_EPMR_PTE_SMN_DPG,Minnesota Regular All Formulations Retail Gasoline Prices (Dollars per Gallon),3.079,$/GAL
2023-11-27,SMA,MASSACHUSETTS,EPMR,Regular Gasoline,PTE,Retail Sales,EMM_EPMR_PTE_SMA_DPG,Massachusetts Regular All Formulations Retail Gasoline Prices (Dollars per Gallon),3.352,$/GAL
2023-11-27,SFL,FLORIDA,EPMR,Regular Gasoline,PTE,Retail Sales,EMM_EPMR_PTE_SFL_DPG,Florida Regular All Formulations Retail Gasoline Prices (Dollars per Gallon),2.959,$/GAL
2023-11-27,SCO,COLORADO,EPMR,Regular Gasoline,PTE,Retail Sales,EMM_EPMR_PTE_SCO_DPG,Colorado Regular All Formulations Retail Gasoline Prices (Dollars per Gallon),2.891,$/GAL
2023-11-27,SCA,CALIFORNIA,EPMR,Regular Gasoline,PTE,Retail Sales,EMM_EPMR_PTE_SCA_DPG,California Regular All Formulations Retail Gasoline Prices (Dollars per Gallon),4.719,$/GAL
2023-11-27,R5XCA,PADD 5 EXCEPT CALIFORNIA,EPMR,Regular Gasoline,PTE,Retail Sales,EMM_EPMR_PTE_R5XCA_DPG,West Coast (PADD 5) Except California Regular All Formulations Retail Gasoline Prices (Dollars per Gallon),3.968,$/GAL
2023-11-27,R50,PADD 5,EPMR,Regular Gasoline,PTE,Retail Sales,EMM_EPMR_PTE_R50_DPG,West Coast Regular All Formulations Retail Gasoline Prices (Dollars per Gallon),4.363,$/GAL
2023-11-27,R40,PADD 4,EPMR,Regular Gasoline,PTE,Retail Sales,EMM_EPMR_PTE_R40_DPG,Rocky Mountain Regular All Formulations Retail Gasoline Prices (Dollars per Gallon),3.106,$/GAL
2023-11-27,R30,PADD 3,EPMR,Regular Gasoline,PTE,Retail Sales,EMM_EPMR_PTE_R30_DPG,Gulf Coast Regular All Formulations Retail Gasoline Prices (Dollars per Gallon),2.71,$/GAL
2023-11-27,R20,PADD 2,EPMR,Regular Gasoline,PTE,Retail Sales,EMM_EPMR_PTE_R20_DPG,Midwest Regular All Formulations Retail Gasoline Prices (Dollars per Gallon),3.031,$/GAL
2023-11-27,R1Z,PADD 1C,EPMR,Regular Gasoline,PTE,Retail Sales,EMM_EPMR_PTE_R1Z_DPG,Lower Atlantic (PADD 1C) Regular All Formulations Retail Gasoline Prices (Dollars per Gallon),2.937,$/GAL
2023-11-27,R1Y,PADD 1B,EPMR,Regular Gasoline,PTE,Retail Sales,EMM_EPMR_PTE_R1Y_DPG,Central Atlantic (PADD 1B) Regular All Formulations Retail Gasoline Prices (Dollars per Gallon),3.43,$/GAL
2023-11-27,R1X,PADD 1A,EPMR,Regular Gasoline,PTE,Retail Sales,EMM_EPMR_PTE_R1X_DPG,New England (PADD 1A) Regular All Formulations Retail Gasoline Prices (Dollars per Gallon),3.342,$/GAL
2023-11-27,R10,PADD 1,EPMR,Regular Gasoline,PTE,Retail Sales,EMM_EPMR_PTE_R10_DPG,East Coast Regular All Formulations Retail Gasoline Prices (Dollars per Gallon),3.155,$/GAL
2023-11-20,NUS,U.S.,EPMR,Regular Gasoline,PTE,Retail Sales,EMM_EPMR_PTE_NUS_DPG,U.S. Regular All Formulations Retail Gasoline Prices (Dollars per Gallon),3.289,$/GAL
2023-11-20,YORD,CHICAGO,EPMR,Regular Gasoline,PTE,Retail Sales,EMM_EPMR_PTE_YORD_DPG,Chicago Regular All Formulations Retail Gasoline Prices (Dollars per Gallon),3.533,$/GAL
2023-11-20,YMIA,MIAMI,EPMR,Regular Gasoline,PTE,Retail Sales,EMM_EPMR_PTE_YMIA_DPG,"Miami, FL Regular All Formulations Retail Gasoline Prices (Dollars per Gallon)",3.063,$/GAL
2023-11-20,YDEN,DENVER,EPMR,Regular Gasoline,PTE,Retail Sales,EMM_EPMR_PTE_YDEN_DPG,Denver Regular All Formulations Retail Gasoline Prices (Dollars per Gallon),2.849,$/GAL
2023-11-20,YCLE,CLEVELAND,EPMR,Regular Gasoline,PTE,Retail Sales,EMM_EPMR_PTE_YCLE_DPG,"Cleveland, OH Regular All Formulations Retail Gasoline Prices (Dollars per Gallon)",3.073,$/GAL
2023-11-20,YBOS,BOSTON,EPMR,Regular Gasoline,PTE,Retail Sales,EMM_EPMR_PTE_YBOS_DPG,"Boston, MA Regular All Formulations Retail Gasoline Prices (Dollars per Gallon)",3.415,$/GAL
2023-11-20,Y48SE,SEATTLE,EPMR,Regular Gasoline,PTE,Retail Sales,EMM_EPMR_PTE_Y48SE_DPG,"Seattle, WA Regular All Formulations Retail Gasoline Prices (Dollars per Gallon)",4.491,$/GAL
2023-11-20,Y44HO,HOUSTON,EPMR,Regular Gasoline,PTE,Retail Sales,EMM_EPMR_PTE_Y44HO_DPG,Houston Regular All Formulations Retail Gasoline Prices (Dollars per Gallon),2.689,$/GAL
2023-11-20,Y35NY,NEW YORK CITY,EPMR,Regular Gasoline,PTE,Retail Sales,EMM_EPMR_PTE_Y35NY_DPG,New York City Regular All Formulations Retail Gasoline Prices (Dollars per Gallon),3.314,$/GAL
2023-11-20,Y05SF,SAN FRANCISCO,EPMR,Regular Gasoline,PTE,Retail Sales,EMM_EPMR_PTE_Y05SF_DPG,San Francisco Regular All Formulations Retail Gasoline Prices (Dollars per Gallon),4.861,$/GAL
2023-11-20,Y05LA,LOS ANGELES,EPMR,Regular Gasoline,PTE,Retail Sales,EMM_EPMR_PTE_Y05LA_DPG,Los Angeles Regular All Formulations Retail Gasoline Prices (Dollars per Gallon),4.731,$/GAL
2023-11-20,SWA,WASHINGTON,EPMR,Regular Gasoline,PTE,Retail Sales,EMM_EPMR_PTE_SWA_DPG,Washington Regular All Formulations Retail Gasoline Prices (Dollars per Gallon),4.273,$/GAL
2023-11-20,STX,TEXAS,EPMR,Regular Gasoline,PTE,Retail Sales,EMM_EPMR_PTE_STX_DPG,Texas Regular All Formulations Retail Gasoline Prices (Dollars per Gallon),2.737,$/GAL
2023-11-20,SOH,OHIO,EPMR,Regular Gasoline,PTE,Retail Sales,EMM_EPMR_PTE_SOH_DPG,Ohio Regular All Formulations Retail Gasoline Prices (Dollars per Gallon),3.108,$/GAL
2023-11-20,SNY,NEW YORK,EPMR,Regular Gasoline,PTE,Retail Sales,EMM_EPMR_PTE_SNY_DPG,New York Regular All Formulations Retail Gasoline Prices (Dollars per Gallon),3.428,$/GAL
2023-11-20,SMN,MINNESOTA,EPMR,Regular Gasoline,PTE,Retail Sales,EMM_EPMR_PTE_SMN_DPG,Minnesota Regular All Formulations Retail Gasoline Prices (Dollars per Gallon),3.152,$/GAL
2023-11-20,SMA,MASSACHUSETTS,EPMR,Regular Gasoline,PTE,Retail Sales,EMM_EPMR_PTE_SMA_DPG,Massachusetts Regular All Formulations Retail Gasoline Prices (Dollars per Gallon),3.388,$/GAL
2023-11-20,SFL,FLORIDA,EPMR,Regular Gasoline,PTE,Retail Sales,EMM_EPMR_PTE_SFL_DPG,Florida Regular All Formulations Retail Gasoline Prices (Dollars per Gallon),2.979,$/GAL
2023-11-20,SCO,COLORADO,EPMR,Regular Gasoline,PTE,Retail Sales,EMM_EPMR_PTE_SCO_DPG,Colorado Regular All Formulations Retail Gasoline Prices (Dollars per Gallon),2.955,$/GAL
2023-11-20,SCA,CALIFORNIA,EPMR,Regular Gasoline,PTE,Retail Sales,EMM_EPMR_PTE_SCA_DPG,California Regular All Formulations Retail Gasoline Prices (Dollars per Gallon),4.769,$/GAL
2023-11-20,R5XCA,PADD 5 EXCEPT CALIFORNIA,EPMR,Regular Gasoline,PTE,Retail Sales,EMM_EPMR_PTE_R5XCA_DPG,West Coast (PADD 5) Except California Regular All Formulations Retail Gasoline Prices (Dollars per Gallon),4.033,$/GAL
2023-11-20,R50,PADD 5,EPMR,Regular Gasoline,PTE,Retail Sales,EMM_EPMR_PTE_R50_DPG,West Coast Regular All Formulations Retail Gasoline Prices (Dollars per Gallon),4.417,$/GAL
2023-11-20,R40,PADD 4,EPMR,Regular Gasoline,PTE,Retail Sales,EMM_EPMR_PTE_R40_DPG,Rocky Mountain Regular All Formulations Retail Gasoline Prices (Dollars per Gallon),3.197,$/GAL
2023-11-20,R30,PADD 3,EPMR,Regular Gasoline,PTE,Retail Sales,EMM_EPMR_PTE_R30_DPG,Gulf Coast Regular All Formulations Retail Gasoline Prices (Dollars per Gallon),2.786,$/GAL
2023-11-20,R20,PADD 2,EPMR,Regular Gasoline,PTE,Retail Sales,EMM_EPMR_PTE_R20_DPG,Midwest Regular All Formulations Retail Gasoline Prices (Dollars per Gallon),3.124,$/GAL
2023-11-20,R1Z,PADD 1C,EPMR,Regular Gasoline,PTE,Retail Sales,EMM_EPMR_PTE_R1Z_DPG,Lower Atlantic (PADD 1C) Regular All Formulations Retail Gasoline Prices (Dollars per Gallon),2.943,$/GAL
2023-11-20,R1Y,PADD 1B,EPMR,Regular Gasoline,PTE,Retail Sales,EMM_EPMR_PTE_R1Y_DPG,Central Atlantic (PADD 1B) Regular All Formulations Retail Gasoline Prices (Dollars per Gallon),3.444,$/GAL
2023-11-20,R1X,PADD 1A,EPMR,Regular Gasoline,PTE,Retail Sales,EMM_EPMR_PTE_R1X_DPG,New England (PADD 1A) Regular All Formulations Retail Gasoline Prices (Dollars per Gallon),3.366,$/GAL
2023-11-20,R10,PADD 1,EPMR,Regular Gasoline,PTE,Retail Sales,EMM_EPMR_PTE_R10_DPG,East Coast Regular All Formulations Retail Gasoline Prices (Dollars per Gallon),3.166,$/GAL
2023-11-13,NUS,U.S.,EPMR,Regular Gasoline,PTE,Retail Sales,EMM_EPMR_PTE_NUS_DPG,U.S. Regular All Formulations Retail Gasoline Prices (Dollars per Gallon),3.349,$/GAL
2023-11-13,YORD,CHICAGO,EPMR,Regular Gasoline,PTE,Retail Sales,EMM_EPMR_PTE_YORD_DPG,Chicago Regular All Formulations Retail Gasoline Prices (Dollars per Gallon),3.591,$/GAL
2023-11-13,YMIA,MIAMI,EPMR,Regular Gasoline,PTE,Retail Sales,EMM_EPMR_PTE_YMIA_DPG,"Miami, FL Regular All Formulations Retail Gasoline Prices (Dollars per Gallon)",3.206,$/GAL
2023-11-13,YDEN,DENVER,EPMR,Regular Gasoline,PTE,Retail Sales,EMM_EPMR_PTE_YDEN_DPG,Denver Regular All Formulations Retail Gasoline Prices (Dollars per Gallon),3.014,$/GAL
2023-11-13,YCLE,CLEVELAND,EPMR,Regular Gasoline,PTE,Retail Sales,EMM_EPMR_PTE_YCLE_DPG,"Cleveland, OH Regular All Formulations Retail Gasoline Prices (Dollars per Gallon)",3.178,$/GAL
2023-11-13,YBOS,BOSTON,EPMR,Regular Gasoline,PTE,Retail Sales,EMM_EPMR_PTE_YBOS_DPG,"Boston, MA Regular All Formulations Retail Gasoline Prices (Dollars per Gallon)",3.454,$/GAL
2023-11-13,Y48SE,SEATTLE,EPMR,Regular Gasoline,PTE,Retail Sales,EMM_EPMR_PTE_Y48SE_DPG,"Seattle, WA Regular All Formulations Retail Gasoline Prices (Dollars per Gallon)",4.565,$/GAL
2023-11-13,Y44HO,HOUSTON,EPMR,Regular Gasoline,PTE,Retail Sales,EMM_EPMR_PTE_Y44HO_DPG,Houston Regular All Formulations Retail Gasoline Prices (Dollars per Gallon),2.755,$/GAL
2023-11-13,Y35NY,NEW YORK CITY,EPMR,Regular Gasoline,PTE,Retail Sales,EMM_EPMR_PTE_Y35NY_DPG,New York City Regular All Formulations Retail Gasoline Prices (Dollars per Gallon),3.328,$/GAL
2023-11-13,Y05SF,SAN FRANCISCO,EPMR,Regular Gasoline,PTE,Retail Sales,EMM_EPMR_PTE_Y05SF_DPG,San Francisco Regular All Formulations Retail Gasoline Prices (Dollars per Gallon),4.924,$/GAL
2023-11-13,Y05LA,LOS ANGELES,EPMR,Regular Gasoline,PTE,Retail Sales,EMM_EPMR_PTE_Y05LA_DPG,Los Angeles Regular All Formulations Retail Gasoline Prices (Dollars per Gallon),4.82,$/GAL
2023-11-13,SWA,WASHINGTON,EPMR,Regular Gasoline,PTE,Retail Sales,EMM_EPMR_PTE_SWA_DPG,Washington Regular All Formulations Retail Gasoline Prices (Dollars per Gallon),4.329,$/GAL
2023-11-13,STX,TEXAS,EPMR,Regular Gasoline,PTE,Retail Sales,EMM_EPMR_PTE_STX_DPG,Texas Regular All Formulations Retail Gasoline Prices (Dollars per Gallon),2.732,$/GAL
2023-11-13,SOH,OHIO,EPMR,Regular Gasoline,PTE,Retail Sales,EMM_EPMR_PTE_SOH_DPG,Ohio Regular All Formulations Retail Gasoline Prices (Dollars per Gallon),3.234,$/GAL
2023-11-13,SNY,NEW YORK,EPMR,Regular Gasoline,PTE,Retail Sales,EMM_EPMR_PTE_SNY_DPG,New York Regular All Formulations Retail Gasoline Prices (Dollars per Gallon),3.481,$/GAL
2023-11-13,SMN,MINNESOTA,EPMR,Regular Gasoline,PTE,Retail Sales,EMM_EPMR_PTE_SMN_DPG,Minnesota Regular All Formulations Retail Gasoline Prices (Dollars per Gallon),3.235,$/GAL
2023-11-13,SMA,MASSACHUSETTS,EPMR,Regular Gasoline,PTE,Retail Sales,EMM_EPMR_PTE_SMA_DPG,Massachusetts Regular All Formulations Retail Gasoline Prices (Dollars per Gallon),3.428,$/GAL
2023-11-13,SFL,FLORIDA,EPMR,Regular Gasoline,PTE,Retail Sales,EMM_EPMR_PTE_SFL_DPG,Florida Regular All Formulations Retail Gasoline Prices (Dollars per Gallon),3.124,$/GAL
2023-11-13,SCO,COLORADO,EPMR,Regular Gasoline,PTE,Retail Sales,EMM_EPMR_PTE_SCO_DPG,Colorado Regular All Formulations Retail Gasoline Prices (Dollars per Gallon),3.105,$/GAL
2023-11-13,SCA,CALIFORNIA,EPMR,Regular Gasoline,PTE,Retail Sales,EMM_EPMR_PTE_SCA_DPG,California Regular All Formulations Retail Gasoline Prices (Dollars per Gallon),4.87,$/GAL
2023-11-13,R5XCA,PADD 5 EXCEPT CALIFORNIA,EPMR,Regular Gasoline,PTE,Retail Sales,EMM_EPMR_PTE_R5XCA_DPG,West Coast (PADD 5) Except California Regular All Formulations Retail Gasoline Prices (Dollars per Gallon),4.133,$/GAL
2023-11-13,R50,PADD 5,EPMR,Regular Gasoline,PTE,Retail Sales,EMM_EPMR_PTE_R50_DPG,West Coast Regular All Formulations Retail Gasoline Prices (Dollars per Gallon),4.52,$/GAL
2023-11-13,R40,PADD 4,EPMR,Regular Gasoline,PTE,Retail Sales,EMM_EPMR_PTE_R40_DPG,Rocky Mountain Regular All Formulations Retail Gasoline Prices (Dollars per Gallon),3.338,$/GAL
2023-11-13,R30,PADD 3,EPMR,Regular Gasoline,PTE,Retail Sales,EMM_EPMR_PTE_R30_DPG,Gulf Coast Regular All Formulations Retail Gasoline Prices (Dollars per Gallon),2.809,$/GAL
2023-11-13,R20,PADD 2,EPMR,Regular Gasoline,PTE,Retail Sales,EMM_EPMR_PTE_R20_DPG,Midwest Regular All Formulations Retail Gasoline Prices (Dollars per Gallon),3.185,$/GAL
2023-11-13,R1Z,PADD 1C,EPMR,Regular Gasoline,PTE,Retail Sales,EMM_EPMR_PTE_R1Z_DPG,Lower Atlantic (PADD 1C) Regular All Formulations Retail Gasoline Prices (Dollars per Gallon),3.007,$/GAL
2023-11-13,R1Y,PADD 1B,EPMR,Regular Gasoline,PTE,Retail Sales,EMM_EPMR_PTE_R1Y_DPG,Central Atlantic (PADD 1B) Regular All Formulations Retail Gasoline Prices (Dollars per Gallon),3.455,$/GAL
2023-11-13,R1X,PADD 1A,EPMR,Regular Gasoline,PTE,Retail Sales,EMM_EPMR_PTE_R1X_DPG,New England (PADD 1A) Regular All Formulations Retail Gasoline Prices (Dollars per Gallon),3.413,$/GAL
2023-11-13,R10,PADD 1,EPMR,Regular Gasoline,PTE,Retail Sales,EMM_EPMR_PTE_R10_DPG,East Coast Regular All Formulations Retail Gasoline Prices (Dollars per Gallon),3.212,$/GAL
2023-11-06,NUS,U.S.,EPMR,Regular Gasoline,PTE,Retail Sales,EMM_EPMR_PTE_NUS_DPG,U.S. Regular All Formulations Retail Gasoline Prices (Dollars per Gallon),3.396,$/GAL
2023-11-06,YORD,CHICAGO,EPMR,Regular Gasoline,PTE,Retail Sales,EMM_EPMR_PTE_YORD_DPG,Chicago Regular All Formulations Retail Gasoline Prices (Dollars per Gallon),3.553,$/GAL
2023-11-06,YMIA,MIAMI,EPMR,Regular Gasoline,PTE,Retail Sales,EMM_EPMR_PTE_YMIA_DPG,"Miami, FL Regular All Formulations Retail Gasoline Prices (Dollars per Gallon)",3.212,$/GAL
2023-11-06,YDEN,DENVER,EPMR,Regular Gasoline,PTE,Retail Sales,EMM_EPMR_PTE_YDEN_DPG,Denver Regular All Formulations Retail Gasoline Prices (Dollars per Gallon),3.176,$/GAL
2023-11-06,YCLE,CLEVELAND,EPMR,Regular Gasoline,PTE,Retail Sales,EMM_EPMR_PTE_YCLE_DPG,"Cleveland, OH Regular All Formulations Retail Gasoline Prices (Dollars per Gallon)",3.2,$/GAL
2023-11-06,YBOS,BOSTON,EPMR,Regular Gasoline,PTE,Retail Sales,EMM_EPMR_PTE_YBOS_DPG,"Boston, MA Regular All Formulations Retail Gasoline Prices (Dollars per Gallon)",3.503,$/GAL
2023-11-06,Y48SE,SEATTLE,EPMR,Regular Gasoline,PTE,Retail Sales,EMM_EPMR_PTE_Y48SE_DPG,"Seattle, WA Regular All Formulations Retail Gasoline Prices (Dollars per Gallon)",4.633,$/GAL
2023-11-06,Y44HO,HOUSTON,EPMR,Regular Gasoline,PTE,Retail Sales,EMM_EPMR_PTE_Y44HO_DPG,Houston Regular All Formulations Retail Gasoline Prices (Dollars per Gallon),2.821,$/GAL
2023-11-06,Y35NY,NEW YORK CITY,EPMR,Regular Gasoline,PTE,Retail Sales,EMM_EPMR_PTE_Y35NY_DPG,New York City Regular All Formulations Retail Gasoline Prices (Dollars per Gallon),3.385,$/GAL
2023-11-06,Y05SF,SAN FRANCISCO,EPMR,Regular Gasoline,PTE,Retail Sales,EMM_EPMR_PTE_Y05SF_DPG,San Francisco Regular All Formulations Retail Gasoline Prices (Dollars per Gallon),5.051,$/GAL
2023-11-06,Y05LA,LOS ANGELES,EPMR,Regular Gasoline,PTE,Retail Sales,EMM_EPMR_PTE_Y05LA_DPG,Los Angeles Regular All Formulations Retail Gasoline Prices (Dollars per Gallon),4.896,$/GAL
2023-11-06,SWA,WASHINGTON,EPMR,Regular Gasoline,PTE,Retail Sales,EMM_EPMR_PTE_SWA_DPG,Washington Regular All Formulations Retail Gasoline Prices (Dollars per Gallon),4.405,$/GAL
2023-11-06,STX,TEXAS,EPMR,Regular Gasoline,PTE,Retail Sales,EMM_EPMR_PTE_STX_DPG,Texas Regular All Formulations Retail Gasoline Prices (Dollars per Gallon),2.8,$/GAL
2023-11-06,SOH,OHIO,EPMR,Regular Gasoline,PTE,Retail Sales,EMM_EPMR_PTE_SOH_DPG,Ohio Regular All Formulations Retail Gasoline Prices (Dollars per Gallon),3.101,$/GAL
2023-11-06,SNY,NEW YORK,EPMR,Regular Gasoline,PTE,Retail Sales,EMM_EPMR_PTE_SNY_DPG,New York Regular All Formulations Retail Gasoline Prices (Dollars per Gallon),3.535,$/GAL
2023-11-06,SMN,MINNESOTA,EPMR,Regular Gasoline,PTE,Retail Sales,EMM_EPMR_PTE_SMN_DPG,Minnesota Regular All Formulations Retail Gasoline Prices (Dollars per Gallon),3.287,$/GAL
2023-11-06,SMA,MASSACHUSETTS,EPMR,Regular Gasoline,PTE,Retail Sales,EMM_EPMR_PTE_SMA_DPG,Massachusetts Regular All Formulations Retail Gasoline Prices (Dollars per Gallon),3.474,$/GAL
2023-11-06,SFL,FLORIDA,EPMR,Regular Gasoline,PTE,Retail Sales,EMM_EPMR_PTE_SFL_DPG,Florida Regular All Formulations Retail Gasoline Prices (Dollars per Gallon),3.1,$/GAL
2023-11-06,SCO,COLORADO,EPMR,Regular Gasoline,PTE,Retail Sales,EMM_EPMR_PTE_SCO_DPG,Colorado Regular All Formulations Retail Gasoline Prices (Dollars per Gallon),3.258,$/GAL
2023-11-06,SCA,CALIFORNIA,EPMR,Regular Gasoline,PTE,Retail Sales,EMM_EPMR_PTE_SCA_DPG,California Regular All Formulations Retail Gasoline Prices (Dollars per Gallon),4.944,$/GAL
2023-11-06,R5XCA,PADD 5 EXCEPT CALIFORNIA,EPMR,Regular Gasoline,PTE,Retail Sales,EMM_EPMR_PTE_R5XCA_DPG,West Coast (PADD 5) Except California Regular All Formulations Retail Gasoline Prices (Dollars per Gallon),4.212,$/GAL
2023-11-06,R50,PADD 5,EPMR,Regular Gasoline,PTE,Retail Sales,EMM_EPMR_PTE_R50_DPG,West Coast Regular All Formulations Retail Gasoline Prices (Dollars per Gallon),4.597,$/GAL
2023-11-06,R40,PADD 4,EPMR,Regular Gasoline,PTE,Retail Sales,EMM_EPMR_PTE_R40_DPG,Rocky Mountain Regular All Formulations Retail Gasoline Prices (Dollars per Gallon),3.456,$/GAL
2023-11-06,R30,PADD 3,EPMR,Regular Gasoline,PTE,Retail Sales,EMM_EPMR_PTE_R30_DPG,Gulf Coast Regular All Formulations Retail Gasoline Prices (Dollars per Gallon),2.871,$/GAL
2023-11-06,R20,PADD 2,EPMR,Regular Gasoline,PTE,Retail Sales,EMM_EPMR_PTE_R20_DPG,Midwest Regular All Formulations Retail Gasoline Prices (Dollars per Gallon),3.21,$/GAL
2023-11-06,R1Z,PADD 1C,EPMR,Regular Gasoline,PTE,Retail Sales,EMM_EPMR_PTE_R1Z_DPG,Lower Atlantic (PADD 1C) Regular All Formulations Retail Gasoline Prices (Dollars per Gallon),3.033,$/GAL
2023-11-06,R1Y,PADD 1B,EPMR,Regular Gasoline,PTE,Retail Sales,EMM_EPMR_PTE_R1Y_DPG,Central Atlantic (PADD 1B) Regular All Formulations Retail Gasoline Prices (Dollars per Gallon),3.515,$/GAL
2023-11-06,R1X,PADD 1A,EPMR,Regular Gasoline,PTE,Retail Sales,EMM_EPMR_PTE_R1X_DPG,New England (PADD 1A) Regular All Formulations Retail Gasoline Prices (Dollars per Gallon),3.456,$/GAL
2023-11-06,R10,PADD 1,EPMR,Regular Gasoline,PTE,Retail Sales,EMM_EPMR_PTE_R10_DPG,East Coast Regular All Formulations Retail Gasoline Prices (Dollars per Gallon),3.252,$/GAL
2023-10-30,NUS,U.S.,EPMR,Regular Gasoline,PTE,Retail Sales,EMM_EPMR_PTE_NUS_DPG,U.S. Regular All Formulations Retail Gasoline Prices (Dollars per Gallon),3.473,$/GAL
2023-10-30,YORD,CHICAGO,EPMR,Regular Gasoline,PTE,Retail Sales,EMM_EPMR_PTE_YORD_DPG,Chicago Regular All Formulations Retail Gasoline Prices (Dollars per Gallon),3.551,$/GAL
2023-10-30,YMIA,MIAMI,EPMR,Regular Gasoline,PTE,Retail Sales,EMM_EPMR_PTE_YMIA_DPG,"Miami, FL Regular All Formulations Retail Gasoline Prices (Dollars per Gallon)",3.328,$/GAL
2023-10-30,YDEN,DENVER,EPMR,Regular Gasoline,PTE,Retail Sales,EMM_EPMR_PTE_YDEN_DPG,Denver Regular All Formulations Retail Gasoline Prices (Dollars per Gallon),3.386,$/GAL
2023-10-30,YCLE,CLEVELAND,EPMR,Regular Gasoline,PTE,Retail Sales,EMM_EPMR_PTE_YCLE_DPG,"Cleveland, OH Regular All Formulations Retail Gasoline Prices (Dollars per Gallon)",3.188,$/GAL
2023-10-30,YBOS,BOSTON,EPMR,Regular Gasoline,PTE,Retail Sales,EMM_EPMR_PTE_YBOS_DPG,"Boston, MA Regular All Formulations Retail Gasoline Prices (Dollars per Gallon)",3.54,$/GAL
2023-10-30,Y48SE,SEATTLE,EPMR,Regular Gasoline,PTE,Retail Sales,EMM_EPMR_PTE_Y48SE_DPG,"Seattle, WA Regular All Formulations Retail Gasoline Prices (Dollars per Gallon)",4.704,$/GAL
2023-10-30,Y44HO,HOUSTON,EPMR,Regular Gasoline,PTE,Retail Sales,EMM_EPMR_PTE_Y44HO_DPG,Houston Regular All Formulations Retail Gasoline Prices (Dollars per Gallon),2.892,$/GAL
2023-10-30,Y35NY,NEW YORK CITY,EPMR,Regular Gasoline,PTE,Retail Sales,EMM_EPMR_PTE_Y35NY_DPG,New York City Regular All Formulations Retail Gasoline Prices (Dollars per Gallon),3.455,$/GAL
2023-10-30,Y05SF,SAN FRANCISCO,EPMR,Regular Gasoline,PTE,Retail Sales,EMM_EPMR_PTE_Y05SF_DPG,San Francisco Regular All Formulations Retail Gasoline Prices (Dollars per Gallon),5.132,$/GAL
2023-10-30,Y05LA,LOS ANGELES,EPMR,Regular Gasoline,PTE,Retail Sales,EMM_EPMR_PTE_Y05LA_DPG,Los Angeles Regular All Formulations Retail Gasoline Prices (Dollars per Gallon),5.007,$/GAL
2023-10-30,SWA,WASHINGTON,EPMR,Regular Gasoline,PTE,Retail Sales,EMM_EPMR_PTE_SWA_DPG,Washington Regular All Formulations Retail Gasoline Prices (Dollars per Gallon),4.554,$/GAL
2023-10-30,STX,TEXAS,EPMR,Regular Gasoline,PTE,Retail Sales,EMM_EPMR_PTE_STX_DPG,Texas Regular All Formulations Retail Gasoline Prices (Dollars per Gallon),2.899,$/GAL
2023-10-30,SOH,OHIO,EPMR,Regular Gasoline,PTE,Retail Sales,EMM_EPMR_PTE_SOH_DPG,Ohio Regular All Formulations Retail Gasoline Prices (Dollars per Gallon),3.132,$/GAL
2023-10-30,SNY,NEW YORK,EPMR,Regular Gasoline,PTE,Retail Sales,EMM_EPMR_PTE_SNY_DPG,New York Regular All Formulations Retail Gasoline Prices (Dollars per Gallon),3.599,$/GAL
2023-10-30,SMN,MINNESOTA,EPMR,Regular Gasoline,PTE,Retail Sales,EMM_EPMR_PTE_SMN_DPG,Minnesota Regular All Formulations Retail Gasoline Prices (Dollars per Gallon),3.366,$/GAL
2023-10-30,SMA,MASSACHUSETTS,EPMR,Regular Gasoline,PTE,Retail Sales,EMM_EPMR_PTE_SMA_DPG,Massachusetts Regular All Formulations Retail Gasoline Prices (Dollars per Gallon),3.514,$/GAL
2023-10-30,SFL,FLORIDA,EPMR,Regular Gasoline,PTE,Retail Sales,EMM_EPMR_PTE_SFL_DPG,Florida Regular All Formulations Retail Gasoline Prices (Dollars per Gallon),3.24,$/GAL
2023-10-30,SCO,COLORADO,EPMR,Regular Gasoline,PTE,Retail Sales,EMM_EPMR_PTE_SCO_DPG,Colorado Regular All Formulations Retail Gasoline Prices (Dollars per Gallon),3.428,$/GAL
2023-10-30,SCA,CALIFORNIA,EPMR,Regular Gasoline,PTE,Retail Sales,EMM_EPMR_PTE_SCA_DPG,California Regular All Formulations Retail Gasoline Prices (Dollars per Gallon),5.066,$/GAL
2023-10-30,R5XCA,PADD 5 EXCEPT CALIFORNIA,EPMR,Regular Gasoline,PTE,Retail Sales,EMM_EPMR_PTE_R5XCA_DPG,West Coast (PADD 5) Except California Regular All Formulations Retail Gasoline Prices (Dollars per Gallon),4.343,$/GAL
2023-10-30,R50,PADD 5,EPMR,Regular Gasoline,PTE,Retail Sales,EMM_EPMR_PTE_R50_DPG,West Coast Regular All Formulations Retail Gasoline Prices (Dollars per Gallon),4.723,$/GAL
2023-10-30,R40,PADD 4,EPMR,Regular Gasoline,PTE,Retail Sales,EMM_EPMR_PTE_R40_DPG,Rocky Mountain Regular All Formulations Retail Gasoline Prices (Dollars per Gallon),3.579,$/GAL
2023-10-30,R30,PADD 3,EPMR,Regular Gasoline,PTE,Retail Sales,EMM_EPMR_PTE_R30_DPG,Gulf Coast Regular All Formulations Retail Gasoline Prices (Dollars per Gallon),2.965,$/GAL
2023-10-30,R20,PADD 2,EPMR,Regular Gasoline,PTE,Retail Sales,EMM_EPMR_PTE_R20_DPG,Midwest Regular All Formulations Retail Gasoline Prices (Dollars per Gallon),3.253,$/GAL
2023-10-30,R1Z,PADD 1C,EPMR,Regular Gasoline,PTE,Retail Sales,EMM_EPMR_PTE_R1Z_DPG,Lower Atlantic (PADD 1C) Regular All Formulations Retail Gasoline Prices (Dollars per Gallon),3.128,$/GAL
2023-10-30,R1Y,PADD 1B,EPMR,Regular Gasoline,PTE,Retail Sales,EMM_EPMR_PTE_R1Y_DPG,Central Atlantic (PADD 1B) Regular All Formulations Retail Gasoline Prices (Dollars per Gallon),3.567,$/GAL
2023-10-30,R1X,PADD 1A,EPMR,Regular Gasoline,PTE,Retail Sales,EMM_EPMR_PTE_R1X_DPG,New England (PADD 1A) Regular All Formulations Retail Gasoline Prices (Dollars per Gallon),3.513,$/GAL
2023-10-30,R10,PADD 1,EPMR,Regular Gasoline,PTE,Retail Sales,EMM_EPMR_PTE_R10_DPG,East Coast Regular All Formulations Retail Gasoline Prices (Dollars per Gallon),3.327,$/GAL
2023-10-23,NUS,U.S.,EPMR,Regular Gasoline,PTE,Retail Sales,EMM_EPMR_PTE_NUS_DPG,U.S. Regular All Formulations Retail Gasoline Prices (Dollars per Gallon),3.533,$/GAL
2023-10-23,YORD,CHICAGO,EPMR,Regular Gasoline,PTE,Retail Sales,EMM_EPMR_PTE_YORD_DPG,Chicago Regular All Formulations Retail Gasoline Prices (Dollars per Gallon),3.635,$/GAL
2023-10-23,YMIA,MIAMI,EPMR,Regular Gasoline,PTE,Retail Sales,EMM_EPMR_PTE_YMIA_DPG,"Miami, FL Regular All Formulations Retail Gasoline Prices (Dollars per Gallon)",3.26,$/GAL
2023-10-23,YDEN,DENVER,EPMR,Regular Gasoline,PTE,Retail Sales,EMM_EPMR_PTE_YDEN_DPG,Denver Regular All Formulations Retail Gasoline Prices (Dollars per Gallon),3.502,$/GAL
2023-10-23,YCLE,CLEVELAND,EPMR,Regular Gasoline,PTE,Retail Sales,EMM_EPMR_PTE_YCLE_DPG,"Cleveland, OH Regular All Formulations Retail Gasoline Prices (Dollars per Gallon)",3.251,$/GAL
2023-10-23,YBOS,BOSTON,EPMR,Regular Gasoline,PTE,Retail Sales,EMM_EPMR_PTE_YBOS_DPG,"Boston, MA Regular All Formulations Retail Gasoline Prices (Dollars per Gallon)",3.559,$/GAL
2023-10-23,Y48SE,SEATTLE,EPMR,Regular Gasoline,PTE,Retail Sales,EMM_EPMR_PTE_Y48SE_DPG,"Seattle, WA Regular All Formulations Retail Gasoline Prices (Dollars per Gallon)",4.811,$/GAL
2023-10-23,Y44HO,HOUSTON,EPMR,Regular Gasoline,PTE,Retail Sales,EMM_EPMR_PTE_Y44HO_DPG,Houston Regular All Formulations Retail Gasoline Prices (Dollars per Gallon),2.964,$/GAL
2023-10-23,Y35NY,NEW YORK CITY,EPMR,Regular Gasoline,PTE,Retail Sales,EMM_EPMR_PTE_Y35NY_DPG,New York City Regular All Formulations Retail Gasoline Prices (Dollars per Gallon),3.499,$/GAL
2023-10-23,Y05SF,SAN FRANCISCO,EPMR,Regular Gasoline,PTE,Retail Sales,EMM_EPMR_PTE_Y05SF_DPG,San Francisco Regular All Formulations Retail Gasoline Prices (Dollars per Gallon),5.252,$/GAL
2023-10-23,Y05LA,LOS ANGELES,EPMR,Regular Gasoline,PTE,Retail Sales,EMM_EPMR_PTE_Y05LA_DPG,Los Angeles Regular All Formulations Retail Gasoline Prices (Dollars per Gallon),5.177,$/GAL
2023-10-23,SWA,WASHINGTON,EPMR,Regular Gasoline,PTE,Retail Sales,EMM_EPMR_PTE_SWA_DPG,Washington Regular All Formulations Retail Gasoline Prices (Dollars per Gallon),4.662,$/GAL
2023-10-23,STX,TEXAS,EPMR,Regular Gasoline,PTE,Retail Sales,EMM_EPMR_PTE_STX_DPG,Texas Regular All Formulations Retail Gasoline Prices (Dollars per Gallon),2.989,$/GAL
2023-10-23,SOH,OHIO,EPMR,Regular Gasoline,PTE,Retail Sales,EMM_EPMR_PTE_SOH_DPG,Ohio Regular All Formulations Retail Gasoline Prices (Dollars per Gallon),3.251,$/GAL
2023-10-23,SNY,NEW YORK,EPMR,Regular Gasoline,PTE,Retail Sales,EMM_EPMR_PTE_SNY_DPG,New York Regular All Formulations Retail Gasoline Prices (Dollars per Gallon),3.644,$/GAL
2023-10-23,SMN,MINNESOTA,EPMR,Regular Gasoline,PTE,Retail Sales,EMM_EPMR_PTE_SMN_DPG,Minnesota Regular All Formulations Retail Gasoline Prices (Dollars per Gallon),3.4,$/GAL
2023-10-23,SMA,MASSACHUSETTS,EPMR,Regular Gasoline,PTE,Retail Sales,EMM_EPMR_PTE_SMA_DPG,Massachusetts Regular All Formulations Retail Gasoline Prices (Dollars per Gallon),3.534,$/GAL
2023-10-23,SFL,FLORIDA,EPMR,Regular Gasoline,PTE,Retail Sales,EMM_EPMR_PTE_SFL_DPG,Florida Regular All Formulations Retail Gasoline Prices (Dollars per Gallon),3.166,$/GAL
2023-10-23,SCO,COLORADO,EPMR,Regular Gasoline,PTE,Retail Sales,EMM_EPMR_PTE_SCO_DPG,Colorado Regular All Formulations Retail Gasoline Prices (Dollars per Gallon),3.587,$/GAL
2023-10-23,SCA,CALIFORNIA,EPMR,Regular Gasoline,PTE,Retail Sales,EMM_EPMR_PTE_SCA_DPG,California Regular All Formulations Retail Gasoline Prices (Dollars per Gallon),5.223,$/GAL
2023-10-23,R5XCA,PADD 5 EXCEPT CALIFORNIA,EPMR,Regular Gasoline,PTE,Retail Sales,EMM_EPMR_PTE_R5XCA_DPG,West Coast (PADD 5) Except California Regular All Formulations Retail Gasoline Prices (Dollars per Gallon),4.455,$/GAL
2023-10-23,R50,PADD 5,EPMR,Regular Gasoline,PTE,Retail Sales,EMM_EPMR_PTE_R50_DPG,West Coast Regular All Formulations Retail Gasoline Prices (Dollars per Gallon),4.858,$/GAL
2023-10-23,R40,PADD 4,EPMR,Regular Gasoline,PTE,Retail Sales,EMM_EPMR_PTE_R40_DPG,Rocky Mountain Regular All Formulations Retail Gasoline Prices (Dollars per Gallon),3.691,$/GAL
2023-10-23,R30,PADD 3,EPMR,Regular Gasoline,PTE,Retail Sales,EMM_EPMR_PTE_R30_DPG,Gulf Coast Regular All Formulations Retail Gasoline Prices (Dollars per Gallon),3.041,$/GAL
2023-10-23,R20,PADD 2,EPMR,Regular Gasoline,PTE,Retail Sales,EMM_EPMR_PTE_R20_DPG,Midwest Regular All Formulations Retail Gasoline Prices (Dollars per Gallon),3.315,$/GAL
2023-10-23,R1Z,PADD 1C,EPMR,Regular Gasoline,PTE,Retail Sales,EMM_EPMR_PTE_R1Z_DPG,Lower Atlantic (PADD 1C) Regular All Formulations Retail Gasoline Prices (Dollars per Gallon),3.136,$/GAL
2023-10-23,R1Y,PADD 1B,EPMR,Regular Gasoline,PTE,Retail Sales,EMM_EPMR_PTE_R1Y_DPG,Central Atlantic (PADD 1B) Regular All Formulations Retail Gasoline Prices (Dollars per Gallon),3.599,$/GAL
2023-10-23,R1X,PADD 1A,EPMR,Regular Gasoline,PTE,Retail Sales,EMM_EPMR_PTE_R1X_DPG,New England (PADD 1A) Regular All Formulations Retail Gasoline Prices (Dollars per Gallon),3.557,$/GAL
2023-10-23,R10,PADD 1,EPMR,Regular Gasoline,PTE,Retail Sales,EMM_EPMR_PTE_R10_DPG,East Coast Regular All Formulations Retail Gasoline Prices (Dollars per Gallon),3.348,$/GAL
2023-10-16,NUS,U.S.,EPMR,Regular Gasoline,PTE,Retail Sales,EMM_EPMR_PTE_NUS_DPG,U.S. Regular All Formulations Retail Gasoline Prices (Dollars per Gallon),3.576,$/GAL
2023-10-16,YORD,CHICAGO,EPMR,Regular Gasoline,PTE,Retail Sales,EMM_EPMR_PTE_YORD_DPG,Chicago Regular All Formulations Retail Gasoline Prices (Dollars per Gallon),3.628,$/GAL
2023-10-16,YMIA,MIAMI,EPMR,Regular Gasoline,PTE,Retail Sales,EMM_EPMR_PTE_YMIA_DPG,"Miami, FL Regular All Formulations Retail Gasoline Prices (Dollars per Gallon)",3.349,$/GAL
2023-10-16,YDEN,DENVER,EPMR,Regular Gasoline,PTE,Retail Sales,EMM_EPMR_PTE_YDEN_DPG,Denver Regular All Formulations Retail Gasoline Prices (Dollars per Gallon),3.436,$/GAL
2023-10-16,YCLE,CLEVELAND,EPMR,Regular Gasoline,PTE,Retail Sales,EMM_EPMR_PTE_YCLE_DPG,"Cleveland, OH Regular All Formulations Retail Gasoline Prices (Dollars per Gallon)",3.159,$/GAL
2023-10-16,YBOS,BOSTON,EPMR,Regular Gasoline,PTE,Retail Sales,EMM_EPMR_PTE_YBOS_DPG,"Boston, MA Regular All Formulations Retail Gasoline Prices (Dollars per Gallon)",3.616,$/GAL
2023-10-16,Y48SE,SEATTLE,EPMR,Regular Gasoline,PTE,Retail Sales,EMM_EPMR_PTE_Y48SE_DPG,"Seattle, WA Regular All Formulations Retail Gasoline Prices (Dollars per Gallon)",4.897,$/GAL
2023-10-16,Y44HO,HOUSTON,EPMR,Regular Gasoline,PTE,Retail Sales,EMM_EPMR_PTE_Y44HO_DPG,Houston Regular All Formulations Retail Gasoline Prices (Dollars per Gallon),3.017,$/GAL
2023-10-16,Y35NY,NEW YORK CITY,EPMR,Regular Gasoline,PTE,Retail Sales,EMM_EPMR_PTE_Y35NY_DPG,New York City Regular All Formulations Retail Gasoline Prices (Dollars per Gallon),3.52,$/GAL
2023-10-16,Y05SF,SAN FRANCISCO,EPMR,Regular Gasoline,PTE,Retail Sales,EMM_EPMR_PTE_Y05SF_DPG,San Francisco Regular All Formulations Retail Gasoline Prices (Dollars per Gallon),5.417,$/GAL
2023-10-16,Y05LA,LOS ANGELES,EPMR,Regular Gasoline,PTE,Retail Sales,EMM_EPMR_PTE_Y05LA_DPG,Los Angeles Regular All Formulations Retail Gasoline Prices (Dollars per Gallon),5.396,$/GAL
2023-10-16,SWA,WASHINGTON,EPMR,Regular Gasoline,PTE,Retail Sales,EMM_EPMR_PTE_SWA_DPG,Washington Regular All Formulations Retail Gasoline Prices (Dollars per Gallon),4.764,$/GAL
2023-10-16,STX,TEXAS,EPMR,Regular Gasoline,PTE,Retail Sales,EMM_EPMR_PTE_STX_DPG,Texas Regular All Formulations Retail Gasoline Prices (Dollars per Gallon),2.992,$/GAL
2023-10-16,SOH,OHIO,EPMR,Regular Gasoline,PTE,Retail Sales,EMM_EPMR_PTE_SOH_DPG,Ohio Regular All Formulations Retail Gasoline Prices (Dollars per Gallon),3.11,$/GAL
2023-10-16,SNY,NEW YORK,EPMR,Regular Gasoline,PTE,Retail Sales,EMM_EPMR_PTE_SNY_DPG,New York Regular All Formulations Retail Gasoline Prices (Dollars per Gallon),3.672,$/GAL
2023-10-16,SMN,MINNESOTA,EPMR,Regular Gasoline,PTE,Retail Sales,EMM_EPMR_PTE_SMN_DPG,Minnesota Regular All Formulations Retail Gasoline Prices (Dollars per Gallon),3.433,$/GAL
2023-10-16,SMA,MASSACHUSETTS,EPMR,Regular Gasoline,PTE,Retail Sales,EMM_EPMR_PTE_SMA_DPG,Massachusetts Regular All Formulations Retail Gasoline Prices (Dollars per Gallon),3.59,$/GAL
2023-10-16,SFL,FLORIDA,EPMR,Regular Gasoline,PTE,Retail Sales,EMM_EPMR_PTE_SFL_DPG,Florida Regular All Formulations Retail Gasoline Prices (Dollars per Gallon),3.279,$/GAL
2023-10-16,SCO,COLORADO,EPMR,Regular Gasoline,PTE,Retail Sales,EMM_EPMR_PTE_SCO_DPG,Colorado Regular All Formulations Retail Gasoline Prices (Dollars per Gallon),3.524,$/GAL
2023-10-16,SCA,CALIFORNIA,EPMR,Regular Gasoline,PTE,Retail Sales,EMM_EPMR_PTE_SCA_DPG,California Regular All Formulations Retail Gasoline Prices (Dollars per Gallon),5.399,$/GAL
2023-10-16,R5XCA,PADD 5 EXCEPT CALIFORNIA,EPMR,Regular Gasoline,PTE,Retail Sales,EMM_EPMR_PTE_R5XCA_DPG,West Coast (PADD 5) Except California Regular All Formulations Retail Gasoline Prices (Dollars per Gallon),4.553,$/GAL
2023-10-16,R50,PADD 5,EPMR,Regular Gasoline,PTE,Retail Sales,EMM_EPMR_PTE_R50_DPG,West Coast Regular All Formulations Retail Gasoline Prices (Dollars per Gallon),4.997,$/GAL
2023-10-16,R40,PADD 4,EPMR,Regular Gasoline,PTE,Retail Sales,EMM_EPMR_PTE_R40_DPG,Rocky Mountain Regular All Formulations Retail Gasoline Prices (Dollars per Gallon),3.705,$/GAL
2023-10-16,R30,PADD 3,EPMR,Regular Gasoline,PTE,Retail Sales,EMM_EPMR_PTE_R30_DPG,Gulf Coast Regular All Formulations Retail Gasoline Prices (Dollars per Gallon),3.04,$/GAL
2023-10-16,R20,PADD 2,EPMR,Regular Gasoline,PTE,Retail Sales,EMM_EPMR_PTE_R20_DPG,Midwest Regular All Formulations Retail Gasoline Prices (Dollars per Gallon),3.326,$/GAL
2023-10-16,R1Z,PADD 1C,EPMR,Regular Gasoline,PTE,Retail Sales,EMM_EPMR_PTE_R1Z_DPG,Lower Atlantic (PADD 1C) Regular All Formulations Retail Gasoline Prices (Dollars per Gallon),3.204,$/GAL
2023-10-16,R1Y,PADD 1B,EPMR,Regular Gasoline,PTE,Retail Sales,EMM_EPMR_PTE_R1Y_DPG,Central Atlantic (PADD 1B) Regular All Formulations Retail Gasoline Prices (Dollars per Gallon),3.618,$/GAL
2023-10-16,R1X,PADD 1A,EPMR,Regular Gasoline,PTE,Retail Sales,EMM_EPMR_PTE_R1X_DPG,New England (PADD 1A) Regular All Formulations Retail Gasoline Prices (Dollars per Gallon),3.602,$/GAL
2023-10-16,R10,PADD 1,EPMR,Regular Gasoline,PTE,Retail Sales,EMM_EPMR_PTE_R10_DPG,East Coast Regular All Formulations Retail Gasoline Prices (Dollars per Gallon),3.396,$/GAL
2023-10-09,NUS,U.S.,EPMR,Regular Gasoline,PTE,Retail Sales,EMM_EPMR_PTE_NUS_DPG,U.S. Regular All Formulations Retail Gasoline Prices (Dollars per Gallon),3.684,$/GAL
2023-10-09,YORD,CHICAGO,EPMR,Regular Gasoline,PTE,Retail Sales,EMM_EPMR_PTE_YORD_DPG,Chicago Regular All Formulations Retail Gasoline Prices (Dollars per Gallon),3.677,$/GAL
2023-10-09,YMIA,MIAMI,EPMR,Regular Gasoline,PTE,Retail Sales,EMM_EPMR_PTE_YMIA_DPG,"Miami, FL Regular All Formulations Retail Gasoline Prices (Dollars per Gallon)",3.485,$/GAL
2023-10-09,YDEN,DENVER,EPMR,Regular Gasoline,PTE,Retail Sales,EMM_EPMR_PTE_YDEN_DPG,Denver Regular All Formulations Retail Gasoline Prices (Dollars per Gallon),3.615,$/GAL
2023-10-09,YCLE,CLEVELAND,EPMR,Regular Gasoline,PTE,Retail Sales,EMM_EPMR_PTE_YCLE_DPG,"Cleveland, OH Regular All Formulations Retail Gasoline Prices (Dollars per Gallon)",3.25,$/GAL
2023-10-09,YBOS,BOSTON,EPMR,Regular Gasoline,PTE,Retail Sales,EMM_EPMR_PTE_YBOS_DPG,"Boston, MA Regular All Formulations Retail Gasoline Prices (Dollars per Gallon)",3.656,$/GAL
2023-10-09,Y48SE,SEATTLE,EPMR,Regular Gasoline,PTE,Retail Sales,EMM_EPMR_PTE_Y48SE_DPG,"Seattle, WA Regular All Formulations Retail Gasoline Prices (Dollars per Gallon)",5.013,$/GAL
2023-10-09,Y44HO,HOUSTON,EPMR,Regular Gasoline,PTE,Retail Sales,EMM_EPMR_PTE_Y44HO_DPG,Houston Regular All Formulations Retail Gasoline Prices (Dollars per Gallon),3.135,$/GAL
2023-10-09,Y35NY,NEW YORK CITY,EPMR,Regular Gasoline,PTE,Retail Sales,EMM_EPMR_PTE_Y35NY_DPG,New York City Regular All Formulations Retail Gasoline Prices (Dollars per Gallon),3.572,$/GAL
2023-10-09,Y05SF,SAN FRANCISCO,EPMR,Regular Gasoline,PTE,Retail Sales,EMM_EPMR_PTE_Y05SF_DPG,San Francisco Regular All Formulations Retail Gasoline Prices (Dollars per Gallon),5.493,$/GAL
2023-10-09,Y05LA,LOS ANGELES,EPMR,Regular Gasoline,PTE,Retail Sales,EMM_EPMR_PTE_Y05LA_DPG,Los Angeles Regular All Formulations Retail Gasoline Prices (Dollars per Gallon),5.671,$/GAL
2023-10-09,SWA,WASHINGTON,EPMR,Regular Gasoline,PTE,Retail Sales,EMM_EPMR_PTE_SWA_DPG,Washington Regular All Formulations Retail Gasoline Prices (Dollars per Gallon),4.885,$/GAL
2023-10-09,STX,TEXAS,EPMR,Regular Gasoline,PTE,Retail Sales,EMM_EPMR_PTE_STX_DPG,Texas Regular All Formulations Retail Gasoline Prices (Dollars per Gallon),3.146,$/GAL
2023-10-09,SOH,OHIO,EPMR,Regular Gasoline,PTE,Retail Sales,EMM_EPMR_PTE_SOH_DPG,Ohio Regular All Formulations Retail Gasoline Prices (Dollars per Gallon),3.241,$/GAL
2023-10-09,SNY,NEW YORK,EPMR,Regular Gasoline,PTE,Retail Sales,EMM_EPMR_PTE_SNY_DPG,New York Regular All Formulations Retail Gasoline Prices (Dollars per Gallon),3.705,$/GAL
2023-10-09,SMN,MINNESOTA,EPMR,Regular Gasoline,PTE,Retail Sales,EMM_EPMR_PTE_SMN_DPG,Minnesota Regular All Formulations Retail Gasoline Prices (Dollars per Gallon),3.593,$/GAL
2023-10-09,SMA,MASSACHUSETTS,EPMR,Regular Gasoline,PTE,Retail Sales,EMM_EPMR_PTE_SMA_DPG,Massachusetts Regular All Formulations Retail Gasoline Prices (Dollars per Gallon),3.647,$/GAL
2023-10-09,SFL,FLORIDA,EPMR,Regular Gasoline,PTE,Retail Sales,EMM_EPMR_PTE_SFL_DPG,Florida Regular All Formulations Retail Gasoline Prices (Dollars per Gallon),3.412,$/GAL
2023-10-09,SCO,COLORADO,EPMR,Regular Gasoline,PTE,Retail Sales,EMM_EPMR_PTE_SCO_DPG,Colorado Regular All Formulations Retail Gasoline Prices (Dollars per Gallon),3.682,$/GAL
2023-10-09,SCA,CALIFORNIA,EPMR,Regular Gasoline,PTE,Retail Sales,EMM_EPMR_PTE_SCA_DPG,California Regular All Formulations Retail Gasoline Prices (Dollars per Gallon),5.604,$/GAL
2023-10-09,R5XCA,PADD 5 EXCEPT CALIFORNIA,EPMR,Regular Gasoline,PTE,Retail Sales,EMM_EPMR_PTE_R5XCA_DPG,West Coast (PADD 5) Except California Regular All Formulations Retail Gasoline Prices (Dollars per Gallon),4.683,$/GAL
2023-10-09,R50,PADD 5,EPMR,Regular Gasoline,PTE,Retail Sales,EMM_EPMR_PTE_R50_DPG,West Coast Regular All Formulations Retail Gasoline Prices (Dollars per Gallon),5.167,$/GAL
2023-10-09,R40,PADD 4,EPMR,Regular Gasoline,PTE,Retail Sales,EMM_EPMR_PTE_R40_DPG,Rocky Mountain Regular All Formulations Retail Gasoline Prices (Dollars per Gallon),3.82,$/GAL
2023-10-09,R30,PADD 3,EPMR,Regular Gasoline,PTE,Retail Sales,EMM_EPMR_PTE_R30_DPG,Gulf Coast Regular All Formulations Retail Gasoline Prices (Dollars per Gallon),3.185,$/GAL
2023-10-09,R20,PADD 2,EPMR,Regular Gasoline,PTE,Retail Sales,EMM_EPMR_PTE_R20_DPG,Midwest Regular All Formulations Retail Gasoline Prices (Dollars per Gallon),3.422,$/GAL
2023-10-09,R1Z,PADD 1C,EPMR,Regular Gasoline,PTE,Retail Sales,EMM_EPMR_PTE_R1Z_DPG,Lower Atlantic (PADD 1C) Regular All Formulations Retail Gasoline Prices (Dollars per Gallon),3.298,$/GAL
2023-10-09,R1Y,PADD 1B,EPMR,Regular Gasoline,PTE,Retail Sales,EMM_EPMR_PTE_R1Y_DPG,Central Atlantic (PADD 1B) Regular All Formulations Retail Gasoline Prices (Dollars per Gallon),3.681,$/GAL
2023-10-09,R1X,PADD 1A,EPMR,Regular Gasoline,PTE,Retail Sales,EMM_EPMR_PTE_R1X_DPG,New England (PADD 1A) Regular All Formulations Retail Gasoline Prices (Dollars per Gallon),3.668,$/GAL
2023-10-09,R10,PADD 1,EPMR,Regular Gasoline,PTE,Retail Sales,EMM_EPMR_PTE_R10_DPG,East Coast Regular All Formulations Retail Gasoline Prices (Dollars per Gallon),3.476,$/GAL
2023-10-02,NUS,U.S.,EPMR,Regular Gasoline,PTE,Retail Sales,EMM_EPMR_PTE_NUS_DPG,U.S. Regular All Formulations Retail Gasoline Prices (Dollars per Gallon),3.798,$/GAL
2023-10-02,YORD,CHICAGO,EPMR,Regular Gasoline,PTE,Retail Sales,EMM_EPMR_PTE_YORD_DPG,Chicago Regular All Formulations Retail Gasoline Prices (Dollars per Gallon),3.814,$/GAL
2023-10-02,YMIA,MIAMI,EPMR,Regular Gasoline,PTE,Retail Sales,EMM_EPMR_PTE_YMIA_DPG,"Miami, FL Regular All Formulations Retail Gasoline Prices (Dollars per Gallon)",3.503,$/GAL
2023-10-02,YDEN,DENVER,EPMR,Regular Gasoline,PTE,Retail Sales,EMM_EPMR_PTE_YDEN_DPG,Denver Regular All Formulations Retail Gasoline Prices (Dollars per Gallon),3.717,$/GAL
2023-10-02,YCLE,CLEVELAND,EPMR,Regular Gasoline,PTE,Retail Sales,EMM_EPMR_PTE_YCLE_DPG,"Cleveland, OH Regular All Formulations Retail Gasoline Prices (Dollars per Gallon)",3.401,$/GAL
2023-10-02,YBOS,BOSTON,EPMR,Regular Gasoline,PTE,Retail Sales,EMM_EPMR_PTE_YBOS_DPG,"Boston, MA Regular All Formulations Retail Gasoline Prices (Dollars per Gallon)",3.702,$/GAL
2023-10-02,Y48SE,SEATTLE,EPMR,Regular Gasoline,PTE,Retail Sales,EMM_EPMR_PTE_Y48SE_DPG,"Seattle, WA Regular All Formulations Retail Gasoline Prices (Dollars per Gallon)",5.19,$/GAL
2023-10-02,Y44HO,HOUSTON,EPMR,Regular Gasoline,PTE,Retail Sales,EMM_EPMR_PTE_Y44HO_DPG,Houston Regular All Formulations Retail Gasoline Prices (Dollars per Gallon),3.25,$/GAL
2023-10-02,Y35NY,NEW YORK CITY,EPMR,Regular Gasoline,PTE,Retail Sales,EMM_EPMR_PTE_Y35NY_DPG,New York City Regular All Formulations Retail Gasoline Prices (Dollars per Gallon),3.659,$/GAL
2023-10-02,Y05SF,SAN FRANCISCO,EPMR,Regular Gasoline,PTE,Retail Sales,EMM_EPMR_PTE_Y05SF_DPG,San Francisco Regular All Formulations Retail Gasoline Prices (Dollars per Gallon),5.727,$/GAL
2023-10-02,Y05LA,LOS ANGELES,EPMR,Regular Gasoline,PTE,Retail Sales,EMM_EPMR_PTE_Y05LA_DPG,Los Angeles Regular All Formulations Retail Gasoline Prices (Dollars per Gallon),5.982,$/GAL
2023-10-02,SWA,WASHINGTON,EPMR,Regular Gasoline,PTE,Retail Sales,EMM_EPMR_PTE_SWA_DPG,Washington Regular All Formulations Retail Gasoline Prices (Dollars per Gallon),4.994,$/GAL
2023-10-02,STX,TEXAS,EPMR,Regular Gasoline,PTE,Retail Sales,EMM_EPMR_PTE_STX_DPG,Texas Regular All Formulations Retail Gasoline Prices (Dollars per Gallon),3.302,$/GAL
2023-10-02,SOH,OHIO,EPMR,Regular Gasoline,PTE,Retail Sales,EMM_EPMR_PTE_SOH_DPG,Ohio Regular All Formulations Retail Gasoline Prices (Dollars per Gallon),3.377,$/GAL
2023-10-02,SNY,NEW YORK,EPMR,Regular Gasoline,PTE,Retail Sales,EMM_EPMR_PTE_SNY_DPG,New York Regular All Formulations Retail Gasoline Prices (Dollars per Gallon),3.779,$/GAL
2023-10-02,SMN,MINNESOTA,EPMR,Regular Gasoline,PTE,Retail Sales,EMM_EPMR_PTE_SMN_DPG,Minnesota Regular All Formulations Retail Gasoline Prices (Dollars per Gallon),3.735,$/GAL
2023-10-02,SMA,MASSACHUSETTS,EPMR,Regular Gasoline,PTE,Retail Sales,EMM_EPMR_PTE_SMA_DPG,Massachusetts Regular All Formulations Retail Gasoline Prices (Dollars per Gallon),3.684,$/GAL
2023-10-02,SFL,FLORIDA,EPMR,Regular Gasoline,PTE,Retail Sales,EMM_EPMR_PTE_SFL_DPG,Florida Regular All Formulations Retail Gasoline Prices (Dollars per Gallon),3.426,$/GAL
2023-10-02,SCO,COLORADO,EPMR,Regular Gasoline,PTE,Retail Sales,EMM_EPMR_PTE_SCO_DPG,Colorado Regular All Formulations Retail Gasoline Prices (Dollars per Gallon),3.776,$/GAL
2023-10-02,SCA,CALIFORNIA,EPMR,Regular Gasoline,PTE,Retail Sales,EMM_EPMR_PTE_SCA_DPG,California Regular All Formulations Retail Gasoline Prices (Dollars per Gallon),5.901,$/GAL
2023-10-02,R5XCA,PADD 5 EXCEPT CALIFORNIA,EPMR,Regular Gasoline,PTE,Retail Sales,EMM_EPMR_PTE_R5XCA_DPG,West Coast (PADD 5) Except California Regular All Formulations Retail Gasoline Prices (Dollars per Gallon),4.825,$/GAL
2023-10-02,R50,PADD 5,EPMR,Regular Gasoline,PTE,Retail Sales,EMM_EPMR_PTE_R50_DPG,West Coast Regular All Formulations Retail Gasoline Prices (Dollars per Gallon),5.391,$/GAL
2023-10-02,R40,PADD 4,EPMR,Regular Gasoline,PTE,Retail Sales,EMM_EPMR_PTE_R40_DPG,Rocky Mountain Regular All Formulations Retail Gasoline Prices (Dollars per Gallon),3.92,$/GAL
2023-10-02,R30,PADD 3,EPMR,Regular Gasoline,PTE,Retail Sales,EMM_EPMR_PTE_R30_DPG,Gulf Coast Regular All Formulations Retail Gasoline Prices (Dollars per Gallon),3.321,$/GAL
2023-10-02,R20,PADD 2,EPMR,Regular Gasoline,PTE,Retail Sales,EMM_EPMR_PTE_R20_DPG,Midwest Regular All Formulations Retail Gasoline Prices (Dollars per Gallon),3.539,$/GAL
2023-10-02,R1Z,PADD 1C,EPMR,Regular Gasoline,PTE,Retail Sales,EMM_EPMR_PTE_R1Z_DPG,Lower Atlantic (PADD 1C) Regular All Formulations Retail Gasoline Prices (Dollars per Gallon),3.354,$/GAL
2023-10-02,R1Y,PADD 1B,EPMR,Regular Gasoline,PTE,Retail Sales,EMM_EPMR_PTE_R1Y_DPG,Central Atlantic (PADD 1B) Regular All Formulations Retail Gasoline Prices (Dollars per Gallon),3.752,$/GAL
2023-10-02,R1X,PADD 1A,EPMR,Regular Gasoline,PTE,Retail Sales,EMM_EPMR_PTE_R1X_DPG,New England (PADD 1A) Regular All Formulations Retail Gasoline Prices (Dollars per Gallon),3.728,$/GAL
2023-10-02,R10,PADD 1,EPMR,Regular Gasoline,PTE,Retail Sales,EMM_EPMR_PTE_R10_DPG,East Coast Regular All Formulations Retail Gasoline Prices (Dollars per Gallon),3.538,$/GAL
2023-09-25,NUS,U.S.,EPMR,Regular Gasoline,PTE,Retail Sales,EMM_EPMR_PTE_NUS_DPG,U.S. Regular All Formulations Retail Gasoline Prices (Dollars per Gallon),3.837,$/GAL
2023-09-25,YORD,CHICAGO,EPMR,Regular Gasoline,PTE,Retail Sales,EMM_EPMR_PTE_YORD_DPG,Chicago Regular All Formulations Retail Gasoline Prices (Dollars per Gallon),3.962,$/GAL
2023-09-25,YMIA,MIAMI,EPMR,Regular Gasoline,PTE,Retail Sales,EMM_EPMR_PTE_YMIA_DPG,"Miami, FL Regular All Formulations Retail Gasoline Prices (Dollars per Gallon)",3.576,$/GAL
2023-09-25,YDEN,DENVER,EPMR,Regular Gasoline,PTE,Retail Sales,EMM_EPMR_PTE_YDEN_DPG,Denver Regular All Formulations Retail Gasoline Prices (Dollars per Gallon),3.817,$/GAL
2023-09-25,YCLE,CLEVELAND,EPMR,Regular Gasoline,PTE,Retail Sales,EMM_EPMR_PTE_YCLE_DPG,"Cleveland, OH Regular All Formulations Retail Gasoline Prices (Dollars per Gallon)",3.53,$/GAL
2023-09-25,YBOS,BOSTON,EPMR,Regular Gasoline,PTE,Retail Sales,EMM_EPMR_PTE_YBOS_DPG,"Boston, MA Regular All Formulations Retail Gasoline Prices (Dollars per Gallon)",3.735,$/GAL
2023-09-25,Y48SE,SEATTLE,EPMR,Regular Gasoline,PTE,Retail Sales,EMM_EPMR_PTE_Y48SE_DPG,"Seattle, WA Regular All Formulations Retail Gasoline Prices (Dollars per Gallon)",5.072,$/GAL
2023-09-25,Y44HO,HOUSTON,EPMR,Regular Gasoline,PTE,Retail Sales,EMM_EPMR_PTE_Y44HO_DPG,Houston Regular All Formulations Retail Gasoline Prices (Dollars per Gallon),3.277,$/GAL
2023-09-25,Y35NY,NEW YORK CITY,EPMR,Regular Gasoline,PTE,Retail Sales,EMM_EPMR_PTE_Y35NY_DPG,New York City Regular All Formulations Retail Gasoline Prices (Dollars per Gallon),3.706,$/GAL
2023-09-25,Y05SF,SAN FRANCISCO,EPMR,Regular Gasoline,PTE,Retail Sales,EMM_EPMR_PTE_Y05SF_DPG,San Francisco Regular All Formulations Retail Gasoline Prices (Dollars per Gallon),5.506,$/GAL
2023-09-25,Y05LA,LOS ANGELES,EPMR,Regular Gasoline,PTE,Retail Sales,EMM_EPMR_PTE_Y05LA_DPG,Los Angeles Regular All Formulations Retail Gasoline Prices (Dollars per Gallon),5.837,$/GAL
2023-09-25,SWA,WASHINGTON,EPMR,Regular Gasoline,PTE,Retail Sales,EMM_EPMR_PTE_SWA_DPG,Washington Regular All Formulations Retail Gasoline Prices (Dollars per Gallon),4.926,$/GAL
2023-09-25,STX,TEXAS,EPMR,Regular Gasoline,PTE,Retail Sales,EMM_EPMR_PTE_STX_DPG,Texas Regular All Formulations Retail Gasoline Prices (Dollars per Gallon),3.31,$/GAL
2023-09-25,SOH,OHIO,EPMR,Regular Gasoline,PTE,Retail Sales,EMM_EPMR_PTE_SOH_DPG,Ohio Regular All Formulations Retail Gasoline Prices (Dollars per Gallon),3.516,$/GAL
2023-09-25,SNY,NEW YORK,EPMR,Regular Gasoline,PTE,Retail Sales,EMM_EPMR_PTE_SNY_DPG,New York Regular All Formulations Retail Gasoline Prices (Dollars per Gallon),3.797,$/GAL
2023-09-25,SMN,MINNESOTA,EPMR,Regular Gasoline,PTE,Retail Sales,EMM_EPMR_PTE_SMN_DPG,Minnesota Regular All Formulations Retail Gasoline Prices (Dollars per Gallon),3.848,$/GAL
2023-09-25,SMA,MASSACHUSETTS,EPMR,Regular Gasoline,PTE,Retail Sales,EMM_EPMR_PTE_SMA_DPG,Massachusetts Regular All Formulations Retail Gasoline Prices (Dollars per Gallon),3.729,$/GAL
2023-09-25,SFL,FLORIDA,EPMR,Regular Gasoline,PTE,Retail Sales,EMM_EPMR_PTE_SFL_DPG,Florida Regular All Formulations Retail Gasoline Prices (Dollars per Gallon),3.532,$/GAL
2023-09-25,SCO,COLORADO,EPMR,Regular Gasoline,PTE,Retail Sales,EMM_EPMR_PTE_SCO_DPG,Colorado Regular All Formulations Retail Gasoline Prices (Dollars per Gallon),3.86,$/GAL
2023-09-25,SCA,CALIFORNIA,EPMR,Regular Gasoline,PTE,Retail Sales,EMM_EPMR_PTE_SCA_DPG,California Regular All Formulations Retail Gasoline Prices (Dollars per Gallon),5.699,$/GAL
2023-09-25,R5XCA,PADD 5 EXCEPT CALIFORNIA,EPMR,Regular Gasoline,PTE,Retail Sales,EMM_EPMR_PTE_R5XCA_DPG,West Coast (PADD 5) Except California Regular All Formulations Retail Gasoline Prices (Dollars per Gallon),4.77,$/GAL
2023-09-25,R50,PADD 5,EPMR,Regular Gasoline,PTE,Retail Sales,EMM_EPMR_PTE_R50_DPG,West Coast Regular All Formulations Retail Gasoline Prices (Dollars per Gallon),5.258,$/GAL
2023-09-25,R40,PADD 4,EPMR,Regular Gasoline,PTE,Retail Sales,EMM_EPMR_PTE_R40_DPG,Rocky Mountain Regular All Formulations Retail Gasoline Prices (Dollars per Gallon),3.996,$/GAL
2023-09-25,R30,PADD 3,EPMR,Regular Gasoline,PTE,Retail Sales,EMM_EPMR_PTE_R30_DPG,Gulf Coast Regular All Formulations Retail Gasoline Prices (Dollars per Gallon),3.351,$/GAL
2023-09-25,R20,PADD 2,EPMR,Regular Gasoline,PTE,Retail Sales,EMM_EPMR_PTE_R20_DPG,Midwest Regular All Formulations Retail Gasoline Prices (Dollars per Gallon),3.639,$/GAL
2023-09-25,R1Z,PADD 1C,EPMR,Regular Gasoline,PTE,Retail Sales,EMM_EPMR_PTE_R1Z_DPG,Lower Atlantic (PADD 1C) Regular All Formulations Retail Gasoline Prices (Dollars per Gallon),3.431,$/GAL
2023-09-25,R1Y,PADD 1B,EPMR,Regular Gasoline,PTE,Retail Sales,EMM_EPMR_PTE_R1Y_DPG,Central Atlantic (PADD 1B) Regular All Formulations Retail Gasoline Prices (Dollars per Gallon),3.797,$/GAL
2023-09-25,R1X,PADD 1A,EPMR,Regular Gasoline,PTE,Retail Sales,EMM_EPMR_PTE_R1X_DPG,New England (PADD 1A) Regular All Formulations Retail Gasoline Prices (Dollars per Gallon),3.759,$/GAL
2023-09-25,R10,PADD 1,EPMR,Regular Gasoline,PTE,Retail Sales,EMM_EPMR_PTE_R10_DPG,East Coast Regular All Formulations Retail Gasoline Prices (Dollars per Gallon),3.598,$/GAL
2023-09-18,NUS,U.S.,EPMR,Regular Gasoline,PTE,Retail Sales,EMM_EPMR_PTE_NUS_DPG,U.S. Regular All Formulations Retail Gasoline Prices (Dollars per Gallon),3.878,$/GAL
2023-09-18,YORD,CHICAGO,EPMR,Regular Gasoline,PTE,Retail Sales,EMM_EPMR_PTE_YORD_DPG,Chicago Regular All Formulations Retail Gasoline Prices (Dollars per Gallon),4.068,$/GAL
2023-09-18,YMIA,MIAMI,EPMR,Regular Gasoline,PTE,Retail Sales,EMM_EPMR_PTE_YMIA_DPG,"Miami, FL Regular All Formulations Retail Gasoline Prices (Dollars per Gallon)",3.669,$/GAL
2023-09-18,YDEN,DENVER,EPMR,Regular Gasoline,PTE,Retail Sales,EMM_EPMR_PTE_YDEN_DPG,Denver Regular All Formulations Retail Gasoline Prices (Dollars per Gallon),3.938,$/GAL
2023-09-18,YCLE,CLEVELAND,EPMR,Regular Gasoline,PTE,Retail Sales,EMM_EPMR_PTE_YCLE_DPG,"Cleveland, OH Regular All Formulations Retail Gasoline Prices (Dollars per Gallon)",3.63,$/GAL
2023-09-18,YBOS,BOSTON,EPMR,Regular Gasoline,PTE,Retail Sales,EMM_EPMR_PTE_YBOS_DPG,"Boston, MA Regular All Formulations Retail Gasoline Prices (Dollars per Gallon)",3.745,$/GAL
2023-09-18,Y48SE,SEATTLE,EPMR,Regular Gasoline,PTE,Retail Sales,EMM_EPMR_PTE_Y48SE_DPG,"Seattle, WA Regular All Formulations Retail Gasoline Prices (Dollars per Gallon)",5.08,$/GAL
2023-09-18,Y44HO,HOUSTON,EPMR,Regular Gasoline,PTE,Retail Sales,EMM_EPMR_PTE_Y44HO_DPG,Houston Regular All Formulations Retail Gasoline Prices (Dollars per Gallon),3.301,$/GAL
2023-09-18,Y35NY,NEW YORK CITY,EPMR,Regular Gasoline,PTE,Retail Sales,EMM_EPMR_PTE_Y35NY_DPG,New York City Regular All Formulations Retail Gasoline Prices (Dollars per Gallon),3.767,$/GAL
2023-09-18,Y05SF,SAN FRANCISCO,EPMR,Regular Gasoline,PTE,Retail Sales,EMM_EPMR_PTE_Y05SF_DPG,San Francisco Regular All Formulations Retail Gasoline Prices (Dollars per Gallon),5.438,$/GAL
2023-09-18,Y05LA,LOS ANGELES,EPMR,Regular Gasoline,PTE,Retail Sales,EMM_EPMR_PTE_Y05LA_DPG,Los Angeles Regular All Formulations Retail Gasoline Prices (Dollars per Gallon),5.662,$/GAL
2023-09-18,SWA,WASHINGTON,EPMR,Regular Gasoline,PTE,Retail Sales,EMM_EPMR_PTE_SWA_DPG,Washington Regular All Formulations Retail Gasoline Prices (Dollars per Gallon),4.955,$/GAL
2023-09-18,STX,TEXAS,EPMR,Regular Gasoline,PTE,Retail Sales,EMM_EPMR_PTE_STX_DPG,Texas Regular All Formulations Retail Gasoline Prices (Dollars per Gallon),3.396,$/GAL
2023-09-18,SOH,OHIO,EPMR,Regular Gasoline,PTE,Retail Sales,EMM_EPMR_PTE_SOH_DPG,Ohio Regular All Formulations Retail Gasoline Prices (Dollars per Gallon),3.64,$/GAL
2023-09-18,SNY,NEW YORK,EPMR,Regular Gasoline,PTE,Retail Sales,EMM_EPMR_PTE_SNY_DPG,New York Regular All Formulations Retail Gasoline Prices (Dollars per Gallon),3.844,$/GAL
2023-09-18,SMN,MINNESOTA,EPMR,Regular Gasoline,PTE,Retail Sales,EMM_EPMR_PTE_SMN_DPG,Minnesota Regular All Formulations Retail Gasoline Prices (Dollars per Gallon),3.937,$/GAL
2023-09-18,SMA,MASSACHUSETTS,EPMR,Regular Gasoline,PTE,Retail Sales,EMM_EPMR_PTE_SMA_DPG,Massachusetts Regular All Formulations Retail Gasoline Prices (Dollars per Gallon),3.74,$/GAL
2023-09-18,SFL,FLORIDA,EPMR,Regular Gasoline,PTE,Retail Sales,EMM_EPMR_PTE_SFL_DPG,Florida Regular All Formulations Retail Gasoline Prices (Dollars per Gallon),3.644,$/GAL
2023-09-18,SCO,COLORADO,EPMR,Regular Gasoline,PTE,Retail Sales,EMM_EPMR_PTE_SCO_DPG,Colorado Regular All Formulations Retail Gasoline Prices (Dollars per Gallon),3.979,$/GAL
2023-09-18,SCA,CALIFORNIA,EPMR,Regular Gasoline,PTE,Retail Sales,EMM_EPMR_PTE_SCA_DPG,California Regular All Formulations Retail Gasoline Prices (Dollars per Gallon),5.549,$/GAL
2023-09-18,R5XCA,PADD 5 EXCEPT CALIFORNIA,EPMR,Regular Gasoline,PTE,Retail Sales,EMM_EPMR_PTE_R5XCA_DPG,West Coast (PADD 5) Except California Regular All Formulations Retail Gasoline Prices (Dollars per Gallon),4.734,$/GAL
2023-09-18,R50,PADD 5,EPMR,Regular Gasoline,PTE,Retail Sales,EMM_EPMR_PTE_R50_DPG,West Coast Regular All Formulations Retail Gasoline Prices (Dollars per Gallon),5.163,$/GAL
2023-09-18,R40,PADD 4,EPMR,Regular Gasoline,PTE,Retail Sales,EMM_EPMR_PTE_R40_DPG,Rocky Mountain Regular All Formulations Retail Gasoline Prices (Dollars per Gallon),4.071,$/GAL
2023-09-18,R30,PADD 3,EPMR,Regular Gasoline,PTE,Retail Sales,EMM_EPMR_PTE_R30_DPG,Gulf Coast Regular All Formulations Retail Gasoline Prices (Dollars per Gallon),3.431,$/GAL
2023-09-18,R20,PADD 2,EPMR,Regular Gasoline,PTE,Retail Sales,EMM_EPMR_PTE_R20_DPG,Midwest Regular All Formulations Retail Gasoline Prices (Dollars per Gallon),3.71,$/GAL
2023-09-18,R1Z,PADD 1C,EPMR,Regular Gasoline,PTE,Retail Sales,EMM_EPMR_PTE_R1Z_DPG,Lower Atlantic (PADD 1C) Regular All Formulations Retail Gasoline Prices (Dollars per Gallon),3.508,$/GAL
2023-09-18,R1Y,PADD 1B,EPMR,Regular Gasoline,PTE,Retail Sales,EMM_EPMR_PTE_R1Y_DPG,Central Atlantic (PADD 1B) Regular All Formulations Retail Gasoline Prices (Dollars per Gallon),3.834,$/GAL
2023-09-18,R1X,PADD 1A,EPMR,Regular Gasoline,PTE,Retail Sales,EMM_EPMR_PTE_R1X_DPG,New England (PADD 1A) Regular All Formulations Retail Gasoline Prices (Dollars per Gallon),3.782,$/GAL
2023-09-18,R10,PADD 1,EPMR,Regular Gasoline,PTE,Retail Sales,EMM_EPMR_PTE_R10_DPG,East Coast Regular All Formulations Retail Gasoline Prices (Dollars per Gallon),3.654,$/GAL
2023-09-11,NUS,U.S.,EPMR,Regular Gasoline,PTE,Retail Sales,EMM_EPMR_PTE_NUS_DPG,U.S. Regular All Formulations Retail Gasoline Prices (Dollars per Gallon),3.822,$/GAL
2023-09-11,YORD,CHICAGO,EPMR,Regular Gasoline,PTE,Retail Sales,EMM_EPMR_PTE_YORD_DPG,Chicago Regular All Formulations Retail Gasoline Prices (Dollars per Gallon),4.108,$/GAL
2023-09-11,YMIA,MIAMI,EPMR,Regular Gasoline,PTE,Retail Sales,EMM_EPMR_PTE_YMIA_DPG,"Miami, FL Regular All Formulations Retail Gasoline Prices (Dollars per Gallon)",3.612,$/GAL
2023-09-11,YDEN,DENVER,EPMR,Regular Gasoline,PTE,Retail Sales,EMM_EPMR_PTE_YDEN_DPG,Denver Regular All Formulations Retail Gasoline Prices (Dollars per Gallon),3.839,$/GAL
2023-09-11,YCLE,CLEVELAND,EPMR,Regular Gasoline,PTE,Retail Sales,EMM_EPMR_PTE_YCLE_DPG,"Cleveland, OH Regular All Formulations Retail Gasoline Prices (Dollars per Gallon)",3.524,$/GAL
2023-09-11,YBOS,BOSTON,EPMR,Regular Gasoline,PTE,Retail Sales,EMM_EPMR_PTE_YBOS_DPG,"Boston, MA Regular All Formulations Retail Gasoline Prices (Dollars per Gallon)",3.715,$/GAL
2023-09-11,Y48SE,SEATTLE,EPMR,Regular Gasoline,PTE,Retail Sales,EMM_EPMR_PTE_Y48SE_DPG,"Seattle, WA Regular All Formulations Retail Gasoline Prices (Dollars per Gallon)",5.114,$/GAL
2023-09-11,Y44HO,HOUSTON,EPMR,Regular Gasoline,PTE,Retail Sales,EMM_EPMR_PTE_Y44HO_DPG,Houston Regular All Formulations Retail Gasoline Prices (Dollars per Gallon),3.283,$/GAL
2023-09-11,Y35NY,NEW YORK CITY,EPMR,Regular Gasoline,PTE,Retail Sales,EMM_EPMR_PTE_Y35NY_DPG,New York City Regular All Formulations Retail Gasoline Prices (Dollars per Gallon),3.7,$/GAL
2023-09-11,Y05SF,SAN FRANCISCO,EPMR,Regular Gasoline,PTE,Retail Sales,EMM_EPMR_PTE_Y05SF_DPG,San Francisco Regular All Formulations Retail Gasoline Prices (Dollars per Gallon),5.286,$/GAL
2023-09-11,Y05LA,LOS ANGELES,EPMR,Regular Gasoline,PTE,Retail Sales,EMM_EPMR_PTE_Y05LA_DPG,Los Angeles Regular All Formulations Retail Gasoline Prices (Dollars per Gallon),5.263,$/GAL
2023-09-11,SWA,WASHINGTON,EPMR,Regular Gasoline,PTE,Retail Sales,EMM_EPMR_PTE_SWA_DPG,Washington Regular All Formulations Retail Gasoline Prices (Dollars per Gallon),4.969,$/GAL
2023-09-11,STX,TEXAS,EPMR,Regular Gasoline,PTE,Retail Sales,EMM_EPMR_PTE_STX_DPG,Texas Regular All Formulations Retail Gasoline Prices (Dollars per Gallon),3.332,$/GAL
2023-09-11,SOH,OHIO,EPMR,Regular Gasoline,PTE,Retail Sales,EMM_EPMR_PTE_SOH_DPG,Ohio Regular All Formulations Retail Gasoline Prices (Dollars per Gallon),3.51,$/GAL
2023-09-11,SNY,NEW YORK,EPMR,Regular Gasoline,PTE,Retail Sales,EMM_EPMR_PTE_SNY_DPG,New York Regular All Formulations Retail Gasoline Prices (Dollars per Gallon),3.797,$/GAL
2023-09-11,SMN,MINNESOTA,EPMR,Regular Gasoline,PTE,Retail Sales,EMM_EPMR_PTE_SMN_DPG,Minnesota Regular All Formulations Retail Gasoline Prices (Dollars per Gallon),3.952,$/GAL
2023-09-11,SMA,MASSACHUSETTS,EPMR,Regular Gasoline,PTE,Retail Sales,EMM_EPMR_PTE_SMA_DPG,Massachusetts Regular All Formulations Retail Gasoline Prices (Dollars per Gallon),3.7,$/GAL
2023-09-11,SFL,FLORIDA,EPMR,Regular Gasoline,PTE,Retail Sales,EMM_EPMR_PTE_SFL_DPG,Florida Regular All Formulations Retail Gasoline Prices (Dollars per Gallon),3.551,$/GAL
2023-09-11,SCO,COLORADO,EPMR,Regular Gasoline,PTE,Retail Sales,EMM_EPMR_PTE_SCO_DPG,Colorado Regular All Formulations Retail Gasoline Prices (Dollars per Gallon),3.87,$/GAL
2023-09-11,SCA,CALIFORNIA,EPMR,Regular Gasoline,PTE,Retail Sales,EMM_EPMR_PTE_SCA_DPG,California Regular All Formulations Retail Gasoline Prices (Dollars per Gallon),5.254,$/GAL
2023-09-11,R5XCA,PADD 5 EXCEPT CALIFORNIA,EPMR,Regular Gasoline,PTE,Retail Sales,EMM_EPMR_PTE_R5XCA_DPG,West Coast (PADD 5) Except California Regular All Formulations Retail Gasoline Prices (Dollars per Gallon),4.653,$/GAL
2023-09-11,R50,PADD 5,EPMR,Regular Gasoline,PTE,Retail Sales,EMM_EPMR_PTE_R50_DPG,West Coast Regular All Formulations Retail Gasoline Prices (Dollars per Gallon),4.969,$/GAL
2023-09-11,R40,PADD 4,EPMR,Regular Gasoline,PTE,Retail Sales,EMM_EPMR_PTE_R40_DPG,Rocky Mountain Regular All Formulations Retail Gasoline Prices (Dollars per Gallon),4.013,$/GAL
2023-09-11,R30,PADD 3,EPMR,Regular Gasoline,PTE,Retail Sales,EMM_EPMR_PTE_R30_DPG,Gulf Coast Regular All Formulations Retail Gasoline Prices (Dollars per Gallon),3.366,$/GAL
2023-09-11,R20,PADD 2,EPMR,Regular Gasoline,PTE,Retail Sales,EMM_EPMR_PTE_R20_DPG,Midwest Regular All Formulations Retail Gasoline Prices (Dollars per Gallon),3.683,$/GAL
2023-09-11,R1Z,PADD 1C,EPMR,Regular Gasoline,PTE,Retail Sales,EMM_EPMR_PTE_R1Z_DPG,Lower Atlantic (PADD 1C) Regular All Formulations Retail Gasoline Prices (Dollars per Gallon),3.511,$/GAL
2023-09-11,R1Y,PADD 1B,EPMR,Regular Gasoline,PTE,Retail Sales,EMM_EPMR_PTE_R1Y_DPG,Central Atlantic (PADD 1B) Regular All Formulations Retail Gasoline Prices (Dollars per Gallon),3.781,$/GAL
2023-09-11,R1X,PADD 1A,EPMR,Regular Gasoline,PTE,Retail Sales,EMM_EPMR_PTE_R1X_DPG,New England (PADD 1A) Regular All Formulations Retail Gasoline Prices (Dollars per Gallon),3.742,$/GAL
2023-09-11,R10,PADD 1,EPMR,Regular Gasoline,PTE,Retail Sales,EMM_EPMR_PTE_R10_DPG,East Coast Regular All Formulations Retail Gasoline Prices (Dollars per Gallon),3.633,$/GAL
2023-09-04,NUS,U.S.,EPMR,Regular Gasoline,PTE,Retail Sales,EMM_EPMR_PTE_NUS_DPG,U.S. Regular All Formulations Retail Gasoline Prices (Dollars per Gallon),3.807,$/GAL
2023-09-04,YORD,CHICAGO,EPMR,Regular Gasoline,PTE,Retail Sales,EMM_EPMR_PTE_YORD_DPG,Chicago Regular All Formulations Retail Gasoline Prices (Dollars per Gallon),4.189,$/GAL
2023-09-04,YMIA,MIAMI,EPMR,Regular Gasoline,PTE,Retail Sales,EMM_EPMR_PTE_YMIA_DPG,"Miami, FL Regular All Formulations Retail Gasoline Prices (Dollars per Gallon)",3.664,$/GAL
2023-09-04,YDEN,DENVER,EPMR,Regular Gasoline,PTE,Retail Sales,EMM_EPMR_PTE_YDEN_DPG,Denver Regular All Formulations Retail Gasoline Prices (Dollars per Gallon),3.813,$/GAL
2023-09-04,YCLE,CLEVELAND,EPMR,Regular Gasoline,PTE,Retail Sales,EMM_EPMR_PTE_YCLE_DPG,"Cleveland, OH Regular All Formulations Retail Gasoline Prices (Dollars per Gallon)",3.612,$/GAL
2023-09-04,YBOS,BOSTON,EPMR,Regular Gasoline,PTE,Retail Sales,EMM_EPMR_PTE_YBOS_DPG,"Boston, MA Regular All Formulations Retail Gasoline Prices (Dollars per Gallon)",3.721,$/GAL
2023-09-04,Y48SE,SEATTLE,EPMR,Regular Gasoline,PTE,Retail Sales,EMM_EPMR_PTE_Y48SE_DPG,"Seattle, WA Regular All Formulations Retail Gasoline Prices (Dollars per Gallon)",5.147,$/GAL
2023-09-04,Y44HO,HOUSTON,EPMR,Regular Gasoline,PTE,Retail Sales,EMM_EPMR_PTE_Y44HO_DPG,Houston Regular All Formulations Retail Gasoline Prices (Dollars per Gallon),3.289,$/GAL
2023-09-04,Y35NY,NEW YORK CITY,EPMR,Regular Gasoline,PTE,Retail Sales,EMM_EPMR_PTE_Y35NY_DPG,New York City Regular All Formulations Retail Gasoline Prices (Dollars per Gallon),3.687,$/GAL
2023-09-04,Y05SF,SAN FRANCISCO,EPMR,Regular Gasoline,PTE,Retail Sales,EMM_EPMR_PTE_Y05SF_DPG,San Francisco Regular All Formulations Retail Gasoline Prices (Dollars per Gallon),5.213,$/GAL
2023-09-04,Y05LA,LOS ANGELES,EPMR,Regular Gasoline,PTE,Retail Sales,EMM_EPMR_PTE_Y05LA_DPG,Los Angeles Regular All Formulations Retail Gasoline Prices (Dollars per Gallon),5.163,$/GAL
2023-09-04,SWA,WASHINGTON,EPMR,Regular Gasoline,PTE,Retail Sales,EMM_EPMR_PTE_SWA_DPG,Washington Regular All Formulations Retail Gasoline Prices (Dollars per Gallon),4.992,$/GAL
2023-09-04,STX,TEXAS,EPMR,Regular Gasoline,PTE,Retail Sales,EMM_EPMR_PTE_STX_DPG,Texas Regular All Formulations Retail Gasoline Prices (Dollars per Gallon),3.34,$/GAL
2023-09-04,SOH,OHIO,EPMR,Regular Gasoline,PTE,Retail Sales,EMM_EPMR_PTE_SOH_DPG,Ohio Regular All Formulations Retail Gasoline Prices (Dollars per Gallon),3.594,$/GAL
2023-09-04,SNY,NEW YORK,EPMR,Regular Gasoline,PTE,Retail Sales,EMM_EPMR_PTE_SNY_DPG,New York Regular All Formulations Retail Gasoline Prices (Dollars per Gallon),3.799,$/GAL
2023-09-04,SMN,MINNESOTA,EPMR,Regular Gasoline,PTE,Retail Sales,EMM_EPMR_PTE_SMN_DPG,Minnesota Regular All Formulations Retail Gasoline Prices (Dollars per Gallon),3.629,$/GAL
2023-09-04,SMA,MASSACHUSETTS,EPMR,Regular Gasoline,PTE,Retail Sales,EMM_EPMR_PTE_SMA_DPG,Massachusetts Regular All Formulations Retail Gasoline Prices (Dollars per Gallon),3.699,$/GAL
2023-09-04,SFL,FLORIDA,EPMR,Regular Gasoline,PTE,Retail Sales,EMM_EPMR_PTE_SFL_DPG,Florida Regular All Formulations Retail Gasoline Prices (Dollars per Gallon),3.639,$/GAL
2023-09-04,SCO,COLORADO,EPMR,Regular Gasoline,PTE,Retail Sales,EMM_EPMR_PTE_SCO_DPG,Colorado Regular All Formulations Retail Gasoline Prices (Dollars per Gallon),3.825,$/GAL
2023-09-04,SCA,CALIFORNIA,EPMR,Regular Gasoline,PTE,Retail Sales,EMM_EPMR_PTE_SCA_DPG,California Regular All Formulations Retail Gasoline Prices (Dollars per Gallon),5.146,$/GAL
2023-09-04,R5XCA,PADD 5 EXCEPT CALIFORNIA,EPMR,Regular Gasoline,PTE,Retail Sales,EMM_EPMR_PTE_R5XCA_DPG,West Coast (PADD 5) Except California Regular All Formulations Retail Gasoline Prices (Dollars per Gallon),4.652,$/GAL
2023-09-04,R50,PADD 5,EPMR,Regular Gasoline,PTE,Retail Sales,EMM_EPMR_PTE_R50_DPG,West Coast Regular All Formulations Retail Gasoline Prices (Dollars per Gallon),4.912,$/GAL
2023-09-04,R40,PADD 4,EPMR,Regular Gasoline,PTE,Retail Sales,EMM_EPMR_PTE_R40_DPG,Rocky Mountain Regular All Formulations Retail Gasoline Prices (Dollars per Gallon),3.999,$/GAL
2023-09-04,R30,PADD 3,EPMR,Regular Gasoline,PTE,Retail Sales,EMM_EPMR_PTE_R30_DPG,Gulf Coast Regular All Formulations Retail Gasoline Prices (Dollars per Gallon),3.364,$/GAL
2023-09-04,R20,PADD 2,EPMR,Regular Gasoline,PTE,Retail Sales,EMM_EPMR_PTE_R20_DPG,Midwest Regular All Formulations Retail Gasoline Prices (Dollars per Gallon),3.63,$/GAL
2023-09-04,R1Z,PADD 1C,EPMR,Regular Gasoline,PTE,Retail Sales,EMM_EPMR_PTE_R1Z_DPG,Lower Atlantic (PADD 1C) Regular All Formulations Retail Gasoline Prices (Dollars per Gallon),3.556,$/GAL
2023-09-04,R1Y,PADD 1B,EPMR,Regular Gasoline,PTE,Retail Sales,EMM_EPMR_PTE_R1Y_DPG,Central Atlantic (PADD 1B) Regular All Formulations Retail Gasoline Prices (Dollars per Gallon),3.774,$/GAL
2023-09-04,R1X,PADD 1A,EPMR,Regular Gasoline,PTE,Retail Sales,EMM_EPMR_PTE_R1X_DPG,New England (PADD 1A) Regular All Formulations Retail Gasoline Prices (Dollars per Gallon),3.749,$/GAL
2023-09-04,R10,PADD 1,EPMR,Regular Gasoline,PTE,Retail Sales,EMM_EPMR_PTE_R10_DPG,East Coast Regular All Formulations Retail Gasoline Prices (Dollars per Gallon),3.655,$/GAL
2023-08-28,NUS,U.S.,EPMR,Regular Gasoline,PTE,Retail Sales,EMM_EPMR_PTE_NUS_DPG,U.S. Regular All Formulations Retail Gasoline Prices (Dollars per Gallon),3.813,$/GAL
2023-08-28,YORD,CHICAGO,EPMR,Regular Gasoline,PTE,Retail Sales,EMM_EPMR_PTE_YORD_DPG,Chicago Regular All Formulations Retail Gasoline Prices (Dollars per Gallon),4.272,$/GAL
2023-08-28,YMIA,MIAMI,EPMR,Regular Gasoline,PTE,Retail Sales,EMM_EPMR_PTE_YMIA_DPG,"Miami, FL Regular All Formulations Retail Gasoline Prices (Dollars per Gallon)",3.684,$/GAL
2023-08-28,YDEN,DENVER,EPMR,Regular Gasoline,PTE,Retail Sales,EMM_EPMR_PTE_YDEN_DPG,Denver Regular All Formulations Retail Gasoline Prices (Dollars per Gallon),3.88,$/GAL
2023-08-28,YCLE,CLEVELAND,EPMR,Regular Gasoline,PTE,Retail Sales,EMM_EPMR_PTE_YCLE_DPG,"Cleveland, OH Regular All Formulations Retail Gasoline Prices (Dollars per Gallon)",3.499,$/GAL
2023-08-28,YBOS,BOSTON,EPMR,Regular Gasoline,PTE,Retail Sales,EMM_EPMR_PTE_YBOS_DPG,"Boston, MA Regular All Formulations Retail Gasoline Prices (Dollars per Gallon)",3.759,$/GAL
2023-08-28,Y48SE,SEATTLE,EPMR,Regular Gasoline,PTE,Retail Sales,EMM_EPMR_PTE_Y48SE_DPG,"Seattle, WA Regular All Formulations Retail Gasoline Prices (Dollars per Gallon)",5.138,$/GAL
2023-08-28,Y44HO,HOUSTON,EPMR,Regular Gasoline,PTE,Retail Sales,EMM_EPMR_PTE_Y44HO_DPG,Houston Regular All Formulations Retail Gasoline Prices (Dollars per Gallon),3.309,$/GAL
2023-08-28,Y35NY,NEW YORK CITY,EPMR,Regular Gasoline,PTE,Retail Sales,EMM_EPMR_PTE_Y35NY_DPG,New York City Regular All Formulations Retail Gasoline Prices (Dollars per Gallon),3.71,$/GAL
2023-08-28,Y05SF,SAN FRANCISCO,EPMR,Regular Gasoline,PTE,Retail Sales,EMM_EPMR_PTE_Y05SF_DPG,San Francisco Regular All Formulations Retail Gasoline Prices (Dollars per Gallon),5.155,$/GAL
2023-08-28,Y05LA,LOS ANGELES,EPMR,Regular Gasoline,PTE,Retail Sales,EMM_EPMR_PTE_Y05LA_DPG,Los Angeles Regular All Formulations Retail Gasoline Prices (Dollars per Gallon),5.138,$/GAL
2023-08-28,SWA,WASHINGTON,EPMR,Regular Gasoline,PTE,Retail Sales,EMM_EPMR_PTE_SWA_DPG,Washington Regular All Formulations Retail Gasoline Prices (Dollars per Gallon),4.969,$/GAL
2023-08-28,STX,TEXAS,EPMR,Regular Gasoline,PTE,Retail Sales,EMM_EPMR_PTE_STX_DPG,Texas Regular All Formulations Retail Gasoline Prices (Dollars per Gallon),3.357,$/GAL
2023-08-28,SOH,OHIO,EPMR,Regular Gasoline,PTE,Retail Sales,EMM_EPMR_PTE_SOH_DPG,Ohio Regular All Formulations Retail Gasoline Prices (Dollars per Gallon),3.471,$/GAL
2023-08-28,SNY,NEW YORK,EPMR,Regular Gasoline,PTE,Retail Sales,EMM_EPMR_PTE_SNY_DPG,New York Regular All Formulations Retail Gasoline Prices (Dollars per Gallon),3.828,$/GAL
2023-08-28,SMN,MINNESOTA,EPMR,Regular Gasoline,PTE,Retail Sales,EMM_EPMR_PTE_SMN_DPG,Minnesota Regular All Formulations Retail Gasoline Prices (Dollars per Gallon),3.656,$/GAL
2023-08-28,SMA,MASSACHUSETTS,EPMR,Regular Gasoline,PTE,Retail Sales,EMM_EPMR_PTE_SMA_DPG,Massachusetts Regular All Formulations Retail Gasoline Prices (Dollars per Gallon),3.72,$/GAL
2023-08-28,SFL,FLORIDA,EPMR,Regular Gasoline,PTE,Retail Sales,EMM_EPMR_PTE_SFL_DPG,Florida Regular All Formulations Retail Gasoline Prices (Dollars per Gallon),3.655,$/GAL
2023-08-28,SCO,COLORADO,EPMR,Regular Gasoline,PTE,Retail Sales,EMM_EPMR_PTE_SCO_DPG,Colorado Regular All Formulations Retail Gasoline Prices (Dollars per Gallon),3.893,$/GAL
2023-08-28,SCA,CALIFORNIA,EPMR,Regular Gasoline,PTE,Retail Sales,EMM_EPMR_PTE_SCA_DPG,California Regular All Formulations Retail Gasoline Prices (Dollars per Gallon),5.106,$/GAL
2023-08-28,R5XCA,PADD 5 EXCEPT CALIFORNIA,EPMR,Regular Gasoline,PTE,Retail Sales,EMM_EPMR_PTE_R5XCA_DPG,West Coast (PADD 5) Except California Regular All Formulations Retail Gasoline Prices (Dollars per Gallon),4.633,$/GAL
2023-08-28,R50,PADD 5,EPMR,Regular Gasoline,PTE,Retail Sales,EMM_EPMR_PTE_R50_DPG,West Coast Regular All Formulations Retail Gasoline Prices (Dollars per Gallon),4.88,$/GAL
2023-08-28,R40,PADD 4,EPMR,Regular Gasoline,PTE,Retail Sales,EMM_EPMR_PTE_R40_DPG,Rocky Mountain Regular All Formulations Retail Gasoline Prices (Dollars per Gallon),3.975,$/GAL
2023-08-28,R30,PADD 3,EPMR,Regular Gasoline,PTE,Retail Sales,EMM_EPMR_PTE_R30_DPG,Gulf Coast Regular All Formulations Retail Gasoline Prices (Dollars per Gallon),3.378,$/GAL
2023-08-28,R20,PADD 2,EPMR,Regular Gasoline,PTE,Retail Sales,EMM_EPMR_PTE_R20_DPG,Midwest Regular All Formulations Retail Gasoline Prices (Dollars per Gallon),3.637,$/GAL
2023-08-28,R1Z,PADD 1C,EPMR,Regular Gasoline,PTE,Retail Sales,EMM_EPMR_PTE_R1Z_DPG,Lower Atlantic (PADD 1C) Regular All Formulations Retail Gasoline Prices (Dollars per Gallon),3.571,$/GAL
2023-08-28,R1Y,PADD 1B,EPMR,Regular Gasoline,PTE,Retail Sales,EMM_EPMR_PTE_R1Y_DPG,Central Atlantic (PADD 1B) Regular All Formulations Retail Gasoline Prices (Dollars per Gallon),3.809,$/GAL
2023-08-28,R1X,PADD 1A,EPMR,Regular Gasoline,PTE,Retail Sales,EMM_EPMR_PTE_R1X_DPG,New England (PADD 1A) Regular All Formulations Retail Gasoline Prices (Dollars per Gallon),3.763,$/GAL
2023-08-28,R10,PADD 1,EPMR,Regular Gasoline,PTE,Retail Sales,EMM_EPMR_PTE_R10_DPG,East Coast Regular All Formulations Retail Gasoline Prices (Dollars per Gallon),3.678,$/GAL
2023-08-21,NUS,U.S.,EPMR,Regular Gasoline,PTE,Retail Sales,EMM_EPMR_PTE_NUS_DPG,U.S. Regular All Formulations Retail Gasoline Prices (Dollars per Gallon),3.868,$/GAL
2023-08-21,YORD,CHICAGO,EPMR,Regular Gasoline,PTE,Retail Sales,EMM_EPMR_PTE_YORD_DPG,Chicago Regular All Formulations Retail Gasoline Prices (Dollars per Gallon),4.34,$/GAL
2023-08-21,YMIA,MIAMI,EPMR,Regular Gasoline,PTE,Retail Sales,EMM_EPMR_PTE_YMIA_DPG,"Miami, FL Regular All Formulations Retail Gasoline Prices (Dollars per Gallon)",3.774,$/GAL
2023-08-21,YDEN,DENVER,EPMR,Regular Gasoline,PTE,Retail Sales,EMM_EPMR_PTE_YDEN_DPG,Denver Regular All Formulations Retail Gasoline Prices (Dollars per Gallon),3.966,$/GAL
2023-08-21,YCLE,CLEVELAND,EPMR,Regular Gasoline,PTE,Retail Sales,EMM_EPMR_PTE_YCLE_DPG,"Cleveland, OH Regular All Formulations Retail Gasoline Prices (Dollars per Gallon)",3.581,$/GAL
2023-08-21,YBOS,BOSTON,EPMR,Regular Gasoline,PTE,Retail Sales,EMM_EPMR_PTE_YBOS_DPG,"Boston, MA Regular All Formulations Retail Gasoline Prices (Dollars per Gallon)",3.766,$/GAL
2023-08-21,Y48SE,SEATTLE,EPMR,Regular Gasoline,PTE,Retail Sales,EMM_EPMR_PTE_Y48SE_DPG,"Seattle, WA Regular All Formulations Retail Gasoline Prices (Dollars per Gallon)",5.117,$/GAL
2023-08-21,Y44HO,HOUSTON,EPMR,Regular Gasoline,PTE,Retail Sales,EMM_EPMR_PTE_Y44HO_DPG,Houston Regular All Formulations Retail Gasoline Prices (Dollars per Gallon),3.365,$/GAL
2023-08-21,Y35NY,NEW YORK CITY,EPMR,Regular Gasoline,PTE,Retail Sales,EMM_EPMR_PTE_Y35NY_DPG,New York City Regular All Formulations Retail Gasoline Prices (Dollars per Gallon),3.755,$/GAL
2023-08-21,Y05SF,SAN FRANCISCO,EPMR,Regular Gasoline,PTE,Retail Sales,EMM_EPMR_PTE_Y05SF_DPG,San Francisco Regular All Formulations Retail Gasoline Prices (Dollars per Gallon),5.051,$/GAL
2023-08-21,Y05LA,LOS ANGELES,EPMR,Regular Gasoline,PTE,Retail Sales,EMM_EPMR_PTE_Y05LA_DPG,Los Angeles Regular All Formulations Retail Gasoline Prices (Dollars per Gallon),5.136,$/GAL
2023-08-21,SWA,WASHINGTON,EPMR,Regular Gasoline,PTE,Retail Sales,EMM_EPMR_PTE_SWA_DPG,Washington Regular All Formulations Retail Gasoline Prices (Dollars per Gallon),4.96,$/GAL
2023-08-21,STX,TEXAS,EPMR,Regular Gasoline,PTE,Retail Sales,EMM_EPMR_PTE_STX_DPG,Texas Regular All Formulations Retail Gasoline Prices (Dollars per Gallon),3.453,$/GAL
2023-08-21,SOH,OHIO,EPMR,Regular Gasoline,PTE,Retail Sales,EMM_EPMR_PTE_SOH_DPG,Ohio Regular All Formulations Retail Gasoline Prices (Dollars per Gallon),3.574,$/GAL
2023-08-21,SNY,NEW YORK,EPMR,Regular Gasoline,PTE,Retail Sales,EMM_EPMR_PTE_SNY_DPG,New York Regular All Formulations Retail Gasoline Prices (Dollars per Gallon),3.849,$/GAL
2023-08-21,SMN,MINNESOTA,EPMR,Regular Gasoline,PTE,Retail Sales,EMM_EPMR_PTE_SMN_DPG,Minnesota Regular All Formulations Retail Gasoline Prices (Dollars per Gallon),3.736,$/GAL
2023-08-21,SMA,MASSACHUSETTS,EPMR,Regular Gasoline,PTE,Retail Sales,EMM_EPMR_PTE_SMA_DPG,Massachusetts Regular All Formulations Retail Gasoline Prices (Dollars per Gallon),3.746,$/GAL
2023-08-21,SFL,FLORIDA,EPMR,Regular Gasoline,PTE,Retail Sales,EMM_EPMR_PTE_SFL_DPG,Florida Regular All Formulations Retail Gasoline Prices (Dollars per Gallon),3.754,$/GAL
2023-08-21,SCO,COLORADO,EPMR,Regular Gasoline,PTE,Retail Sales,EMM_EPMR_PTE_SCO_DPG,Colorado Regular All Formulations Retail Gasoline Prices (Dollars per Gallon),3.987,$/GAL
2023-08-21,SCA,CALIFORNIA,EPMR,Regular Gasoline,PTE,Retail Sales,EMM_EPMR_PTE_SCA_DPG,California Regular All Formulations Retail Gasoline Prices (Dollars per Gallon),5.102,$/GAL
2023-08-21,R5XCA,PADD 5 EXCEPT CALIFORNIA,EPMR,Regular Gasoline,PTE,Retail Sales,EMM_EPMR_PTE_R5XCA_DPG,West Coast (PADD 5) Except California Regular All Formulations Retail Gasoline Prices (Dollars per Gallon),4.609,$/GAL
2023-08-21,R50,PADD 5,EPMR,Regular Gasoline,PTE,Retail Sales,EMM_EPMR_PTE_R50_DPG,West Coast Regular All Formulations Retail Gasoline Prices (Dollars per Gallon),4.866,$/GAL
2023-08-21,R40,PADD 4,EPMR,Regular Gasoline,PTE,Retail Sales,EMM_EPMR_PTE_R40_DPG,Rocky Mountain Regular All Formulations Retail Gasoline Prices (Dollars per Gallon),4.039,$/GAL
2023-08-21,R30,PADD 3,EPMR,Regular Gasoline,PTE,Retail Sales,EMM_EPMR_PTE_R30_DPG,Gulf Coast Regular All Formulations Retail Gasoline Prices (Dollars per Gallon),3.458,$/GAL
2023-08-21,R20,PADD 2,EPMR,Regular Gasoline,PTE,Retail Sales,EMM_EPMR_PTE_R20_DPG,Midwest Regular All Formulations Retail Gasoline Prices (Dollars per Gallon),3.72,$/GAL
2023-08-21,R1Z,PADD 1C,EPMR,Regular Gasoline,PTE,Retail Sales,EMM_EPMR_PTE_R1Z_DPG,Lower Atlantic (PADD 1C) Regular All Formulations Retail Gasoline Prices (Dollars per Gallon),3.636,$/GAL
2023-08-21,R1Y,PADD 1B,EPMR,Regular Gasoline,PTE,Retail Sales,EMM_EPMR_PTE_R1Y_DPG,Central Atlantic (PADD 1B) Regular All Formulations Retail Gasoline Prices (Dollars per Gallon),3.847,$/GAL
2023-08-21,R1X,PADD 1A,EPMR,Regular Gasoline,PTE,Retail Sales,EMM_EPMR_PTE_R1X_DPG,New England (PADD 1A) Regular All Formulations Retail Gasoline Prices (Dollars per Gallon),3.783,$/GAL
2023-08-21,R10,PADD 1,EPMR,Regular Gasoline,PTE,Retail Sales,EMM_EPMR_PTE_R10_DPG,East Coast Regular All Formulations Retail Gasoline Prices (Dollars per Gallon),3.728,$/GAL
2023-08-14,NUS,U.S.,EPMR,Regular Gasoline,PTE,Retail Sales,EMM_EPMR_PTE_NUS_DPG,U.S. Regular All Formulations Retail Gasoline Prices (Dollars per Gallon),3.85,$/GAL
2023-08-14,YORD,CHICAGO,EPMR,Regular Gasoline,PTE,Retail Sales,EMM_EPMR_PTE_YORD_DPG,Chicago Regular All Formulations Retail Gasoline Prices (Dollars per Gallon),4.404,$/GAL
2023-08-14,YMIA,MIAMI,EPMR,Regular Gasoline,PTE,Retail Sales,EMM_EPMR_PTE_YMIA_DPG,"Miami, FL Regular All Formulations Retail Gasoline Prices (Dollars per Gallon)",3.718,$/GAL
2023-08-14,YDEN,DENVER,EPMR,Regular Gasoline,PTE,Retail Sales,EMM_EPMR_PTE_YDEN_DPG,Denver Regular All Formulations Retail Gasoline Prices (Dollars per Gallon),3.887,$/GAL
2023-08-14,YCLE,CLEVELAND,EPMR,Regular Gasoline,PTE,Retail Sales,EMM_EPMR_PTE_YCLE_DPG,"Cleveland, OH Regular All Formulations Retail Gasoline Prices (Dollars per Gallon)",3.646,$/GAL
2023-08-14,YBOS,BOSTON,EPMR,Regular Gasoline,PTE,Retail Sales,EMM_EPMR_PTE_YBOS_DPG,"Boston, MA Regular All Formulations Retail Gasoline Prices (Dollars per Gallon)",3.751,$/GAL
2023-08-14,Y48SE,SEATTLE,EPMR,Regular Gasoline,PTE,Retail Sales,EMM_EPMR_PTE_Y48SE_DPG,"Seattle, WA Regular All Formulations Retail Gasoline Prices (Dollars per Gallon)",5.097,$/GAL
2023-08-14,Y44HO,HOUSTON,EPMR,Regular Gasoline,PTE,Retail Sales,EMM_EPMR_PTE_Y44HO_DPG,Houston Regular All Formulations Retail Gasoline Prices (Dollars per Gallon),3.359,$/GAL
2023-08-14,Y35NY,NEW YORK CITY,EPMR,Regular Gasoline,PTE,Retail Sales,EMM_EPMR_PTE_Y35NY_DPG,New York City Regular All Formulations Retail Gasoline Prices (Dollars per Gallon),3.755,$/GAL
2023-08-14,Y05SF,SAN FRANCISCO,EPMR,Regular Gasoline,PTE,Retail Sales,EMM_EPMR_PTE_Y05SF_DPG,San Francisco Regular All Formulations Retail Gasoline Prices (Dollars per Gallon),4.976,$/GAL
2023-08-14,Y05LA,LOS ANGELES,EPMR,Regular Gasoline,PTE,Retail Sales,EMM_EPMR_PTE_Y05LA_DPG,Los Angeles Regular All Formulations Retail Gasoline Prices (Dollars per Gallon),5.008,$/GAL
2023-08-14,SWA,WASHINGTON,EPMR,Regular Gasoline,PTE,Retail Sales,EMM_EPMR_PTE_SWA_DPG,Washington Regular All Formulations Retail Gasoline Prices (Dollars per Gallon),4.956,$/GAL
2023-08-14,STX,TEXAS,EPMR,Regular Gasoline,PTE,Retail Sales,EMM_EPMR_PTE_STX_DPG,Texas Regular All Formulations Retail Gasoline Prices (Dollars per Gallon),3.382,$/GAL
2023-08-14,SOH,OHIO,EPMR,Regular Gasoline,PTE,Retail Sales,EMM_EPMR_PTE_SOH_DPG,Ohio Regular All Formulations Retail Gasoline Prices (Dollars per Gallon),3.659,$/GAL
2023-08-14,SNY,NEW YORK,EPMR,Regular Gasoline,PTE,Retail Sales,EMM_EPMR_PTE_SNY_DPG,New York Regular All Formulations Retail Gasoline Prices (Dollars per Gallon),3.86,$/GAL
2023-08-14,SMN,MINNESOTA,EPMR,Regular Gasoline,PTE,Retail Sales,EMM_EPMR_PTE_SMN_DPG,Minnesota Regular All Formulations Retail Gasoline Prices (Dollars per Gallon),3.815,$/GAL
2023-08-14,SMA,MASSACHUSETTS,EPMR,Regular Gasoline,PTE,Retail Sales,EMM_EPMR_PTE_SMA_DPG,Massachusetts Regular All Formulations Retail Gasoline Prices (Dollars per Gallon),3.735,$/GAL
2023-08-14,SFL,FLORIDA,EPMR,Regular Gasoline,PTE,Retail Sales,EMM_EPMR_PTE_SFL_DPG,Florida Regular All Formulations Retail Gasoline Prices (Dollars per Gallon),3.679,$/GAL
2023-08-14,SCO,COLORADO,EPMR,Regular Gasoline,PTE,Retail Sales,EMM_EPMR_PTE_SCO_DPG,Colorado Regular All Formulations Retail Gasoline Prices (Dollars per Gallon),3.912,$/GAL
2023-08-14,SCA,CALIFORNIA,EPMR,Regular Gasoline,PTE,Retail Sales,EMM_EPMR_PTE_SCA_DPG,California Regular All Formulations Retail Gasoline Prices (Dollars per Gallon),4.981,$/GAL
2023-08-14,R5XCA,PADD 5 EXCEPT CALIFORNIA,EPMR,Regular Gasoline,PTE,Retail Sales,EMM_EPMR_PTE_R5XCA_DPG,West Coast (PADD 5) Except California Regular All Formulations Retail Gasoline Prices (Dollars per Gallon),4.517,$/GAL
2023-08-14,R50,PADD 5,EPMR,Regular Gasoline,PTE,Retail Sales,EMM_EPMR_PTE_R50_DPG,West Coast Regular All Formulations Retail Gasoline Prices (Dollars per Gallon),4.759,$/GAL
2023-08-14,R40,PADD 4,EPMR,Regular Gasoline,PTE,Retail Sales,EMM_EPMR_PTE_R40_DPG,Rocky Mountain Regular All Formulations Retail Gasoline Prices (Dollars per Gallon),3.954,$/GAL
2023-08-14,R30,PADD 3,EPMR,Regular Gasoline,PTE,Retail Sales,EMM_EPMR_PTE_R30_DPG,Gulf Coast Regular All Formulations Retail Gasoline Prices (Dollars per Gallon),3.415,$/GAL
2023-08-14,R20,PADD 2,EPMR,Regular Gasoline,PTE,Retail Sales,EMM_EPMR_PTE_R20_DPG,Midwest Regular All Formulations Retail Gasoline Prices (Dollars per Gallon),3.768,$/GAL
2023-08-14,R1Z,PADD 1C,EPMR,Regular Gasoline,PTE,Retail Sales,EMM_EPMR_PTE_R1Z_DPG,Lower Atlantic (PADD 1C) Regular All Formulations Retail Gasoline Prices (Dollars per Gallon),3.617,$/GAL
2023-08-14,R1Y,PADD 1B,EPMR,Regular Gasoline,PTE,Retail Sales,EMM_EPMR_PTE_R1Y_DPG,Central Atlantic (PADD 1B) Regular All Formulations Retail Gasoline Prices (Dollars per Gallon),3.841,$/GAL
2023-08-14,R1X,PADD 1A,EPMR,Regular Gasoline,PTE,Retail Sales,EMM_EPMR_PTE_R1X_DPG,New England (PADD 1A) Regular All Formulations Retail Gasoline Prices (Dollars per Gallon),3.749,$/GAL
2023-08-14,R10,PADD 1,EPMR,Regular Gasoline,PTE,Retail Sales,EMM_EPMR_PTE_R10_DPG,East Coast Regular All Formulations Retail Gasoline Prices (Dollars per Gallon),3.711,$/GAL
2023-08-07,NUS,U.S.,EPMR,Regular Gasoline,PTE,Retail Sales,EMM_EPMR_PTE_NUS_DPG,U.S. Regular All Formulations Retail Gasoline Prices (Dollars per Gallon),3.828,$/GAL
2023-08-07,YORD,CHICAGO,EPMR,Regular Gasoline,PTE,Retail Sales,EMM_EPMR_PTE_YORD_DPG,Chicago Regular All Formulations Retail Gasoline Prices (Dollars per Gallon),4.202,$/GAL
2023-08-07,YMIA,MIAMI,EPMR,Regular Gasoline,PTE,Retail Sales,EMM_EPMR_PTE_YMIA_DPG,"Miami, FL Regular All Formulations Retail Gasoline Prices (Dollars per Gallon)",3.775,$/GAL
2023-08-07,YDEN,DENVER,EPMR,Regular Gasoline,PTE,Retail Sales,EMM_EPMR_PTE_YDEN_DPG,Denver Regular All Formulations Retail Gasoline Prices (Dollars per Gallon),3.929,$/GAL
2023-08-07,YCLE,CLEVELAND,EPMR,Regular Gasoline,PTE,Retail Sales,EMM_EPMR_PTE_YCLE_DPG,"Cleveland, OH Regular All Formulations Retail Gasoline Prices (Dollars per Gallon)",3.478,$/GAL
2023-08-07,YBOS,BOSTON,EPMR,Regular Gasoline,PTE,Retail Sales,EMM_EPMR_PTE_YBOS_DPG,"Boston, MA Regular All Formulations Retail Gasoline Prices (Dollars per Gallon)",3.746,$/GAL
2023-08-07,Y48SE,SEATTLE,EPMR,Regular Gasoline,PTE,Retail Sales,EMM_EPMR_PTE_Y48SE_DPG,"Seattle, WA Regular All Formulations Retail Gasoline Prices (Dollars per Gallon)",5.082,$/GAL
2023-08-07,Y44HO,HOUSTON,EPMR,Regular Gasoline,PTE,Retail Sales,EMM_EPMR_PTE_Y44HO_DPG,Houston Regular All Formulations Retail Gasoline Prices (Dollars per Gallon),3.366,$/GAL
2023-08-07,Y35NY,NEW YORK CITY,EPMR,Regular Gasoline,PTE,Retail Sales,EMM_EPMR_PTE_Y35NY_DPG,New York City Regular All Formulations Retail Gasoline Prices (Dollars per Gallon),3.764,$/GAL
2023-08-07,Y05SF,SAN FRANCISCO,EPMR,Regular Gasoline,PTE,Retail Sales,EMM_EPMR_PTE_Y05SF_DPG,San Francisco Regular All Formulations Retail Gasoline Prices (Dollars per Gallon),4.876,$/GAL
2023-08-07,Y05LA,LOS ANGELES,EPMR,Regular Gasoline,PTE,Retail Sales,EMM_EPMR_PTE_Y05LA_DPG,Los Angeles Regular All Formulations Retail Gasoline Prices (Dollars per Gallon),4.941,$/GAL
2023-08-07,SWA,WASHINGTON,EPMR,Regular Gasoline,PTE,Retail Sales,EMM_EPMR_PTE_SWA_DPG,Washington Regular All Formulations Retail Gasoline Prices (Dollars per Gallon),4.929,$/GAL
2023-08-07,STX,TEXAS,EPMR,Regular Gasoline,PTE,Retail Sales,EMM_EPMR_PTE_STX_DPG,Texas Regular All Formulations Retail Gasoline Prices (Dollars per Gallon),3.447,$/GAL
2023-08-07,SOH,OHIO,EPMR,Regular Gasoline,PTE,Retail Sales,EMM_EPMR_PTE_SOH_DPG,Ohio Regular All Formulations Retail Gasoline Prices (Dollars per Gallon),3.428,$/GAL
2023-08-07,SNY,NEW YORK,EPMR,Regular Gasoline,PTE,Retail Sales,EMM_EPMR_PTE_SNY_DPG,New York Regular All Formulations Retail Gasoline Prices (Dollars per Gallon),3.857,$/GAL
2023-08-07,SMN,MINNESOTA,EPMR,Regular Gasoline,PTE,Retail Sales,EMM_EPMR_PTE_SMN_DPG,Minnesota Regular All Formulations Retail Gasoline Prices (Dollars per Gallon),3.824,$/GAL
2023-08-07,SMA,MASSACHUSETTS,EPMR,Regular Gasoline,PTE,Retail Sales,EMM_EPMR_PTE_SMA_DPG,Massachusetts Regular All Formulations Retail Gasoline Prices (Dollars per Gallon),3.756,$/GAL
2023-08-07,SFL,FLORIDA,EPMR,Regular Gasoline,PTE,Retail Sales,EMM_EPMR_PTE_SFL_DPG,Florida Regular All Formulations Retail Gasoline Prices (Dollars per Gallon),3.762,$/GAL
2023-08-07,SCO,COLORADO,EPMR,Regular Gasoline,PTE,Retail Sales,EMM_EPMR_PTE_SCO_DPG,Colorado Regular All Formulations Retail Gasoline Prices (Dollars per Gallon),3.928,$/GAL
2023-08-07,SCA,CALIFORNIA,EPMR,Regular Gasoline,PTE,Retail Sales,EMM_EPMR_PTE_SCA_DPG,California Regular All Formulations Retail Gasoline Prices (Dollars per Gallon),4.901,$/GAL
2023-08-07,R5XCA,PADD 5 EXCEPT CALIFORNIA,EPMR,Regular Gasoline,PTE,Retail Sales,EMM_EPMR_PTE_R5XCA_DPG,West Coast (PADD 5) Except California Regular All Formulations Retail Gasoline Prices (Dollars per Gallon),4.45,$/GAL
2023-08-07,R50,PADD 5,EPMR,Regular Gasoline,PTE,Retail Sales,EMM_EPMR_PTE_R50_DPG,West Coast Regular All Formulations Retail Gasoline Prices (Dollars per Gallon),4.685,$/GAL
2023-08-07,R40,PADD 4,EPMR,Regular Gasoline,PTE,Retail Sales,EMM_EPMR_PTE_R40_DPG,Rocky Mountain Regular All Formulations Retail Gasoline Prices (Dollars per Gallon),3.944,$/GAL
2023-08-07,R30,PADD 3,EPMR,Regular Gasoline,PTE,Retail Sales,EMM_EPMR_PTE_R30_DPG,Gulf Coast Regular All Formulations Retail Gasoline Prices (Dollars per Gallon),3.453,$/GAL
2023-08-07,R20,PADD 2,EPMR,Regular Gasoline,PTE,Retail Sales,EMM_EPMR_PTE_R20_DPG,Midwest Regular All Formulations Retail Gasoline Prices (Dollars per Gallon),3.678,$/GAL
2023-08-07,R1Z,PADD 1C,EPMR,Regular Gasoline,PTE,Retail Sales,EMM_EPMR_PTE_R1Z_DPG,Lower Atlantic (PADD 1C) Regular All Formulations Retail Gasoline Prices (Dollars per Gallon),3.662,$/GAL
2023-08-07,R1Y,PADD 1B,EPMR,Regular Gasoline,PTE,Retail Sales,EMM_EPMR_PTE_R1Y_DPG,Central Atlantic (PADD 1B) Regular All Formulations Retail Gasoline Prices (Dollars per Gallon),3.848,$/GAL
2023-08-07,R1X,PADD 1A,EPMR,Regular Gasoline,PTE,Retail Sales,EMM_EPMR_PTE_R1X_DPG,New England (PADD 1A) Regular All Formulations Retail Gasoline Prices (Dollars per Gallon),3.746,$/GAL
2023-08-07,R10,PADD 1,EPMR,Regular Gasoline,PTE,Retail Sales,EMM_EPMR_PTE_R10_DPG,East Coast Regular All Formulations Retail Gasoline Prices (Dollars per Gallon),3.737,$/GAL
2023-07-31,NUS,U.S.,EPMR,Regular Gasoline,PTE,Retail Sales,EMM_EPMR_PTE_NUS_DPG,U.S. Regular All Formulations Retail Gasoline Prices (Dollars per Gallon),3.757,$/GAL
2023-07-31,YORD,CHICAGO,EPMR,Regular Gasoline,PTE,Retail Sales,EMM_EPMR_PTE_YORD_DPG,Chicago Regular All Formulations Retail Gasoline Prices (Dollars per Gallon),4.132,$/GAL
2023-07-31,YMIA,MIAMI,EPMR,Regular Gasoline,PTE,Retail Sales,EMM_EPMR_PTE_YMIA_DPG,"Miami, FL Regular All Formulations Retail Gasoline Prices (Dollars per Gallon)",3.614,$/GAL
2023-07-31,YDEN,DENVER,EPMR,Regular Gasoline,PTE,Retail Sales,EMM_EPMR_PTE_YDEN_DPG,Denver Regular All Formulations Retail Gasoline Prices (Dollars per Gallon),3.953,$/GAL
2023-07-31,YCLE,CLEVELAND,EPMR,Regular Gasoline,PTE,Retail Sales,EMM_EPMR_PTE_YCLE_DPG,"Cleveland, OH Regular All Formulations Retail Gasoline Prices (Dollars per Gallon)",3.518,$/GAL
2023-07-31,YBOS,BOSTON,EPMR,Regular Gasoline,PTE,Retail Sales,EMM_EPMR_PTE_YBOS_DPG,"Boston, MA Regular All Formulations Retail Gasoline Prices (Dollars per Gallon)",3.663,$/GAL
2023-07-31,Y48SE,SEATTLE,EPMR,Regular Gasoline,PTE,Retail Sales,EMM_EPMR_PTE_Y48SE_DPG,"Seattle, WA Regular All Formulations Retail Gasoline Prices (Dollars per Gallon)",5.008,$/GAL
2023-07-31,Y44HO,HOUSTON,EPMR,Regular Gasoline,PTE,Retail Sales,EMM_EPMR_PTE_Y44HO_DPG,Houston Regular All Formulations Retail Gasoline Prices (Dollars per Gallon),3.349,$/GAL
2023-07-31,Y35NY,NEW YORK CITY,EPMR,Regular Gasoline,PTE,Retail Sales,EMM_EPMR_PTE_Y35NY_DPG,New York City Regular All Formulations Retail Gasoline Prices (Dollars per Gallon),3.709,$/GAL
2023-07-31,Y05SF,SAN FRANCISCO,EPMR,Regular Gasoline,PTE,Retail Sales,EMM_EPMR_PTE_Y05SF_DPG,San Francisco Regular All Formulations Retail Gasoline Prices (Dollars per Gallon),4.814,$/GAL
2023-07-31,Y05LA,LOS ANGELES,EPMR,Regular Gasoline,PTE,Retail Sales,EMM_EPMR_PTE_Y05LA_DPG,Los Angeles Regular All Formulations Retail Gasoline Prices (Dollars per Gallon),4.855,$/GAL
2023-07-31,SWA,WASHINGTON,EPMR,Regular Gasoline,PTE,Retail Sales,EMM_EPMR_PTE_SWA_DPG,Washington Regular All Formulations Retail Gasoline Prices (Dollars per Gallon),4.849,$/GAL
2023-07-31,STX,TEXAS,EPMR,Regular Gasoline,PTE,Retail Sales,EMM_EPMR_PTE_STX_DPG,Texas Regular All Formulations Retail Gasoline Prices (Dollars per Gallon),3.428,$/GAL
2023-07-31,SOH,OHIO,EPMR,Regular Gasoline,PTE,Retail Sales,EMM_EPMR_PTE_SOH_DPG,Ohio Regular All Formulations Retail Gasoline Prices (Dollars per Gallon),3.502,$/GAL
2023-07-31,SNY,NEW YORK,EPMR,Regular Gasoline,PTE,Retail Sales,EMM_EPMR_PTE_SNY_DPG,New York Regular All Formulations Retail Gasoline Prices (Dollars per Gallon),3.743,$/GAL
2023-07-31,SMN,MINNESOTA,EPMR,Regular Gasoline,PTE,Retail Sales,EMM_EPMR_PTE_SMN_DPG,Minnesota Regular All Formulations Retail Gasoline Prices (Dollars per Gallon),3.66,$/GAL
2023-07-31,SMA,MASSACHUSETTS,EPMR,Regular Gasoline,PTE,Retail Sales,EMM_EPMR_PTE_SMA_DPG,Massachusetts Regular All Formulations Retail Gasoline Prices (Dollars per Gallon),3.643,$/GAL
2023-07-31,SFL,FLORIDA,EPMR,Regular Gasoline,PTE,Retail Sales,EMM_EPMR_PTE_SFL_DPG,Florida Regular All Formulations Retail Gasoline Prices (Dollars per Gallon),3.607,$/GAL
2023-07-31,SCO,COLORADO,EPMR,Regular Gasoline,PTE,Retail Sales,EMM_EPMR_PTE_SCO_DPG,Colorado Regular All Formulations Retail Gasoline Prices (Dollars per Gallon),3.958,$/GAL
2023-07-31,SCA,CALIFORNIA,EPMR,Regular Gasoline,PTE,Retail Sales,EMM_EPMR_PTE_SCA_DPG,California Regular All Formulations Retail Gasoline Prices (Dollars per Gallon),4.828,$/GAL
2023-07-31,R5XCA,PADD 5 EXCEPT CALIFORNIA,EPMR,Regular Gasoline,PTE,Retail Sales,EMM_EPMR_PTE_R5XCA_DPG,West Coast (PADD 5) Except California Regular All Formulations Retail Gasoline Prices (Dollars per Gallon),4.381,$/GAL
2023-07-31,R50,PADD 5,EPMR,Regular Gasoline,PTE,Retail Sales,EMM_EPMR_PTE_R50_DPG,West Coast Regular All Formulations Retail Gasoline Prices (Dollars per Gallon),4.616,$/GAL
2023-07-31,R40,PADD 4,EPMR,Regular Gasoline,PTE,Retail Sales,EMM_EPMR_PTE_R40_DPG,Rocky Mountain Regular All Formulations Retail Gasoline Prices (Dollars per Gallon),3.873,$/GAL
2023-07-31,R30,PADD 3,EPMR,Regular Gasoline,PTE,Retail Sales,EMM_EPMR_PTE_R30_DPG,Gulf Coast Regular All Formulations Retail Gasoline Prices (Dollars per Gallon),3.416,$/GAL
2023-07-31,R20,PADD 2,EPMR,Regular Gasoline,PTE,Retail Sales,EMM_EPMR_PTE_R20_DPG,Midwest Regular All Formulations Retail Gasoline Prices (Dollars per Gallon),3.612,$/GAL
2023-07-31,R1Z,PADD 1C,EPMR,Regular Gasoline,PTE,Retail Sales,EMM_EPMR_PTE_R1Z_DPG,Lower Atlantic (PADD 1C) Regular All Formulations Retail Gasoline Prices (Dollars per Gallon),3.553,$/GAL
2023-07-31,R1Y,PADD 1B,EPMR,Regular Gasoline,PTE,Retail Sales,EMM_EPMR_PTE_R1Y_DPG,Central Atlantic (PADD 1B) Regular All Formulations Retail Gasoline Prices (Dollars per Gallon),3.779,$/GAL
2023-07-31,R1X,PADD 1A,EPMR,Regular Gasoline,PTE,Retail Sales,EMM_EPMR_PTE_R1X_DPG,New England (PADD 1A) Regular All Formulations Retail Gasoline Prices (Dollars per Gallon),3.681,$/GAL
2023-07-31,R10,PADD 1,EPMR,Regular Gasoline,PTE,Retail Sales,EMM_EPMR_PTE_R10_DPG,East Coast Regular All Formulations Retail Gasoline Prices (Dollars per Gallon),3.646,$/GAL
2023-07-24,NUS,U.S.,EPMR,Regular Gasoline,PTE,Retail Sales,EMM_EPMR_PTE_NUS_DPG,U.S. Regular All Formulations Retail Gasoline Prices (Dollars per Gallon),3.596,$/GAL
2023-07-24,YORD,CHICAGO,EPMR,Regular Gasoline,PTE,Retail Sales,EMM_EPMR_PTE_YORD_DPG,Chicago Regular All Formulations Retail Gasoline Prices (Dollars per Gallon),3.96,$/GAL
2023-07-24,YMIA,MIAMI,EPMR,Regular Gasoline,PTE,Retail Sales,EMM_EPMR_PTE_YMIA_DPG,"Miami, FL Regular All Formulations Retail Gasoline Prices (Dollars per Gallon)",3.502,$/GAL
2023-07-24,YDEN,DENVER,EPMR,Regular Gasoline,PTE,Retail Sales,EMM_EPMR_PTE_YDEN_DPG,Denver Regular All Formulations Retail Gasoline Prices (Dollars per Gallon),3.748,$/GAL
2023-07-24,YCLE,CLEVELAND,EPMR,Regular Gasoline,PTE,Retail Sales,EMM_EPMR_PTE_YCLE_DPG,"Cleveland, OH Regular All Formulations Retail Gasoline Prices (Dollars per Gallon)",3.286,$/GAL
2023-07-24,YBOS,BOSTON,EPMR,Regular Gasoline,PTE,Retail Sales,EMM_EPMR_PTE_YBOS_DPG,"Boston, MA Regular All Formulations Retail Gasoline Prices (Dollars per Gallon)",3.543,$/GAL
2023-07-24,Y48SE,SEATTLE,EPMR,Regular Gasoline,PTE,Retail Sales,EMM_EPMR_PTE_Y48SE_DPG,"Seattle, WA Regular All Formulations Retail Gasoline Prices (Dollars per Gallon)",4.963,$/GAL
2023-07-24,Y44HO,HOUSTON,EPMR,Regular Gasoline,PTE,Retail Sales,EMM_EPMR_PTE_Y44HO_DPG,Houston Regular All Formulations Retail Gasoline Prices (Dollars per Gallon),3.179,$/GAL
2023-07-24,Y35NY,NEW YORK CITY,EPMR,Regular Gasoline,PTE,Retail Sales,EMM_EPMR_PTE_Y35NY_DPG,New York City Regular All Formulations Retail Gasoline Prices (Dollars per Gallon),3.537,$/GAL
2023-07-24,Y05SF,SAN FRANCISCO,EPMR,Regular Gasoline,PTE,Retail Sales,EMM_EPMR_PTE_Y05SF_DPG,San Francisco Regular All Formulations Retail Gasoline Prices (Dollars per Gallon),4.644,$/GAL
2023-07-24,Y05LA,LOS ANGELES,EPMR,Regular Gasoline,PTE,Retail Sales,EMM_EPMR_PTE_Y05LA_DPG,Los Angeles Regular All Formulations Retail Gasoline Prices (Dollars per Gallon),4.719,$/GAL
2023-07-24,SWA,WASHINGTON,EPMR,Regular Gasoline,PTE,Retail Sales,EMM_EPMR_PTE_SWA_DPG,Washington Regular All Formulations Retail Gasoline Prices (Dollars per Gallon),4.821,$/GAL
2023-07-24,STX,TEXAS,EPMR,Regular Gasoline,PTE,Retail Sales,EMM_EPMR_PTE_STX_DPG,Texas Regular All Formulations Retail Gasoline Prices (Dollars per Gallon),3.255,$/GAL
2023-07-24,SOH,OHIO,EPMR,Regular Gasoline,PTE,Retail Sales,EMM_EPMR_PTE_SOH_DPG,Ohio Regular All Formulations Retail Gasoline Prices (Dollars per Gallon),3.266,$/GAL
2023-07-24,SNY,NEW YORK,EPMR,Regular Gasoline,PTE,Retail Sales,EMM_EPMR_PTE_SNY_DPG,New York Regular All Formulations Retail Gasoline Prices (Dollars per Gallon),3.609,$/GAL
2023-07-24,SMN,MINNESOTA,EPMR,Regular Gasoline,PTE,Retail Sales,EMM_EPMR_PTE_SMN_DPG,Minnesota Regular All Formulations Retail Gasoline Prices (Dollars per Gallon),3.416,$/GAL
2023-07-24,SMA,MASSACHUSETTS,EPMR,Regular Gasoline,PTE,Retail Sales,EMM_EPMR_PTE_SMA_DPG,Massachusetts Regular All Formulations Retail Gasoline Prices (Dollars per Gallon),3.525,$/GAL
2023-07-24,SFL,FLORIDA,EPMR,Regular Gasoline,PTE,Retail Sales,EMM_EPMR_PTE_SFL_DPG,Florida Regular All Formulations Retail Gasoline Prices (Dollars per Gallon),3.432,$/GAL
2023-07-24,SCO,COLORADO,EPMR,Regular Gasoline,PTE,Retail Sales,EMM_EPMR_PTE_SCO_DPG,Colorado Regular All Formulations Retail Gasoline Prices (Dollars per Gallon),3.747,$/GAL
2023-07-24,SCA,CALIFORNIA,EPMR,Regular Gasoline,PTE,Retail Sales,EMM_EPMR_PTE_SCA_DPG,California Regular All Formulations Retail Gasoline Prices (Dollars per Gallon),4.709,$/GAL
2023-07-24,R5XCA,PADD 5 EXCEPT CALIFORNIA,EPMR,Regular Gasoline,PTE,Retail Sales,EMM_EPMR_PTE_R5XCA_DPG,West Coast (PADD 5) Except California Regular All Formulations Retail Gasoline Prices (Dollars per Gallon),4.35,$/GAL
2023-07-24,R50,PADD 5,EPMR,Regular Gasoline,PTE,Retail Sales,EMM_EPMR_PTE_R50_DPG,West Coast Regular All Formulations Retail Gasoline Prices (Dollars per Gallon),4.539,$/GAL
2023-07-24,R40,PADD 4,EPMR,Regular Gasoline,PTE,Retail Sales,EMM_EPMR_PTE_R40_DPG,Rocky Mountain Regular All Formulations Retail Gasoline Prices (Dollars per Gallon),3.755,$/GAL
2023-07-24,R30,PADD 3,EPMR,Regular Gasoline,PTE,Retail Sales,EMM_EPMR_PTE_R30_DPG,Gulf Coast Regular All Formulations Retail Gasoline Prices (Dollars per Gallon),3.243,$/GAL
2023-07-24,R20,PADD 2,EPMR,Regular Gasoline,PTE,Retail Sales,EMM_EPMR_PTE_R20_DPG,Midwest Regular All Formulations Retail Gasoline Prices (Dollars per Gallon),3.404,$/GAL
2023-07-24,R1Z,PADD 1C,EPMR,Regular Gasoline,PTE,Retail Sales,EMM_EPMR_PTE_R1Z_DPG,Lower Atlantic (PADD 1C) Regular All Formulations Retail Gasoline Prices (Dollars per Gallon),3.383,$/GAL
2023-07-24,R1Y,PADD 1B,EPMR,Regular Gasoline,PTE,Retail Sales,EMM_EPMR_PTE_R1Y_DPG,Central Atlantic (PADD 1B) Regular All Formulations Retail Gasoline Prices (Dollars per Gallon),3.624,$/GAL
2023-07-24,R1X,PADD 1A,EPMR,Regular Gasoline,PTE,Retail Sales,EMM_EPMR_PTE_R1X_DPG,New England (PADD 1A) Regular All Formulations Retail Gasoline Prices (Dollars per Gallon),3.559,$/GAL
2023-07-24,R10,PADD 1,EPMR,Regular Gasoline,PTE,Retail Sales,EMM_EPMR_PTE_R10_DPG,East Coast Regular All Formulations Retail Gasoline Prices (Dollars per Gallon),3.488,$/GAL
2023-07-17,NUS,U.S.,EPMR,Regular Gasoline,PTE,Retail Sales,EMM_EPMR_PTE_NUS_DPG,U.S. Regular All Formulations Retail Gasoline Prices (Dollars per Gallon),3.559,$/GAL
2023-07-17,YORD,CHICAGO,EPMR,Regular Gasoline,PTE,Retail Sales,EMM_EPMR_PTE_YORD_DPG,Chicago Regular All Formulations Retail Gasoline Prices (Dollars per Gallon),4.009,$/GAL
2023-07-17,YMIA,MIAMI,EPMR,Regular Gasoline,PTE,Retail Sales,EMM_EPMR_PTE_YMIA_DPG,"Miami, FL Regular All Formulations Retail Gasoline Prices (Dollars per Gallon)",3.406,$/GAL
2023-07-17,YDEN,DENVER,EPMR,Regular Gasoline,PTE,Retail Sales,EMM_EPMR_PTE_YDEN_DPG,Denver Regular All Formulations Retail Gasoline Prices (Dollars per Gallon),3.791,$/GAL
2023-07-17,YCLE,CLEVELAND,EPMR,Regular Gasoline,PTE,Retail Sales,EMM_EPMR_PTE_YCLE_DPG,"Cleveland, OH Regular All Formulations Retail Gasoline Prices (Dollars per Gallon)",3.337,$/GAL
2023-07-17,YBOS,BOSTON,EPMR,Regular Gasoline,PTE,Retail Sales,EMM_EPMR_PTE_YBOS_DPG,"Boston, MA Regular All Formulations Retail Gasoline Prices (Dollars per Gallon)",3.529,$/GAL
2023-07-17,Y48SE,SEATTLE,EPMR,Regular Gasoline,PTE,Retail Sales,EMM_EPMR_PTE_Y48SE_DPG,"Seattle, WA Regular All Formulations Retail Gasoline Prices (Dollars per Gallon)",4.955,$/GAL
2023-07-17,Y44HO,HOUSTON,EPMR,Regular Gasoline,PTE,Retail Sales,EMM_EPMR_PTE_Y44HO_DPG,Houston Regular All Formulations Retail Gasoline Prices (Dollars per Gallon),3.082,$/GAL
2023-07-17,Y35NY,NEW YORK CITY,EPMR,Regular Gasoline,PTE,Retail Sales,EMM_EPMR_PTE_Y35NY_DPG,New York City Regular All Formulations Retail Gasoline Prices (Dollars per Gallon),3.487,$/GAL
2023-07-17,Y05SF,SAN FRANCISCO,EPMR,Regular Gasoline,PTE,Retail Sales,EMM_EPMR_PTE_Y05SF_DPG,San Francisco Regular All Formulations Retail Gasoline Prices (Dollars per Gallon),4.67,$/GAL
2023-07-17,Y05LA,LOS ANGELES,EPMR,Regular Gasoline,PTE,Retail Sales,EMM_EPMR_PTE_Y05LA_DPG,Los Angeles Regular All Formulations Retail Gasoline Prices (Dollars per Gallon),4.742,$/GAL
2023-07-17,SWA,WASHINGTON,EPMR,Regular Gasoline,PTE,Retail Sales,EMM_EPMR_PTE_SWA_DPG,Washington Regular All Formulations Retail Gasoline Prices (Dollars per Gallon),4.84,$/GAL
2023-07-17,STX,TEXAS,EPMR,Regular Gasoline,PTE,Retail Sales,EMM_EPMR_PTE_STX_DPG,Texas Regular All Formulations Retail Gasoline Prices (Dollars per Gallon),3.144,$/GAL
2023-07-17,SOH,OHIO,EPMR,Regular Gasoline,PTE,Retail Sales,EMM_EPMR_PTE_SOH_DPG,Ohio Regular All Formulations Retail Gasoline Prices (Dollars per Gallon),3.347,$/GAL
2023-07-17,SNY,NEW YORK,EPMR,Regular Gasoline,PTE,Retail Sales,EMM_EPMR_PTE_SNY_DPG,New York Regular All Formulations Retail Gasoline Prices (Dollars per Gallon),3.568,$/GAL
2023-07-17,SMN,MINNESOTA,EPMR,Regular Gasoline,PTE,Retail Sales,EMM_EPMR_PTE_SMN_DPG,Minnesota Regular All Formulations Retail Gasoline Prices (Dollars per Gallon),3.419,$/GAL
2023-07-17,SMA,MASSACHUSETTS,EPMR,Regular Gasoline,PTE,Retail Sales,EMM_EPMR_PTE_SMA_DPG,Massachusetts Regular All Formulations Retail Gasoline Prices (Dollars per Gallon),3.504,$/GAL
2023-07-17,SFL,FLORIDA,EPMR,Regular Gasoline,PTE,Retail Sales,EMM_EPMR_PTE_SFL_DPG,Florida Regular All Formulations Retail Gasoline Prices (Dollars per Gallon),3.361,$/GAL
2023-07-17,SCO,COLORADO,EPMR,Regular Gasoline,PTE,Retail Sales,EMM_EPMR_PTE_SCO_DPG,Colorado Regular All Formulations Retail Gasoline Prices (Dollars per Gallon),3.812,$/GAL
2023-07-17,SCA,CALIFORNIA,EPMR,Regular Gasoline,PTE,Retail Sales,EMM_EPMR_PTE_SCA_DPG,California Regular All Formulations Retail Gasoline Prices (Dollars per Gallon),4.721,$/GAL
2023-07-17,R5XCA,PADD 5 EXCEPT CALIFORNIA,EPMR,Regular Gasoline,PTE,Retail Sales,EMM_EPMR_PTE_R5XCA_DPG,West Coast (PADD 5) Except California Regular All Formulations Retail Gasoline Prices (Dollars per Gallon),4.359,$/GAL
2023-07-17,R50,PADD 5,EPMR,Regular Gasoline,PTE,Retail Sales,EMM_EPMR_PTE_R50_DPG,West Coast Regular All Formulations Retail Gasoline Prices (Dollars per Gallon),4.549,$/GAL
2023-07-17,R40,PADD 4,EPMR,Regular Gasoline,PTE,Retail Sales,EMM_EPMR_PTE_R40_DPG,Rocky Mountain Regular All Formulations Retail Gasoline Prices (Dollars per Gallon),3.765,$/GAL
2023-07-17,R30,PADD 3,EPMR,Regular Gasoline,PTE,Retail Sales,EMM_EPMR_PTE_R30_DPG,Gulf Coast Regular All Formulations Retail Gasoline Prices (Dollars per Gallon),3.137,$/GAL
2023-07-17,R20,PADD 2,EPMR,Regular Gasoline,PTE,Retail Sales,EMM_EPMR_PTE_R20_DPG,Midwest Regular All Formulations Retail Gasoline Prices (Dollars per Gallon),3.413,$/GAL
2023-07-17,R1Z,PADD 1C,EPMR,Regular Gasoline,PTE,Retail Sales,EMM_EPMR_PTE_R1Z_DPG,Lower Atlantic (PADD 1C) Regular All Formulations Retail Gasoline Prices (Dollars per Gallon),3.302,$/GAL
2023-07-17,R1Y,PADD 1B,EPMR,Regular Gasoline,PTE,Retail Sales,EMM_EPMR_PTE_R1Y_DPG,Central Atlantic (PADD 1B) Regular All Formulations Retail Gasoline Prices (Dollars per Gallon),3.572,$/GAL
2023-07-17,R1X,PADD 1A,EPMR,Regular Gasoline,PTE,Retail Sales,EMM_EPMR_PTE_R1X_DPG,New England (PADD 1A) Regular All Formulations Retail Gasoline Prices (Dollars per Gallon),3.521,$/GAL
2023-07-17,R10,PADD 1,EPMR,Regular Gasoline,PTE,Retail Sales,EMM_EPMR_PTE_R10_DPG,East Coast Regular All Formulations Retail Gasoline Prices (Dollars per Gallon),3.422,$/GAL
2023-07-10,NUS,U.S.,EPMR,Regular Gasoline,PTE,Retail Sales,EMM_EPMR_PTE_NUS_DPG,U.S. Regular All Formulations Retail Gasoline Prices (Dollars per Gallon),3.546,$/GAL
2023-07-10,YORD,CHICAGO,EPMR,Regular Gasoline,PTE,Retail Sales,EMM_EPMR_PTE_YORD_DPG,Chicago Regular All Formulations Retail Gasoline Prices (Dollars per Gallon),3.975,$/GAL
2023-07-10,YMIA,MIAMI,EPMR,Regular Gasoline,PTE,Retail Sales,EMM_EPMR_PTE_YMIA_DPG,"Miami, FL Regular All Formulations Retail Gasoline Prices (Dollars per Gallon)",3.44,$/GAL
2023-07-10,YDEN,DENVER,EPMR,Regular Gasoline,PTE,Retail Sales,EMM_EPMR_PTE_YDEN_DPG,Denver Regular All Formulations Retail Gasoline Prices (Dollars per Gallon),3.715,$/GAL
2023-07-10,YCLE,CLEVELAND,EPMR,Regular Gasoline,PTE,Retail Sales,EMM_EPMR_PTE_YCLE_DPG,"Cleveland, OH Regular All Formulations Retail Gasoline Prices (Dollars per Gallon)",3.24,$/GAL
2023-07-10,YBOS,BOSTON,EPMR,Regular Gasoline,PTE,Retail Sales,EMM_EPMR_PTE_YBOS_DPG,"Boston, MA Regular All Formulations Retail Gasoline Prices (Dollars per Gallon)",3.527,$/GAL
2023-07-10,Y48SE,SEATTLE,EPMR,Regular Gasoline,PTE,Retail Sales,EMM_EPMR_PTE_Y48SE_DPG,"Seattle, WA Regular All Formulations Retail Gasoline Prices (Dollars per Gallon)",4.968,$/GAL
2023-07-10,Y44HO,HOUSTON,EPMR,Regular Gasoline,PTE,Retail Sales,EMM_EPMR_PTE_Y44HO_DPG,Houston Regular All Formulations Retail Gasoline Prices (Dollars per Gallon),3.11,$/GAL
2023-07-10,Y35NY,NEW YORK CITY,EPMR,Regular Gasoline,PTE,Retail Sales,EMM_EPMR_PTE_Y35NY_DPG,New York City Regular All Formulations Retail Gasoline Prices (Dollars per Gallon),3.511,$/GAL
2023-07-10,Y05SF,SAN FRANCISCO,EPMR,Regular Gasoline,PTE,Retail Sales,EMM_EPMR_PTE_Y05SF_DPG,San Francisco Regular All Formulations Retail Gasoline Prices (Dollars per Gallon),4.66,$/GAL
2023-07-10,Y05LA,LOS ANGELES,EPMR,Regular Gasoline,PTE,Retail Sales,EMM_EPMR_PTE_Y05LA_DPG,Los Angeles Regular All Formulations Retail Gasoline Prices (Dollars per Gallon),4.698,$/GAL
2023-07-10,SWA,WASHINGTON,EPMR,Regular Gasoline,PTE,Retail Sales,EMM_EPMR_PTE_SWA_DPG,Washington Regular All Formulations Retail Gasoline Prices (Dollars per Gallon),4.855,$/GAL
2023-07-10,STX,TEXAS,EPMR,Regular Gasoline,PTE,Retail Sales,EMM_EPMR_PTE_STX_DPG,Texas Regular All Formulations Retail Gasoline Prices (Dollars per Gallon),3.181,$/GAL
2023-07-10,SOH,OHIO,EPMR,Regular Gasoline,PTE,Retail Sales,EMM_EPMR_PTE_SOH_DPG,Ohio Regular All Formulations Retail Gasoline Prices (Dollars per Gallon),3.182,$/GAL
2023-07-10,SNY,NEW YORK,EPMR,Regular Gasoline,PTE,Retail Sales,EMM_EPMR_PTE_SNY_DPG,New York Regular All Formulations Retail Gasoline Prices (Dollars per Gallon),3.58,$/GAL
2023-07-10,SMN,MINNESOTA,EPMR,Regular Gasoline,PTE,Retail Sales,EMM_EPMR_PTE_SMN_DPG,Minnesota Regular All Formulations Retail Gasoline Prices (Dollars per Gallon),3.411,$/GAL
2023-07-10,SMA,MASSACHUSETTS,EPMR,Regular Gasoline,PTE,Retail Sales,EMM_EPMR_PTE_SMA_DPG,Massachusetts Regular All Formulations Retail Gasoline Prices (Dollars per Gallon),3.507,$/GAL
2023-07-10,SFL,FLORIDA,EPMR,Regular Gasoline,PTE,Retail Sales,EMM_EPMR_PTE_SFL_DPG,Florida Regular All Formulations Retail Gasoline Prices (Dollars per Gallon),3.413,$/GAL
2023-07-10,SCO,COLORADO,EPMR,Regular Gasoline,PTE,Retail Sales,EMM_EPMR_PTE_SCO_DPG,Colorado Regular All Formulations Retail Gasoline Prices (Dollars per Gallon),3.739,$/GAL
2023-07-10,SCA,CALIFORNIA,EPMR,Regular Gasoline,PTE,Retail Sales,EMM_EPMR_PTE_SCA_DPG,California Regular All Formulations Retail Gasoline Prices (Dollars per Gallon),4.675,$/GAL
2023-07-10,R5XCA,PADD 5 EXCEPT CALIFORNIA,EPMR,Regular Gasoline,PTE,Retail Sales,EMM_EPMR_PTE_R5XCA_DPG,West Coast (PADD 5) Except California Regular All Formulations Retail Gasoline Prices (Dollars per Gallon),4.381,$/GAL
2023-07-10,R50,PADD 5,EPMR,Regular Gasoline,PTE,Retail Sales,EMM_EPMR_PTE_R50_DPG,West Coast Regular All Formulations Retail Gasoline Prices (Dollars per Gallon),4.534,$/GAL
2023-07-10,R40,PADD 4,EPMR,Regular Gasoline,PTE,Retail Sales,EMM_EPMR_PTE_R40_DPG,Rocky Mountain Regular All Formulations Retail Gasoline Prices (Dollars per Gallon),3.748,$/GAL
2023-07-10,R30,PADD 3,EPMR,Regular Gasoline,PTE,Retail Sales,EMM_EPMR_PTE_R30_DPG,Gulf Coast Regular All Formulations Retail Gasoline Prices (Dollars per Gallon),3.152,$/GAL
2023-07-10,R20,PADD 2,EPMR,Regular Gasoline,PTE,Retail Sales,EMM_EPMR_PTE_R20_DPG,Midwest Regular All Formulations Retail Gasoline Prices (Dollars per Gallon),3.362,$/GAL
2023-07-10,R1Z,PADD 1C,EPMR,Regular Gasoline,PTE,Retail Sales,EMM_EPMR_PTE_R1Z_DPG,Lower Atlantic (PADD 1C) Regular All Formulations Retail Gasoline Prices (Dollars per Gallon),3.304,$/GAL
2023-07-10,R1Y,PADD 1B,EPMR,Regular Gasoline,PTE,Retail Sales,EMM_EPMR_PTE_R1Y_DPG,Central Atlantic (PADD 1B) Regular All Formulations Retail Gasoline Prices (Dollars per Gallon),3.586,$/GAL
2023-07-10,R1X,PADD 1A,EPMR,Regular Gasoline,PTE,Retail Sales,EMM_EPMR_PTE_R1X_DPG,New England (PADD 1A) Regular All Formulations Retail Gasoline Prices (Dollars per Gallon),3.525,$/GAL
2023-07-10,R10,PADD 1,EPMR,Regular Gasoline,PTE,Retail Sales,EMM_EPMR_PTE_R10_DPG,East Coast Regular All Formulations Retail Gasoline Prices (Dollars per Gallon),3.429,$/GAL
2023-07-03,NUS,U.S.,EPMR,Regular Gasoline,PTE,Retail Sales,EMM_EPMR_PTE_NUS_DPG,U.S. Regular All Formulations Retail Gasoline Prices (Dollars per Gallon),3.527,$/GAL
2023-07-03,YORD,CHICAGO,EPMR,Regular Gasoline,PTE,Retail Sales,EMM_EPMR_PTE_YORD_DPG,Chicago Regular All Formulations Retail Gasoline Prices (Dollars per Gallon),4.046,$/GAL
2023-07-03,YMIA,MIAMI,EPMR,Regular Gasoline,PTE,Retail Sales,EMM_EPMR_PTE_YMIA_DPG,"Miami, FL Regular All Formulations Retail Gasoline Prices (Dollars per Gallon)",3.291,$/GAL
2023-07-03,YDEN,DENVER,EPMR,Regular Gasoline,PTE,Retail Sales,EMM_EPMR_PTE_YDEN_DPG,Denver Regular All Formulations Retail Gasoline Prices (Dollars per Gallon),3.768,$/GAL
2023-07-03,YCLE,CLEVELAND,EPMR,Regular Gasoline,PTE,Retail Sales,EMM_EPMR_PTE_YCLE_DPG,"Cleveland, OH Regular All Formulations Retail Gasoline Prices (Dollars per Gallon)",3.291,$/GAL
2023-07-03,YBOS,BOSTON,EPMR,Regular Gasoline,PTE,Retail Sales,EMM_EPMR_PTE_YBOS_DPG,"Boston, MA Regular All Formulations Retail Gasoline Prices (Dollars per Gallon)",3.527,$/GAL
2023-07-03,Y48SE,SEATTLE,EPMR,Regular Gasoline,PTE,Retail Sales,EMM_EPMR_PTE_Y48SE_DPG,"Seattle, WA Regular All Formulations Retail Gasoline Prices (Dollars per Gallon)",4.992,$/GAL
2023-07-03,Y44HO,HOUSTON,EPMR,Regular Gasoline,PTE,Retail Sales,EMM_EPMR_PTE_Y44HO_DPG,Houston Regular All Formulations Retail Gasoline Prices (Dollars per Gallon),3.106,$/GAL
2023-07-03,Y35NY,NEW YORK CITY,EPMR,Regular Gasoline,PTE,Retail Sales,EMM_EPMR_PTE_Y35NY_DPG,New York City Regular All Formulations Retail Gasoline Prices (Dollars per Gallon),3.506,$/GAL
2023-07-03,Y05SF,SAN FRANCISCO,EPMR,Regular Gasoline,PTE,Retail Sales,EMM_EPMR_PTE_Y05SF_DPG,San Francisco Regular All Formulations Retail Gasoline Prices (Dollars per Gallon),4.618,$/GAL
2023-07-03,Y05LA,LOS ANGELES,EPMR,Regular Gasoline,PTE,Retail Sales,EMM_EPMR_PTE_Y05LA_DPG,Los Angeles Regular All Formulations Retail Gasoline Prices (Dollars per Gallon),4.662,$/GAL
2023-07-03,SWA,WASHINGTON,EPMR,Regular Gasoline,PTE,Retail Sales,EMM_EPMR_PTE_SWA_DPG,Washington Regular All Formulations Retail Gasoline Prices (Dollars per Gallon),4.88,$/GAL
2023-07-03,STX,TEXAS,EPMR,Regular Gasoline,PTE,Retail Sales,EMM_EPMR_PTE_STX_DPG,Texas Regular All Formulations Retail Gasoline Prices (Dollars per Gallon),3.114,$/GAL
2023-07-03,SOH,OHIO,EPMR,Regular Gasoline,PTE,Retail Sales,EMM_EPMR_PTE_SOH_DPG,Ohio Regular All Formulations Retail Gasoline Prices (Dollars per Gallon),3.293,$/GAL
2023-07-03,SNY,NEW YORK,EPMR,Regular Gasoline,PTE,Retail Sales,EMM_EPMR_PTE_SNY_DPG,New York Regular All Formulations Retail Gasoline Prices (Dollars per Gallon),3.584,$/GAL
2023-07-03,SMN,MINNESOTA,EPMR,Regular Gasoline,PTE,Retail Sales,EMM_EPMR_PTE_SMN_DPG,Minnesota Regular All Formulations Retail Gasoline Prices (Dollars per Gallon),3.428,$/GAL
2023-07-03,SMA,MASSACHUSETTS,EPMR,Regular Gasoline,PTE,Retail Sales,EMM_EPMR_PTE_SMA_DPG,Massachusetts Regular All Formulations Retail Gasoline Prices (Dollars per Gallon),3.525,$/GAL
2023-07-03,SFL,FLORIDA,EPMR,Regular Gasoline,PTE,Retail Sales,EMM_EPMR_PTE_SFL_DPG,Florida Regular All Formulations Retail Gasoline Prices (Dollars per Gallon),3.243,$/GAL
2023-07-03,SCO,COLORADO,EPMR,Regular Gasoline,PTE,Retail Sales,EMM_EPMR_PTE_SCO_DPG,Colorado Regular All Formulations Retail Gasoline Prices (Dollars per Gallon),3.789,$/GAL
2023-07-03,SCA,CALIFORNIA,EPMR,Regular Gasoline,PTE,Retail Sales,EMM_EPMR_PTE_SCA_DPG,California Regular All Formulations Retail Gasoline Prices (Dollars per Gallon),4.651,$/GAL
2023-07-03,R5XCA,PADD 5 EXCEPT CALIFORNIA,EPMR,Regular Gasoline,PTE,Retail Sales,EMM_EPMR_PTE_R5XCA_DPG,West Coast (PADD 5) Except California Regular All Formulations Retail Gasoline Prices (Dollars per Gallon),4.402,$/GAL
2023-07-03,R50,PADD 5,EPMR,Regular Gasoline,PTE,Retail Sales,EMM_EPMR_PTE_R50_DPG,West Coast Regular All Formulations Retail Gasoline Prices (Dollars per Gallon),4.533,$/GAL
2023-07-03,R40,PADD 4,EPMR,Regular Gasoline,PTE,Retail Sales,EMM_EPMR_PTE_R40_DPG,Rocky Mountain Regular All Formulations Retail Gasoline Prices (Dollars per Gallon),3.79,$/GAL
2023-07-03,R30,PADD 3,EPMR,Regular Gasoline,PTE,Retail Sales,EMM_EPMR_PTE_R30_DPG,Gulf Coast Regular All Formulations Retail Gasoline Prices (Dollars per Gallon),3.108,$/GAL
2023-07-03,R20,PADD 2,EPMR,Regular Gasoline,PTE,Retail Sales,EMM_EPMR_PTE_R20_DPG,Midwest Regular All Formulations Retail Gasoline Prices (Dollars per Gallon),3.389,$/GAL
2023-07-03,R1Z,PADD 1C,EPMR,Regular Gasoline,PTE,Retail Sales,EMM_EPMR_PTE_R1Z_DPG,Lower Atlantic (PADD 1C) Regular All Formulations Retail Gasoline Prices (Dollars per Gallon),3.204,$/GAL
2023-07-03,R1Y,PADD 1B,EPMR,Regular Gasoline,PTE,Retail Sales,EMM_EPMR_PTE_R1Y_DPG,Central Atlantic (PADD 1B) Regular All Formulations Retail Gasoline Prices (Dollars per Gallon),3.575,$/GAL
2023-07-03,R1X,PADD 1A,EPMR,Regular Gasoline,PTE,Retail Sales,EMM_EPMR_PTE_R1X_DPG,New England (PADD 1A) Regular All Formulations Retail Gasoline Prices (Dollars per Gallon),3.531,$/GAL
2023-07-03,R10,PADD 1,EPMR,Regular Gasoline,PTE,Retail Sales,EMM_EPMR_PTE_R10_DPG,East Coast Regular All Formulations Retail Gasoline Prices (Dollars per Gallon),3.372,$/GAL
2023-06-26,NUS,U.S.,EPMR,Regular Gasoline,PTE,Retail Sales,EMM_EPMR_PTE_NUS_DPG,U.S. Regular All Formulations Retail Gasoline Prices (Dollars per Gallon),3.571,$/GAL
2023-06-26,YORD,CHICAGO,EPMR,Regular Gasoline,PTE,Retail Sales,EMM_EPMR_PTE_YORD_DPG,Chicago Regular All Formulations Retail Gasoline Prices (Dollars per Gallon),4.191,$/GAL
2023-06-26,YMIA,MIAMI,EPMR,Regular Gasoline,PTE,Retail Sales,EMM_EPMR_PTE_YMIA_DPG,"Miami, FL Regular All Formulations Retail Gasoline Prices (Dollars per Gallon)",3.351,$/GAL
2023-06-26,YDEN,DENVER,EPMR,Regular Gasoline,PTE,Retail Sales,EMM_EPMR_PTE_YDEN_DPG,Denver Regular All Formulations Retail Gasoline Prices (Dollars per Gallon),3.634,$/GAL
2023-06-26,YCLE,CLEVELAND,EPMR,Regular Gasoline,PTE,Retail Sales,EMM_EPMR_PTE_YCLE_DPG,"Cleveland, OH Regular All Formulations Retail Gasoline Prices (Dollars per Gallon)",3.415,$/GAL
2023-06-26,YBOS,BOSTON,EPMR,Regular Gasoline,PTE,Retail Sales,EMM_EPMR_PTE_YBOS_DPG,"Boston, MA Regular All Formulations Retail Gasoline Prices (Dollars per Gallon)",3.517,$/GAL
2023-06-26,Y48SE,SEATTLE,EPMR,Regular Gasoline,PTE,Retail Sales,EMM_EPMR_PTE_Y48SE_DPG,"Seattle, WA Regular All Formulations Retail Gasoline Prices (Dollars per Gallon)",4.963,$/GAL
2023-06-26,Y44HO,HOUSTON,EPMR,Regular Gasoline,PTE,Retail Sales,EMM_EPMR_PTE_Y44HO_DPG,Houston Regular All Formulations Retail Gasoline Prices (Dollars per Gallon),3.145,$/GAL
2023-06-26,Y35NY,NEW YORK CITY,EPMR,Regular Gasoline,PTE,Retail Sales,EMM_EPMR_PTE_Y35NY_DPG,New York City Regular All Formulations Retail Gasoline Prices (Dollars per Gallon),3.495,$/GAL
2023-06-26,Y05SF,SAN FRANCISCO,EPMR,Regular Gasoline,PTE,Retail Sales,EMM_EPMR_PTE_Y05SF_DPG,San Francisco Regular All Formulations Retail Gasoline Prices (Dollars per Gallon),4.566,$/GAL
2023-06-26,Y05LA,LOS ANGELES,EPMR,Regular Gasoline,PTE,Retail Sales,EMM_EPMR_PTE_Y05LA_DPG,Los Angeles Regular All Formulations Retail Gasoline Prices (Dollars per Gallon),4.666,$/GAL
2023-06-26,SWA,WASHINGTON,EPMR,Regular Gasoline,PTE,Retail Sales,EMM_EPMR_PTE_SWA_DPG,Washington Regular All Formulations Retail Gasoline Prices (Dollars per Gallon),4.874,$/GAL
2023-06-26,STX,TEXAS,EPMR,Regular Gasoline,PTE,Retail Sales,EMM_EPMR_PTE_STX_DPG,Texas Regular All Formulations Retail Gasoline Prices (Dollars per Gallon),3.213,$/GAL
2023-06-26,SOH,OHIO,EPMR,Regular Gasoline,PTE,Retail Sales,EMM_EPMR_PTE_SOH_DPG,Ohio Regular All Formulations Retail Gasoline Prices (Dollars per Gallon),3.395,$/GAL
2023-06-26,SNY,NEW YORK,EPMR,Regular Gasoline,PTE,Retail Sales,EMM_EPMR_PTE_SNY_DPG,New York Regular All Formulations Retail Gasoline Prices (Dollars per Gallon),3.592,$/GAL
2023-06-26,SMN,MINNESOTA,EPMR,Regular Gasoline,PTE,Retail Sales,EMM_EPMR_PTE_SMN_DPG,Minnesota Regular All Formulations Retail Gasoline Prices (Dollars per Gallon),3.455,$/GAL
2023-06-26,SMA,MASSACHUSETTS,EPMR,Regular Gasoline,PTE,Retail Sales,EMM_EPMR_PTE_SMA_DPG,Massachusetts Regular All Formulations Retail Gasoline Prices (Dollars per Gallon),3.507,$/GAL
2023-06-26,SFL,FLORIDA,EPMR,Regular Gasoline,PTE,Retail Sales,EMM_EPMR_PTE_SFL_DPG,Florida Regular All Formulations Retail Gasoline Prices (Dollars per Gallon),3.319,$/GAL
2023-06-26,SCO,COLORADO,EPMR,Regular Gasoline,PTE,Retail Sales,EMM_EPMR_PTE_SCO_DPG,Colorado Regular All Formulations Retail Gasoline Prices (Dollars per Gallon),3.557,$/GAL
2023-06-26,SCA,CALIFORNIA,EPMR,Regular Gasoline,PTE,Retail Sales,EMM_EPMR_PTE_SCA_DPG,California Regular All Formulations Retail Gasoline Prices (Dollars per Gallon),4.649,$/GAL
2023-06-26,R5XCA,PADD 5 EXCEPT CALIFORNIA,EPMR,Regular Gasoline,PTE,Retail Sales,EMM_EPMR_PTE_R5XCA_DPG,West Coast (PADD 5) Except California Regular All Formulations Retail Gasoline Prices (Dollars per Gallon),4.452,$/GAL
2023-06-26,R50,PADD 5,EPMR,Regular Gasoline,PTE,Retail Sales,EMM_EPMR_PTE_R50_DPG,West Coast Regular All Formulations Retail Gasoline Prices (Dollars per Gallon),4.556,$/GAL
2023-06-26,R40,PADD 4,EPMR,Regular Gasoline,PTE,Retail Sales,EMM_EPMR_PTE_R40_DPG,Rocky Mountain Regular All Formulations Retail Gasoline Prices (Dollars per Gallon),3.734,$/GAL
2023-06-26,R30,PADD 3,EPMR,Regular Gasoline,PTE,Retail Sales,EMM_EPMR_PTE_R30_DPG,Gulf Coast Regular All Formulations Retail Gasoline Prices (Dollars per Gallon),3.19,$/GAL
2023-06-26,R20,PADD 2,EPMR,Regular Gasoline,PTE,Retail Sales,EMM_EPMR_PTE_R20_DPG,Midwest Regular All Formulations Retail Gasoline Prices (Dollars per Gallon),3.452,$/GAL
2023-06-26,R1Z,PADD 1C,EPMR,Regular Gasoline,PTE,Retail Sales,EMM_EPMR_PTE_R1Z_DPG,Lower Atlantic (PADD 1C) Regular All Formulations Retail Gasoline Prices (Dollars per Gallon),3.264,$/GAL
2023-06-26,R1Y,PADD 1B,EPMR,Regular Gasoline,PTE,Retail Sales,EMM_EPMR_PTE_R1Y_DPG,Central Atlantic (PADD 1B) Regular All Formulations Retail Gasoline Prices (Dollars per Gallon),3.575,$/GAL
2023-06-26,R1X,PADD 1A,EPMR,Regular Gasoline,PTE,Retail Sales,EMM_EPMR_PTE_R1X_DPG,New England (PADD 1A) Regular All Formulations Retail Gasoline Prices (Dollars per Gallon),3.535,$/GAL
2023-06-26,R10,PADD 1,EPMR,Regular Gasoline,PTE,Retail Sales,EMM_EPMR_PTE_R10_DPG,East Coast Regular All Formulations Retail Gasoline Prices (Dollars per Gallon),3.405,$/GAL
2023-06-19,NUS,U.S.,EPMR,Regular Gasoline,PTE,Retail Sales,EMM_EPMR_PTE_NUS_DPG,U.S. Regular All Formulations Retail Gasoline Prices (Dollars per Gallon),3.577,$/GAL
2023-06-19,YORD,CHICAGO,EPMR,Regular Gasoline,PTE,Retail Sales,EMM_EPMR_PTE_YORD_DPG,Chicago Regular All Formulations Retail Gasoline Prices (Dollars per Gallon),4.301,$/GAL
2023-06-19,YMIA,MIAMI,EPMR,Regular Gasoline,PTE,Retail Sales,EMM_EPMR_PTE_YMIA_DPG,"Miami, FL Regular All Formulations Retail Gasoline Prices (Dollars per Gallon)",3.405,$/GAL
2023-06-19,YDEN,DENVER,EPMR,Regular Gasoline,PTE,Retail Sales,EMM_EPMR_PTE_YDEN_DPG,Denver Regular All Formulations Retail Gasoline Prices (Dollars per Gallon),3.495,$/GAL
2023-06-19,YCLE,CLEVELAND,EPMR,Regular Gasoline,PTE,Retail Sales,EMM_EPMR_PTE_YCLE_DPG,"Cleveland, OH Regular All Formulations Retail Gasoline Prices (Dollars per Gallon)",3.494,$/GAL
2023-06-19,YBOS,BOSTON,EPMR,Regular Gasoline,PTE,Retail Sales,EMM_EPMR_PTE_YBOS_DPG,"Boston, MA Regular All Formulations Retail Gasoline Prices (Dollars per Gallon)",3.516,$/GAL
2023-06-19,Y48SE,SEATTLE,EPMR,Regular Gasoline,PTE,Retail Sales,EMM_EPMR_PTE_Y48SE_DPG,"Seattle, WA Regular All Formulations Retail Gasoline Prices (Dollars per Gallon)",4.834,$/GAL
2023-06-19,Y44HO,HOUSTON,EPMR,Regular Gasoline,PTE,Retail Sales,EMM_EPMR_PTE_Y44HO_DPG,Houston Regular All Formulations Retail Gasoline Prices (Dollars per Gallon),3.038,$/GAL
2023-06-19,Y35NY,NEW YORK CITY,EPMR,Regular Gasoline,PTE,Retail Sales,EMM_EPMR_PTE_Y35NY_DPG,New York City Regular All Formulations Retail Gasoline Prices (Dollars per Gallon),3.496,$/GAL
2023-06-19,Y05SF,SAN FRANCISCO,EPMR,Regular Gasoline,PTE,Retail Sales,EMM_EPMR_PTE_Y05SF_DPG,San Francisco Regular All Formulations Retail Gasoline Prices (Dollars per Gallon),4.661,$/GAL
2023-06-19,Y05LA,LOS ANGELES,EPMR,Regular Gasoline,PTE,Retail Sales,EMM_EPMR_PTE_Y05LA_DPG,Los Angeles Regular All Formulations Retail Gasoline Prices (Dollars per Gallon),4.691,$/GAL
2023-06-19,SWA,WASHINGTON,EPMR,Regular Gasoline,PTE,Retail Sales,EMM_EPMR_PTE_SWA_DPG,Washington Regular All Formulations Retail Gasoline Prices (Dollars per Gallon),4.769,$/GAL
2023-06-19,STX,TEXAS,EPMR,Regular Gasoline,PTE,Retail Sales,EMM_EPMR_PTE_STX_DPG,Texas Regular All Formulations Retail Gasoline Prices (Dollars per Gallon),3.074,$/GAL
2023-06-19,SOH,OHIO,EPMR,Regular Gasoline,PTE,Retail Sales,EMM_EPMR_PTE_SOH_DPG,Ohio Regular All Formulations Retail Gasoline Prices (Dollars per Gallon),3.5,$/GAL
2023-06-19,SNY,NEW YORK,EPMR,Regular Gasoline,PTE,Retail Sales,EMM_EPMR_PTE_SNY_DPG,New York Regular All Formulations Retail Gasoline Prices (Dollars per Gallon),3.59,$/GAL
2023-06-19,SMN,MINNESOTA,EPMR,Regular Gasoline,PTE,Retail Sales,EMM_EPMR_PTE_SMN_DPG,Minnesota Regular All Formulations Retail Gasoline Prices (Dollars per Gallon),3.438,$/GAL
2023-06-19,SMA,MASSACHUSETTS,EPMR,Regular Gasoline,PTE,Retail Sales,EMM_EPMR_PTE_SMA_DPG,Massachusetts Regular All Formulations Retail Gasoline Prices (Dollars per Gallon),3.504,$/GAL
2023-06-19,SFL,FLORIDA,EPMR,Regular Gasoline,PTE,Retail Sales,EMM_EPMR_PTE_SFL_DPG,Florida Regular All Formulations Retail Gasoline Prices (Dollars per Gallon),3.366,$/GAL
2023-06-19,SCO,COLORADO,EPMR,Regular Gasoline,PTE,Retail Sales,EMM_EPMR_PTE_SCO_DPG,Colorado Regular All Formulations Retail Gasoline Prices (Dollars per Gallon),3.51,$/GAL
2023-06-19,SCA,CALIFORNIA,EPMR,Regular Gasoline,PTE,Retail Sales,EMM_EPMR_PTE_SCA_DPG,California Regular All Formulations Retail Gasoline Prices (Dollars per Gallon),4.689,$/GAL
2023-06-19,R5XCA,PADD 5 EXCEPT CALIFORNIA,EPMR,Regular Gasoline,PTE,Retail Sales,EMM_EPMR_PTE_R5XCA_DPG,West Coast (PADD 5) Except California Regular All Formulations Retail Gasoline Prices (Dollars per Gallon),4.437,$/GAL
2023-06-19,R50,PADD 5,EPMR,Regular Gasoline,PTE,Retail Sales,EMM_EPMR_PTE_R50_DPG,West Coast Regular All Formulations Retail Gasoline Prices (Dollars per Gallon),4.569,$/GAL
2023-06-19,R40,PADD 4,EPMR,Regular Gasoline,PTE,Retail Sales,EMM_EPMR_PTE_R40_DPG,Rocky Mountain Regular All Formulations Retail Gasoline Prices (Dollars per Gallon),3.721,$/GAL
2023-06-19,R30,PADD 3,EPMR,Regular Gasoline,PTE,Retail Sales,EMM_EPMR_PTE_R30_DPG,Gulf Coast Regular All Formulations Retail Gasoline Prices (Dollars per Gallon),3.109,$/GAL
2023-06-19,R20,PADD 2,EPMR,Regular Gasoline,PTE,Retail Sales,EMM_EPMR_PTE_R20_DPG,Midwest Regular All Formulations Retail Gasoline Prices (Dollars per Gallon),3.489,$/GAL
2023-06-19,R1Z,PADD 1C,EPMR,Regular Gasoline,PTE,Retail Sales,EMM_EPMR_PTE_R1Z_DPG,Lower Atlantic (PADD 1C) Regular All Formulations Retail Gasoline Prices (Dollars per Gallon),3.296,$/GAL
2023-06-19,R1Y,PADD 1B,EPMR,Regular Gasoline,PTE,Retail Sales,EMM_EPMR_PTE_R1Y_DPG,Central Atlantic (PADD 1B) Regular All Formulations Retail Gasoline Prices (Dollars per Gallon),3.566,$/GAL
2023-06-19,R1X,PADD 1A,EPMR,Regular Gasoline,PTE,Retail Sales,EMM_EPMR_PTE_R1X_DPG,New England (PADD 1A) Regular All Formulations Retail Gasoline Prices (Dollars per Gallon),3.533,$/GAL
2023-06-19,R10,PADD 1,EPMR,Regular Gasoline,PTE,Retail Sales,EMM_EPMR_PTE_R10_DPG,East Coast Regular All Formulations Retail Gasoline Prices (Dollars per Gallon),3.419,$/GAL
2023-06-12,NUS,U.S.,EPMR,Regular Gasoline,PTE,Retail Sales,EMM_EPMR_PTE_NUS_DPG,U.S. Regular All Formulations Retail Gasoline Prices (Dollars per Gallon),3.595,$/GAL
2023-06-12,YORD,CHICAGO,EPMR,Regular Gasoline,PTE,Retail Sales,EMM_EPMR_PTE_YORD_DPG,Chicago Regular All Formulations Retail Gasoline Prices (Dollars per Gallon),4.187,$/GAL
2023-06-12,YMIA,MIAMI,EPMR,Regular Gasoline,PTE,Retail Sales,EMM_EPMR_PTE_YMIA_DPG,"Miami, FL Regular All Formulations Retail Gasoline Prices (Dollars per Gallon)",3.464,$/GAL
2023-06-12,YDEN,DENVER,EPMR,Regular Gasoline,PTE,Retail Sales,EMM_EPMR_PTE_YDEN_DPG,Denver Regular All Formulations Retail Gasoline Prices (Dollars per Gallon),3.401,$/GAL
2023-06-12,YCLE,CLEVELAND,EPMR,Regular Gasoline,PTE,Retail Sales,EMM_EPMR_PTE_YCLE_DPG,"Cleveland, OH Regular All Formulations Retail Gasoline Prices (Dollars per Gallon)",3.593,$/GAL
2023-06-12,YBOS,BOSTON,EPMR,Regular Gasoline,PTE,Retail Sales,EMM_EPMR_PTE_YBOS_DPG,"Boston, MA Regular All Formulations Retail Gasoline Prices (Dollars per Gallon)",3.511,$/GAL
2023-06-12,Y48SE,SEATTLE,EPMR,Regular Gasoline,PTE,Retail Sales,EMM_EPMR_PTE_Y48SE_DPG,"Seattle, WA Regular All Formulations Retail Gasoline Prices (Dollars per Gallon)",4.709,$/GAL
2023-06-12,Y44HO,HOUSTON,EPMR,Regular Gasoline,PTE,Retail Sales,EMM_EPMR_PTE_Y44HO_DPG,Houston Regular All Formulations Retail Gasoline Prices (Dollars per Gallon),3.017,$/GAL
2023-06-12,Y35NY,NEW YORK CITY,EPMR,Regular Gasoline,PTE,Retail Sales,EMM_EPMR_PTE_Y35NY_DPG,New York City Regular All Formulations Retail Gasoline Prices (Dollars per Gallon),3.489,$/GAL
2023-06-12,Y05SF,SAN FRANCISCO,EPMR,Regular Gasoline,PTE,Retail Sales,EMM_EPMR_PTE_Y05SF_DPG,San Francisco Regular All Formulations Retail Gasoline Prices (Dollars per Gallon),4.75,$/GAL
2023-06-12,Y05LA,LOS ANGELES,EPMR,Regular Gasoline,PTE,Retail Sales,EMM_EPMR_PTE_Y05LA_DPG,Los Angeles Regular All Formulations Retail Gasoline Prices (Dollars per Gallon),4.726,$/GAL
2023-06-12,SWA,WASHINGTON,EPMR,Regular Gasoline,PTE,Retail Sales,EMM_EPMR_PTE_SWA_DPG,Washington Regular All Formulations Retail Gasoline Prices (Dollars per Gallon),4.687,$/GAL
2023-06-12,STX,TEXAS,EPMR,Regular Gasoline,PTE,Retail Sales,EMM_EPMR_PTE_STX_DPG,Texas Regular All Formulations Retail Gasoline Prices (Dollars per Gallon),3.145,$/GAL
2023-06-12,SOH,OHIO,EPMR,Regular Gasoline,PTE,Retail Sales,EMM_EPMR_PTE_SOH_DPG,Ohio Regular All Formulations Retail Gasoline Prices (Dollars per Gallon),3.637,$/GAL
2023-06-12,SNY,NEW YORK,EPMR,Regular Gasoline,PTE,Retail Sales,EMM_EPMR_PTE_SNY_DPG,New York Regular All Formulations Retail Gasoline Prices (Dollars per Gallon),3.582,$/GAL
2023-06-12,SMN,MINNESOTA,EPMR,Regular Gasoline,PTE,Retail Sales,EMM_EPMR_PTE_SMN_DPG,Minnesota Regular All Formulations Retail Gasoline Prices (Dollars per Gallon),3.464,$/GAL
2023-06-12,SMA,MASSACHUSETTS,EPMR,Regular Gasoline,PTE,Retail Sales,EMM_EPMR_PTE_SMA_DPG,Massachusetts Regular All Formulations Retail Gasoline Prices (Dollars per Gallon),3.499,$/GAL
2023-06-12,SFL,FLORIDA,EPMR,Regular Gasoline,PTE,Retail Sales,EMM_EPMR_PTE_SFL_DPG,Florida Regular All Formulations Retail Gasoline Prices (Dollars per Gallon),3.438,$/GAL
2023-06-12,SCO,COLORADO,EPMR,Regular Gasoline,PTE,Retail Sales,EMM_EPMR_PTE_SCO_DPG,Colorado Regular All Formulations Retail Gasoline Prices (Dollars per Gallon),3.425,$/GAL
2023-06-12,SCA,CALIFORNIA,EPMR,Regular Gasoline,PTE,Retail Sales,EMM_EPMR_PTE_SCA_DPG,California Regular All Formulations Retail Gasoline Prices (Dollars per Gallon),4.709,$/GAL
2023-06-12,R5XCA,PADD 5 EXCEPT CALIFORNIA,EPMR,Regular Gasoline,PTE,Retail Sales,EMM_EPMR_PTE_R5XCA_DPG,West Coast (PADD 5) Except California Regular All Formulations Retail Gasoline Prices (Dollars per Gallon),4.448,$/GAL
2023-06-12,R50,PADD 5,EPMR,Regular Gasoline,PTE,Retail Sales,EMM_EPMR_PTE_R50_DPG,West Coast Regular All Formulations Retail Gasoline Prices (Dollars per Gallon),4.584,$/GAL
2023-06-12,R40,PADD 4,EPMR,Regular Gasoline,PTE,Retail Sales,EMM_EPMR_PTE_R40_DPG,Rocky Mountain Regular All Formulations Retail Gasoline Prices (Dollars per Gallon),3.707,$/GAL
2023-06-12,R30,PADD 3,EPMR,Regular Gasoline,PTE,Retail Sales,EMM_EPMR_PTE_R30_DPG,Gulf Coast Regular All Formulations Retail Gasoline Prices (Dollars per Gallon),3.145,$/GAL
2023-06-12,R20,PADD 2,EPMR,Regular Gasoline,PTE,Retail Sales,EMM_EPMR_PTE_R20_DPG,Midwest Regular All Formulations Retail Gasoline Prices (Dollars per Gallon),3.513,$/GAL
2023-06-12,R1Z,PADD 1C,EPMR,Regular Gasoline,PTE,Retail Sales,EMM_EPMR_PTE_R1Z_DPG,Lower Atlantic (PADD 1C) Regular All Formulations Retail Gasoline Prices (Dollars per Gallon),3.321,$/GAL
2023-06-12,R1Y,PADD 1B,EPMR,Regular Gasoline,PTE,Retail Sales,EMM_EPMR_PTE_R1Y_DPG,Central Atlantic (PADD 1B) Regular All Formulations Retail Gasoline Prices (Dollars per Gallon),3.569,$/GAL
2023-06-12,R1X,PADD 1A,EPMR,Regular Gasoline,PTE,Retail Sales,EMM_EPMR_PTE_R1X_DPG,New England (PADD 1A) Regular All Formulations Retail Gasoline Prices (Dollars per Gallon),3.53,$/GAL
2023-06-12,R10,PADD 1,EPMR,Regular Gasoline,PTE,Retail Sales,EMM_EPMR_PTE_R10_DPG,East Coast Regular All Formulations Retail Gasoline Prices (Dollars per Gallon),3.432,$/GAL
2023-06-05,NUS,U.S.,EPMR,Regular Gasoline,PTE,Retail Sales,EMM_EPMR_PTE_NUS_DPG,U.S. Regular All Formulations Retail Gasoline Prices (Dollars per Gallon),3.541,$/GAL
2023-06-05,YORD,CHICAGO,EPMR,Regular Gasoline,PTE,Retail Sales,EMM_EPMR_PTE_YORD_DPG,Chicago Regular All Formulations Retail Gasoline Prices (Dollars per Gallon),4.046,$/GAL
2023-06-05,YMIA,MIAMI,EPMR,Regular Gasoline,PTE,Retail Sales,EMM_EPMR_PTE_YMIA_DPG,"Miami, FL Regular All Formulations Retail Gasoline Prices (Dollars per Gallon)",3.389,$/GAL
2023-06-05,YDEN,DENVER,EPMR,Regular Gasoline,PTE,Retail Sales,EMM_EPMR_PTE_YDEN_DPG,Denver Regular All Formulations Retail Gasoline Prices (Dollars per Gallon),3.354,$/GAL
2023-06-05,YCLE,CLEVELAND,EPMR,Regular Gasoline,PTE,Retail Sales,EMM_EPMR_PTE_YCLE_DPG,"Cleveland, OH Regular All Formulations Retail Gasoline Prices (Dollars per Gallon)",3.395,$/GAL
2023-06-05,YBOS,BOSTON,EPMR,Regular Gasoline,PTE,Retail Sales,EMM_EPMR_PTE_YBOS_DPG,"Boston, MA Regular All Formulations Retail Gasoline Prices (Dollars per Gallon)",3.507,$/GAL
2023-06-05,Y48SE,SEATTLE,EPMR,Regular Gasoline,PTE,Retail Sales,EMM_EPMR_PTE_Y48SE_DPG,"Seattle, WA Regular All Formulations Retail Gasoline Prices (Dollars per Gallon)",4.671,$/GAL
2023-06-05,Y44HO,HOUSTON,EPMR,Regular Gasoline,PTE,Retail Sales,EMM_EPMR_PTE_Y44HO_DPG,Houston Regular All Formulations Retail Gasoline Prices (Dollars per Gallon),2.983,$/GAL
2023-06-05,Y35NY,NEW YORK CITY,EPMR,Regular Gasoline,PTE,Retail Sales,EMM_EPMR_PTE_Y35NY_DPG,New York City Regular All Formulations Retail Gasoline Prices (Dollars per Gallon),3.506,$/GAL
2023-06-05,Y05SF,SAN FRANCISCO,EPMR,Regular Gasoline,PTE,Retail Sales,EMM_EPMR_PTE_Y05SF_DPG,San Francisco Regular All Formulations Retail Gasoline Prices (Dollars per Gallon),4.631,$/GAL
2023-06-05,Y05LA,LOS ANGELES,EPMR,Regular Gasoline,PTE,Retail Sales,EMM_EPMR_PTE_Y05LA_DPG,Los Angeles Regular All Formulations Retail Gasoline Prices (Dollars per Gallon),4.682,$/GAL
2023-06-05,SWA,WASHINGTON,EPMR,Regular Gasoline,PTE,Retail Sales,EMM_EPMR_PTE_SWA_DPG,Washington Regular All Formulations Retail Gasoline Prices (Dollars per Gallon),4.575,$/GAL
2023-06-05,STX,TEXAS,EPMR,Regular Gasoline,PTE,Retail Sales,EMM_EPMR_PTE_STX_DPG,Texas Regular All Formulations Retail Gasoline Prices (Dollars per Gallon),3.022,$/GAL
2023-06-05,SOH,OHIO,EPMR,Regular Gasoline,PTE,Retail Sales,EMM_EPMR_PTE_SOH_DPG,Ohio Regular All Formulations Retail Gasoline Prices (Dollars per Gallon),3.361,$/GAL
2023-06-05,SNY,NEW YORK,EPMR,Regular Gasoline,PTE,Retail Sales,EMM_EPMR_PTE_SNY_DPG,New York Regular All Formulations Retail Gasoline Prices (Dollars per Gallon),3.592,$/GAL
2023-06-05,SMN,MINNESOTA,EPMR,Regular Gasoline,PTE,Retail Sales,EMM_EPMR_PTE_SMN_DPG,Minnesota Regular All Formulations Retail Gasoline Prices (Dollars per Gallon),3.465,$/GAL
2023-06-05,SMA,MASSACHUSETTS,EPMR,Regular Gasoline,PTE,Retail Sales,EMM_EPMR_PTE_SMA_DPG,Massachusetts Regular All Formulations Retail Gasoline Prices (Dollars per Gallon),3.495,$/GAL
2023-06-05,SFL,FLORIDA,EPMR,Regular Gasoline,PTE,Retail Sales,EMM_EPMR_PTE_SFL_DPG,Florida Regular All Formulations Retail Gasoline Prices (Dollars per Gallon),3.301,$/GAL
2023-06-05,SCO,COLORADO,EPMR,Regular Gasoline,PTE,Retail Sales,EMM_EPMR_PTE_SCO_DPG,Colorado Regular All Formulations Retail Gasoline Prices (Dollars per Gallon),3.38,$/GAL
2023-06-05,SCA,CALIFORNIA,EPMR,Regular Gasoline,PTE,Retail Sales,EMM_EPMR_PTE_SCA_DPG,California Regular All Formulations Retail Gasoline Prices (Dollars per Gallon),4.648,$/GAL
2023-06-05,R5XCA,PADD 5 EXCEPT CALIFORNIA,EPMR,Regular Gasoline,PTE,Retail Sales,EMM_EPMR_PTE_R5XCA_DPG,West Coast (PADD 5) Except California Regular All Formulations Retail Gasoline Prices (Dollars per Gallon),4.386,$/GAL
2023-06-05,R50,PADD 5,EPMR,Regular Gasoline,PTE,Retail Sales,EMM_EPMR_PTE_R50_DPG,West Coast Regular All Formulations Retail Gasoline Prices (Dollars per Gallon),4.523,$/GAL
2023-06-05,R40,PADD 4,EPMR,Regular Gasoline,PTE,Retail Sales,EMM_EPMR_PTE_R40_DPG,Rocky Mountain Regular All Formulations Retail Gasoline Prices (Dollars per Gallon),3.654,$/GAL
2023-06-05,R30,PADD 3,EPMR,Regular Gasoline,PTE,Retail Sales,EMM_EPMR_PTE_R30_DPG,Gulf Coast Regular All Formulations Retail Gasoline Prices (Dollars per Gallon),3.065,$/GAL
2023-06-05,R20,PADD 2,EPMR,Regular Gasoline,PTE,Retail Sales,EMM_EPMR_PTE_R20_DPG,Midwest Regular All Formulations Retail Gasoline Prices (Dollars per Gallon),3.43,$/GAL
2023-06-05,R1Z,PADD 1C,EPMR,Regular Gasoline,PTE,Retail Sales,EMM_EPMR_PTE_R1Z_DPG,Lower Atlantic (PADD 1C) Regular All Formulations Retail Gasoline Prices (Dollars per Gallon),3.277,$/GAL
2023-06-05,R1Y,PADD 1B,EPMR,Regular Gasoline,PTE,Retail Sales,EMM_EPMR_PTE_R1Y_DPG,Central Atlantic (PADD 1B) Regular All Formulations Retail Gasoline Prices (Dollars per Gallon),3.576,$/GAL
2023-06-05,R1X,PADD 1A,EPMR,Regular Gasoline,PTE,Retail Sales,EMM_EPMR_PTE_R1X_DPG,New England (PADD 1A) Regular All Formulations Retail Gasoline Prices (Dollars per Gallon),3.523,$/GAL
2023-06-05,R10,PADD 1,EPMR,Regular Gasoline,PTE,Retail Sales,EMM_EPMR_PTE_R10_DPG,East Coast Regular All Formulations Retail Gasoline Prices (Dollars per Gallon),3.41,$/GAL
2023-05-29,NUS,U.S.,EPMR,Regular Gasoline,PTE,Retail Sales,EMM_EPMR_PTE_NUS_DPG,U.S. Regular All Formulations Retail Gasoline Prices (Dollars per Gallon),3.571,$/GAL
2023-05-29,YORD,CHICAGO,EPMR,Regular Gasoline,PTE,Retail Sales,EMM_EPMR_PTE_YORD_DPG,Chicago Regular All Formulations Retail Gasoline Prices (Dollars per Gallon),4.125,$/GAL
2023-05-29,YMIA,MIAMI,EPMR,Regular Gasoline,PTE,Retail Sales,EMM_EPMR_PTE_YMIA_DPG,"Miami, FL Regular All Formulations Retail Gasoline Prices (Dollars per Gallon)",3.411,$/GAL
2023-05-29,YDEN,DENVER,EPMR,Regular Gasoline,PTE,Retail Sales,EMM_EPMR_PTE_YDEN_DPG,Denver Regular All Formulations Retail Gasoline Prices (Dollars per Gallon),3.367,$/GAL
2023-05-29,YCLE,CLEVELAND,EPMR,Regular Gasoline,PTE,Retail Sales,EMM_EPMR_PTE_YCLE_DPG,"Cleveland, OH Regular All Formulations Retail Gasoline Prices (Dollars per Gallon)",3.496,$/GAL
2023-05-29,YBOS,BOSTON,EPMR,Regular Gasoline,PTE,Retail Sales,EMM_EPMR_PTE_YBOS_DPG,"Boston, MA Regular All Formulations Retail Gasoline Prices (Dollars per Gallon)",3.498,$/GAL
2023-05-29,Y48SE,SEATTLE,EPMR,Regular Gasoline,PTE,Retail Sales,EMM_EPMR_PTE_Y48SE_DPG,"Seattle, WA Regular All Formulations Retail Gasoline Prices (Dollars per Gallon)",4.659,$/GAL
2023-05-29,Y44HO,HOUSTON,EPMR,Regular Gasoline,PTE,Retail Sales,EMM_EPMR_PTE_Y44HO_DPG,Houston Regular All Formulations Retail Gasoline Prices (Dollars per Gallon),2.995,$/GAL
2023-05-29,Y35NY,NEW YORK CITY,EPMR,Regular Gasoline,PTE,Retail Sales,EMM_EPMR_PTE_Y35NY_DPG,New York City Regular All Formulations Retail Gasoline Prices (Dollars per Gallon),3.519,$/GAL
2023-05-29,Y05SF,SAN FRANCISCO,EPMR,Regular Gasoline,PTE,Retail Sales,EMM_EPMR_PTE_Y05SF_DPG,San Francisco Regular All Formulations Retail Gasoline Prices (Dollars per Gallon),4.626,$/GAL
2023-05-29,Y05LA,LOS ANGELES,EPMR,Regular Gasoline,PTE,Retail Sales,EMM_EPMR_PTE_Y05LA_DPG,Los Angeles Regular All Formulations Retail Gasoline Prices (Dollars per Gallon),4.663,$/GAL
2023-05-29,SWA,WASHINGTON,EPMR,Regular Gasoline,PTE,Retail Sales,EMM_EPMR_PTE_SWA_DPG,Washington Regular All Formulations Retail Gasoline Prices (Dollars per Gallon),4.571,$/GAL
2023-05-29,STX,TEXAS,EPMR,Regular Gasoline,PTE,Retail Sales,EMM_EPMR_PTE_STX_DPG,Texas Regular All Formulations Retail Gasoline Prices (Dollars per Gallon),3.096,$/GAL
2023-05-29,SOH,OHIO,EPMR,Regular Gasoline,PTE,Retail Sales,EMM_EPMR_PTE_SOH_DPG,Ohio Regular All Formulations Retail Gasoline Prices (Dollars per Gallon),3.467,$/GAL
2023-05-29,SNY,NEW YORK,EPMR,Regular Gasoline,PTE,Retail Sales,EMM_EPMR_PTE_SNY_DPG,New York Regular All Formulations Retail Gasoline Prices (Dollars per Gallon),3.597,$/GAL
2023-05-29,SMN,MINNESOTA,EPMR,Regular Gasoline,PTE,Retail Sales,EMM_EPMR_PTE_SMN_DPG,Minnesota Regular All Formulations Retail Gasoline Prices (Dollars per Gallon),3.492,$/GAL
2023-05-29,SMA,MASSACHUSETTS,EPMR,Regular Gasoline,PTE,Retail Sales,EMM_EPMR_PTE_SMA_DPG,Massachusetts Regular All Formulations Retail Gasoline Prices (Dollars per Gallon),3.491,$/GAL
2023-05-29,SFL,FLORIDA,EPMR,Regular Gasoline,PTE,Retail Sales,EMM_EPMR_PTE_SFL_DPG,Florida Regular All Formulations Retail Gasoline Prices (Dollars per Gallon),3.377,$/GAL
2023-05-29,SCO,COLORADO,EPMR,Regular Gasoline,PTE,Retail Sales,EMM_EPMR_PTE_SCO_DPG,Colorado Regular All Formulations Retail Gasoline Prices (Dollars per Gallon),3.393,$/GAL
2023-05-29,SCA,CALIFORNIA,EPMR,Regular Gasoline,PTE,Retail Sales,EMM_EPMR_PTE_SCA_DPG,California Regular All Formulations Retail Gasoline Prices (Dollars per Gallon),4.643,$/GAL
2023-05-29,R5XCA,PADD 5 EXCEPT CALIFORNIA,EPMR,Regular Gasoline,PTE,Retail Sales,EMM_EPMR_PTE_R5XCA_DPG,West Coast (PADD 5) Except California Regular All Formulations Retail Gasoline Prices (Dollars per Gallon),4.415,$/GAL
2023-05-29,R50,PADD 5,EPMR,Regular Gasoline,PTE,Retail Sales,EMM_EPMR_PTE_R50_DPG,West Coast Regular All Formulations Retail Gasoline Prices (Dollars per Gallon),4.534,$/GAL
2023-05-29,R40,PADD 4,EPMR,Regular Gasoline,PTE,Retail Sales,EMM_EPMR_PTE_R40_DPG,Rocky Mountain Regular All Formulations Retail Gasoline Prices (Dollars per Gallon),3.622,$/GAL
2023-05-29,R30,PADD 3,EPMR,Regular Gasoline,PTE,Retail Sales,EMM_EPMR_PTE_R30_DPG,Gulf Coast Regular All Formulations Retail Gasoline Prices (Dollars per Gallon),3.121,$/GAL
2023-05-29,R20,PADD 2,EPMR,Regular Gasoline,PTE,Retail Sales,EMM_EPMR_PTE_R20_DPG,Midwest Regular All Formulations Retail Gasoline Prices (Dollars per Gallon),3.484,$/GAL
2023-05-29,R1Z,PADD 1C,EPMR,Regular Gasoline,PTE,Retail Sales,EMM_EPMR_PTE_R1Z_DPG,Lower Atlantic (PADD 1C) Regular All Formulations Retail Gasoline Prices (Dollars per Gallon),3.293,$/GAL
2023-05-29,R1Y,PADD 1B,EPMR,Regular Gasoline,PTE,Retail Sales,EMM_EPMR_PTE_R1Y_DPG,Central Atlantic (PADD 1B) Regular All Formulations Retail Gasoline Prices (Dollars per Gallon),3.6,$/GAL
2023-05-29,R1X,PADD 1A,EPMR,Regular Gasoline,PTE,Retail Sales,EMM_EPMR_PTE_R1X_DPG,New England (PADD 1A) Regular All Formulations Retail Gasoline Prices (Dollars per Gallon),3.526,$/GAL
2023-05-29,R10,PADD 1,EPMR,Regular Gasoline,PTE,Retail Sales,EMM_EPMR_PTE_R10_DPG,East Coast Regular All Formulations Retail Gasoline Prices (Dollars per Gallon),3.427,$/GAL
2023-05-22,NUS,U.S.,EPMR,Regular Gasoline,PTE,Retail Sales,EMM_EPMR_PTE_NUS_DPG,U.S. Regular All Formulations Retail Gasoline Prices (Dollars per Gallon),3.534,$/GAL
2023-05-22,YORD,CHICAGO,EPMR,Regular Gasoline,PTE,Retail Sales,EMM_EPMR_PTE_YORD_DPG,Chicago Regular All Formulations Retail Gasoline Prices (Dollars per Gallon),4.101,$/GAL
2023-05-22,YMIA,MIAMI,EPMR,Regular Gasoline,PTE,Retail Sales,EMM_EPMR_PTE_YMIA_DPG,"Miami, FL Regular All Formulations Retail Gasoline Prices (Dollars per Gallon)",3.44,$/GAL
2023-05-22,YDEN,DENVER,EPMR,Regular Gasoline,PTE,Retail Sales,EMM_EPMR_PTE_YDEN_DPG,Denver Regular All Formulations Retail Gasoline Prices (Dollars per Gallon),3.216,$/GAL
2023-05-22,YCLE,CLEVELAND,EPMR,Regular Gasoline,PTE,Retail Sales,EMM_EPMR_PTE_YCLE_DPG,"Cleveland, OH Regular All Formulations Retail Gasoline Prices (Dollars per Gallon)",3.514,$/GAL
2023-05-22,YBOS,BOSTON,EPMR,Regular Gasoline,PTE,Retail Sales,EMM_EPMR_PTE_YBOS_DPG,"Boston, MA Regular All Formulations Retail Gasoline Prices (Dollars per Gallon)",3.415,$/GAL
2023-05-22,Y48SE,SEATTLE,EPMR,Regular Gasoline,PTE,Retail Sales,EMM_EPMR_PTE_Y48SE_DPG,"Seattle, WA Regular All Formulations Retail Gasoline Prices (Dollars per Gallon)",4.652,$/GAL
2023-05-22,Y44HO,HOUSTON,EPMR,Regular Gasoline,PTE,Retail Sales,EMM_EPMR_PTE_Y44HO_DPG,Houston Regular All Formulations Retail Gasoline Prices (Dollars per Gallon),2.956,$/GAL
2023-05-22,Y35NY,NEW YORK CITY,EPMR,Regular Gasoline,PTE,Retail Sales,EMM_EPMR_PTE_Y35NY_DPG,New York City Regular All Formulations Retail Gasoline Prices (Dollars per Gallon),3.434,$/GAL
2023-05-22,Y05SF,SAN FRANCISCO,EPMR,Regular Gasoline,PTE,Retail Sales,EMM_EPMR_PTE_Y05SF_DPG,San Francisco Regular All Formulations Retail Gasoline Prices (Dollars per Gallon),4.617,$/GAL
2023-05-22,Y05LA,LOS ANGELES,EPMR,Regular Gasoline,PTE,Retail Sales,EMM_EPMR_PTE_Y05LA_DPG,Los Angeles Regular All Formulations Retail Gasoline Prices (Dollars per Gallon),4.611,$/GAL
2023-05-22,SWA,WASHINGTON,EPMR,Regular Gasoline,PTE,Retail Sales,EMM_EPMR_PTE_SWA_DPG,Washington Regular All Formulations Retail Gasoline Prices (Dollars per Gallon),4.524,$/GAL
2023-05-22,STX,TEXAS,EPMR,Regular Gasoline,PTE,Retail Sales,EMM_EPMR_PTE_STX_DPG,Texas Regular All Formulations Retail Gasoline Prices (Dollars per Gallon),2.997,$/GAL
2023-05-22,SOH,OHIO,EPMR,Regular Gasoline,PTE,Retail Sales,EMM_EPMR_PTE_SOH_DPG,Ohio Regular All Formulations Retail Gasoline Prices (Dollars per Gallon),3.491,$/GAL
2023-05-22,SNY,NEW YORK,EPMR,Regular Gasoline,PTE,Retail Sales,EMM_EPMR_PTE_SNY_DPG,New York Regular All Formulations Retail Gasoline Prices (Dollars per Gallon),3.56,$/GAL
2023-05-22,SMN,MINNESOTA,EPMR,Regular Gasoline,PTE,Retail Sales,EMM_EPMR_PTE_SMN_DPG,Minnesota Regular All Formulations Retail Gasoline Prices (Dollars per Gallon),3.486,$/GAL
2023-05-22,SMA,MASSACHUSETTS,EPMR,Regular Gasoline,PTE,Retail Sales,EMM_EPMR_PTE_SMA_DPG,Massachusetts Regular All Formulations Retail Gasoline Prices (Dollars per Gallon),3.395,$/GAL
2023-05-22,SFL,FLORIDA,EPMR,Regular Gasoline,PTE,Retail Sales,EMM_EPMR_PTE_SFL_DPG,Florida Regular All Formulations Retail Gasoline Prices (Dollars per Gallon),3.344,$/GAL
2023-05-22,SCO,COLORADO,EPMR,Regular Gasoline,PTE,Retail Sales,EMM_EPMR_PTE_SCO_DPG,Colorado Regular All Formulations Retail Gasoline Prices (Dollars per Gallon),3.246,$/GAL
2023-05-22,SCA,CALIFORNIA,EPMR,Regular Gasoline,PTE,Retail Sales,EMM_EPMR_PTE_SCA_DPG,California Regular All Formulations Retail Gasoline Prices (Dollars per Gallon),4.609,$/GAL
2023-05-22,R5XCA,PADD 5 EXCEPT CALIFORNIA,EPMR,Regular Gasoline,PTE,Retail Sales,EMM_EPMR_PTE_R5XCA_DPG,West Coast (PADD 5) Except California Regular All Formulations Retail Gasoline Prices (Dollars per Gallon),4.408,$/GAL
2023-05-22,R50,PADD 5,EPMR,Regular Gasoline,PTE,Retail Sales,EMM_EPMR_PTE_R50_DPG,West Coast Regular All Formulations Retail Gasoline Prices (Dollars per Gallon),4.514,$/GAL
2023-05-22,R40,PADD 4,EPMR,Regular Gasoline,PTE,Retail Sales,EMM_EPMR_PTE_R40_DPG,Rocky Mountain Regular All Formulations Retail Gasoline Prices (Dollars per Gallon),3.579,$/GAL
2023-05-22,R30,PADD 3,EPMR,Regular Gasoline,PTE,Retail Sales,EMM_EPMR_PTE_R30_DPG,Gulf Coast Regular All Formulations Retail Gasoline Prices (Dollars per Gallon),3.04,$/GAL
2023-05-22,R20,PADD 2,EPMR,Regular Gasoline,PTE,Retail Sales,EMM_EPMR_PTE_R20_DPG,Midwest Regular All Formulations Retail Gasoline Prices (Dollars per Gallon),3.469,$/GAL
2023-05-22,R1Z,PADD 1C,EPMR,Regular Gasoline,PTE,Retail Sales,EMM_EPMR_PTE_R1Z_DPG,Lower Atlantic (PADD 1C) Regular All Formulations Retail Gasoline Prices (Dollars per Gallon),3.267,$/GAL
2023-05-22,R1Y,PADD 1B,EPMR,Regular Gasoline,PTE,Retail Sales,EMM_EPMR_PTE_R1Y_DPG,Central Atlantic (PADD 1B) Regular All Formulations Retail Gasoline Prices (Dollars per Gallon),3.544,$/GAL
2023-05-22,R1X,PADD 1A,EPMR,Regular Gasoline,PTE,Retail Sales,EMM_EPMR_PTE_R1X_DPG,New England (PADD 1A) Regular All Formulations Retail Gasoline Prices (Dollars per Gallon),3.427,$/GAL
2023-05-22,R10,PADD 1,EPMR,Regular Gasoline,PTE,Retail Sales,EMM_EPMR_PTE_R10_DPG,East Coast Regular All Formulations Retail Gasoline Prices (Dollars per Gallon),3.381,$/GAL
2023-05-15,NUS,U.S.,EPMR,Regular Gasoline,PTE,Retail Sales,EMM_EPMR_PTE_NUS_DPG,U.S. Regular All Formulations Retail Gasoline Prices (Dollars per Gallon),3.536,$/GAL
2023-05-15,YORD,CHICAGO,EPMR,Regular Gasoline,PTE,Retail Sales,EMM_EPMR_PTE_YORD_DPG,Chicago Regular All Formulations Retail Gasoline Prices (Dollars per Gallon),4.054,$/GAL
2023-05-15,YMIA,MIAMI,EPMR,Regular Gasoline,PTE,Retail Sales,EMM_EPMR_PTE_YMIA_DPG,"Miami, FL Regular All Formulations Retail Gasoline Prices (Dollars per Gallon)",3.518,$/GAL
2023-05-15,YDEN,DENVER,EPMR,Regular Gasoline,PTE,Retail Sales,EMM_EPMR_PTE_YDEN_DPG,Denver Regular All Formulations Retail Gasoline Prices (Dollars per Gallon),3.219,$/GAL
2023-05-15,YCLE,CLEVELAND,EPMR,Regular Gasoline,PTE,Retail Sales,EMM_EPMR_PTE_YCLE_DPG,"Cleveland, OH Regular All Formulations Retail Gasoline Prices (Dollars per Gallon)",3.588,$/GAL
2023-05-15,YBOS,BOSTON,EPMR,Regular Gasoline,PTE,Retail Sales,EMM_EPMR_PTE_YBOS_DPG,"Boston, MA Regular All Formulations Retail Gasoline Prices (Dollars per Gallon)",3.397,$/GAL
2023-05-15,Y48SE,SEATTLE,EPMR,Regular Gasoline,PTE,Retail Sales,EMM_EPMR_PTE_Y48SE_DPG,"Seattle, WA Regular All Formulations Retail Gasoline Prices (Dollars per Gallon)",4.64,$/GAL
2023-05-15,Y44HO,HOUSTON,EPMR,Regular Gasoline,PTE,Retail Sales,EMM_EPMR_PTE_Y44HO_DPG,Houston Regular All Formulations Retail Gasoline Prices (Dollars per Gallon),2.991,$/GAL
2023-05-15,Y35NY,NEW YORK CITY,EPMR,Regular Gasoline,PTE,Retail Sales,EMM_EPMR_PTE_Y35NY_DPG,New York City Regular All Formulations Retail Gasoline Prices (Dollars per Gallon),3.45,$/GAL
2023-05-15,Y05SF,SAN FRANCISCO,EPMR,Regular Gasoline,PTE,Retail Sales,EMM_EPMR_PTE_Y05SF_DPG,San Francisco Regular All Formulations Retail Gasoline Prices (Dollars per Gallon),4.579,$/GAL
2023-05-15,Y05LA,LOS ANGELES,EPMR,Regular Gasoline,PTE,Retail Sales,EMM_EPMR_PTE_Y05LA_DPG,Los Angeles Regular All Formulations Retail Gasoline Prices (Dollars per Gallon),4.607,$/GAL
2023-05-15,SWA,WASHINGTON,EPMR,Regular Gasoline,PTE,Retail Sales,EMM_EPMR_PTE_SWA_DPG,Washington Regular All Formulations Retail Gasoline Prices (Dollars per Gallon),4.492,$/GAL
2023-05-15,STX,TEXAS,EPMR,Regular Gasoline,PTE,Retail Sales,EMM_EPMR_PTE_STX_DPG,Texas Regular All Formulations Retail Gasoline Prices (Dollars per Gallon),3.065,$/GAL
2023-05-15,SOH,OHIO,EPMR,Regular Gasoline,PTE,Retail Sales,EMM_EPMR_PTE_SOH_DPG,Ohio Regular All Formulations Retail Gasoline Prices (Dollars per Gallon),3.609,$/GAL
2023-05-15,SNY,NEW YORK,EPMR,Regular Gasoline,PTE,Retail Sales,EMM_EPMR_PTE_SNY_DPG,New York Regular All Formulations Retail Gasoline Prices (Dollars per Gallon),3.566,$/GAL
2023-05-15,SMN,MINNESOTA,EPMR,Regular Gasoline,PTE,Retail Sales,EMM_EPMR_PTE_SMN_DPG,Minnesota Regular All Formulations Retail Gasoline Prices (Dollars per Gallon),3.431,$/GAL
2023-05-15,SMA,MASSACHUSETTS,EPMR,Regular Gasoline,PTE,Retail Sales,EMM_EPMR_PTE_SMA_DPG,Massachusetts Regular All Formulations Retail Gasoline Prices (Dollars per Gallon),3.382,$/GAL
2023-05-15,SFL,FLORIDA,EPMR,Regular Gasoline,PTE,Retail Sales,EMM_EPMR_PTE_SFL_DPG,Florida Regular All Formulations Retail Gasoline Prices (Dollars per Gallon),3.42,$/GAL
2023-05-15,SCO,COLORADO,EPMR,Regular Gasoline,PTE,Retail Sales,EMM_EPMR_PTE_SCO_DPG,Colorado Regular All Formulations Retail Gasoline Prices (Dollars per Gallon),3.246,$/GAL
2023-05-15,SCA,CALIFORNIA,EPMR,Regular Gasoline,PTE,Retail Sales,EMM_EPMR_PTE_SCA_DPG,California Regular All Formulations Retail Gasoline Prices (Dollars per Gallon),4.615,$/GAL
2023-05-15,R5XCA,PADD 5 EXCEPT CALIFORNIA,EPMR,Regular Gasoline,PTE,Retail Sales,EMM_EPMR_PTE_R5XCA_DPG,West Coast (PADD 5) Except California Regular All Formulations Retail Gasoline Prices (Dollars per Gallon),4.413,$/GAL
2023-05-15,R50,PADD 5,EPMR,Regular Gasoline,PTE,Retail Sales,EMM_EPMR_PTE_R50_DPG,West Coast Regular All Formulations Retail Gasoline Prices (Dollars per Gallon),4.519,$/GAL
2023-05-15,R40,PADD 4,EPMR,Regular Gasoline,PTE,Retail Sales,EMM_EPMR_PTE_R40_DPG,Rocky Mountain Regular All Formulations Retail Gasoline Prices (Dollars per Gallon),3.518,$/GAL
2023-05-15,R30,PADD 3,EPMR,Regular Gasoline,PTE,Retail Sales,EMM_EPMR_PTE_R30_DPG,Gulf Coast Regular All Formulations Retail Gasoline Prices (Dollars per Gallon),3.079,$/GAL
2023-05-15,R20,PADD 2,EPMR,Regular Gasoline,PTE,Retail Sales,EMM_EPMR_PTE_R20_DPG,Midwest Regular All Formulations Retail Gasoline Prices (Dollars per Gallon),3.44,$/GAL
2023-05-15,R1Z,PADD 1C,EPMR,Regular Gasoline,PTE,Retail Sales,EMM_EPMR_PTE_R1Z_DPG,Lower Atlantic (PADD 1C) Regular All Formulations Retail Gasoline Prices (Dollars per Gallon),3.297,$/GAL
2023-05-15,R1Y,PADD 1B,EPMR,Regular Gasoline,PTE,Retail Sales,EMM_EPMR_PTE_R1Y_DPG,Central Atlantic (PADD 1B) Regular All Formulations Retail Gasoline Prices (Dollars per Gallon),3.546,$/GAL
2023-05-15,R1X,PADD 1A,EPMR,Regular Gasoline,PTE,Retail Sales,EMM_EPMR_PTE_R1X_DPG,New England (PADD 1A) Regular All Formulations Retail Gasoline Prices (Dollars per Gallon),3.415,$/GAL
2023-05-15,R10,PADD 1,EPMR,Regular Gasoline,PTE,Retail Sales,EMM_EPMR_PTE_R10_DPG,East Coast Regular All Formulations Retail Gasoline Prices (Dollars per Gallon),3.397,$/GAL
2023-05-08,NUS,U.S.,EPMR,Regular Gasoline,PTE,Retail Sales,EMM_EPMR_PTE_NUS_DPG,U.S. Regular All Formulations Retail Gasoline Prices (Dollars per Gallon),3.533,$/GAL
2023-05-08,YORD,CHICAGO,EPMR,Regular Gasoline,PTE,Retail Sales,EMM_EPMR_PTE_YORD_DPG,Chicago Regular All Formulations Retail Gasoline Prices (Dollars per Gallon),4.1,$/GAL
2023-05-08,YMIA,MIAMI,EPMR,Regular Gasoline,PTE,Retail Sales,EMM_EPMR_PTE_YMIA_DPG,"Miami, FL Regular All Formulations Retail Gasoline Prices (Dollars per Gallon)",3.582,$/GAL
2023-05-08,YDEN,DENVER,EPMR,Regular Gasoline,PTE,Retail Sales,EMM_EPMR_PTE_YDEN_DPG,Denver Regular All Formulations Retail Gasoline Prices (Dollars per Gallon),3.294,$/GAL
2023-05-08,YCLE,CLEVELAND,EPMR,Regular Gasoline,PTE,Retail Sales,EMM_EPMR_PTE_YCLE_DPG,"Cleveland, OH Regular All Formulations Retail Gasoline Prices (Dollars per Gallon)",3.374,$/GAL
2023-05-08,YBOS,BOSTON,EPMR,Regular Gasoline,PTE,Retail Sales,EMM_EPMR_PTE_YBOS_DPG,"Boston, MA Regular All Formulations Retail Gasoline Prices (Dollars per Gallon)",3.409,$/GAL
2023-05-08,Y48SE,SEATTLE,EPMR,Regular Gasoline,PTE,Retail Sales,EMM_EPMR_PTE_Y48SE_DPG,"Seattle, WA Regular All Formulations Retail Gasoline Prices (Dollars per Gallon)",4.629,$/GAL
2023-05-08,Y44HO,HOUSTON,EPMR,Regular Gasoline,PTE,Retail Sales,EMM_EPMR_PTE_Y44HO_DPG,Houston Regular All Formulations Retail Gasoline Prices (Dollars per Gallon),3,$/GAL
2023-05-08,Y35NY,NEW YORK CITY,EPMR,Regular Gasoline,PTE,Retail Sales,EMM_EPMR_PTE_Y35NY_DPG,New York City Regular All Formulations Retail Gasoline Prices (Dollars per Gallon),3.464,$/GAL
2023-05-08,Y05SF,SAN FRANCISCO,EPMR,Regular Gasoline,PTE,Retail Sales,EMM_EPMR_PTE_Y05SF_DPG,San Francisco Regular All Formulations Retail Gasoline Prices (Dollars per Gallon),4.612,$/GAL
2023-05-08,Y05LA,LOS ANGELES,EPMR,Regular Gasoline,PTE,Retail Sales,EMM_EPMR_PTE_Y05LA_DPG,Los Angeles Regular All Formulations Retail Gasoline Prices (Dollars per Gallon),4.626,$/GAL
2023-05-08,SWA,WASHINGTON,EPMR,Regular Gasoline,PTE,Retail Sales,EMM_EPMR_PTE_SWA_DPG,Washington Regular All Formulations Retail Gasoline Prices (Dollars per Gallon),4.466,$/GAL
2023-05-08,STX,TEXAS,EPMR,Regular Gasoline,PTE,Retail Sales,EMM_EPMR_PTE_STX_DPG,Texas Regular All Formulations Retail Gasoline Prices (Dollars per Gallon),2.993,$/GAL
2023-05-08,SOH,OHIO,EPMR,Regular Gasoline,PTE,Retail Sales,EMM_EPMR_PTE_SOH_DPG,Ohio Regular All Formulations Retail Gasoline Prices (Dollars per Gallon),3.334,$/GAL
2023-05-08,SNY,NEW YORK,EPMR,Regular Gasoline,PTE,Retail Sales,EMM_EPMR_PTE_SNY_DPG,New York Regular All Formulations Retail Gasoline Prices (Dollars per Gallon),3.58,$/GAL
2023-05-08,SMN,MINNESOTA,EPMR,Regular Gasoline,PTE,Retail Sales,EMM_EPMR_PTE_SMN_DPG,Minnesota Regular All Formulations Retail Gasoline Prices (Dollars per Gallon),3.459,$/GAL
2023-05-08,SMA,MASSACHUSETTS,EPMR,Regular Gasoline,PTE,Retail Sales,EMM_EPMR_PTE_SMA_DPG,Massachusetts Regular All Formulations Retail Gasoline Prices (Dollars per Gallon),3.406,$/GAL
2023-05-08,SFL,FLORIDA,EPMR,Regular Gasoline,PTE,Retail Sales,EMM_EPMR_PTE_SFL_DPG,Florida Regular All Formulations Retail Gasoline Prices (Dollars per Gallon),3.482,$/GAL
2023-05-08,SCO,COLORADO,EPMR,Regular Gasoline,PTE,Retail Sales,EMM_EPMR_PTE_SCO_DPG,Colorado Regular All Formulations Retail Gasoline Prices (Dollars per Gallon),3.324,$/GAL
2023-05-08,SCA,CALIFORNIA,EPMR,Regular Gasoline,PTE,Retail Sales,EMM_EPMR_PTE_SCA_DPG,California Regular All Formulations Retail Gasoline Prices (Dollars per Gallon),4.638,$/GAL
2023-05-08,R5XCA,PADD 5 EXCEPT CALIFORNIA,EPMR,Regular Gasoline,PTE,Retail Sales,EMM_EPMR_PTE_R5XCA_DPG,West Coast (PADD 5) Except California Regular All Formulations Retail Gasoline Prices (Dollars per Gallon),4.411,$/GAL
2023-05-08,R50,PADD 5,EPMR,Regular Gasoline,PTE,Retail Sales,EMM_EPMR_PTE_R50_DPG,West Coast Regular All Formulations Retail Gasoline Prices (Dollars per Gallon),4.53,$/GAL
2023-05-08,R40,PADD 4,EPMR,Regular Gasoline,PTE,Retail Sales,EMM_EPMR_PTE_R40_DPG,Rocky Mountain Regular All Formulations Retail Gasoline Prices (Dollars per Gallon),3.538,$/GAL
2023-05-08,R30,PADD 3,EPMR,Regular Gasoline,PTE,Retail Sales,EMM_EPMR_PTE_R30_DPG,Gulf Coast Regular All Formulations Retail Gasoline Prices (Dollars per Gallon),3.045,$/GAL
2023-05-08,R20,PADD 2,EPMR,Regular Gasoline,PTE,Retail Sales,EMM_EPMR_PTE_R20_DPG,Midwest Regular All Formulations Retail Gasoline Prices (Dollars per Gallon),3.393,$/GAL
2023-05-08,R1Z,PADD 1C,EPMR,Regular Gasoline,PTE,Retail Sales,EMM_EPMR_PTE_R1Z_DPG,Lower Atlantic (PADD 1C) Regular All Formulations Retail Gasoline Prices (Dollars per Gallon),3.338,$/GAL
2023-05-08,R1Y,PADD 1B,EPMR,Regular Gasoline,PTE,Retail Sales,EMM_EPMR_PTE_R1Y_DPG,Central Atlantic (PADD 1B) Regular All Formulations Retail Gasoline Prices (Dollars per Gallon),3.565,$/GAL
2023-05-08,R1X,PADD 1A,EPMR,Regular Gasoline,PTE,Retail Sales,EMM_EPMR_PTE_R1X_DPG,New England (PADD 1A) Regular All Formulations Retail Gasoline Prices (Dollars per Gallon),3.433,$/GAL
2023-05-08,R10,PADD 1,EPMR,Regular Gasoline,PTE,Retail Sales,EMM_EPMR_PTE_R10_DPG,East Coast Regular All Formulations Retail Gasoline Prices (Dollars per Gallon),3.427,$/GAL
2023-05-01,NUS,U.S.,EPMR,Regular Gasoline,PTE,Retail Sales,EMM_EPMR_PTE_NUS_DPG,U.S. Regular All Formulations Retail Gasoline Prices (Dollars per Gallon),3.6,$/GAL
2023-05-01,YORD,CHICAGO,EPMR,Regular Gasoline,PTE,Retail Sales,EMM_EPMR_PTE_YORD_DPG,Chicago Regular All Formulations Retail Gasoline Prices (Dollars per Gallon),4.174,$/GAL
2023-05-01,YMIA,MIAMI,EPMR,Regular Gasoline,PTE,Retail Sales,EMM_EPMR_PTE_YMIA_DPG,"Miami, FL Regular All Formulations Retail Gasoline Prices (Dollars per Gallon)",3.623,$/GAL
2023-05-01,YDEN,DENVER,EPMR,Regular Gasoline,PTE,Retail Sales,EMM_EPMR_PTE_YDEN_DPG,Denver Regular All Formulations Retail Gasoline Prices (Dollars per Gallon),3.402,$/GAL
2023-05-01,YCLE,CLEVELAND,EPMR,Regular Gasoline,PTE,Retail Sales,EMM_EPMR_PTE_YCLE_DPG,"Cleveland, OH Regular All Formulations Retail Gasoline Prices (Dollars per Gallon)",3.501,$/GAL
2023-05-01,YBOS,BOSTON,EPMR,Regular Gasoline,PTE,Retail Sales,EMM_EPMR_PTE_YBOS_DPG,"Boston, MA Regular All Formulations Retail Gasoline Prices (Dollars per Gallon)",3.458,$/GAL
2023-05-01,Y48SE,SEATTLE,EPMR,Regular Gasoline,PTE,Retail Sales,EMM_EPMR_PTE_Y48SE_DPG,"Seattle, WA Regular All Formulations Retail Gasoline Prices (Dollars per Gallon)",4.626,$/GAL
2023-05-01,Y44HO,HOUSTON,EPMR,Regular Gasoline,PTE,Retail Sales,EMM_EPMR_PTE_Y44HO_DPG,Houston Regular All Formulations Retail Gasoline Prices (Dollars per Gallon),3.106,$/GAL
2023-05-01,Y35NY,NEW YORK CITY,EPMR,Regular Gasoline,PTE,Retail Sales,EMM_EPMR_PTE_Y35NY_DPG,New York City Regular All Formulations Retail Gasoline Prices (Dollars per Gallon),3.518,$/GAL
2023-05-01,Y05SF,SAN FRANCISCO,EPMR,Regular Gasoline,PTE,Retail Sales,EMM_EPMR_PTE_Y05SF_DPG,San Francisco Regular All Formulations Retail Gasoline Prices (Dollars per Gallon),4.637,$/GAL
2023-05-01,Y05LA,LOS ANGELES,EPMR,Regular Gasoline,PTE,Retail Sales,EMM_EPMR_PTE_Y05LA_DPG,Los Angeles Regular All Formulations Retail Gasoline Prices (Dollars per Gallon),4.67,$/GAL
2023-05-01,SWA,WASHINGTON,EPMR,Regular Gasoline,PTE,Retail Sales,EMM_EPMR_PTE_SWA_DPG,Washington Regular All Formulations Retail Gasoline Prices (Dollars per Gallon),4.494,$/GAL
2023-05-01,STX,TEXAS,EPMR,Regular Gasoline,PTE,Retail Sales,EMM_EPMR_PTE_STX_DPG,Texas Regular All Formulations Retail Gasoline Prices (Dollars per Gallon),3.108,$/GAL
2023-05-01,SOH,OHIO,EPMR,Regular Gasoline,PTE,Retail Sales,EMM_EPMR_PTE_SOH_DPG,Ohio Regular All Formulations Retail Gasoline Prices (Dollars per Gallon),3.481,$/GAL
2023-05-01,SNY,NEW YORK,EPMR,Regular Gasoline,PTE,Retail Sales,EMM_EPMR_PTE_SNY_DPG,New York Regular All Formulations Retail Gasoline Prices (Dollars per Gallon),3.627,$/GAL
2023-05-01,SMN,MINNESOTA,EPMR,Regular Gasoline,PTE,Retail Sales,EMM_EPMR_PTE_SMN_DPG,Minnesota Regular All Formulations Retail Gasoline Prices (Dollars per Gallon),3.544,$/GAL
2023-05-01,SMA,MASSACHUSETTS,EPMR,Regular Gasoline,PTE,Retail Sales,EMM_EPMR_PTE_SMA_DPG,Massachusetts Regular All Formulations Retail Gasoline Prices (Dollars per Gallon),3.466,$/GAL
2023-05-01,SFL,FLORIDA,EPMR,Regular Gasoline,PTE,Retail Sales,EMM_EPMR_PTE_SFL_DPG,Florida Regular All Formulations Retail Gasoline Prices (Dollars per Gallon),3.573,$/GAL
2023-05-01,SCO,COLORADO,EPMR,Regular Gasoline,PTE,Retail Sales,EMM_EPMR_PTE_SCO_DPG,Colorado Regular All Formulations Retail Gasoline Prices (Dollars per Gallon),3.401,$/GAL
2023-05-01,SCA,CALIFORNIA,EPMR,Regular Gasoline,PTE,Retail Sales,EMM_EPMR_PTE_SCA_DPG,California Regular All Formulations Retail Gasoline Prices (Dollars per Gallon),4.661,$/GAL
2023-05-01,R5XCA,PADD 5 EXCEPT CALIFORNIA,EPMR,Regular Gasoline,PTE,Retail Sales,EMM_EPMR_PTE_R5XCA_DPG,West Coast (PADD 5) Except California Regular All Formulations Retail Gasoline Prices (Dollars per Gallon),4.423,$/GAL
2023-05-01,R50,PADD 5,EPMR,Regular Gasoline,PTE,Retail Sales,EMM_EPMR_PTE_R50_DPG,West Coast Regular All Formulations Retail Gasoline Prices (Dollars per Gallon),4.547,$/GAL
2023-05-01,R40,PADD 4,EPMR,Regular Gasoline,PTE,Retail Sales,EMM_EPMR_PTE_R40_DPG,Rocky Mountain Regular All Formulations Retail Gasoline Prices (Dollars per Gallon),3.534,$/GAL
2023-05-01,R30,PADD 3,EPMR,Regular Gasoline,PTE,Retail Sales,EMM_EPMR_PTE_R30_DPG,Gulf Coast Regular All Formulations Retail Gasoline Prices (Dollars per Gallon),3.147,$/GAL
2023-05-01,R20,PADD 2,EPMR,Regular Gasoline,PTE,Retail Sales,EMM_EPMR_PTE_R20_DPG,Midwest Regular All Formulations Retail Gasoline Prices (Dollars per Gallon),3.484,$/GAL
2023-05-01,R1Z,PADD 1C,EPMR,Regular Gasoline,PTE,Retail Sales,EMM_EPMR_PTE_R1Z_DPG,Lower Atlantic (PADD 1C) Regular All Formulations Retail Gasoline Prices (Dollars per Gallon),3.417,$/GAL
2023-05-01,R1Y,PADD 1B,EPMR,Regular Gasoline,PTE,Retail Sales,EMM_EPMR_PTE_R1Y_DPG,Central Atlantic (PADD 1B) Regular All Formulations Retail Gasoline Prices (Dollars per Gallon),3.61,$/GAL
2023-05-01,R1X,PADD 1A,EPMR,Regular Gasoline,PTE,Retail Sales,EMM_EPMR_PTE_R1X_DPG,New England (PADD 1A) Regular All Formulations Retail Gasoline Prices (Dollars per Gallon),3.488,$/GAL
2023-05-01,R10,PADD 1,EPMR,Regular Gasoline,PTE,Retail Sales,EMM_EPMR_PTE_R10_DPG,East Coast Regular All Formulations Retail Gasoline Prices (Dollars per Gallon),3.492,$/GAL
2023-04-24,NUS,U.S.,EPMR,Regular Gasoline,PTE,Retail Sales,EMM_EPMR_PTE_NUS_DPG,U.S. Regular All Formulations Retail Gasoline Prices (Dollars per Gallon),3.656,$/GAL
2023-04-24,YORD,CHICAGO,EPMR,Regular Gasoline,PTE,Retail Sales,EMM_EPMR_PTE_YORD_DPG,Chicago Regular All Formulations Retail Gasoline Prices (Dollars per Gallon),4.185,$/GAL
2023-04-24,YMIA,MIAMI,EPMR,Regular Gasoline,PTE,Retail Sales,EMM_EPMR_PTE_YMIA_DPG,"Miami, FL Regular All Formulations Retail Gasoline Prices (Dollars per Gallon)",3.668,$/GAL
2023-04-24,YDEN,DENVER,EPMR,Regular Gasoline,PTE,Retail Sales,EMM_EPMR_PTE_YDEN_DPG,Denver Regular All Formulations Retail Gasoline Prices (Dollars per Gallon),3.494,$/GAL
2023-04-24,YCLE,CLEVELAND,EPMR,Regular Gasoline,PTE,Retail Sales,EMM_EPMR_PTE_YCLE_DPG,"Cleveland, OH Regular All Formulations Retail Gasoline Prices (Dollars per Gallon)",3.612,$/GAL
2023-04-24,YBOS,BOSTON,EPMR,Regular Gasoline,PTE,Retail Sales,EMM_EPMR_PTE_YBOS_DPG,"Boston, MA Regular All Formulations Retail Gasoline Prices (Dollars per Gallon)",3.486,$/GAL
2023-04-24,Y48SE,SEATTLE,EPMR,Regular Gasoline,PTE,Retail Sales,EMM_EPMR_PTE_Y48SE_DPG,"Seattle, WA Regular All Formulations Retail Gasoline Prices (Dollars per Gallon)",4.579,$/GAL
2023-04-24,Y44HO,HOUSTON,EPMR,Regular Gasoline,PTE,Retail Sales,EMM_EPMR_PTE_Y44HO_DPG,Houston Regular All Formulations Retail Gasoline Prices (Dollars per Gallon),3.195,$/GAL
2023-04-24,Y35NY,NEW YORK CITY,EPMR,Regular Gasoline,PTE,Retail Sales,EMM_EPMR_PTE_Y35NY_DPG,New York City Regular All Formulations Retail Gasoline Prices (Dollars per Gallon),3.537,$/GAL
2023-04-24,Y05SF,SAN FRANCISCO,EPMR,Regular Gasoline,PTE,Retail Sales,EMM_EPMR_PTE_Y05SF_DPG,San Francisco Regular All Formulations Retail Gasoline Prices (Dollars per Gallon),4.71,$/GAL
2023-04-24,Y05LA,LOS ANGELES,EPMR,Regular Gasoline,PTE,Retail Sales,EMM_EPMR_PTE_Y05LA_DPG,Los Angeles Regular All Formulations Retail Gasoline Prices (Dollars per Gallon),4.691,$/GAL
2023-04-24,SWA,WASHINGTON,EPMR,Regular Gasoline,PTE,Retail Sales,EMM_EPMR_PTE_SWA_DPG,Washington Regular All Formulations Retail Gasoline Prices (Dollars per Gallon),4.447,$/GAL
2023-04-24,STX,TEXAS,EPMR,Regular Gasoline,PTE,Retail Sales,EMM_EPMR_PTE_STX_DPG,Texas Regular All Formulations Retail Gasoline Prices (Dollars per Gallon),3.252,$/GAL
2023-04-24,SOH,OHIO,EPMR,Regular Gasoline,PTE,Retail Sales,EMM_EPMR_PTE_SOH_DPG,Ohio Regular All Formulations Retail Gasoline Prices (Dollars per Gallon),3.598,$/GAL
2023-04-24,SNY,NEW YORK,EPMR,Regular Gasoline,PTE,Retail Sales,EMM_EPMR_PTE_SNY_DPG,New York Regular All Formulations Retail Gasoline Prices (Dollars per Gallon),3.612,$/GAL
2023-04-24,SMN,MINNESOTA,EPMR,Regular Gasoline,PTE,Retail Sales,EMM_EPMR_PTE_SMN_DPG,Minnesota Regular All Formulations Retail Gasoline Prices (Dollars per Gallon),3.581,$/GAL
2023-04-24,SMA,MASSACHUSETTS,EPMR,Regular Gasoline,PTE,Retail Sales,EMM_EPMR_PTE_SMA_DPG,Massachusetts Regular All Formulations Retail Gasoline Prices (Dollars per Gallon),3.474,$/GAL
2023-04-24,SFL,FLORIDA,EPMR,Regular Gasoline,PTE,Retail Sales,EMM_EPMR_PTE_SFL_DPG,Florida Regular All Formulations Retail Gasoline Prices (Dollars per Gallon),3.648,$/GAL
2023-04-24,SCO,COLORADO,EPMR,Regular Gasoline,PTE,Retail Sales,EMM_EPMR_PTE_SCO_DPG,Colorado Regular All Formulations Retail Gasoline Prices (Dollars per Gallon),3.498,$/GAL
2023-04-24,SCA,CALIFORNIA,EPMR,Regular Gasoline,PTE,Retail Sales,EMM_EPMR_PTE_SCA_DPG,California Regular All Formulations Retail Gasoline Prices (Dollars per Gallon),4.694,$/GAL
2023-04-24,R5XCA,PADD 5 EXCEPT CALIFORNIA,EPMR,Regular Gasoline,PTE,Retail Sales,EMM_EPMR_PTE_R5XCA_DPG,West Coast (PADD 5) Except California Regular All Formulations Retail Gasoline Prices (Dollars per Gallon),4.39,$/GAL
2023-04-24,R50,PADD 5,EPMR,Regular Gasoline,PTE,Retail Sales,EMM_EPMR_PTE_R50_DPG,West Coast Regular All Formulations Retail Gasoline Prices (Dollars per Gallon),4.548,$/GAL
2023-04-24,R40,PADD 4,EPMR,Regular Gasoline,PTE,Retail Sales,EMM_EPMR_PTE_R40_DPG,Rocky Mountain Regular All Formulations Retail Gasoline Prices (Dollars per Gallon),3.547,$/GAL
2023-04-24,R30,PADD 3,EPMR,Regular Gasoline,PTE,Retail Sales,EMM_EPMR_PTE_R30_DPG,Gulf Coast Regular All Formulations Retail Gasoline Prices (Dollars per Gallon),3.255,$/GAL
2023-04-24,R20,PADD 2,EPMR,Regular Gasoline,PTE,Retail Sales,EMM_EPMR_PTE_R20_DPG,Midwest Regular All Formulations Retail Gasoline Prices (Dollars per Gallon),3.552,$/GAL
2023-04-24,R1Z,PADD 1C,EPMR,Regular Gasoline,PTE,Retail Sales,EMM_EPMR_PTE_R1Z_DPG,Lower Atlantic (PADD 1C) Regular All Formulations Retail Gasoline Prices (Dollars per Gallon),3.494,$/GAL
2023-04-24,R1Y,PADD 1B,EPMR,Regular Gasoline,PTE,Retail Sales,EMM_EPMR_PTE_R1Y_DPG,Central Atlantic (PADD 1B) Regular All Formulations Retail Gasoline Prices (Dollars per Gallon),3.637,$/GAL
2023-04-24,R1X,PADD 1A,EPMR,Regular Gasoline,PTE,Retail Sales,EMM_EPMR_PTE_R1X_DPG,New England (PADD 1A) Regular All Formulations Retail Gasoline Prices (Dollars per Gallon),3.498,$/GAL
2023-04-24,R10,PADD 1,EPMR,Regular Gasoline,PTE,Retail Sales,EMM_EPMR_PTE_R10_DPG,East Coast Regular All Formulations Retail Gasoline Prices (Dollars per Gallon),3.543,$/GAL
2023-04-17,NUS,U.S.,EPMR,Regular Gasoline,PTE,Retail Sales,EMM_EPMR_PTE_NUS_DPG,U.S. Regular All Formulations Retail Gasoline Prices (Dollars per Gallon),3.663,$/GAL
2023-04-17,YORD,CHICAGO,EPMR,Regular Gasoline,PTE,Retail Sales,EMM_EPMR_PTE_YORD_DPG,Chicago Regular All Formulations Retail Gasoline Prices (Dollars per Gallon),4.172,$/GAL
2023-04-17,YMIA,MIAMI,EPMR,Regular Gasoline,PTE,Retail Sales,EMM_EPMR_PTE_YMIA_DPG,"Miami, FL Regular All Formulations Retail Gasoline Prices (Dollars per Gallon)",3.585,$/GAL
2023-04-17,YDEN,DENVER,EPMR,Regular Gasoline,PTE,Retail Sales,EMM_EPMR_PTE_YDEN_DPG,Denver Regular All Formulations Retail Gasoline Prices (Dollars per Gallon),3.505,$/GAL
2023-04-17,YCLE,CLEVELAND,EPMR,Regular Gasoline,PTE,Retail Sales,EMM_EPMR_PTE_YCLE_DPG,"Cleveland, OH Regular All Formulations Retail Gasoline Prices (Dollars per Gallon)",3.643,$/GAL
2023-04-17,YBOS,BOSTON,EPMR,Regular Gasoline,PTE,Retail Sales,EMM_EPMR_PTE_YBOS_DPG,"Boston, MA Regular All Formulations Retail Gasoline Prices (Dollars per Gallon)",3.37,$/GAL
2023-04-17,Y48SE,SEATTLE,EPMR,Regular Gasoline,PTE,Retail Sales,EMM_EPMR_PTE_Y48SE_DPG,"Seattle, WA Regular All Formulations Retail Gasoline Prices (Dollars per Gallon)",4.506,$/GAL
2023-04-17,Y44HO,HOUSTON,EPMR,Regular Gasoline,PTE,Retail Sales,EMM_EPMR_PTE_Y44HO_DPG,Houston Regular All Formulations Retail Gasoline Prices (Dollars per Gallon),3.244,$/GAL
2023-04-17,Y35NY,NEW YORK CITY,EPMR,Regular Gasoline,PTE,Retail Sales,EMM_EPMR_PTE_Y35NY_DPG,New York City Regular All Formulations Retail Gasoline Prices (Dollars per Gallon),3.475,$/GAL
2023-04-17,Y05SF,SAN FRANCISCO,EPMR,Regular Gasoline,PTE,Retail Sales,EMM_EPMR_PTE_Y05SF_DPG,San Francisco Regular All Formulations Retail Gasoline Prices (Dollars per Gallon),4.739,$/GAL
2023-04-17,Y05LA,LOS ANGELES,EPMR,Regular Gasoline,PTE,Retail Sales,EMM_EPMR_PTE_Y05LA_DPG,Los Angeles Regular All Formulations Retail Gasoline Prices (Dollars per Gallon),4.705,$/GAL
2023-04-17,SWA,WASHINGTON,EPMR,Regular Gasoline,PTE,Retail Sales,EMM_EPMR_PTE_SWA_DPG,Washington Regular All Formulations Retail Gasoline Prices (Dollars per Gallon),4.37,$/GAL
2023-04-17,STX,TEXAS,EPMR,Regular Gasoline,PTE,Retail Sales,EMM_EPMR_PTE_STX_DPG,Texas Regular All Formulations Retail Gasoline Prices (Dollars per Gallon),3.362,$/GAL
2023-04-17,SOH,OHIO,EPMR,Regular Gasoline,PTE,Retail Sales,EMM_EPMR_PTE_SOH_DPG,Ohio Regular All Formulations Retail Gasoline Prices (Dollars per Gallon),3.615,$/GAL
2023-04-17,SNY,NEW YORK,EPMR,Regular Gasoline,PTE,Retail Sales,EMM_EPMR_PTE_SNY_DPG,New York Regular All Formulations Retail Gasoline Prices (Dollars per Gallon),3.546,$/GAL
2023-04-17,SMN,MINNESOTA,EPMR,Regular Gasoline,PTE,Retail Sales,EMM_EPMR_PTE_SMN_DPG,Minnesota Regular All Formulations Retail Gasoline Prices (Dollars per Gallon),3.597,$/GAL
2023-04-17,SMA,MASSACHUSETTS,EPMR,Regular Gasoline,PTE,Retail Sales,EMM_EPMR_PTE_SMA_DPG,Massachusetts Regular All Formulations Retail Gasoline Prices (Dollars per Gallon),3.353,$/GAL
2023-04-17,SFL,FLORIDA,EPMR,Regular Gasoline,PTE,Retail Sales,EMM_EPMR_PTE_SFL_DPG,Florida Regular All Formulations Retail Gasoline Prices (Dollars per Gallon),3.512,$/GAL
2023-04-17,SCO,COLORADO,EPMR,Regular Gasoline,PTE,Retail Sales,EMM_EPMR_PTE_SCO_DPG,Colorado Regular All Formulations Retail Gasoline Prices (Dollars per Gallon),3.521,$/GAL
2023-04-17,SCA,CALIFORNIA,EPMR,Regular Gasoline,PTE,Retail Sales,EMM_EPMR_PTE_SCA_DPG,California Regular All Formulations Retail Gasoline Prices (Dollars per Gallon),4.725,$/GAL
2023-04-17,R5XCA,PADD 5 EXCEPT CALIFORNIA,EPMR,Regular Gasoline,PTE,Retail Sales,EMM_EPMR_PTE_R5XCA_DPG,West Coast (PADD 5) Except California Regular All Formulations Retail Gasoline Prices (Dollars per Gallon),4.305,$/GAL
2023-04-17,R50,PADD 5,EPMR,Regular Gasoline,PTE,Retail Sales,EMM_EPMR_PTE_R50_DPG,West Coast Regular All Formulations Retail Gasoline Prices (Dollars per Gallon),4.525,$/GAL
2023-04-17,R40,PADD 4,EPMR,Regular Gasoline,PTE,Retail Sales,EMM_EPMR_PTE_R40_DPG,Rocky Mountain Regular All Formulations Retail Gasoline Prices (Dollars per Gallon),3.524,$/GAL
2023-04-17,R30,PADD 3,EPMR,Regular Gasoline,PTE,Retail Sales,EMM_EPMR_PTE_R30_DPG,Gulf Coast Regular All Formulations Retail Gasoline Prices (Dollars per Gallon),3.341,$/GAL
2023-04-17,R20,PADD 2,EPMR,Regular Gasoline,PTE,Retail Sales,EMM_EPMR_PTE_R20_DPG,Midwest Regular All Formulations Retail Gasoline Prices (Dollars per Gallon),3.59,$/GAL
2023-04-17,R1Z,PADD 1C,EPMR,Regular Gasoline,PTE,Retail Sales,EMM_EPMR_PTE_R1Z_DPG,Lower Atlantic (PADD 1C) Regular All Formulations Retail Gasoline Prices (Dollars per Gallon),3.479,$/GAL
2023-04-17,R1Y,PADD 1B,EPMR,Regular Gasoline,PTE,Retail Sales,EMM_EPMR_PTE_R1Y_DPG,Central Atlantic (PADD 1B) Regular All Formulations Retail Gasoline Prices (Dollars per Gallon),3.605,$/GAL
2023-04-17,R1X,PADD 1A,EPMR,Regular Gasoline,PTE,Retail Sales,EMM_EPMR_PTE_R1X_DPG,New England (PADD 1A) Regular All Formulations Retail Gasoline Prices (Dollars per Gallon),3.401,$/GAL
2023-04-17,R10,PADD 1,EPMR,Regular Gasoline,PTE,Retail Sales,EMM_EPMR_PTE_R10_DPG,East Coast Regular All Formulations Retail Gasoline Prices (Dollars per Gallon),3.512,$/GAL
2023-04-10,NUS,U.S.,EPMR,Regular Gasoline,PTE,Retail Sales,EMM_EPMR_PTE_NUS_DPG,U.S. Regular All Formulations Retail Gasoline Prices (Dollars per Gallon),3.596,$/GAL
2023-04-10,YORD,CHICAGO,EPMR,Regular Gasoline,PTE,Retail Sales,EMM_EPMR_PTE_YORD_DPG,Chicago Regular All Formulations Retail Gasoline Prices (Dollars per Gallon),4.044,$/GAL
2023-04-10,YMIA,MIAMI,EPMR,Regular Gasoline,PTE,Retail Sales,EMM_EPMR_PTE_YMIA_DPG,"Miami, FL Regular All Formulations Retail Gasoline Prices (Dollars per Gallon)",3.564,$/GAL
2023-04-10,YDEN,DENVER,EPMR,Regular Gasoline,PTE,Retail Sales,EMM_EPMR_PTE_YDEN_DPG,Denver Regular All Formulations Retail Gasoline Prices (Dollars per Gallon),3.286,$/GAL
2023-04-10,YCLE,CLEVELAND,EPMR,Regular Gasoline,PTE,Retail Sales,EMM_EPMR_PTE_YCLE_DPG,"Cleveland, OH Regular All Formulations Retail Gasoline Prices (Dollars per Gallon)",3.672,$/GAL
2023-04-10,YBOS,BOSTON,EPMR,Regular Gasoline,PTE,Retail Sales,EMM_EPMR_PTE_YBOS_DPG,"Boston, MA Regular All Formulations Retail Gasoline Prices (Dollars per Gallon)",3.345,$/GAL
2023-04-10,Y48SE,SEATTLE,EPMR,Regular Gasoline,PTE,Retail Sales,EMM_EPMR_PTE_Y48SE_DPG,"Seattle, WA Regular All Formulations Retail Gasoline Prices (Dollars per Gallon)",4.434,$/GAL
2023-04-10,Y44HO,HOUSTON,EPMR,Regular Gasoline,PTE,Retail Sales,EMM_EPMR_PTE_Y44HO_DPG,Houston Regular All Formulations Retail Gasoline Prices (Dollars per Gallon),3.188,$/GAL
2023-04-10,Y35NY,NEW YORK CITY,EPMR,Regular Gasoline,PTE,Retail Sales,EMM_EPMR_PTE_Y35NY_DPG,New York City Regular All Formulations Retail Gasoline Prices (Dollars per Gallon),3.396,$/GAL
2023-04-10,Y05SF,SAN FRANCISCO,EPMR,Regular Gasoline,PTE,Retail Sales,EMM_EPMR_PTE_Y05SF_DPG,San Francisco Regular All Formulations Retail Gasoline Prices (Dollars per Gallon),4.636,$/GAL
2023-04-10,Y05LA,LOS ANGELES,EPMR,Regular Gasoline,PTE,Retail Sales,EMM_EPMR_PTE_Y05LA_DPG,Los Angeles Regular All Formulations Retail Gasoline Prices (Dollars per Gallon),4.669,$/GAL
2023-04-10,SWA,WASHINGTON,EPMR,Regular Gasoline,PTE,Retail Sales,EMM_EPMR_PTE_SWA_DPG,Washington Regular All Formulations Retail Gasoline Prices (Dollars per Gallon),4.262,$/GAL
2023-04-10,STX,TEXAS,EPMR,Regular Gasoline,PTE,Retail Sales,EMM_EPMR_PTE_STX_DPG,Texas Regular All Formulations Retail Gasoline Prices (Dollars per Gallon),3.242,$/GAL
2023-04-10,SOH,OHIO,EPMR,Regular Gasoline,PTE,Retail Sales,EMM_EPMR_PTE_SOH_DPG,Ohio Regular All Formulations Retail Gasoline Prices (Dollars per Gallon),3.692,$/GAL
2023-04-10,SNY,NEW YORK,EPMR,Regular Gasoline,PTE,Retail Sales,EMM_EPMR_PTE_SNY_DPG,New York Regular All Formulations Retail Gasoline Prices (Dollars per Gallon),3.467,$/GAL
2023-04-10,SMN,MINNESOTA,EPMR,Regular Gasoline,PTE,Retail Sales,EMM_EPMR_PTE_SMN_DPG,Minnesota Regular All Formulations Retail Gasoline Prices (Dollars per Gallon),3.414,$/GAL
2023-04-10,SMA,MASSACHUSETTS,EPMR,Regular Gasoline,PTE,Retail Sales,EMM_EPMR_PTE_SMA_DPG,Massachusetts Regular All Formulations Retail Gasoline Prices (Dollars per Gallon),3.327,$/GAL
2023-04-10,SFL,FLORIDA,EPMR,Regular Gasoline,PTE,Retail Sales,EMM_EPMR_PTE_SFL_DPG,Florida Regular All Formulations Retail Gasoline Prices (Dollars per Gallon),3.539,$/GAL
2023-04-10,SCO,COLORADO,EPMR,Regular Gasoline,PTE,Retail Sales,EMM_EPMR_PTE_SCO_DPG,Colorado Regular All Formulations Retail Gasoline Prices (Dollars per Gallon),3.34,$/GAL
2023-04-10,SCA,CALIFORNIA,EPMR,Regular Gasoline,PTE,Retail Sales,EMM_EPMR_PTE_SCA_DPG,California Regular All Formulations Retail Gasoline Prices (Dollars per Gallon),4.682,$/GAL
2023-04-10,R5XCA,PADD 5 EXCEPT CALIFORNIA,EPMR,Regular Gasoline,PTE,Retail Sales,EMM_EPMR_PTE_R5XCA_DPG,West Coast (PADD 5) Except California Regular All Formulations Retail Gasoline Prices (Dollars per Gallon),4.208,$/GAL
2023-04-10,R50,PADD 5,EPMR,Regular Gasoline,PTE,Retail Sales,EMM_EPMR_PTE_R50_DPG,West Coast Regular All Formulations Retail Gasoline Prices (Dollars per Gallon),4.457,$/GAL
2023-04-10,R40,PADD 4,EPMR,Regular Gasoline,PTE,Retail Sales,EMM_EPMR_PTE_R40_DPG,Rocky Mountain Regular All Formulations Retail Gasoline Prices (Dollars per Gallon),3.438,$/GAL
2023-04-10,R30,PADD 3,EPMR,Regular Gasoline,PTE,Retail Sales,EMM_EPMR_PTE_R30_DPG,Gulf Coast Regular All Formulations Retail Gasoline Prices (Dollars per Gallon),3.253,$/GAL
2023-04-10,R20,PADD 2,EPMR,Regular Gasoline,PTE,Retail Sales,EMM_EPMR_PTE_R20_DPG,Midwest Regular All Formulations Retail Gasoline Prices (Dollars per Gallon),3.516,$/GAL
2023-04-10,R1Z,PADD 1C,EPMR,Regular Gasoline,PTE,Retail Sales,EMM_EPMR_PTE_R1Z_DPG,Lower Atlantic (PADD 1C) Regular All Formulations Retail Gasoline Prices (Dollars per Gallon),3.447,$/GAL
2023-04-10,R1Y,PADD 1B,EPMR,Regular Gasoline,PTE,Retail Sales,EMM_EPMR_PTE_R1Y_DPG,Central Atlantic (PADD 1B) Regular All Formulations Retail Gasoline Prices (Dollars per Gallon),3.526,$/GAL
2023-04-10,R1X,PADD 1A,EPMR,Regular Gasoline,PTE,Retail Sales,EMM_EPMR_PTE_R1X_DPG,New England (PADD 1A) Regular All Formulations Retail Gasoline Prices (Dollars per Gallon),3.349,$/GAL
2023-04-10,R10,PADD 1,EPMR,Regular Gasoline,PTE,Retail Sales,EMM_EPMR_PTE_R10_DPG,East Coast Regular All Formulations Retail Gasoline Prices (Dollars per Gallon),3.461,$/GAL
2023-04-03,NUS,U.S.,EPMR,Regular Gasoline,PTE,Retail Sales,EMM_EPMR_PTE_NUS_DPG,U.S. Regular All Formulations Retail Gasoline Prices (Dollars per Gallon),3.497,$/GAL
2023-04-03,YORD,CHICAGO,EPMR,Regular Gasoline,PTE,Retail Sales,EMM_EPMR_PTE_YORD_DPG,Chicago Regular All Formulations Retail Gasoline Prices (Dollars per Gallon),3.922,$/GAL
2023-04-03,YMIA,MIAMI,EPMR,Regular Gasoline,PTE,Retail Sales,EMM_EPMR_PTE_YMIA_DPG,"Miami, FL Regular All Formulations Retail Gasoline Prices (Dollars per Gallon)",3.435,$/GAL
2023-04-03,YDEN,DENVER,EPMR,Regular Gasoline,PTE,Retail Sales,EMM_EPMR_PTE_YDEN_DPG,Denver Regular All Formulations Retail Gasoline Prices (Dollars per Gallon),3.357,$/GAL
2023-04-03,YCLE,CLEVELAND,EPMR,Regular Gasoline,PTE,Retail Sales,EMM_EPMR_PTE_YCLE_DPG,"Cleveland, OH Regular All Formulations Retail Gasoline Prices (Dollars per Gallon)",3.459,$/GAL
2023-04-03,YBOS,BOSTON,EPMR,Regular Gasoline,PTE,Retail Sales,EMM_EPMR_PTE_YBOS_DPG,"Boston, MA Regular All Formulations Retail Gasoline Prices (Dollars per Gallon)",3.241,$/GAL
2023-04-03,Y48SE,SEATTLE,EPMR,Regular Gasoline,PTE,Retail Sales,EMM_EPMR_PTE_Y48SE_DPG,"Seattle, WA Regular All Formulations Retail Gasoline Prices (Dollars per Gallon)",4.378,$/GAL
2023-04-03,Y44HO,HOUSTON,EPMR,Regular Gasoline,PTE,Retail Sales,EMM_EPMR_PTE_Y44HO_DPG,Houston Regular All Formulations Retail Gasoline Prices (Dollars per Gallon),3.104,$/GAL
2023-04-03,Y35NY,NEW YORK CITY,EPMR,Regular Gasoline,PTE,Retail Sales,EMM_EPMR_PTE_Y35NY_DPG,New York City Regular All Formulations Retail Gasoline Prices (Dollars per Gallon),3.322,$/GAL
2023-04-03,Y05SF,SAN FRANCISCO,EPMR,Regular Gasoline,PTE,Retail Sales,EMM_EPMR_PTE_Y05SF_DPG,San Francisco Regular All Formulations Retail Gasoline Prices (Dollars per Gallon),4.581,$/GAL
2023-04-03,Y05LA,LOS ANGELES,EPMR,Regular Gasoline,PTE,Retail Sales,EMM_EPMR_PTE_Y05LA_DPG,Los Angeles Regular All Formulations Retail Gasoline Prices (Dollars per Gallon),4.612,$/GAL
2023-04-03,SWA,WASHINGTON,EPMR,Regular Gasoline,PTE,Retail Sales,EMM_EPMR_PTE_SWA_DPG,Washington Regular All Formulations Retail Gasoline Prices (Dollars per Gallon),4.166,$/GAL
2023-04-03,STX,TEXAS,EPMR,Regular Gasoline,PTE,Retail Sales,EMM_EPMR_PTE_STX_DPG,Texas Regular All Formulations Retail Gasoline Prices (Dollars per Gallon),3.137,$/GAL
2023-04-03,SOH,OHIO,EPMR,Regular Gasoline,PTE,Retail Sales,EMM_EPMR_PTE_SOH_DPG,Ohio Regular All Formulations Retail Gasoline Prices (Dollars per Gallon),3.444,$/GAL
2023-04-03,SNY,NEW YORK,EPMR,Regular Gasoline,PTE,Retail Sales,EMM_EPMR_PTE_SNY_DPG,New York Regular All Formulations Retail Gasoline Prices (Dollars per Gallon),3.425,$/GAL
2023-04-03,SMN,MINNESOTA,EPMR,Regular Gasoline,PTE,Retail Sales,EMM_EPMR_PTE_SMN_DPG,Minnesota Regular All Formulations Retail Gasoline Prices (Dollars per Gallon),3.289,$/GAL
2023-04-03,SMA,MASSACHUSETTS,EPMR,Regular Gasoline,PTE,Retail Sales,EMM_EPMR_PTE_SMA_DPG,Massachusetts Regular All Formulations Retail Gasoline Prices (Dollars per Gallon),3.221,$/GAL
2023-04-03,SFL,FLORIDA,EPMR,Regular Gasoline,PTE,Retail Sales,EMM_EPMR_PTE_SFL_DPG,Florida Regular All Formulations Retail Gasoline Prices (Dollars per Gallon),3.422,$/GAL
2023-04-03,SCO,COLORADO,EPMR,Regular Gasoline,PTE,Retail Sales,EMM_EPMR_PTE_SCO_DPG,Colorado Regular All Formulations Retail Gasoline Prices (Dollars per Gallon),3.384,$/GAL
2023-04-03,SCA,CALIFORNIA,EPMR,Regular Gasoline,PTE,Retail Sales,EMM_EPMR_PTE_SCA_DPG,California Regular All Formulations Retail Gasoline Prices (Dollars per Gallon),4.625,$/GAL
2023-04-03,R5XCA,PADD 5 EXCEPT CALIFORNIA,EPMR,Regular Gasoline,PTE,Retail Sales,EMM_EPMR_PTE_R5XCA_DPG,West Coast (PADD 5) Except California Regular All Formulations Retail Gasoline Prices (Dollars per Gallon),4.142,$/GAL
2023-04-03,R50,PADD 5,EPMR,Regular Gasoline,PTE,Retail Sales,EMM_EPMR_PTE_R50_DPG,West Coast Regular All Formulations Retail Gasoline Prices (Dollars per Gallon),4.396,$/GAL
2023-04-03,R40,PADD 4,EPMR,Regular Gasoline,PTE,Retail Sales,EMM_EPMR_PTE_R40_DPG,Rocky Mountain Regular All Formulations Retail Gasoline Prices (Dollars per Gallon),3.465,$/GAL
2023-04-03,R30,PADD 3,EPMR,Regular Gasoline,PTE,Retail Sales,EMM_EPMR_PTE_R30_DPG,Gulf Coast Regular All Formulations Retail Gasoline Prices (Dollars per Gallon),3.148,$/GAL
2023-04-03,R20,PADD 2,EPMR,Regular Gasoline,PTE,Retail Sales,EMM_EPMR_PTE_R20_DPG,Midwest Regular All Formulations Retail Gasoline Prices (Dollars per Gallon),3.389,$/GAL
2023-04-03,R1Z,PADD 1C,EPMR,Regular Gasoline,PTE,Retail Sales,EMM_EPMR_PTE_R1Z_DPG,Lower Atlantic (PADD 1C) Regular All Formulations Retail Gasoline Prices (Dollars per Gallon),3.323,$/GAL
2023-04-03,R1Y,PADD 1B,EPMR,Regular Gasoline,PTE,Retail Sales,EMM_EPMR_PTE_R1Y_DPG,Central Atlantic (PADD 1B) Regular All Formulations Retail Gasoline Prices (Dollars per Gallon),3.447,$/GAL
2023-04-03,R1X,PADD 1A,EPMR,Regular Gasoline,PTE,Retail Sales,EMM_EPMR_PTE_R1X_DPG,New England (PADD 1A) Regular All Formulations Retail Gasoline Prices (Dollars per Gallon),3.264,$/GAL
2023-04-03,R10,PADD 1,EPMR,Regular Gasoline,PTE,Retail Sales,EMM_EPMR_PTE_R10_DPG,East Coast Regular All Formulations Retail Gasoline Prices (Dollars per Gallon),3.357,$/GAL
2023-03-27,NUS,U.S.,EPMR,Regular Gasoline,PTE,Retail Sales,EMM_EPMR_PTE_NUS_DPG,U.S. Regular All Formulations Retail Gasoline Prices (Dollars per Gallon),3.421,$/GAL
2023-03-27,YORD,CHICAGO,EPMR,Regular Gasoline,PTE,Retail Sales,EMM_EPMR_PTE_YORD_DPG,Chicago Regular All Formulations Retail Gasoline Prices (Dollars per Gallon),3.718,$/GAL
2023-03-27,YMIA,MIAMI,EPMR,Regular Gasoline,PTE,Retail Sales,EMM_EPMR_PTE_YMIA_DPG,"Miami, FL Regular All Formulations Retail Gasoline Prices (Dollars per Gallon)",3.346,$/GAL
2023-03-27,YDEN,DENVER,EPMR,Regular Gasoline,PTE,Retail Sales,EMM_EPMR_PTE_YDEN_DPG,Denver Regular All Formulations Retail Gasoline Prices (Dollars per Gallon),3.495,$/GAL
2023-03-27,YCLE,CLEVELAND,EPMR,Regular Gasoline,PTE,Retail Sales,EMM_EPMR_PTE_YCLE_DPG,"Cleveland, OH Regular All Formulations Retail Gasoline Prices (Dollars per Gallon)",3.173,$/GAL
2023-03-27,YBOS,BOSTON,EPMR,Regular Gasoline,PTE,Retail Sales,EMM_EPMR_PTE_YBOS_DPG,"Boston, MA Regular All Formulations Retail Gasoline Prices (Dollars per Gallon)",3.223,$/GAL
2023-03-27,Y48SE,SEATTLE,EPMR,Regular Gasoline,PTE,Retail Sales,EMM_EPMR_PTE_Y48SE_DPG,"Seattle, WA Regular All Formulations Retail Gasoline Prices (Dollars per Gallon)",4.351,$/GAL
2023-03-27,Y44HO,HOUSTON,EPMR,Regular Gasoline,PTE,Retail Sales,EMM_EPMR_PTE_Y44HO_DPG,Houston Regular All Formulations Retail Gasoline Prices (Dollars per Gallon),3.005,$/GAL
2023-03-27,Y35NY,NEW YORK CITY,EPMR,Regular Gasoline,PTE,Retail Sales,EMM_EPMR_PTE_Y35NY_DPG,New York City Regular All Formulations Retail Gasoline Prices (Dollars per Gallon),3.234,$/GAL
2023-03-27,Y05SF,SAN FRANCISCO,EPMR,Regular Gasoline,PTE,Retail Sales,EMM_EPMR_PTE_Y05SF_DPG,San Francisco Regular All Formulations Retail Gasoline Prices (Dollars per Gallon),4.55,$/GAL
2023-03-27,Y05LA,LOS ANGELES,EPMR,Regular Gasoline,PTE,Retail Sales,EMM_EPMR_PTE_Y05LA_DPG,Los Angeles Regular All Formulations Retail Gasoline Prices (Dollars per Gallon),4.633,$/GAL
2023-03-27,SWA,WASHINGTON,EPMR,Regular Gasoline,PTE,Retail Sales,EMM_EPMR_PTE_SWA_DPG,Washington Regular All Formulations Retail Gasoline Prices (Dollars per Gallon),4.093,$/GAL
2023-03-27,STX,TEXAS,EPMR,Regular Gasoline,PTE,Retail Sales,EMM_EPMR_PTE_STX_DPG,Texas Regular All Formulations Retail Gasoline Prices (Dollars per Gallon),3.067,$/GAL
2023-03-27,SOH,OHIO,EPMR,Regular Gasoline,PTE,Retail Sales,EMM_EPMR_PTE_SOH_DPG,Ohio Regular All Formulations Retail Gasoline Prices (Dollars per Gallon),3.163,$/GAL
2023-03-27,SNY,NEW YORK,EPMR,Regular Gasoline,PTE,Retail Sales,EMM_EPMR_PTE_SNY_DPG,New York Regular All Formulations Retail Gasoline Prices (Dollars per Gallon),3.351,$/GAL
2023-03-27,SMN,MINNESOTA,EPMR,Regular Gasoline,PTE,Retail Sales,EMM_EPMR_PTE_SMN_DPG,Minnesota Regular All Formulations Retail Gasoline Prices (Dollars per Gallon),3.225,$/GAL
2023-03-27,SMA,MASSACHUSETTS,EPMR,Regular Gasoline,PTE,Retail Sales,EMM_EPMR_PTE_SMA_DPG,Massachusetts Regular All Formulations Retail Gasoline Prices (Dollars per Gallon),3.193,$/GAL
2023-03-27,SFL,FLORIDA,EPMR,Regular Gasoline,PTE,Retail Sales,EMM_EPMR_PTE_SFL_DPG,Florida Regular All Formulations Retail Gasoline Prices (Dollars per Gallon),3.307,$/GAL
2023-03-27,SCO,COLORADO,EPMR,Regular Gasoline,PTE,Retail Sales,EMM_EPMR_PTE_SCO_DPG,Colorado Regular All Formulations Retail Gasoline Prices (Dollars per Gallon),3.513,$/GAL
2023-03-27,SCA,CALIFORNIA,EPMR,Regular Gasoline,PTE,Retail Sales,EMM_EPMR_PTE_SCA_DPG,California Regular All Formulations Retail Gasoline Prices (Dollars per Gallon),4.634,$/GAL
2023-03-27,R5XCA,PADD 5 EXCEPT CALIFORNIA,EPMR,Regular Gasoline,PTE,Retail Sales,EMM_EPMR_PTE_R5XCA_DPG,West Coast (PADD 5) Except California Regular All Formulations Retail Gasoline Prices (Dollars per Gallon),4.094,$/GAL
2023-03-27,R50,PADD 5,EPMR,Regular Gasoline,PTE,Retail Sales,EMM_EPMR_PTE_R50_DPG,West Coast Regular All Formulations Retail Gasoline Prices (Dollars per Gallon),4.378,$/GAL
2023-03-27,R40,PADD 4,EPMR,Regular Gasoline,PTE,Retail Sales,EMM_EPMR_PTE_R40_DPG,Rocky Mountain Regular All Formulations Retail Gasoline Prices (Dollars per Gallon),3.537,$/GAL
2023-03-27,R30,PADD 3,EPMR,Regular Gasoline,PTE,Retail Sales,EMM_EPMR_PTE_R30_DPG,Gulf Coast Regular All Formulations Retail Gasoline Prices (Dollars per Gallon),3.082,$/GAL
2023-03-27,R20,PADD 2,EPMR,Regular Gasoline,PTE,Retail Sales,EMM_EPMR_PTE_R20_DPG,Midwest Regular All Formulations Retail Gasoline Prices (Dollars per Gallon),3.241,$/GAL
2023-03-27,R1Z,PADD 1C,EPMR,Regular Gasoline,PTE,Retail Sales,EMM_EPMR_PTE_R1Z_DPG,Lower Atlantic (PADD 1C) Regular All Formulations Retail Gasoline Prices (Dollars per Gallon),3.257,$/GAL
2023-03-27,R1Y,PADD 1B,EPMR,Regular Gasoline,PTE,Retail Sales,EMM_EPMR_PTE_R1Y_DPG,Central Atlantic (PADD 1B) Regular All Formulations Retail Gasoline Prices (Dollars per Gallon),3.381,$/GAL
2023-03-27,R1X,PADD 1A,EPMR,Regular Gasoline,PTE,Retail Sales,EMM_EPMR_PTE_R1X_DPG,New England (PADD 1A) Regular All Formulations Retail Gasoline Prices (Dollars per Gallon),3.247,$/GAL
2023-03-27,R10,PADD 1,EPMR,Regular Gasoline,PTE,Retail Sales,EMM_EPMR_PTE_R10_DPG,East Coast Regular All Formulations Retail Gasoline Prices (Dollars per Gallon),3.297,$/GAL
2023-03-20,NUS,U.S.,EPMR,Regular Gasoline,PTE,Retail Sales,EMM_EPMR_PTE_NUS_DPG,U.S. Regular All Formulations Retail Gasoline Prices (Dollars per Gallon),3.422,$/GAL
2023-03-20,YORD,CHICAGO,EPMR,Regular Gasoline,PTE,Retail Sales,EMM_EPMR_PTE_YORD_DPG,Chicago Regular All Formulations Retail Gasoline Prices (Dollars per Gallon),3.623,$/GAL
2023-03-20,YMIA,MIAMI,EPMR,Regular Gasoline,PTE,Retail Sales,EMM_EPMR_PTE_YMIA_DPG,"Miami, FL Regular All Formulations Retail Gasoline Prices (Dollars per Gallon)",3.389,$/GAL
2023-03-20,YDEN,DENVER,EPMR,Regular Gasoline,PTE,Retail Sales,EMM_EPMR_PTE_YDEN_DPG,Denver Regular All Formulations Retail Gasoline Prices (Dollars per Gallon),3.692,$/GAL
2023-03-20,YCLE,CLEVELAND,EPMR,Regular Gasoline,PTE,Retail Sales,EMM_EPMR_PTE_YCLE_DPG,"Cleveland, OH Regular All Formulations Retail Gasoline Prices (Dollars per Gallon)",3.272,$/GAL
2023-03-20,YBOS,BOSTON,EPMR,Regular Gasoline,PTE,Retail Sales,EMM_EPMR_PTE_YBOS_DPG,"Boston, MA Regular All Formulations Retail Gasoline Prices (Dollars per Gallon)",3.237,$/GAL
2023-03-20,Y48SE,SEATTLE,EPMR,Regular Gasoline,PTE,Retail Sales,EMM_EPMR_PTE_Y48SE_DPG,"Seattle, WA Regular All Formulations Retail Gasoline Prices (Dollars per Gallon)",4.339,$/GAL
2023-03-20,Y44HO,HOUSTON,EPMR,Regular Gasoline,PTE,Retail Sales,EMM_EPMR_PTE_Y44HO_DPG,Houston Regular All Formulations Retail Gasoline Prices (Dollars per Gallon),2.928,$/GAL
2023-03-20,Y35NY,NEW YORK CITY,EPMR,Regular Gasoline,PTE,Retail Sales,EMM_EPMR_PTE_Y35NY_DPG,New York City Regular All Formulations Retail Gasoline Prices (Dollars per Gallon),3.269,$/GAL
2023-03-20,Y05SF,SAN FRANCISCO,EPMR,Regular Gasoline,PTE,Retail Sales,EMM_EPMR_PTE_Y05SF_DPG,San Francisco Regular All Formulations Retail Gasoline Prices (Dollars per Gallon),4.634,$/GAL
2023-03-20,Y05LA,LOS ANGELES,EPMR,Regular Gasoline,PTE,Retail Sales,EMM_EPMR_PTE_Y05LA_DPG,Los Angeles Regular All Formulations Retail Gasoline Prices (Dollars per Gallon),4.658,$/GAL
2023-03-20,SWA,WASHINGTON,EPMR,Regular Gasoline,PTE,Retail Sales,EMM_EPMR_PTE_SWA_DPG,Washington Regular All Formulations Retail Gasoline Prices (Dollars per Gallon),4.087,$/GAL
2023-03-20,STX,TEXAS,EPMR,Regular Gasoline,PTE,Retail Sales,EMM_EPMR_PTE_STX_DPG,Texas Regular All Formulations Retail Gasoline Prices (Dollars per Gallon),2.981,$/GAL
2023-03-20,SOH,OHIO,EPMR,Regular Gasoline,PTE,Retail Sales,EMM_EPMR_PTE_SOH_DPG,Ohio Regular All Formulations Retail Gasoline Prices (Dollars per Gallon),3.254,$/GAL
2023-03-20,SNY,NEW YORK,EPMR,Regular Gasoline,PTE,Retail Sales,EMM_EPMR_PTE_SNY_DPG,New York Regular All Formulations Retail Gasoline Prices (Dollars per Gallon),3.367,$/GAL
2023-03-20,SMN,MINNESOTA,EPMR,Regular Gasoline,PTE,Retail Sales,EMM_EPMR_PTE_SMN_DPG,Minnesota Regular All Formulations Retail Gasoline Prices (Dollars per Gallon),3.252,$/GAL
2023-03-20,SMA,MASSACHUSETTS,EPMR,Regular Gasoline,PTE,Retail Sales,EMM_EPMR_PTE_SMA_DPG,Massachusetts Regular All Formulations Retail Gasoline Prices (Dollars per Gallon),3.213,$/GAL
2023-03-20,SFL,FLORIDA,EPMR,Regular Gasoline,PTE,Retail Sales,EMM_EPMR_PTE_SFL_DPG,Florida Regular All Formulations Retail Gasoline Prices (Dollars per Gallon),3.38,$/GAL
2023-03-20,SCO,COLORADO,EPMR,Regular Gasoline,PTE,Retail Sales,EMM_EPMR_PTE_SCO_DPG,Colorado Regular All Formulations Retail Gasoline Prices (Dollars per Gallon),3.706,$/GAL
2023-03-20,SCA,CALIFORNIA,EPMR,Regular Gasoline,PTE,Retail Sales,EMM_EPMR_PTE_SCA_DPG,California Regular All Formulations Retail Gasoline Prices (Dollars per Gallon),4.656,$/GAL
2023-03-20,R5XCA,PADD 5 EXCEPT CALIFORNIA,EPMR,Regular Gasoline,PTE,Retail Sales,EMM_EPMR_PTE_R5XCA_DPG,West Coast (PADD 5) Except California Regular All Formulations Retail Gasoline Prices (Dollars per Gallon),4.052,$/GAL
2023-03-20,R50,PADD 5,EPMR,Regular Gasoline,PTE,Retail Sales,EMM_EPMR_PTE_R50_DPG,West Coast Regular All Formulations Retail Gasoline Prices (Dollars per Gallon),4.365,$/GAL
2023-03-20,R40,PADD 4,EPMR,Regular Gasoline,PTE,Retail Sales,EMM_EPMR_PTE_R40_DPG,Rocky Mountain Regular All Formulations Retail Gasoline Prices (Dollars per Gallon),3.631,$/GAL
2023-03-20,R30,PADD 3,EPMR,Regular Gasoline,PTE,Retail Sales,EMM_EPMR_PTE_R30_DPG,Gulf Coast Regular All Formulations Retail Gasoline Prices (Dollars per Gallon),3.022,$/GAL
2023-03-20,R20,PADD 2,EPMR,Regular Gasoline,PTE,Retail Sales,EMM_EPMR_PTE_R20_DPG,Midwest Regular All Formulations Retail Gasoline Prices (Dollars per Gallon),3.262,$/GAL
2023-03-20,R1Z,PADD 1C,EPMR,Regular Gasoline,PTE,Retail Sales,EMM_EPMR_PTE_R1Z_DPG,Lower Atlantic (PADD 1C) Regular All Formulations Retail Gasoline Prices (Dollars per Gallon),3.256,$/GAL
2023-03-20,R1Y,PADD 1B,EPMR,Regular Gasoline,PTE,Retail Sales,EMM_EPMR_PTE_R1Y_DPG,Central Atlantic (PADD 1B) Regular All Formulations Retail Gasoline Prices (Dollars per Gallon),3.406,$/GAL
2023-03-20,R1X,PADD 1A,EPMR,Regular Gasoline,PTE,Retail Sales,EMM_EPMR_PTE_R1X_DPG,New England (PADD 1A) Regular All Formulations Retail Gasoline Prices (Dollars per Gallon),3.275,$/GAL
2023-03-20,R10,PADD 1,EPMR,Regular Gasoline,PTE,Retail Sales,EMM_EPMR_PTE_R10_DPG,East Coast Regular All Formulations Retail Gasoline Prices (Dollars per Gallon),3.309,$/GAL
2023-03-13,NUS,U.S.,EPMR,Regular Gasoline,PTE,Retail Sales,EMM_EPMR_PTE_NUS_DPG,U.S. Regular All Formulations Retail Gasoline Prices (Dollars per Gallon),3.456,$/GAL
2023-03-13,YORD,CHICAGO,EPMR,Regular Gasoline,PTE,Retail Sales,EMM_EPMR_PTE_YORD_DPG,Chicago Regular All Formulations Retail Gasoline Prices (Dollars per Gallon),3.653,$/GAL
2023-03-13,YMIA,MIAMI,EPMR,Regular Gasoline,PTE,Retail Sales,EMM_EPMR_PTE_YMIA_DPG,"Miami, FL Regular All Formulations Retail Gasoline Prices (Dollars per Gallon)",3.295,$/GAL
2023-03-13,YDEN,DENVER,EPMR,Regular Gasoline,PTE,Retail Sales,EMM_EPMR_PTE_YDEN_DPG,Denver Regular All Formulations Retail Gasoline Prices (Dollars per Gallon),3.845,$/GAL
2023-03-13,YCLE,CLEVELAND,EPMR,Regular Gasoline,PTE,Retail Sales,EMM_EPMR_PTE_YCLE_DPG,"Cleveland, OH Regular All Formulations Retail Gasoline Prices (Dollars per Gallon)",3.373,$/GAL
2023-03-13,YBOS,BOSTON,EPMR,Regular Gasoline,PTE,Retail Sales,EMM_EPMR_PTE_YBOS_DPG,"Boston, MA Regular All Formulations Retail Gasoline Prices (Dollars per Gallon)",3.275,$/GAL
2023-03-13,Y48SE,SEATTLE,EPMR,Regular Gasoline,PTE,Retail Sales,EMM_EPMR_PTE_Y48SE_DPG,"Seattle, WA Regular All Formulations Retail Gasoline Prices (Dollars per Gallon)",4.359,$/GAL
2023-03-13,Y44HO,HOUSTON,EPMR,Regular Gasoline,PTE,Retail Sales,EMM_EPMR_PTE_Y44HO_DPG,Houston Regular All Formulations Retail Gasoline Prices (Dollars per Gallon),2.942,$/GAL
2023-03-13,Y35NY,NEW YORK CITY,EPMR,Regular Gasoline,PTE,Retail Sales,EMM_EPMR_PTE_Y35NY_DPG,New York City Regular All Formulations Retail Gasoline Prices (Dollars per Gallon),3.303,$/GAL
2023-03-13,Y05SF,SAN FRANCISCO,EPMR,Regular Gasoline,PTE,Retail Sales,EMM_EPMR_PTE_Y05SF_DPG,San Francisco Regular All Formulations Retail Gasoline Prices (Dollars per Gallon),4.735,$/GAL
2023-03-13,Y05LA,LOS ANGELES,EPMR,Regular Gasoline,PTE,Retail Sales,EMM_EPMR_PTE_Y05LA_DPG,Los Angeles Regular All Formulations Retail Gasoline Prices (Dollars per Gallon),4.753,$/GAL
2023-03-13,SWA,WASHINGTON,EPMR,Regular Gasoline,PTE,Retail Sales,EMM_EPMR_PTE_SWA_DPG,Washington Regular All Formulations Retail Gasoline Prices (Dollars per Gallon),4.111,$/GAL
2023-03-13,STX,TEXAS,EPMR,Regular Gasoline,PTE,Retail Sales,EMM_EPMR_PTE_STX_DPG,Texas Regular All Formulations Retail Gasoline Prices (Dollars per Gallon),3.061,$/GAL
2023-03-13,SOH,OHIO,EPMR,Regular Gasoline,PTE,Retail Sales,EMM_EPMR_PTE_SOH_DPG,Ohio Regular All Formulations Retail Gasoline Prices (Dollars per Gallon),3.374,$/GAL
2023-03-13,SNY,NEW YORK,EPMR,Regular Gasoline,PTE,Retail Sales,EMM_EPMR_PTE_SNY_DPG,New York Regular All Formulations Retail Gasoline Prices (Dollars per Gallon),3.381,$/GAL
2023-03-13,SMN,MINNESOTA,EPMR,Regular Gasoline,PTE,Retail Sales,EMM_EPMR_PTE_SMN_DPG,Minnesota Regular All Formulations Retail Gasoline Prices (Dollars per Gallon),3.28,$/GAL
2023-03-13,SMA,MASSACHUSETTS,EPMR,Regular Gasoline,PTE,Retail Sales,EMM_EPMR_PTE_SMA_DPG,Massachusetts Regular All Formulations Retail Gasoline Prices (Dollars per Gallon),3.247,$/GAL
2023-03-13,SFL,FLORIDA,EPMR,Regular Gasoline,PTE,Retail Sales,EMM_EPMR_PTE_SFL_DPG,Florida Regular All Formulations Retail Gasoline Prices (Dollars per Gallon),3.262,$/GAL
2023-03-13,SCO,COLORADO,EPMR,Regular Gasoline,PTE,Retail Sales,EMM_EPMR_PTE_SCO_DPG,Colorado Regular All Formulations Retail Gasoline Prices (Dollars per Gallon),3.844,$/GAL
2023-03-13,SCA,CALIFORNIA,EPMR,Regular Gasoline,PTE,Retail Sales,EMM_EPMR_PTE_SCA_DPG,California Regular All Formulations Retail Gasoline Prices (Dollars per Gallon),4.732,$/GAL
2023-03-13,R5XCA,PADD 5 EXCEPT CALIFORNIA,EPMR,Regular Gasoline,PTE,Retail Sales,EMM_EPMR_PTE_R5XCA_DPG,West Coast (PADD 5) Except California Regular All Formulations Retail Gasoline Prices (Dollars per Gallon),4.045,$/GAL
2023-03-13,R50,PADD 5,EPMR,Regular Gasoline,PTE,Retail Sales,EMM_EPMR_PTE_R50_DPG,West Coast Regular All Formulations Retail Gasoline Prices (Dollars per Gallon),4.402,$/GAL
2023-03-13,R40,PADD 4,EPMR,Regular Gasoline,PTE,Retail Sales,EMM_EPMR_PTE_R40_DPG,Rocky Mountain Regular All Formulations Retail Gasoline Prices (Dollars per Gallon),3.73,$/GAL
2023-03-13,R30,PADD 3,EPMR,Regular Gasoline,PTE,Retail Sales,EMM_EPMR_PTE_R30_DPG,Gulf Coast Regular All Formulations Retail Gasoline Prices (Dollars per Gallon),3.087,$/GAL
2023-03-13,R20,PADD 2,EPMR,Regular Gasoline,PTE,Retail Sales,EMM_EPMR_PTE_R20_DPG,Midwest Regular All Formulations Retail Gasoline Prices (Dollars per Gallon),3.31,$/GAL
2023-03-13,R1Z,PADD 1C,EPMR,Regular Gasoline,PTE,Retail Sales,EMM_EPMR_PTE_R1Z_DPG,Lower Atlantic (PADD 1C) Regular All Formulations Retail Gasoline Prices (Dollars per Gallon),3.238,$/GAL
2023-03-13,R1Y,PADD 1B,EPMR,Regular Gasoline,PTE,Retail Sales,EMM_EPMR_PTE_R1Y_DPG,Central Atlantic (PADD 1B) Regular All Formulations Retail Gasoline Prices (Dollars per Gallon),3.441,$/GAL
2023-03-13,R1X,PADD 1A,EPMR,Regular Gasoline,PTE,Retail Sales,EMM_EPMR_PTE_R1X_DPG,New England (PADD 1A) Regular All Formulations Retail Gasoline Prices (Dollars per Gallon),3.299,$/GAL
2023-03-13,R10,PADD 1,EPMR,Regular Gasoline,PTE,Retail Sales,EMM_EPMR_PTE_R10_DPG,East Coast Regular All Formulations Retail Gasoline Prices (Dollars per Gallon),3.315,$/GAL
2023-03-06,NUS,U.S.,EPMR,Regular Gasoline,PTE,Retail Sales,EMM_EPMR_PTE_NUS_DPG,U.S. Regular All Formulations Retail Gasoline Prices (Dollars per Gallon),3.389,$/GAL
2023-03-06,YORD,CHICAGO,EPMR,Regular Gasoline,PTE,Retail Sales,EMM_EPMR_PTE_YORD_DPG,Chicago Regular All Formulations Retail Gasoline Prices (Dollars per Gallon),3.553,$/GAL
2023-03-06,YMIA,MIAMI,EPMR,Regular Gasoline,PTE,Retail Sales,EMM_EPMR_PTE_YMIA_DPG,"Miami, FL Regular All Formulations Retail Gasoline Prices (Dollars per Gallon)",3.277,$/GAL
2023-03-06,YDEN,DENVER,EPMR,Regular Gasoline,PTE,Retail Sales,EMM_EPMR_PTE_YDEN_DPG,Denver Regular All Formulations Retail Gasoline Prices (Dollars per Gallon),3.959,$/GAL
2023-03-06,YCLE,CLEVELAND,EPMR,Regular Gasoline,PTE,Retail Sales,EMM_EPMR_PTE_YCLE_DPG,"Cleveland, OH Regular All Formulations Retail Gasoline Prices (Dollars per Gallon)",3.439,$/GAL
2023-03-06,YBOS,BOSTON,EPMR,Regular Gasoline,PTE,Retail Sales,EMM_EPMR_PTE_YBOS_DPG,"Boston, MA Regular All Formulations Retail Gasoline Prices (Dollars per Gallon)",3.261,$/GAL
2023-03-06,Y48SE,SEATTLE,EPMR,Regular Gasoline,PTE,Retail Sales,EMM_EPMR_PTE_Y48SE_DPG,"Seattle, WA Regular All Formulations Retail Gasoline Prices (Dollars per Gallon)",4.376,$/GAL
2023-03-06,Y44HO,HOUSTON,EPMR,Regular Gasoline,PTE,Retail Sales,EMM_EPMR_PTE_Y44HO_DPG,Houston Regular All Formulations Retail Gasoline Prices (Dollars per Gallon),2.863,$/GAL
2023-03-06,Y35NY,NEW YORK CITY,EPMR,Regular Gasoline,PTE,Retail Sales,EMM_EPMR_PTE_Y35NY_DPG,New York City Regular All Formulations Retail Gasoline Prices (Dollars per Gallon),3.249,$/GAL
2023-03-06,Y05SF,SAN FRANCISCO,EPMR,Regular Gasoline,PTE,Retail Sales,EMM_EPMR_PTE_Y05SF_DPG,San Francisco Regular All Formulations Retail Gasoline Prices (Dollars per Gallon),4.775,$/GAL
2023-03-06,Y05LA,LOS ANGELES,EPMR,Regular Gasoline,PTE,Retail Sales,EMM_EPMR_PTE_Y05LA_DPG,Los Angeles Regular All Formulations Retail Gasoline Prices (Dollars per Gallon),4.73,$/GAL
2023-03-06,SWA,WASHINGTON,EPMR,Regular Gasoline,PTE,Retail Sales,EMM_EPMR_PTE_SWA_DPG,Washington Regular All Formulations Retail Gasoline Prices (Dollars per Gallon),4.101,$/GAL
2023-03-06,STX,TEXAS,EPMR,Regular Gasoline,PTE,Retail Sales,EMM_EPMR_PTE_STX_DPG,Texas Regular All Formulations Retail Gasoline Prices (Dollars per Gallon),2.939,$/GAL
2023-03-06,SOH,OHIO,EPMR,Regular Gasoline,PTE,Retail Sales,EMM_EPMR_PTE_SOH_DPG,Ohio Regular All Formulations Retail Gasoline Prices (Dollars per Gallon),3.368,$/GAL
2023-03-06,SNY,NEW YORK,EPMR,Regular Gasoline,PTE,Retail Sales,EMM_EPMR_PTE_SNY_DPG,New York Regular All Formulations Retail Gasoline Prices (Dollars per Gallon),3.343,$/GAL
2023-03-06,SMN,MINNESOTA,EPMR,Regular Gasoline,PTE,Retail Sales,EMM_EPMR_PTE_SMN_DPG,Minnesota Regular All Formulations Retail Gasoline Prices (Dollars per Gallon),3.195,$/GAL
2023-03-06,SMA,MASSACHUSETTS,EPMR,Regular Gasoline,PTE,Retail Sales,EMM_EPMR_PTE_SMA_DPG,Massachusetts Regular All Formulations Retail Gasoline Prices (Dollars per Gallon),3.232,$/GAL
2023-03-06,SFL,FLORIDA,EPMR,Regular Gasoline,PTE,Retail Sales,EMM_EPMR_PTE_SFL_DPG,Florida Regular All Formulations Retail Gasoline Prices (Dollars per Gallon),3.163,$/GAL
2023-03-06,SCO,COLORADO,EPMR,Regular Gasoline,PTE,Retail Sales,EMM_EPMR_PTE_SCO_DPG,Colorado Regular All Formulations Retail Gasoline Prices (Dollars per Gallon),3.948,$/GAL
2023-03-06,SCA,CALIFORNIA,EPMR,Regular Gasoline,PTE,Retail Sales,EMM_EPMR_PTE_SCA_DPG,California Regular All Formulations Retail Gasoline Prices (Dollars per Gallon),4.704,$/GAL
2023-03-06,R5XCA,PADD 5 EXCEPT CALIFORNIA,EPMR,Regular Gasoline,PTE,Retail Sales,EMM_EPMR_PTE_R5XCA_DPG,West Coast (PADD 5) Except California Regular All Formulations Retail Gasoline Prices (Dollars per Gallon),3.948,$/GAL
2023-03-06,R50,PADD 5,EPMR,Regular Gasoline,PTE,Retail Sales,EMM_EPMR_PTE_R50_DPG,West Coast Regular All Formulations Retail Gasoline Prices (Dollars per Gallon),4.341,$/GAL
2023-03-06,R40,PADD 4,EPMR,Regular Gasoline,PTE,Retail Sales,EMM_EPMR_PTE_R40_DPG,Rocky Mountain Regular All Formulations Retail Gasoline Prices (Dollars per Gallon),3.742,$/GAL
2023-03-06,R30,PADD 3,EPMR,Regular Gasoline,PTE,Retail Sales,EMM_EPMR_PTE_R30_DPG,Gulf Coast Regular All Formulations Retail Gasoline Prices (Dollars per Gallon),2.979,$/GAL
2023-03-06,R20,PADD 2,EPMR,Regular Gasoline,PTE,Retail Sales,EMM_EPMR_PTE_R20_DPG,Midwest Regular All Formulations Retail Gasoline Prices (Dollars per Gallon),3.265,$/GAL
2023-03-06,R1Z,PADD 1C,EPMR,Regular Gasoline,PTE,Retail Sales,EMM_EPMR_PTE_R1Z_DPG,Lower Atlantic (PADD 1C) Regular All Formulations Retail Gasoline Prices (Dollars per Gallon),3.134,$/GAL
2023-03-06,R1Y,PADD 1B,EPMR,Regular Gasoline,PTE,Retail Sales,EMM_EPMR_PTE_R1Y_DPG,Central Atlantic (PADD 1B) Regular All Formulations Retail Gasoline Prices (Dollars per Gallon),3.397,$/GAL
2023-03-06,R1X,PADD 1A,EPMR,Regular Gasoline,PTE,Retail Sales,EMM_EPMR_PTE_R1X_DPG,New England (PADD 1A) Regular All Formulations Retail Gasoline Prices (Dollars per Gallon),3.277,$/GAL
2023-03-06,R10,PADD 1,EPMR,Regular Gasoline,PTE,Retail Sales,EMM_EPMR_PTE_R10_DPG,East Coast Regular All Formulations Retail Gasoline Prices (Dollars per Gallon),3.242,$/GAL
2023-02-27,NUS,U.S.,EPMR,Regular Gasoline,PTE,Retail Sales,EMM_EPMR_PTE_NUS_DPG,U.S. Regular All Formulations Retail Gasoline Prices (Dollars per Gallon),3.342,$/GAL
2023-02-27,YORD,CHICAGO,EPMR,Regular Gasoline,PTE,Retail Sales,EMM_EPMR_PTE_YORD_DPG,Chicago Regular All Formulations Retail Gasoline Prices (Dollars per Gallon),3.541,$/GAL
2023-02-27,YMIA,MIAMI,EPMR,Regular Gasoline,PTE,Retail Sales,EMM_EPMR_PTE_YMIA_DPG,"Miami, FL Regular All Formulations Retail Gasoline Prices (Dollars per Gallon)",3.327,$/GAL
2023-02-27,YDEN,DENVER,EPMR,Regular Gasoline,PTE,Retail Sales,EMM_EPMR_PTE_YDEN_DPG,Denver Regular All Formulations Retail Gasoline Prices (Dollars per Gallon),4.048,$/GAL
2023-02-27,YCLE,CLEVELAND,EPMR,Regular Gasoline,PTE,Retail Sales,EMM_EPMR_PTE_YCLE_DPG,"Cleveland, OH Regular All Formulations Retail Gasoline Prices (Dollars per Gallon)",3.138,$/GAL
2023-02-27,YBOS,BOSTON,EPMR,Regular Gasoline,PTE,Retail Sales,EMM_EPMR_PTE_YBOS_DPG,"Boston, MA Regular All Formulations Retail Gasoline Prices (Dollars per Gallon)",3.254,$/GAL
2023-02-27,Y48SE,SEATTLE,EPMR,Regular Gasoline,PTE,Retail Sales,EMM_EPMR_PTE_Y48SE_DPG,"Seattle, WA Regular All Formulations Retail Gasoline Prices (Dollars per Gallon)",4.368,$/GAL
2023-02-27,Y44HO,HOUSTON,EPMR,Regular Gasoline,PTE,Retail Sales,EMM_EPMR_PTE_Y44HO_DPG,Houston Regular All Formulations Retail Gasoline Prices (Dollars per Gallon),2.819,$/GAL
2023-02-27,Y35NY,NEW YORK CITY,EPMR,Regular Gasoline,PTE,Retail Sales,EMM_EPMR_PTE_Y35NY_DPG,New York City Regular All Formulations Retail Gasoline Prices (Dollars per Gallon),3.204,$/GAL
2023-02-27,Y05SF,SAN FRANCISCO,EPMR,Regular Gasoline,PTE,Retail Sales,EMM_EPMR_PTE_Y05SF_DPG,San Francisco Regular All Formulations Retail Gasoline Prices (Dollars per Gallon),4.548,$/GAL
2023-02-27,Y05LA,LOS ANGELES,EPMR,Regular Gasoline,PTE,Retail Sales,EMM_EPMR_PTE_Y05LA_DPG,Los Angeles Regular All Formulations Retail Gasoline Prices (Dollars per Gallon),4.609,$/GAL
2023-02-27,SWA,WASHINGTON,EPMR,Regular Gasoline,PTE,Retail Sales,EMM_EPMR_PTE_SWA_DPG,Washington Regular All Formulations Retail Gasoline Prices (Dollars per Gallon),4.101,$/GAL
2023-02-27,STX,TEXAS,EPMR,Regular Gasoline,PTE,Retail Sales,EMM_EPMR_PTE_STX_DPG,Texas Regular All Formulations Retail Gasoline Prices (Dollars per Gallon),2.843,$/GAL
2023-02-27,SOH,OHIO,EPMR,Regular Gasoline,PTE,Retail Sales,EMM_EPMR_PTE_SOH_DPG,Ohio Regular All Formulations Retail Gasoline Prices (Dollars per Gallon),3.089,$/GAL
2023-02-27,SNY,NEW YORK,EPMR,Regular Gasoline,PTE,Retail Sales,EMM_EPMR_PTE_SNY_DPG,New York Regular All Formulations Retail Gasoline Prices (Dollars per Gallon),3.331,$/GAL
2023-02-27,SMN,MINNESOTA,EPMR,Regular Gasoline,PTE,Retail Sales,EMM_EPMR_PTE_SMN_DPG,Minnesota Regular All Formulations Retail Gasoline Prices (Dollars per Gallon),3.228,$/GAL
2023-02-27,SMA,MASSACHUSETTS,EPMR,Regular Gasoline,PTE,Retail Sales,EMM_EPMR_PTE_SMA_DPG,Massachusetts Regular All Formulations Retail Gasoline Prices (Dollars per Gallon),3.217,$/GAL
2023-02-27,SFL,FLORIDA,EPMR,Regular Gasoline,PTE,Retail Sales,EMM_EPMR_PTE_SFL_DPG,Florida Regular All Formulations Retail Gasoline Prices (Dollars per Gallon),3.232,$/GAL
2023-02-27,SCO,COLORADO,EPMR,Regular Gasoline,PTE,Retail Sales,EMM_EPMR_PTE_SCO_DPG,Colorado Regular All Formulations Retail Gasoline Prices (Dollars per Gallon),4.052,$/GAL
2023-02-27,SCA,CALIFORNIA,EPMR,Regular Gasoline,PTE,Retail Sales,EMM_EPMR_PTE_SCA_DPG,California Regular All Formulations Retail Gasoline Prices (Dollars per Gallon),4.586,$/GAL
2023-02-27,R5XCA,PADD 5 EXCEPT CALIFORNIA,EPMR,Regular Gasoline,PTE,Retail Sales,EMM_EPMR_PTE_R5XCA_DPG,West Coast (PADD 5) Except California Regular All Formulations Retail Gasoline Prices (Dollars per Gallon),3.878,$/GAL
2023-02-27,R50,PADD 5,EPMR,Regular Gasoline,PTE,Retail Sales,EMM_EPMR_PTE_R50_DPG,West Coast Regular All Formulations Retail Gasoline Prices (Dollars per Gallon),4.25,$/GAL
2023-02-27,R40,PADD 4,EPMR,Regular Gasoline,PTE,Retail Sales,EMM_EPMR_PTE_R40_DPG,Rocky Mountain Regular All Formulations Retail Gasoline Prices (Dollars per Gallon),3.782,$/GAL
2023-02-27,R30,PADD 3,EPMR,Regular Gasoline,PTE,Retail Sales,EMM_EPMR_PTE_R30_DPG,Gulf Coast Regular All Formulations Retail Gasoline Prices (Dollars per Gallon),2.912,$/GAL
2023-02-27,R20,PADD 2,EPMR,Regular Gasoline,PTE,Retail Sales,EMM_EPMR_PTE_R20_DPG,Midwest Regular All Formulations Retail Gasoline Prices (Dollars per Gallon),3.17,$/GAL
2023-02-27,R1Z,PADD 1C,EPMR,Regular Gasoline,PTE,Retail Sales,EMM_EPMR_PTE_R1Z_DPG,Lower Atlantic (PADD 1C) Regular All Formulations Retail Gasoline Prices (Dollars per Gallon),3.152,$/GAL
2023-02-27,R1Y,PADD 1B,EPMR,Regular Gasoline,PTE,Retail Sales,EMM_EPMR_PTE_R1Y_DPG,Central Atlantic (PADD 1B) Regular All Formulations Retail Gasoline Prices (Dollars per Gallon),3.376,$/GAL
2023-02-27,R1X,PADD 1A,EPMR,Regular Gasoline,PTE,Retail Sales,EMM_EPMR_PTE_R1X_DPG,New England (PADD 1A) Regular All Formulations Retail Gasoline Prices (Dollars per Gallon),3.272,$/GAL
2023-02-27,R10,PADD 1,EPMR,Regular Gasoline,PTE,Retail Sales,EMM_EPMR_PTE_R10_DPG,East Coast Regular All Formulations Retail Gasoline Prices (Dollars per Gallon),3.244,$/GAL
2023-02-20,NUS,U.S.,EPMR,Regular Gasoline,PTE,Retail Sales,EMM_EPMR_PTE_NUS_DPG,U.S. Regular All Formulations Retail Gasoline Prices (Dollars per Gallon),3.379,$/GAL
2023-02-20,YORD,CHICAGO,EPMR,Regular Gasoline,PTE,Retail Sales,EMM_EPMR_PTE_YORD_DPG,Chicago Regular All Formulations Retail Gasoline Prices (Dollars per Gallon),3.511,$/GAL
2023-02-20,YMIA,MIAMI,EPMR,Regular Gasoline,PTE,Retail Sales,EMM_EPMR_PTE_YMIA_DPG,"Miami, FL Regular All Formulations Retail Gasoline Prices (Dollars per Gallon)",3.346,$/GAL
2023-02-20,YDEN,DENVER,EPMR,Regular Gasoline,PTE,Retail Sales,EMM_EPMR_PTE_YDEN_DPG,Denver Regular All Formulations Retail Gasoline Prices (Dollars per Gallon),4.118,$/GAL
2023-02-20,YCLE,CLEVELAND,EPMR,Regular Gasoline,PTE,Retail Sales,EMM_EPMR_PTE_YCLE_DPG,"Cleveland, OH Regular All Formulations Retail Gasoline Prices (Dollars per Gallon)",3.258,$/GAL
2023-02-20,YBOS,BOSTON,EPMR,Regular Gasoline,PTE,Retail Sales,EMM_EPMR_PTE_YBOS_DPG,"Boston, MA Regular All Formulations Retail Gasoline Prices (Dollars per Gallon)",3.322,$/GAL
2023-02-20,Y48SE,SEATTLE,EPMR,Regular Gasoline,PTE,Retail Sales,EMM_EPMR_PTE_Y48SE_DPG,"Seattle, WA Regular All Formulations Retail Gasoline Prices (Dollars per Gallon)",4.271,$/GAL
2023-02-20,Y44HO,HOUSTON,EPMR,Regular Gasoline,PTE,Retail Sales,EMM_EPMR_PTE_Y44HO_DPG,Houston Regular All Formulations Retail Gasoline Prices (Dollars per Gallon),2.882,$/GAL
2023-02-20,Y35NY,NEW YORK CITY,EPMR,Regular Gasoline,PTE,Retail Sales,EMM_EPMR_PTE_Y35NY_DPG,New York City Regular All Formulations Retail Gasoline Prices (Dollars per Gallon),3.265,$/GAL
2023-02-20,Y05SF,SAN FRANCISCO,EPMR,Regular Gasoline,PTE,Retail Sales,EMM_EPMR_PTE_Y05SF_DPG,San Francisco Regular All Formulations Retail Gasoline Prices (Dollars per Gallon),4.495,$/GAL
2023-02-20,Y05LA,LOS ANGELES,EPMR,Regular Gasoline,PTE,Retail Sales,EMM_EPMR_PTE_Y05LA_DPG,Los Angeles Regular All Formulations Retail Gasoline Prices (Dollars per Gallon),4.553,$/GAL
2023-02-20,SWA,WASHINGTON,EPMR,Regular Gasoline,PTE,Retail Sales,EMM_EPMR_PTE_SWA_DPG,Washington Regular All Formulations Retail Gasoline Prices (Dollars per Gallon),4.039,$/GAL
2023-02-20,STX,TEXAS,EPMR,Regular Gasoline,PTE,Retail Sales,EMM_EPMR_PTE_STX_DPG,Texas Regular All Formulations Retail Gasoline Prices (Dollars per Gallon),2.952,$/GAL
2023-02-20,SOH,OHIO,EPMR,Regular Gasoline,PTE,Retail Sales,EMM_EPMR_PTE_SOH_DPG,Ohio Regular All Formulations Retail Gasoline Prices (Dollars per Gallon),3.219,$/GAL
2023-02-20,SNY,NEW YORK,EPMR,Regular Gasoline,PTE,Retail Sales,EMM_EPMR_PTE_SNY_DPG,New York Regular All Formulations Retail Gasoline Prices (Dollars per Gallon),3.374,$/GAL
2023-02-20,SMN,MINNESOTA,EPMR,Regular Gasoline,PTE,Retail Sales,EMM_EPMR_PTE_SMN_DPG,Minnesota Regular All Formulations Retail Gasoline Prices (Dollars per Gallon),3.263,$/GAL
2023-02-20,SMA,MASSACHUSETTS,EPMR,Regular Gasoline,PTE,Retail Sales,EMM_EPMR_PTE_SMA_DPG,Massachusetts Regular All Formulations Retail Gasoline Prices (Dollars per Gallon),3.299,$/GAL
2023-02-20,SFL,FLORIDA,EPMR,Regular Gasoline,PTE,Retail Sales,EMM_EPMR_PTE_SFL_DPG,Florida Regular All Formulations Retail Gasoline Prices (Dollars per Gallon),3.228,$/GAL
2023-02-20,SCO,COLORADO,EPMR,Regular Gasoline,PTE,Retail Sales,EMM_EPMR_PTE_SCO_DPG,Colorado Regular All Formulations Retail Gasoline Prices (Dollars per Gallon),4.104,$/GAL
2023-02-20,SCA,CALIFORNIA,EPMR,Regular Gasoline,PTE,Retail Sales,EMM_EPMR_PTE_SCA_DPG,California Regular All Formulations Retail Gasoline Prices (Dollars per Gallon),4.518,$/GAL
2023-02-20,R5XCA,PADD 5 EXCEPT CALIFORNIA,EPMR,Regular Gasoline,PTE,Retail Sales,EMM_EPMR_PTE_R5XCA_DPG,West Coast (PADD 5) Except California Regular All Formulations Retail Gasoline Prices (Dollars per Gallon),3.831,$/GAL
2023-02-20,R50,PADD 5,EPMR,Regular Gasoline,PTE,Retail Sales,EMM_EPMR_PTE_R50_DPG,West Coast Regular All Formulations Retail Gasoline Prices (Dollars per Gallon),4.189,$/GAL
2023-02-20,R40,PADD 4,EPMR,Regular Gasoline,PTE,Retail Sales,EMM_EPMR_PTE_R40_DPG,Rocky Mountain Regular All Formulations Retail Gasoline Prices (Dollars per Gallon),3.826,$/GAL
2023-02-20,R30,PADD 3,EPMR,Regular Gasoline,PTE,Retail Sales,EMM_EPMR_PTE_R30_DPG,Gulf Coast Regular All Formulations Retail Gasoline Prices (Dollars per Gallon),3.007,$/GAL
2023-02-20,R20,PADD 2,EPMR,Regular Gasoline,PTE,Retail Sales,EMM_EPMR_PTE_R20_DPG,Midwest Regular All Formulations Retail Gasoline Prices (Dollars per Gallon),3.22,$/GAL
2023-02-20,R1Z,PADD 1C,EPMR,Regular Gasoline,PTE,Retail Sales,EMM_EPMR_PTE_R1Z_DPG,Lower Atlantic (PADD 1C) Regular All Formulations Retail Gasoline Prices (Dollars per Gallon),3.187,$/GAL
2023-02-20,R1Y,PADD 1B,EPMR,Regular Gasoline,PTE,Retail Sales,EMM_EPMR_PTE_R1Y_DPG,Central Atlantic (PADD 1B) Regular All Formulations Retail Gasoline Prices (Dollars per Gallon),3.439,$/GAL
2023-02-20,R1X,PADD 1A,EPMR,Regular Gasoline,PTE,Retail Sales,EMM_EPMR_PTE_R1X_DPG,New England (PADD 1A) Regular All Formulations Retail Gasoline Prices (Dollars per Gallon),3.327,$/GAL
2023-02-20,R10,PADD 1,EPMR,Regular Gasoline,PTE,Retail Sales,EMM_EPMR_PTE_R10_DPG,East Coast Regular All Formulations Retail Gasoline Prices (Dollars per Gallon),3.291,$/GAL
2023-02-13,NUS,U.S.,EPMR,Regular Gasoline,PTE,Retail Sales,EMM_EPMR_PTE_NUS_DPG,U.S. Regular All Formulations Retail Gasoline Prices (Dollars per Gallon),3.39,$/GAL
2023-02-13,YORD,CHICAGO,EPMR,Regular Gasoline,PTE,Retail Sales,EMM_EPMR_PTE_YORD_DPG,Chicago Regular All Formulations Retail Gasoline Prices (Dollars per Gallon),3.594,$/GAL
2023-02-13,YMIA,MIAMI,EPMR,Regular Gasoline,PTE,Retail Sales,EMM_EPMR_PTE_YMIA_DPG,"Miami, FL Regular All Formulations Retail Gasoline Prices (Dollars per Gallon)",3.408,$/GAL
2023-02-13,YDEN,DENVER,EPMR,Regular Gasoline,PTE,Retail Sales,EMM_EPMR_PTE_YDEN_DPG,Denver Regular All Formulations Retail Gasoline Prices (Dollars per Gallon),3.951,$/GAL
2023-02-13,YCLE,CLEVELAND,EPMR,Regular Gasoline,PTE,Retail Sales,EMM_EPMR_PTE_YCLE_DPG,"Cleveland, OH Regular All Formulations Retail Gasoline Prices (Dollars per Gallon)",3.444,$/GAL
2023-02-13,YBOS,BOSTON,EPMR,Regular Gasoline,PTE,Retail Sales,EMM_EPMR_PTE_YBOS_DPG,"Boston, MA Regular All Formulations Retail Gasoline Prices (Dollars per Gallon)",3.357,$/GAL
2023-02-13,Y48SE,SEATTLE,EPMR,Regular Gasoline,PTE,Retail Sales,EMM_EPMR_PTE_Y48SE_DPG,"Seattle, WA Regular All Formulations Retail Gasoline Prices (Dollars per Gallon)",4.212,$/GAL
2023-02-13,Y44HO,HOUSTON,EPMR,Regular Gasoline,PTE,Retail Sales,EMM_EPMR_PTE_Y44HO_DPG,Houston Regular All Formulations Retail Gasoline Prices (Dollars per Gallon),2.901,$/GAL
2023-02-13,Y35NY,NEW YORK CITY,EPMR,Regular Gasoline,PTE,Retail Sales,EMM_EPMR_PTE_Y35NY_DPG,New York City Regular All Formulations Retail Gasoline Prices (Dollars per Gallon),3.322,$/GAL
2023-02-13,Y05SF,SAN FRANCISCO,EPMR,Regular Gasoline,PTE,Retail Sales,EMM_EPMR_PTE_Y05SF_DPG,San Francisco Regular All Formulations Retail Gasoline Prices (Dollars per Gallon),4.44,$/GAL
2023-02-13,Y05LA,LOS ANGELES,EPMR,Regular Gasoline,PTE,Retail Sales,EMM_EPMR_PTE_Y05LA_DPG,Los Angeles Regular All Formulations Retail Gasoline Prices (Dollars per Gallon),4.438,$/GAL
2023-02-13,SWA,WASHINGTON,EPMR,Regular Gasoline,PTE,Retail Sales,EMM_EPMR_PTE_SWA_DPG,Washington Regular All Formulations Retail Gasoline Prices (Dollars per Gallon),3.978,$/GAL
2023-02-13,STX,TEXAS,EPMR,Regular Gasoline,PTE,Retail Sales,EMM_EPMR_PTE_STX_DPG,Texas Regular All Formulations Retail Gasoline Prices (Dollars per Gallon),2.955,$/GAL
2023-02-13,SOH,OHIO,EPMR,Regular Gasoline,PTE,Retail Sales,EMM_EPMR_PTE_SOH_DPG,Ohio Regular All Formulations Retail Gasoline Prices (Dollars per Gallon),3.258,$/GAL
2023-02-13,SNY,NEW YORK,EPMR,Regular Gasoline,PTE,Retail Sales,EMM_EPMR_PTE_SNY_DPG,New York Regular All Formulations Retail Gasoline Prices (Dollars per Gallon),3.412,$/GAL
2023-02-13,SMN,MINNESOTA,EPMR,Regular Gasoline,PTE,Retail Sales,EMM_EPMR_PTE_SMN_DPG,Minnesota Regular All Formulations Retail Gasoline Prices (Dollars per Gallon),3.303,$/GAL
2023-02-13,SMA,MASSACHUSETTS,EPMR,Regular Gasoline,PTE,Retail Sales,EMM_EPMR_PTE_SMA_DPG,Massachusetts Regular All Formulations Retail Gasoline Prices (Dollars per Gallon),3.341,$/GAL
2023-02-13,SFL,FLORIDA,EPMR,Regular Gasoline,PTE,Retail Sales,EMM_EPMR_PTE_SFL_DPG,Florida Regular All Formulations Retail Gasoline Prices (Dollars per Gallon),3.321,$/GAL
2023-02-13,SCO,COLORADO,EPMR,Regular Gasoline,PTE,Retail Sales,EMM_EPMR_PTE_SCO_DPG,Colorado Regular All Formulations Retail Gasoline Prices (Dollars per Gallon),3.961,$/GAL
2023-02-13,SCA,CALIFORNIA,EPMR,Regular Gasoline,PTE,Retail Sales,EMM_EPMR_PTE_SCA_DPG,California Regular All Formulations Retail Gasoline Prices (Dollars per Gallon),4.428,$/GAL
2023-02-13,R5XCA,PADD 5 EXCEPT CALIFORNIA,EPMR,Regular Gasoline,PTE,Retail Sales,EMM_EPMR_PTE_R5XCA_DPG,West Coast (PADD 5) Except California Regular All Formulations Retail Gasoline Prices (Dollars per Gallon),3.751,$/GAL
2023-02-13,R50,PADD 5,EPMR,Regular Gasoline,PTE,Retail Sales,EMM_EPMR_PTE_R50_DPG,West Coast Regular All Formulations Retail Gasoline Prices (Dollars per Gallon),4.106,$/GAL
2023-02-13,R40,PADD 4,EPMR,Regular Gasoline,PTE,Retail Sales,EMM_EPMR_PTE_R40_DPG,Rocky Mountain Regular All Formulations Retail Gasoline Prices (Dollars per Gallon),3.765,$/GAL
2023-02-13,R30,PADD 3,EPMR,Regular Gasoline,PTE,Retail Sales,EMM_EPMR_PTE_R30_DPG,Gulf Coast Regular All Formulations Retail Gasoline Prices (Dollars per Gallon),3.018,$/GAL
2023-02-13,R20,PADD 2,EPMR,Regular Gasoline,PTE,Retail Sales,EMM_EPMR_PTE_R20_DPG,Midwest Regular All Formulations Retail Gasoline Prices (Dollars per Gallon),3.236,$/GAL
2023-02-13,R1Z,PADD 1C,EPMR,Regular Gasoline,PTE,Retail Sales,EMM_EPMR_PTE_R1Z_DPG,Lower Atlantic (PADD 1C) Regular All Formulations Retail Gasoline Prices (Dollars per Gallon),3.243,$/GAL
2023-02-13,R1Y,PADD 1B,EPMR,Regular Gasoline,PTE,Retail Sales,EMM_EPMR_PTE_R1Y_DPG,Central Atlantic (PADD 1B) Regular All Formulations Retail Gasoline Prices (Dollars per Gallon),3.482,$/GAL
2023-02-13,R1X,PADD 1A,EPMR,Regular Gasoline,PTE,Retail Sales,EMM_EPMR_PTE_R1X_DPG,New England (PADD 1A) Regular All Formulations Retail Gasoline Prices (Dollars per Gallon),3.358,$/GAL
2023-02-13,R10,PADD 1,EPMR,Regular Gasoline,PTE,Retail Sales,EMM_EPMR_PTE_R10_DPG,East Coast Regular All Formulations Retail Gasoline Prices (Dollars per Gallon),3.339,$/GAL
2023-02-06,NUS,U.S.,EPMR,Regular Gasoline,PTE,Retail Sales,EMM_EPMR_PTE_NUS_DPG,U.S. Regular All Formulations Retail Gasoline Prices (Dollars per Gallon),3.444,$/GAL
2023-02-06,YORD,CHICAGO,EPMR,Regular Gasoline,PTE,Retail Sales,EMM_EPMR_PTE_YORD_DPG,Chicago Regular All Formulations Retail Gasoline Prices (Dollars per Gallon),3.654,$/GAL
2023-02-06,YMIA,MIAMI,EPMR,Regular Gasoline,PTE,Retail Sales,EMM_EPMR_PTE_YMIA_DPG,"Miami, FL Regular All Formulations Retail Gasoline Prices (Dollars per Gallon)",3.478,$/GAL
2023-02-06,YDEN,DENVER,EPMR,Regular Gasoline,PTE,Retail Sales,EMM_EPMR_PTE_YDEN_DPG,Denver Regular All Formulations Retail Gasoline Prices (Dollars per Gallon),3.863,$/GAL
2023-02-06,YCLE,CLEVELAND,EPMR,Regular Gasoline,PTE,Retail Sales,EMM_EPMR_PTE_YCLE_DPG,"Cleveland, OH Regular All Formulations Retail Gasoline Prices (Dollars per Gallon)",3.435,$/GAL
2023-02-06,YBOS,BOSTON,EPMR,Regular Gasoline,PTE,Retail Sales,EMM_EPMR_PTE_YBOS_DPG,"Boston, MA Regular All Formulations Retail Gasoline Prices (Dollars per Gallon)",3.374,$/GAL
2023-02-06,Y48SE,SEATTLE,EPMR,Regular Gasoline,PTE,Retail Sales,EMM_EPMR_PTE_Y48SE_DPG,"Seattle, WA Regular All Formulations Retail Gasoline Prices (Dollars per Gallon)",4.241,$/GAL
2023-02-06,Y44HO,HOUSTON,EPMR,Regular Gasoline,PTE,Retail Sales,EMM_EPMR_PTE_Y44HO_DPG,Houston Regular All Formulations Retail Gasoline Prices (Dollars per Gallon),2.999,$/GAL
2023-02-06,Y35NY,NEW YORK CITY,EPMR,Regular Gasoline,PTE,Retail Sales,EMM_EPMR_PTE_Y35NY_DPG,New York City Regular All Formulations Retail Gasoline Prices (Dollars per Gallon),3.377,$/GAL
2023-02-06,Y05SF,SAN FRANCISCO,EPMR,Regular Gasoline,PTE,Retail Sales,EMM_EPMR_PTE_Y05SF_DPG,San Francisco Regular All Formulations Retail Gasoline Prices (Dollars per Gallon),4.478,$/GAL
2023-02-06,Y05LA,LOS ANGELES,EPMR,Regular Gasoline,PTE,Retail Sales,EMM_EPMR_PTE_Y05LA_DPG,Los Angeles Regular All Formulations Retail Gasoline Prices (Dollars per Gallon),4.373,$/GAL
2023-02-06,SWA,WASHINGTON,EPMR,Regular Gasoline,PTE,Retail Sales,EMM_EPMR_PTE_SWA_DPG,Washington Regular All Formulations Retail Gasoline Prices (Dollars per Gallon),3.991,$/GAL
2023-02-06,STX,TEXAS,EPMR,Regular Gasoline,PTE,Retail Sales,EMM_EPMR_PTE_STX_DPG,Texas Regular All Formulations Retail Gasoline Prices (Dollars per Gallon),3.04,$/GAL
2023-02-06,SOH,OHIO,EPMR,Regular Gasoline,PTE,Retail Sales,EMM_EPMR_PTE_SOH_DPG,Ohio Regular All Formulations Retail Gasoline Prices (Dollars per Gallon),3.346,$/GAL
2023-02-06,SNY,NEW YORK,EPMR,Regular Gasoline,PTE,Retail Sales,EMM_EPMR_PTE_SNY_DPG,New York Regular All Formulations Retail Gasoline Prices (Dollars per Gallon),3.455,$/GAL
2023-02-06,SMN,MINNESOTA,EPMR,Regular Gasoline,PTE,Retail Sales,EMM_EPMR_PTE_SMN_DPG,Minnesota Regular All Formulations Retail Gasoline Prices (Dollars per Gallon),3.342,$/GAL
2023-02-06,SMA,MASSACHUSETTS,EPMR,Regular Gasoline,PTE,Retail Sales,EMM_EPMR_PTE_SMA_DPG,Massachusetts Regular All Formulations Retail Gasoline Prices (Dollars per Gallon),3.366,$/GAL
2023-02-06,SFL,FLORIDA,EPMR,Regular Gasoline,PTE,Retail Sales,EMM_EPMR_PTE_SFL_DPG,Florida Regular All Formulations Retail Gasoline Prices (Dollars per Gallon),3.42,$/GAL
2023-02-06,SCO,COLORADO,EPMR,Regular Gasoline,PTE,Retail Sales,EMM_EPMR_PTE_SCO_DPG,Colorado Regular All Formulations Retail Gasoline Prices (Dollars per Gallon),3.901,$/GAL
2023-02-06,SCA,CALIFORNIA,EPMR,Regular Gasoline,PTE,Retail Sales,EMM_EPMR_PTE_SCA_DPG,California Regular All Formulations Retail Gasoline Prices (Dollars per Gallon),4.414,$/GAL
2023-02-06,R5XCA,PADD 5 EXCEPT CALIFORNIA,EPMR,Regular Gasoline,PTE,Retail Sales,EMM_EPMR_PTE_R5XCA_DPG,West Coast (PADD 5) Except California Regular All Formulations Retail Gasoline Prices (Dollars per Gallon),3.76,$/GAL
2023-02-06,R50,PADD 5,EPMR,Regular Gasoline,PTE,Retail Sales,EMM_EPMR_PTE_R50_DPG,West Coast Regular All Formulations Retail Gasoline Prices (Dollars per Gallon),4.107,$/GAL
2023-02-06,R40,PADD 4,EPMR,Regular Gasoline,PTE,Retail Sales,EMM_EPMR_PTE_R40_DPG,Rocky Mountain Regular All Formulations Retail Gasoline Prices (Dollars per Gallon),3.694,$/GAL
2023-02-06,R30,PADD 3,EPMR,Regular Gasoline,PTE,Retail Sales,EMM_EPMR_PTE_R30_DPG,Gulf Coast Regular All Formulations Retail Gasoline Prices (Dollars per Gallon),3.092,$/GAL
2023-02-06,R20,PADD 2,EPMR,Regular Gasoline,PTE,Retail Sales,EMM_EPMR_PTE_R20_DPG,Midwest Regular All Formulations Retail Gasoline Prices (Dollars per Gallon),3.297,$/GAL
2023-02-06,R1Z,PADD 1C,EPMR,Regular Gasoline,PTE,Retail Sales,EMM_EPMR_PTE_R1Z_DPG,Lower Atlantic (PADD 1C) Regular All Formulations Retail Gasoline Prices (Dollars per Gallon),3.324,$/GAL
2023-02-06,R1Y,PADD 1B,EPMR,Regular Gasoline,PTE,Retail Sales,EMM_EPMR_PTE_R1Y_DPG,Central Atlantic (PADD 1B) Regular All Formulations Retail Gasoline Prices (Dollars per Gallon),3.533,$/GAL
2023-02-06,R1X,PADD 1A,EPMR,Regular Gasoline,PTE,Retail Sales,EMM_EPMR_PTE_R1X_DPG,New England (PADD 1A) Regular All Formulations Retail Gasoline Prices (Dollars per Gallon),3.415,$/GAL
2023-02-06,R10,PADD 1,EPMR,Regular Gasoline,PTE,Retail Sales,EMM_EPMR_PTE_R10_DPG,East Coast Regular All Formulations Retail Gasoline Prices (Dollars per Gallon),3.406,$/GAL
2023-01-30,NUS,U.S.,EPMR,Regular Gasoline,PTE,Retail Sales,EMM_EPMR_PTE_NUS_DPG,U.S. Regular All Formulations Retail Gasoline Prices (Dollars per Gallon),3.489,$/GAL
2023-01-30,SCO,COLORADO,EPMR,Regular Gasoline,PTE,Retail Sales,EMM_EPMR_PTE_SCO_DPG,Colorado Regular All Formulations Retail Gasoline Prices (Dollars per Gallon),3.793,$/GAL
2023-01-30,SCA,CALIFORNIA,EPMR,Regular Gasoline,PTE,Retail Sales,EMM_EPMR_PTE_SCA_DPG,California Regular All Formulations Retail Gasoline Prices (Dollars per Gallon),4.358,$/GAL
2023-01-30,R5XCA,PADD 5 EXCEPT CALIFORNIA,EPMR,Regular Gasoline,PTE,Retail Sales,EMM_EPMR_PTE_R5XCA_DPG,West Coast (PADD 5) Except California Regular All Formulations Retail Gasoline Prices (Dollars per Gallon),3.775,$/GAL
2023-01-30,R50,PADD 5,EPMR,Regular Gasoline,PTE,Retail Sales,EMM_EPMR_PTE_R50_DPG,West Coast Regular All Formulations Retail Gasoline Prices (Dollars per Gallon),4.085,$/GAL
2023-01-30,R40,PADD 4,EPMR,Regular Gasoline,PTE,Retail Sales,EMM_EPMR_PTE_R40_DPG,Rocky Mountain Regular All Formulations Retail Gasoline Prices (Dollars per Gallon),3.544,$/GAL
2023-01-30,R30,PADD 3,EPMR,Regular Gasoline,PTE,Retail Sales,EMM_EPMR_PTE_R30_DPG,Gulf Coast Regular All Formulations Retail Gasoline Prices (Dollars per Gallon),3.133,$/GAL
2023-01-30,R20,PADD 2,EPMR,Regular Gasoline,PTE,Retail Sales,EMM_EPMR_PTE_R20_DPG,Midwest Regular All Formulations Retail Gasoline Prices (Dollars per Gallon),3.382,$/GAL
2023-01-30,R1Z,PADD 1C,EPMR,Regular Gasoline,PTE,Retail Sales,EMM_EPMR_PTE_R1Z_DPG,Lower Atlantic (PADD 1C) Regular All Formulations Retail Gasoline Prices (Dollars per Gallon),3.403,$/GAL
2023-01-30,R1Y,PADD 1B,EPMR,Regular Gasoline,PTE,Retail Sales,EMM_EPMR_PTE_R1Y_DPG,Central Atlantic (PADD 1B) Regular All Formulations Retail Gasoline Prices (Dollars per Gallon),3.58,$/GAL
2023-01-30,R1X,PADD 1A,EPMR,Regular Gasoline,PTE,Retail Sales,EMM_EPMR_PTE_R1X_DPG,New England (PADD 1A) Regular All Formulations Retail Gasoline Prices (Dollars per Gallon),3.425,$/GAL
2023-01-30,R10,PADD 1,EPMR,Regular Gasoline,PTE,Retail Sales,EMM_EPMR_PTE_R10_DPG,East Coast Regular All Formulations Retail Gasoline Prices (Dollars per Gallon),3.466,$/GAL
